run_id,strategy,stock,entry_date,exit_date,direction,entry_price,exit_price,quantity,holding_days,pnl,return_pct,exit_reason
RUN_20260808_020118,ChecklistStrategy,ADANIENT,2024-03-15,2024-03-18,LONG,3111.0,3050.1,24,3,-1461.6,-1.96,SIGNAL
RUN_20260808_020118,ChecklistStrategy,ADANIENT,2024-04-08,2024-04-16,LONG,3240.95,3101.0,22,8,-3078.9,-4.32,STOP_LOSS
RUN_20260808_020118,ChecklistStrategy,ADANIENT,2024-05-13,2024-05-17,LONG,2803.0,3041.05,25,4,5951.25,8.49,SIGNAL
RUN_20260808_020118,ChecklistStrategy,ADANIENT,2024-06-06,2024-06-26,LONG,3184.0,3169.05,24,20,-358.8,-0.47,SIGNAL
RUN_20260808_020118,ChecklistStrategy,ADANIENT,2024-07-24,2024-08-07,LONG,2995.35,3118.0,25,14,3066.25,4.09,SIGNAL
RUN_20260808_020118,ChecklistStrategy,ADANIENT,2024-08-22,2024-08-28,LONG,3130.75,3078.0,25,6,-1318.75,-1.68,SIGNAL
RUN_20260808_020118,ChecklistStrategy,ADANIENT,2024-09-27,2024-09-30,LONG,3122.0,3129.0,24,3,168.0,0.22,SIGNAL
RUN_20260808_020118,ChecklistStrategy,ADANIENT,2024-10-29,2024-11-01,LONG,2803.0,2960.0,27,3,4239.0,5.6,SIGNAL
RUN_20260808_020118,ChecklistStrategy,ADANIENT,2025-01-08,2025-01-13,LONG,2520.55,2365.0,31,5,-4822.05,-6.17,STOP_LOSS
RUN_20260808_020118,ChecklistStrategy,ADANIENT,2025-01-21,2025-01-22,LONG,2441.75,2399.0,31,1,-1325.25,-1.75,SIGNAL
RUN_20260808_020118,ChecklistStrategy,ADANIENT,2025-02-10,2025-02-11,LONG,2350.0,2312.0,32,1,-1216.0,-1.62,SIGNAL
RUN_20260808_020118,ChecklistStrategy,ADANIENT,2025-03-03,2025-03-21,LONG,2109.0,2343.8,35,18,8218.0,11.13,SIGNAL
RUN_20260808_020118,ChecklistStrategy,ADANIENT,2025-03-28,2025-04-01,LONG,2376.0,2312.0,34,4,-2176.0,-2.69,STOP_LOSS
RUN_20260808_020118,ChecklistStrategy,ADANIENT,2025-05-30,2025-06-04,LONG,2550.0,2480.0,31,5,-2170.0,-2.75,STOP_LOSS
RUN_20260808_020118,ChecklistStrategy,ADANIENT,2025-06-05,2025-06-20,LONG,2495.0,2428.0,31,15,-2077.0,-2.69,STOP_LOSS
RUN_20260808_020118,ChecklistStrategy,ADANIENT,2025-06-23,2025-06-25,LONG,2438.0,2519.9,30,2,2457.0,3.36,SIGNAL
RUN_20260808_020118,ChecklistStrategy,ADANIENT,2025-07-09,2025-07-29,LONG,2599.0,2529.0,29,20,-2030.0,-2.69,STOP_LOSS
RUN_20260808_020118,ChecklistStrategy,ADANIENT,2025-08-05,2025-08-06,LONG,2370.0,2333.9,32,1,-1155.2,-1.52,SIGNAL
RUN_20260808_020118,ChecklistStrategy,ADANIENT,2025-10-10,2025-10-28,LONG,2552.0,2495.0,29,18,-1653.0,-2.23,STOP_LOSS
RUN_20260808_020118,ChecklistStrategy,ADANIENT,2025-11-10,2025-11-19,LONG,2308.25,2446.5,31,9,4285.84,5.99,SIGNAL
RUN_20260808_020118,ChecklistStrategy,ADANIENT,2025-12-01,2025-12-03,LONG,2300.0,2240.0,33,2,-1980.0,-2.61,STOP_LOSS
RUN_20260808_020118,ChecklistStrategy,ADANIENT,2026-01-08,2026-01-09,LONG,2275.0,2214.1,33,1,-2009.7,-2.68,STOP_LOSS
RUN_20260808_020118,ChecklistStrategy,ADANIENT,2026-01-13,2026-01-20,LONG,2187.8,2134.0,34,7,-1829.2,-2.46,STOP_LOSS
RUN_20260808_020118,ChecklistStrategy,ADANIENT,2026-01-28,2026-03-20,LONG,1985.0,1951.0,37,51,-1258.0,-1.71,SIGNAL
RUN_20260808_020118,ChecklistStrategy,ADANIENT,2026-03-27,2026-03-30,LONG,1880.0,1810.0,37,3,-2590.0,-3.72,STOP_LOSS
RUN_20260808_020118,ChecklistStrategy,ADANIENT,2026-05-15,2026-05-18,LONG,2781.1,2700.0,25,3,-2027.5,-2.92,STOP_LOSS
RUN_20260808_020118,ChecklistStrategy,ADANIENT,2026-06-25,2026-06-30,LONG,3086.0,2980.0,22,5,-2332.0,-3.43,STOP_LOSS
RUN_20260808_020118,ChecklistStrategy,ADANIENT,2026-07-10,2026-07-24,LONG,3105.0,3010.0,21,14,-1995.0,-3.06,STOP_LOSS
RUN_20260808_020118,ChecklistStrategy,ADANIPORTS,2024-03-15,2024-03-20,LONG,1273.8,1248.0,59,5,-1522.2,-2.03,STOP_LOSS
RUN_20260808_020118,ChecklistStrategy,ADANIPORTS,2024-04-10,2024-04-16,LONG,1359.0,1302.0,54,6,-3078.0,-4.19,STOP_LOSS
RUN_20260808_020118,ChecklistStrategy,ADANIPORTS,2024-04-26,2024-05-06,LONG,1340.0,1322.5,53,10,-927.5,-1.31,SIGNAL
RUN_20260808_020118,ChecklistStrategy,ADANIPORTS,2024-06-06,2024-06-07,LONG,1384.0,1357.7,52,1,-1367.6,-1.9,SIGNAL
RUN_20260808_020118,ChecklistStrategy,ADANIPORTS,2024-06-10,2024-07-01,LONG,1404.0,1483.0,50,21,3950.0,5.63,SIGNAL
RUN_20260808_020118,ChecklistStrategy,ADANIPORTS,2024-07-11,2024-08-14,LONG,1495.0,1488.0,48,34,-336.0,-0.47,SIGNAL
RUN_20260808_020118,ChecklistStrategy,ADANIPORTS,2024-08-30,2024-09-04,LONG,1480.95,1472.0,49,5,-438.55,-0.6,SIGNAL
RUN_20260808_020118,ChecklistStrategy,ADANIPORTS,2024-10-03,2024-10-07,LONG,1452.75,1410.0,49,4,-2094.75,-2.94,STOP_LOSS
RUN_20260808_020118,ChecklistStrategy,ADANIPORTS,2024-10-09,2024-10-18,LONG,1424.75,1389.0,49,9,-1751.75,-2.51,STOP_LOSS
RUN_20260808_020118,ChecklistStrategy,ADANIPORTS,2024-10-29,2024-10-30,LONG,1364.7,1379.95,51,1,777.75,1.12,SIGNAL
RUN_20260808_020118,ChecklistStrategy,ADANIPORTS,2024-11-04,2024-11-05,LONG,1394.2,1350.0,49,1,-2165.8,-3.17,STOP_LOSS
RUN_20260808_020118,ChecklistStrategy,ADANIPORTS,2024-11-22,2024-11-29,LONG,1072.6,1175.0,60,7,6144.0,9.55,SIGNAL
RUN_20260808_020118,ChecklistStrategy,ADANIPORTS,2024-12-02,2024-12-11,LONG,1201.9,1254.1,60,9,3132.0,4.34,SIGNAL
RUN_20260808_020118,ChecklistStrategy,ADANIPORTS,2025-01-01,2025-01-03,LONG,1223.0,1234.5,60,2,690.0,0.94,SIGNAL
RUN_20260808_020118,ChecklistStrategy,ADANIPORTS,2025-02-01,2025-02-03,LONG,1105.9,1084.0,68,2,-1489.2,-1.98,SIGNAL
RUN_20260808_020118,ChecklistStrategy,ADANIPORTS,2025-02-13,2025-02-17,LONG,1133.8,1058.95,65,4,-4865.26,-6.6,STOP_LOSS
RUN_20260808_020118,ChecklistStrategy,ADANIPORTS,2025-03-18,2025-04-08,LONG,1137.15,1135.0,61,21,-131.15,-0.19,SIGNAL
RUN_20260808_020118,ChecklistStrategy,ADANIPORTS,2025-04-24,2025-04-28,LONG,1238.0,1188.1,56,4,-2794.4,-4.03,STOP_LOSS
RUN_20260808_020118,ChecklistStrategy,ADANIPORTS,2025-06-03,2025-06-04,LONG,1470.0,1432.3,46,1,-1734.2,-2.56,STOP_LOSS
RUN_20260808_020118,ChecklistStrategy,ADANIPORTS,2025-06-23,2025-06-25,LONG,1341.0,1399.7,49,2,2876.3,4.38,SIGNAL
RUN_20260808_020118,ChecklistStrategy,ADANIPORTS,2025-07-08,2025-07-23,LONG,1438.0,1430.0,48,15,-384.0,-0.56,SIGNAL
RUN_20260808_020118,ChecklistStrategy,ADANIPORTS,2025-08-08,2025-08-18,LONG,1345.4,1321.9,51,10,-1198.5,-1.75,SIGNAL
RUN_20260808_020118,ChecklistStrategy,ADANIPORTS,2025-08-19,2025-08-22,LONG,1332.0,1364.0,51,3,1632.0,2.4,SIGNAL
RUN_20260808_020118,ChecklistStrategy,ADANIPORTS,2025-09-23,2025-09-26,LONG,1453.0,1407.2,47,3,-2152.6,-3.15,STOP_LOSS
RUN_20260808_020118,ChecklistStrategy,ADANIPORTS,2025-11-25,2025-12-09,LONG,1490.0,1476.9,45,14,-589.5,-0.88,SIGNAL
RUN_20260808_020118,ChecklistStrategy,ADANIPORTS,2025-12-12,2025-12-24,LONG,1512.0,1503.0,44,12,-396.0,-0.6,SIGNAL
RUN_20260808_020118,ChecklistStrategy,ADANIPORTS,2026-01-13,2026-01-19,LONG,1443.5,1421.0,46,6,-1035.0,-1.56,SIGNAL
RUN_20260808_020118,ChecklistStrategy,ADANIPORTS,2026-01-22,2026-01-27,LONG,1400.0,1334.3,47,5,-3087.9,-4.69,STOP_LOSS
RUN_20260808_020118,ChecklistStrategy,ADANIPORTS,2026-01-28,2026-03-09,LONG,1373.9,1405.0,46,40,1430.6,2.26,SIGNAL
RUN_20260808_020118,ChecklistStrategy,ADANIPORTS,2026-03-25,2026-04-01,LONG,1359.7,1351.2,47,7,-399.5,-0.63,SIGNAL
RUN_20260808_020118,ChecklistStrategy,ADANIPORTS,2026-06-15,2026-06-18,LONG,1839.0,1833.0,35,3,-210.0,-0.33,SIGNAL
RUN_20260808_020118,ChecklistStrategy,ADANIPORTS,2026-06-23,2026-06-24,LONG,1832.6,1786.0,34,1,-1584.4,-2.54,STOP_LOSS
RUN_20260808_020118,ChecklistStrategy,ADANIPORTS,2026-06-25,2026-06-26,LONG,1813.3,1796.0,34,1,-588.2,-0.95,SIGNAL
RUN_20260808_020118,ChecklistStrategy,ADANIPORTS,2026-07-20,2026-07-24,LONG,1836.1,1764.9,33,4,-2349.6,-3.88,STOP_LOSS
RUN_20260808_020118,ChecklistStrategy,ADANIPORTS,2026-07-29,2026-07-30,LONG,1785.0,1726.7,34,1,-1982.2,-3.27,STOP_LOSS
RUN_20260808_020118,ChecklistStrategy,APOLLOHOSP,2024-02-01,2024-02-29,LONG,6289.65,6392.55,11,28,1131.9,1.64,SIGNAL
RUN_20260808_020118,ChecklistStrategy,APOLLOHOSP,2024-03-04,2024-03-11,LONG,6145.0,6048.8,12,7,-1154.4,-1.57,SIGNAL
RUN_20260808_020118,ChecklistStrategy,APOLLOHOSP,2024-03-26,2024-03-28,LONG,6398.0,6231.45,11,2,-1832.05,-2.6,STOP_LOSS
RUN_20260808_020118,ChecklistStrategy,APOLLOHOSP,2024-04-01,2024-04-16,LONG,6401.0,6299.95,11,15,-1111.55,-1.58,SIGNAL
RUN_20260808_020118,ChecklistStrategy,APOLLOHOSP,2024-04-22,2024-04-30,LONG,6154.5,6000.0,11,8,-1699.5,-2.51,STOP_LOSS
RUN_20260808_020118,ChecklistStrategy,APOLLOHOSP,2024-06-06,2024-08-09,LONG,5970.0,6582.25,12,64,7347.0,10.26,SIGNAL
RUN_20260808_020118,ChecklistStrategy,APOLLOHOSP,2024-08-12,2024-08-16,LONG,6550.0,6556.2,11,4,68.2,0.09,SIGNAL
RUN_20260808_020118,ChecklistStrategy,APOLLOHOSP,2024-08-27,2024-10-01,LONG,6780.0,7201.5,11,35,4636.5,6.22,SIGNAL
RUN_20260808_020118,ChecklistStrategy,APOLLOHOSP,2024-10-14,2024-10-22,LONG,6976.85,7019.95,11,8,474.1,0.62,SIGNAL
RUN_20260808_020118,ChecklistStrategy,APOLLOHOSP,2024-10-30,2024-11-05,LONG,6980.6,6920.0,11,6,-666.6,-0.87,SIGNAL
RUN_20260808_020118,ChecklistStrategy,APOLLOHOSP,2024-11-06,2024-11-11,LONG,7020.0,7400.0,11,5,4180.0,5.41,SIGNAL
RUN_20260808_020118,ChecklistStrategy,APOLLOHOSP,2024-12-17,2025-01-09,LONG,7227.0,7140.0,11,23,-957.0,-1.2,SIGNAL
RUN_20260808_020118,ChecklistStrategy,APOLLOHOSP,2025-01-10,2025-01-14,LONG,7090.0,6854.6,11,4,-2589.4,-3.32,STOP_LOSS
RUN_20260808_020118,ChecklistStrategy,APOLLOHOSP,2025-01-17,2025-01-23,LONG,6819.95,6892.25,11,6,795.3,1.06,SIGNAL
RUN_20260808_020118,ChecklistStrategy,APOLLOHOSP,2025-02-13,2025-02-14,LONG,6372.25,6377.25,12,1,60.0,0.08,SIGNAL
RUN_20260808_020118,ChecklistStrategy,APOLLOHOSP,2025-03-12,2025-03-21,LONG,6134.1,6494.0,13,9,4678.7,5.87,SIGNAL
RUN_20260808_020118,ChecklistStrategy,APOLLOHOSP,2025-04-01,2025-04-15,LONG,6599.0,6965.0,12,14,4392.0,5.55,SIGNAL
RUN_20260808_020118,ChecklistStrategy,APOLLOHOSP,2025-04-17,2025-04-28,LONG,7038.0,6954.5,12,11,-1002.0,-1.19,SIGNAL
RUN_20260808_020118,ChecklistStrategy,APOLLOHOSP,2025-05-22,2025-06-03,LONG,6984.0,6950.0,12,12,-408.0,-0.49,SIGNAL
RUN_20260808_020118,ChecklistStrategy,APOLLOHOSP,2025-06-05,2025-08-04,LONG,6868.5,7387.0,12,60,6222.0,7.55,SIGNAL
RUN_20260808_020118,ChecklistStrategy,APOLLOHOSP,2025-08-08,2025-08-13,LONG,7170.0,7403.0,12,5,2796.0,3.25,SIGNAL
RUN_20260808_020118,ChecklistStrategy,APOLLOHOSP,2025-08-28,2025-09-24,LONG,7755.0,7698.0,11,27,-627.0,-0.74,SIGNAL
RUN_20260808_020118,ChecklistStrategy,APOLLOHOSP,2025-10-10,2025-10-20,LONG,7694.5,7950.0,12,10,3066.0,3.32,SIGNAL
RUN_20260808_020118,ChecklistStrategy,APOLLOHOSP,2025-10-28,2025-10-31,LONG,7864.0,7833.0,12,3,-372.0,-0.39,SIGNAL
RUN_20260808_020118,ChecklistStrategy,APOLLOHOSP,2026-01-07,2026-01-09,LONG,7349.0,7348.0,12,2,-12.0,-0.01,SIGNAL
RUN_20260808_020118,ChecklistStrategy,APOLLOHOSP,2026-01-14,2026-01-15,LONG,7258.0,7272.5,12,1,174.0,0.2,SIGNAL
RUN_20260808_020118,ChecklistStrategy,APOLLOHOSP,2026-01-27,2026-02-03,LONG,6802.0,7070.0,13,7,3484.0,3.94,SIGNAL
RUN_20260808_020118,ChecklistStrategy,APOLLOHOSP,2026-02-06,2026-03-18,LONG,7080.0,7511.5,13,40,5609.5,6.09,SIGNAL
RUN_20260808_020118,ChecklistStrategy,APOLLOHOSP,2026-04-20,2026-06-01,LONG,7705.0,8221.5,13,42,6714.5,6.7,SIGNAL
RUN_20260808_020118,ChecklistStrategy,ASIANPAINT,2024-02-23,2024-02-26,LONG,2999.0,2920.0,24,3,-1896.0,-2.63,STOP_LOSS
RUN_20260808_020118,ChecklistStrategy,ASIANPAINT,2024-03-07,2024-04-19,LONG,2825.0,2790.0,26,43,-910.0,-1.24,SIGNAL
RUN_20260808_020118,ChecklistStrategy,ASIANPAINT,2024-04-30,2024-05-10,LONG,2855.0,2699.0,25,10,-3900.0,-5.46,STOP_LOSS
RUN_20260808_020118,ChecklistStrategy,ASIANPAINT,2024-06-05,2024-06-07,LONG,2864.5,2904.8,24,2,967.2,1.41,SIGNAL
RUN_20260808_020118,ChecklistStrategy,ASIANPAINT,2024-06-10,2024-06-26,LONG,2928.0,2860.2,24,16,-1627.2,-2.32,STOP_LOSS
RUN_20260808_020118,ChecklistStrategy,ASIANPAINT,2024-07-11,2024-07-19,LONG,2999.0,2925.0,23,8,-1702.0,-2.47,STOP_LOSS
RUN_20260808_020118,ChecklistStrategy,ASIANPAINT,2024-08-12,2024-09-13,LONG,3020.0,3355.55,22,32,7382.1,11.11,SIGNAL
RUN_20260808_020118,ChecklistStrategy,ASIANPAINT,2024-12-06,2024-12-10,LONG,2468.0,2399.9,29,4,-1974.9,-2.76,STOP_LOSS
RUN_20260808_020118,ChecklistStrategy,ASIANPAINT,2025-01-31,2025-02-07,LONG,2255.0,2266.0,32,7,352.0,0.49,SIGNAL
RUN_20260808_020118,ChecklistStrategy,ASIANPAINT,2025-03-06,2025-03-27,LONG,2189.85,2315.0,33,21,4129.95,5.72,SIGNAL
RUN_20260808_020118,ChecklistStrategy,ASIANPAINT,2025-06-23,2025-07-04,LONG,2261.2,2430.9,32,11,5430.4,7.5,SIGNAL
RUN_20260808_020118,ChecklistStrategy,ASIANPAINT,2025-07-17,2025-07-25,LONG,2404.1,2340.0,32,8,-2051.2,-2.67,STOP_LOSS
RUN_20260808_020118,ChecklistStrategy,ASIANPAINT,2025-08-04,2025-08-05,LONG,2443.2,2461.9,31,1,579.7,0.77,SIGNAL
RUN_20260808_020118,ChecklistStrategy,ASIANPAINT,2025-09-11,2025-09-17,LONG,2541.0,2482.0,30,6,-1770.0,-2.32,STOP_LOSS
RUN_20260808_020118,ChecklistStrategy,ASIANPAINT,2025-12-03,2025-12-10,LONG,2969.0,2810.0,25,7,-3975.0,-5.36,STOP_LOSS
RUN_20260808_020118,ChecklistStrategy,ASIANPAINT,2026-01-29,2026-01-30,LONG,2511.8,2417.0,29,1,-2749.2,-3.77,STOP_LOSS
RUN_20260808_020118,ChecklistStrategy,ASIANPAINT,2026-02-02,2026-03-04,LONG,2374.9,2260.7,29,30,-3311.8,-4.81,STOP_LOSS
RUN_20260808_020118,ChecklistStrategy,ASIANPAINT,2026-04-07,2026-05-12,LONG,2167.7,2546.2,31,35,11733.5,17.46,SIGNAL
RUN_20260808_020118,ChecklistStrategy,ASIANPAINT,2026-07-20,2026-07-30,LONG,2689.0,2758.1,28,10,1934.8,2.57,SIGNAL
RUN_20260808_020118,ChecklistStrategy,AXISBANK,2024-02-01,2024-02-05,LONG,1072.65,1067.05,70,4,-392.0,-0.52,SIGNAL
RUN_20260808_020118,ChecklistStrategy,AXISBANK,2024-02-21,2024-03-15,LONG,1093.85,1056.25,68,23,-2556.8,-3.44,STOP_LOSS
RUN_20260808_020118,ChecklistStrategy,AXISBANK,2024-03-27,2024-04-01,LONG,1045.8,1052.35,69,5,451.94,0.63,SIGNAL
RUN_20260808_020118,ChecklistStrategy,AXISBANK,2024-04-04,2024-04-08,LONG,1070.0,1067.0,68,4,-204.0,-0.28,SIGNAL
RUN_20260808_020118,ChecklistStrategy,AXISBANK,2024-04-12,2024-04-15,LONG,1079.5,1063.1,66,3,-1082.4,-1.52,SIGNAL
RUN_20260808_020118,ChecklistStrategy,AXISBANK,2024-05-14,2024-06-05,LONG,1129.95,1138.0,63,22,507.15,0.71,SIGNAL
RUN_20260808_020118,ChecklistStrategy,AXISBANK,2024-06-06,2024-07-16,LONG,1192.1,1307.45,61,40,7036.35,9.68,SIGNAL
RUN_20260808_020118,ChecklistStrategy,AXISBANK,2024-08-28,2024-08-29,LONG,1177.0,1169.0,65,1,-520.0,-0.68,SIGNAL
RUN_20260808_020118,ChecklistStrategy,AXISBANK,2024-09-06,2024-09-20,LONG,1176.0,1244.0,65,14,4420.0,5.78,SIGNAL
RUN_20260808_020118,ChecklistStrategy,AXISBANK,2024-09-23,2024-10-03,LONG,1251.5,1207.5,64,10,-2816.0,-3.52,STOP_LOSS
RUN_20260808_020118,ChecklistStrategy,AXISBANK,2024-10-30,2024-11-05,LONG,1178.75,1138.95,65,6,-2587.0,-3.38,STOP_LOSS
RUN_20260808_020118,ChecklistStrategy,AXISBANK,2025-01-17,2025-01-22,LONG,1000.0,975.75,73,5,-1770.25,-2.43,STOP_LOSS
RUN_20260808_020118,ChecklistStrategy,AXISBANK,2025-02-07,2025-02-17,LONG,1019.5,992.45,73,10,-1974.65,-2.65,STOP_LOSS
RUN_20260808_020118,ChecklistStrategy,AXISBANK,2025-03-24,2025-04-08,LONG,1082.0,1061.0,68,15,-1428.0,-1.94,SIGNAL
RUN_20260808_020118,ChecklistStrategy,AXISBANK,2025-04-15,2025-06-04,LONG,1090.0,1181.8,67,50,6150.6,8.42,SIGNAL
RUN_20260808_020118,ChecklistStrategy,AXISBANK,2025-06-09,2025-07-02,LONG,1212.5,1180.0,64,23,-2080.0,-2.68,STOP_LOSS
RUN_20260808_020118,ChecklistStrategy,AXISBANK,2025-12-04,2025-12-17,LONG,1270.7,1220.6,59,13,-2955.9,-3.94,STOP_LOSS
RUN_20260808_020118,ChecklistStrategy,AXISBANK,2026-01-15,2026-01-27,LONG,1298.8,1288.8,56,12,-560.0,-0.77,SIGNAL
RUN_20260808_020118,ChecklistStrategy,AXISBANK,2026-01-30,2026-02-03,LONG,1352.0,1403.0,53,4,2703.0,3.77,SIGNAL
RUN_20260808_020118,ChecklistStrategy,AXISBANK,2026-02-09,2026-02-27,LONG,1350.0,1387.0,55,18,2035.0,2.74,SIGNAL
RUN_20260808_020118,ChecklistStrategy,AXISBANK,2026-03-06,2026-03-09,LONG,1347.0,1282.2,56,3,-3628.8,-4.81,STOP_LOSS
RUN_20260808_020118,ChecklistStrategy,AXISBANK,2026-03-10,2026-03-12,LONG,1295.2,1243.2,56,2,-2912.0,-4.01,STOP_LOSS
RUN_20260808_020118,ChecklistStrategy,AXISBANK,2026-03-17,2026-03-23,LONG,1219.7,1181.0,58,6,-2244.6,-3.17,STOP_LOSS
RUN_20260808_020118,ChecklistStrategy,AXISBANK,2026-04-28,2026-05-01,LONG,1312.0,1268.3,52,3,-2272.4,-3.33,STOP_LOSS
RUN_20260808_020118,ChecklistStrategy,AXISBANK,2026-07-20,2026-07-23,LONG,1275.0,1230.1,50,3,-2245.0,-3.52,STOP_LOSS
RUN_20260808_020118,ChecklistStrategy,BAJAJ-AUTO,2024-03-15,2024-03-21,LONG,8384.8,8608.2,8,6,1787.2,2.66,SIGNAL
RUN_20260808_020118,ChecklistStrategy,BAJAJ-AUTO,2024-03-22,2024-04-01,LONG,8700.05,9194.8,8,10,3958.0,5.69,SIGNAL
RUN_20260808_020118,ChecklistStrategy,BAJAJ-AUTO,2024-04-12,2024-04-19,LONG,8949.05,9075.05,8,7,1008.0,1.41,SIGNAL
RUN_20260808_020118,ChecklistStrategy,BAJAJ-AUTO,2024-05-02,2024-05-08,LONG,8944.0,8651.0,8,6,-2344.0,-3.28,STOP_LOSS
RUN_20260808_020118,ChecklistStrategy,BAJAJ-AUTO,2024-05-14,2024-05-16,LONG,8952.25,8950.0,8,2,-18.0,-0.03,SIGNAL
RUN_20260808_020118,ChecklistStrategy,BAJAJ-AUTO,2024-05-17,2024-07-02,LONG,8891.0,9520.0,8,46,5032.0,7.07,SIGNAL
RUN_20260808_020118,ChecklistStrategy,BAJAJ-AUTO,2024-07-16,2024-07-19,LONG,9715.0,9635.0,8,3,-640.0,-0.82,SIGNAL
RUN_20260808_020118,ChecklistStrategy,BAJAJ-AUTO,2024-07-24,2024-09-02,LONG,9360.0,10926.0,8,40,12528.0,16.73,SIGNAL
RUN_20260808_020118,ChecklistStrategy,BAJAJ-AUTO,2024-10-09,2024-10-16,LONG,11944.0,11537.9,7,7,-2842.7,-3.4,STOP_LOSS
RUN_20260808_020118,ChecklistStrategy,BAJAJ-AUTO,2024-10-17,2024-10-18,LONG,11222.2,10049.55,7,1,-8208.55,-10.45,STOP_LOSS
RUN_20260808_020118,ChecklistStrategy,BAJAJ-AUTO,2024-10-24,2024-10-28,LONG,10504.0,10206.1,7,4,-2085.3,-2.84,STOP_LOSS
RUN_20260808_020118,ChecklistStrategy,BAJAJ-AUTO,2024-11-06,2024-11-13,LONG,9883.4,9678.7,8,7,-1637.6,-2.07,STOP_LOSS
RUN_20260808_020118,ChecklistStrategy,BAJAJ-AUTO,2025-01-02,2025-01-13,LONG,8740.5,8704.5,9,11,-324.0,-0.41,SIGNAL
RUN_20260808_020118,ChecklistStrategy,BAJAJ-AUTO,2025-03-07,2025-03-26,LONG,7462.25,8014.35,10,19,5521.0,7.4,SIGNAL
RUN_20260808_020118,ChecklistStrategy,BAJAJ-AUTO,2025-04-02,2025-04-04,LONG,7962.0,7880.0,10,2,-820.0,-1.03,SIGNAL
RUN_20260808_020118,ChecklistStrategy,BAJAJ-AUTO,2025-04-16,2025-05-05,LONG,7999.0,7869.5,10,19,-1295.0,-1.62,SIGNAL
RUN_20260808_020118,ChecklistStrategy,BAJAJ-AUTO,2025-05-20,2025-05-21,LONG,8850.0,8608.0,9,1,-2178.0,-2.73,STOP_LOSS
RUN_20260808_020118,ChecklistStrategy,BAJAJ-AUTO,2025-05-22,2025-06-13,LONG,8660.0,8460.0,9,22,-1800.0,-2.31,STOP_LOSS
RUN_20260808_020118,ChecklistStrategy,BAJAJ-AUTO,2025-07-24,2025-07-25,LONG,8409.5,8275.0,9,1,-1210.5,-1.6,SIGNAL
RUN_20260808_020118,ChecklistStrategy,BAJAJ-AUTO,2025-08-12,2025-08-13,LONG,8275.5,8214.5,9,1,-549.0,-0.74,SIGNAL
RUN_20260808_020118,ChecklistStrategy,BAJAJ-AUTO,2025-08-14,2025-08-18,LONG,8250.0,8400.0,9,4,1350.0,1.82,SIGNAL
RUN_20260808_020118,ChecklistStrategy,BAJAJ-AUTO,2025-09-19,2025-09-25,LONG,9050.0,8821.0,8,6,-1832.0,-2.53,STOP_LOSS
RUN_20260808_020118,ChecklistStrategy,BAJAJ-AUTO,2025-10-06,2025-10-10,LONG,8698.0,8816.0,8,4,944.0,1.36,SIGNAL
RUN_20260808_020118,ChecklistStrategy,BAJAJ-AUTO,2025-10-27,2025-11-03,LONG,9099.5,8900.0,8,7,-1596.0,-2.19,STOP_LOSS
RUN_20260808_020118,ChecklistStrategy,BAJAJ-AUTO,2025-11-17,2025-11-26,LONG,8850.0,9054.0,8,9,1632.0,2.31,SIGNAL
RUN_20260808_020118,ChecklistStrategy,BAJAJ-AUTO,2025-12-05,2025-12-18,LONG,9054.0,8891.0,8,13,-1304.0,-1.8,SIGNAL
RUN_20260808_020118,ChecklistStrategy,BAJAJ-AUTO,2025-12-22,2026-01-05,LONG,9010.0,9520.0,8,14,4080.0,5.66,SIGNAL
RUN_20260808_020118,ChecklistStrategy,BAJAJ-AUTO,2026-01-14,2026-01-21,LONG,9576.0,9150.0,8,7,-3408.0,-4.45,STOP_LOSS
RUN_20260808_020118,ChecklistStrategy,BAJAJ-AUTO,2026-01-29,2026-01-30,LONG,9475.0,9497.0,8,1,176.0,0.23,SIGNAL
RUN_20260808_020118,ChecklistStrategy,BAJAJ-AUTO,2026-02-25,2026-03-05,LONG,9859.5,9674.5,7,8,-1295.0,-1.88,SIGNAL
RUN_20260808_020118,ChecklistStrategy,BAJAJ-AUTO,2026-03-23,2026-03-24,LONG,8989.5,8900.0,8,1,-716.0,-1.0,SIGNAL
RUN_20260808_020118,ChecklistStrategy,BAJAJ-AUTO,2026-04-24,2026-05-05,LONG,9600.0,10131.0,7,11,3717.0,5.53,SIGNAL
RUN_20260808_020118,ChecklistStrategy,BAJAJ-AUTO,2026-05-20,2026-06-03,LONG,10158.0,10281.0,7,14,861.0,1.21,SIGNAL
RUN_20260808_020118,ChecklistStrategy,BAJAJ-AUTO,2026-06-05,2026-06-10,LONG,10394.0,10229.0,7,5,-1155.0,-1.59,SIGNAL
RUN_20260808_020118,ChecklistStrategy,BAJAJ-AUTO,2026-07-01,2026-07-15,LONG,9762.0,10200.0,8,14,3504.0,4.49,SIGNAL
RUN_20260808_020118,ChecklistStrategy,BAJAJFINSV,2024-02-01,2024-02-07,LONG,1632.0,1609.0,46,6,-1058.0,-1.41,SIGNAL
RUN_20260808_020118,ChecklistStrategy,BAJAJFINSV,2024-02-14,2024-03-06,LONG,1560.0,1558.0,47,21,-94.0,-0.13,SIGNAL
RUN_20260808_020118,ChecklistStrategy,BAJAJFINSV,2024-03-07,2024-03-26,LONG,1557.15,1589.0,47,19,1496.95,2.05,SIGNAL
RUN_20260808_020118,ChecklistStrategy,BAJAJFINSV,2024-05-29,2024-05-31,LONG,1594.15,1530.0,46,2,-2950.9,-4.02,STOP_LOSS
RUN_20260808_020118,ChecklistStrategy,BAJAJFINSV,2024-06-06,2024-07-01,LONG,1521.5,1588.2,48,25,3201.6,4.38,SIGNAL
RUN_20260808_020118,ChecklistStrategy,BAJAJFINSV,2024-09-19,2024-10-09,LONG,1890.0,1849.0,39,20,-1599.0,-2.17,STOP_LOSS
RUN_20260808_020118,ChecklistStrategy,BAJAJFINSV,2024-11-06,2024-11-11,LONG,1732.1,1727.55,42,5,-191.1,-0.26,SIGNAL
RUN_20260808_020118,ChecklistStrategy,BAJAJFINSV,2024-11-28,2024-11-29,LONG,1605.0,1581.9,46,1,-1062.6,-1.44,SIGNAL
RUN_20260808_020118,ChecklistStrategy,BAJAJFINSV,2024-12-16,2024-12-19,LONG,1675.0,1616.8,43,3,-2502.6,-3.47,STOP_LOSS
RUN_20260808_020118,ChecklistStrategy,BAJAJFINSV,2025-01-17,2025-01-31,LONG,1686.1,1713.6,41,14,1127.5,1.63,SIGNAL
RUN_20260808_020118,ChecklistStrategy,BAJAJFINSV,2025-02-03,2025-02-05,LONG,1735.0,1811.0,41,2,3116.0,4.38,SIGNAL
RUN_20260808_020118,ChecklistStrategy,BAJAJFINSV,2025-02-13,2025-03-17,LONG,1803.95,1820.0,41,32,658.05,0.89,SIGNAL
RUN_20260808_020118,ChecklistStrategy,BAJAJFINSV,2025-03-21,2025-03-27,LONG,1878.0,1940.0,40,6,2480.0,3.3,SIGNAL
RUN_20260808_020118,ChecklistStrategy,BAJAJFINSV,2025-03-28,2025-04-02,LONG,1995.75,1946.3,38,5,-1879.1,-2.48,STOP_LOSS
RUN_20260808_020118,ChecklistStrategy,BAJAJFINSV,2025-05-16,2025-05-21,LONG,2054.0,2011.5,36,5,-1530.0,-2.07,STOP_LOSS
RUN_20260808_020118,ChecklistStrategy,BAJAJFINSV,2025-05-22,2025-05-23,LONG,2037.3,2005.9,36,1,-1130.4,-1.54,SIGNAL
RUN_20260808_020118,ChecklistStrategy,BAJAJFINSV,2025-05-26,2025-06-02,LONG,2044.0,2017.4,35,7,-931.0,-1.3,SIGNAL
RUN_20260808_020118,ChecklistStrategy,BAJAJFINSV,2025-06-12,2025-06-13,LONG,2016.0,2000.0,35,1,-560.0,-0.79,SIGNAL
RUN_20260808_020118,ChecklistStrategy,BAJAJFINSV,2025-07-17,2025-07-28,LONG,2037.6,1990.0,35,11,-1666.0,-2.34,STOP_LOSS
RUN_20260808_020118,ChecklistStrategy,BAJAJFINSV,2025-09-15,2025-09-22,LONG,2078.0,2067.3,33,7,-353.1,-0.51,SIGNAL
RUN_20260808_020118,ChecklistStrategy,BAJAJFINSV,2025-09-30,2025-10-01,LONG,2025.0,2008.9,34,1,-547.4,-0.8,SIGNAL
RUN_20260808_020118,ChecklistStrategy,BAJAJFINSV,2025-10-07,2025-10-13,LONG,2038.7,2004.1,34,6,-1176.4,-1.7,SIGNAL
RUN_20260808_020118,ChecklistStrategy,BAJAJFINSV,2025-10-14,2025-10-29,LONG,2024.9,2150.0,34,15,4253.4,6.18,SIGNAL
RUN_20260808_020118,ChecklistStrategy,BAJAJFINSV,2025-11-10,2025-11-12,LONG,2114.7,2009.5,34,2,-3576.8,-4.97,STOP_LOSS
RUN_20260808_020118,ChecklistStrategy,BAJAJFINSV,2025-11-13,2025-11-24,LONG,2045.0,2064.0,34,11,646.0,0.93,SIGNAL
RUN_20260808_020118,ChecklistStrategy,BAJAJFINSV,2025-12-31,2026-01-01,LONG,2030.2,2045.0,34,1,503.2,0.73,SIGNAL
RUN_20260808_020118,ChecklistStrategy,BAJAJFINSV,2026-01-29,2026-03-09,LONG,1927.0,1839.1,36,39,-3164.4,-4.56,STOP_LOSS
RUN_20260808_020118,ChecklistStrategy,BAJAJFINSV,2026-03-10,2026-03-12,LONG,1845.1,1786.9,36,2,-2095.2,-3.15,STOP_LOSS
RUN_20260808_020118,ChecklistStrategy,BAJAJFINSV,2026-03-17,2026-03-20,LONG,1775.6,1724.0,37,3,-1909.2,-2.91,STOP_LOSS
RUN_20260808_020118,ChecklistStrategy,BAJAJFINSV,2026-03-25,2026-04-01,LONG,1720.8,1679.0,37,7,-1546.6,-2.43,STOP_LOSS
RUN_20260808_020118,ChecklistStrategy,BAJAJFINSV,2026-04-06,2026-05-18,LONG,1635.0,1715.0,38,42,3040.0,4.89,SIGNAL
RUN_20260808_020118,ChecklistStrategy,BAJAJFINSV,2026-05-19,2026-05-20,LONG,1745.2,1732.5,37,1,-469.9,-0.73,SIGNAL
RUN_20260808_020118,ChecklistStrategy,BAJAJFINSV,2026-06-03,2026-06-08,LONG,1739.0,1684.0,37,5,-2035.0,-3.16,STOP_LOSS
RUN_20260808_020118,ChecklistStrategy,BAJAJFINSV,2026-06-22,2026-06-30,LONG,1768.1,1760.0,36,8,-291.6,-0.46,SIGNAL
RUN_20260808_020118,ChecklistStrategy,BAJAJFINSV,2026-07-20,2026-07-27,LONG,1852.1,1885.0,34,7,1118.6,1.78,SIGNAL
RUN_20260808_020118,ChecklistStrategy,BAJFINANCE,2024-02-01,2024-02-02,LONG,686.59,675.5,109,1,-1208.81,-1.62,SIGNAL
RUN_20260808_020118,ChecklistStrategy,BAJFINANCE,2024-03-07,2024-03-15,LONG,635.0,637.51,117,8,293.09,0.4,SIGNAL
RUN_20260808_020118,ChecklistStrategy,BAJFINANCE,2024-03-18,2024-03-19,LONG,651.43,650.97,113,1,-52.55,-0.07,SIGNAL
RUN_20260808_020118,ChecklistStrategy,BAJFINANCE,2024-04-22,2024-04-29,LONG,716.73,678.99,104,7,-3924.44,-5.27,STOP_LOSS
RUN_20260808_020118,ChecklistStrategy,BAJFINANCE,2024-04-30,2024-05-10,LONG,682.99,663.89,104,10,-1986.92,-2.8,STOP_LOSS
RUN_20260808_020118,ChecklistStrategy,BAJFINANCE,2024-06-06,2024-06-26,LONG,685.0,707.0,101,20,2222.0,3.21,SIGNAL
RUN_20260808_020118,ChecklistStrategy,BAJFINANCE,2024-06-27,2024-07-05,LONG,715.0,713.4,99,8,-158.4,-0.22,SIGNAL
RUN_20260808_020118,ChecklistStrategy,BAJFINANCE,2024-07-08,2024-07-09,LONG,714.49,710.98,99,1,-347.49,-0.49,SIGNAL
RUN_20260808_020118,ChecklistStrategy,BAJFINANCE,2024-07-15,2024-07-18,LONG,702.01,704.71,101,3,273.21,0.38,SIGNAL
RUN_20260808_020118,ChecklistStrategy,BAJFINANCE,2024-07-19,2024-07-22,LONG,711.0,693.2,99,3,-1762.2,-2.5,STOP_LOSS
RUN_20260808_020118,ChecklistStrategy,BAJFINANCE,2024-07-31,2024-08-01,LONG,682.7,683.15,102,1,46.41,0.07,SIGNAL
RUN_20260808_020118,ChecklistStrategy,BAJFINANCE,2024-09-09,2024-09-11,LONG,732.4,725.0,95,2,-703.0,-1.01,SIGNAL
RUN_20260808_020118,ChecklistStrategy,BAJFINANCE,2024-10-24,2024-10-25,LONG,701.25,704.09,98,1,278.32,0.4,SIGNAL
RUN_20260808_020118,ChecklistStrategy,BAJFINANCE,2024-10-30,2024-10-31,LONG,699.9,694.9,98,1,-490.0,-0.71,SIGNAL
RUN_20260808_020118,ChecklistStrategy,BAJFINANCE,2024-11-06,2024-11-08,LONG,693.5,690.45,99,2,-301.95,-0.44,SIGNAL
RUN_20260808_020118,ChecklistStrategy,BAJFINANCE,2025-01-02,2025-01-07,LONG,698.0,735.49,98,5,3674.51,5.37,SIGNAL
RUN_20260808_020118,ChecklistStrategy,BAJFINANCE,2025-01-17,2025-01-31,LONG,722.1,792.5,98,14,6899.2,9.75,SIGNAL
RUN_20260808_020118,ChecklistStrategy,BAJFINANCE,2025-02-03,2025-02-05,LONG,792.22,850.0,95,2,5489.1,7.29,SIGNAL
RUN_20260808_020118,ChecklistStrategy,BAJFINANCE,2025-03-07,2025-03-11,LONG,840.99,830.5,95,4,-996.55,-1.25,SIGNAL
RUN_20260808_020118,ChecklistStrategy,BAJFINANCE,2025-03-18,2025-03-20,LONG,858.03,872.5,93,2,1345.25,1.69,SIGNAL
RUN_20260808_020118,ChecklistStrategy,BAJFINANCE,2025-04-30,2025-05-02,LONG,884.0,857.55,88,2,-2327.6,-2.99,STOP_LOSS
RUN_20260808_020118,ChecklistStrategy,BAJFINANCE,2025-05-05,2025-05-09,LONG,887.75,865.0,89,4,-2024.75,-2.56,STOP_LOSS
RUN_20260808_020118,ChecklistStrategy,BAJFINANCE,2025-05-20,2025-05-21,LONG,929.8,910.0,83,1,-1643.4,-2.13,STOP_LOSS
RUN_20260808_020118,ChecklistStrategy,BAJFINANCE,2025-05-22,2025-06-04,LONG,919.75,897.5,82,13,-1824.5,-2.42,STOP_LOSS
RUN_20260808_020118,ChecklistStrategy,BAJFINANCE,2025-07-09,2025-07-17,LONG,926.5,925.95,80,8,-44.0,-0.06,SIGNAL
RUN_20260808_020118,ChecklistStrategy,BAJFINANCE,2025-07-21,2025-07-28,LONG,938.9,909.25,79,7,-2342.35,-3.16,STOP_LOSS
RUN_20260808_020118,ChecklistStrategy,BAJFINANCE,2025-08-14,2025-09-17,LONG,860.0,1010.0,84,34,12600.0,17.44,SIGNAL
RUN_20260808_020118,ChecklistStrategy,BAJFINANCE,2025-09-30,2025-10-15,LONG,990.0,1026.0,83,15,2988.0,3.64,SIGNAL
RUN_20260808_020118,ChecklistStrategy,BAJFINANCE,2025-11-13,2025-11-20,LONG,1012.5,1015.0,83,7,207.5,0.25,SIGNAL
RUN_20260808_020118,ChecklistStrategy,BAJFINANCE,2025-11-27,2025-12-09,LONG,1015.6,1025.0,83,12,780.2,0.93,SIGNAL
RUN_20260808_020118,ChecklistStrategy,BAJFINANCE,2026-01-05,2026-01-06,LONG,979.7,978.0,86,1,-146.2,-0.17,SIGNAL
RUN_20260808_020118,ChecklistStrategy,BAJFINANCE,2026-02-06,2026-02-24,LONG,973.95,1026.3,88,18,4606.8,5.38,SIGNAL
RUN_20260808_020118,ChecklistStrategy,BAJFINANCE,2026-03-17,2026-03-18,LONG,878.15,876.1,100,1,-205.0,-0.23,SIGNAL
RUN_20260808_020118,ChecklistStrategy,BAJFINANCE,2026-03-24,2026-04-01,LONG,830.0,832.8,108,8,302.4,0.34,SIGNAL
RUN_20260808_020118,ChecklistStrategy,BAJFINANCE,2026-04-27,2026-05-01,LONG,923.05,937.0,96,4,1339.2,1.51,SIGNAL
RUN_20260808_020118,ChecklistStrategy,BAJFINANCE,2026-07-08,2026-07-10,LONG,1025.0,1010.1,85,2,-1266.5,-1.45,SIGNAL
RUN_20260808_020118,ChecklistStrategy,BEL,2024-01-19,2024-01-31,LONG,190.0,188.2,398,12,-716.4,-0.95,SIGNAL
RUN_20260808_020118,ChecklistStrategy,BEL,2024-06-06,2024-07-24,LONG,267.0,302.5,285,48,10117.5,13.3,SIGNAL
RUN_20260808_020118,ChecklistStrategy,BEL,2024-08-26,2024-08-28,LONG,308.7,301.05,267,2,-2042.56,-2.48,STOP_LOSS
RUN_20260808_020118,ChecklistStrategy,BEL,2024-09-02,2024-09-06,LONG,301.95,290.35,268,4,-3108.8,-3.84,STOP_LOSS
RUN_20260808_020118,ChecklistStrategy,BEL,2024-09-23,2024-10-01,LONG,280.0,285.1,281,8,1433.1,1.82,SIGNAL
RUN_20260808_020118,ChecklistStrategy,BEL,2024-10-21,2024-10-23,LONG,286.3,271.0,275,2,-4207.5,-5.34,STOP_LOSS
RUN_20260808_020118,ChecklistStrategy,BEL,2024-12-02,2024-12-20,LONG,307.8,298.0,246,18,-2410.8,-3.18,STOP_LOSS
RUN_20260808_020118,ChecklistStrategy,BEL,2025-01-01,2025-01-02,LONG,293.15,294.45,252,1,327.6,0.44,SIGNAL
RUN_20260808_020118,ChecklistStrategy,BEL,2025-01-08,2025-01-10,LONG,287.0,280.0,258,2,-1806.0,-2.44,STOP_LOSS
RUN_20260808_020118,ChecklistStrategy,BEL,2025-02-04,2025-02-12,LONG,276.0,264.95,265,8,-2928.25,-4.0,STOP_LOSS
RUN_20260808_020118,ChecklistStrategy,BEL,2025-04-04,2025-04-07,LONG,287.1,257.0,245,3,-7374.5,-10.48,STOP_LOSS
RUN_20260808_020118,ChecklistStrategy,BEL,2025-05-12,2025-05-13,LONG,325.0,323.7,206,1,-267.8,-0.4,SIGNAL
RUN_20260808_020118,ChecklistStrategy,BEL,2025-06-16,2025-07-16,LONG,396.15,409.4,164,30,2173.0,3.34,SIGNAL
RUN_20260808_020118,ChecklistStrategy,BEL,2025-07-30,2025-08-01,LONG,390.95,383.1,171,2,-1342.35,-2.01,STOP_LOSS
RUN_20260808_020118,ChecklistStrategy,BEL,2025-08-22,2025-08-25,LONG,373.8,377.85,174,3,704.7,1.08,SIGNAL
RUN_20260808_020118,ChecklistStrategy,BEL,2025-09-01,2025-09-05,LONG,369.95,374.0,178,4,720.9,1.09,SIGNAL
RUN_20260808_020118,ChecklistStrategy,BEL,2025-09-15,2025-09-22,LONG,400.0,409.8,166,7,1626.8,2.45,SIGNAL
RUN_20260808_020118,ChecklistStrategy,BEL,2025-09-26,2025-09-30,LONG,403.65,405.0,167,4,225.45,0.33,SIGNAL
RUN_20260808_020118,ChecklistStrategy,BEL,2025-10-03,2025-10-20,LONG,406.8,416.5,166,17,1610.2,2.38,SIGNAL
RUN_20260808_020118,ChecklistStrategy,BEL,2025-11-10,2025-11-25,LONG,415.95,406.5,166,15,-1568.7,-2.27,STOP_LOSS
RUN_20260808_020118,ChecklistStrategy,BEL,2026-02-02,2026-03-02,LONG,432.0,442.1,150,28,1515.0,2.34,SIGNAL
RUN_20260808_020118,ChecklistStrategy,BEL,2026-03-04,2026-03-05,LONG,460.0,448.8,151,1,-1691.2,-2.43,STOP_LOSS
RUN_20260808_020118,ChecklistStrategy,BEL,2026-03-06,2026-03-10,LONG,462.0,465.0,146,4,438.0,0.65,SIGNAL
RUN_20260808_020118,ChecklistStrategy,BEL,2026-05-14,2026-05-20,LONG,431.0,416.3,158,6,-2322.6,-3.41,STOP_LOSS
RUN_20260808_020118,ChecklistStrategy,BEL,2026-06-03,2026-06-24,LONG,408.0,420.2,161,21,1964.2,2.99,SIGNAL
RUN_20260808_020118,ChecklistStrategy,BHARTIARTL,2024-02-23,2024-02-29,LONG,1127.0,1118.85,66,6,-537.9,-0.72,SIGNAL
RUN_20260808_020118,ChecklistStrategy,BHARTIARTL,2024-03-15,2024-03-22,LONG,1190.0,1226.95,62,7,2290.9,3.11,SIGNAL
RUN_20260808_020118,ChecklistStrategy,BHARTIARTL,2024-03-26,2024-04-08,LONG,1225.0,1188.0,61,13,-2257.0,-3.02,STOP_LOSS
RUN_20260808_020118,ChecklistStrategy,BHARTIARTL,2024-05-09,2024-06-03,LONG,1283.0,1415.3,57,25,7541.1,10.31,SIGNAL
RUN_20260808_020118,ChecklistStrategy,BHARTIARTL,2024-06-06,2024-07-01,LONG,1359.0,1450.0,59,25,5369.0,6.7,SIGNAL
RUN_20260808_020118,ChecklistStrategy,BHARTIARTL,2024-07-11,2024-09-20,LONG,1450.0,1671.0,58,71,12818.0,15.24,SIGNAL
RUN_20260808_020118,ChecklistStrategy,BHARTIARTL,2024-10-14,2024-10-30,LONG,1686.0,1627.8,55,16,-3201.0,-3.45,STOP_LOSS
RUN_20260808_020118,ChecklistStrategy,BHARTIARTL,2024-12-02,2024-12-04,LONG,1627.15,1629.75,56,2,145.6,0.16,SIGNAL
RUN_20260808_020118,ChecklistStrategy,BHARTIARTL,2024-12-06,2024-12-11,LONG,1618.0,1588.0,56,5,-1680.0,-1.85,SIGNAL
RUN_20260808_020118,ChecklistStrategy,BHARTIARTL,2024-12-13,2024-12-23,LONG,1618.0,1586.0,55,10,-1760.0,-1.98,SIGNAL
RUN_20260808_020118,ChecklistStrategy,BHARTIARTL,2025-01-23,2025-01-30,LONG,1624.5,1606.7,54,7,-961.2,-1.1,SIGNAL
RUN_20260808_020118,ChecklistStrategy,BHARTIARTL,2025-02-04,2025-02-05,LONG,1662.15,1670.0,53,1,416.05,0.47,SIGNAL
RUN_20260808_020118,ChecklistStrategy,BHARTIARTL,2025-02-27,2025-03-03,LONG,1643.4,1579.0,53,4,-3413.2,-3.92,STOP_LOSS
RUN_20260808_020118,ChecklistStrategy,BHARTIARTL,2025-03-04,2025-03-07,LONG,1589.0,1629.0,53,3,2120.0,2.52,SIGNAL
RUN_20260808_020118,ChecklistStrategy,BHARTIARTL,2025-03-12,2025-03-13,LONG,1690.0,1650.8,52,1,-2038.4,-2.32,STOP_LOSS
RUN_20260808_020118,ChecklistStrategy,BHARTIARTL,2025-04-30,2025-05-15,LONG,1837.0,1849.9,46,15,593.4,0.7,SIGNAL
RUN_20260808_020118,ChecklistStrategy,BHARTIARTL,2025-06-12,2025-06-13,LONG,1871.9,1815.0,46,1,-2617.4,-3.04,STOP_LOSS
RUN_20260808_020118,ChecklistStrategy,BHARTIARTL,2025-09-12,2025-09-19,LONG,1925.0,1930.2,43,7,223.6,0.27,SIGNAL
RUN_20260808_020118,ChecklistStrategy,BHARTIARTL,2025-09-22,2025-09-26,LONG,1954.0,1931.1,42,4,-961.8,-1.17,SIGNAL
RUN_20260808_020118,ChecklistStrategy,BHARTIARTL,2025-10-06,2025-11-06,LONG,1892.6,2115.0,43,31,9563.2,11.75,SIGNAL
RUN_20260808_020118,ChecklistStrategy,BHARTIARTL,2025-12-03,2025-12-09,LONG,2100.1,2086.8,43,6,-571.9,-0.63,SIGNAL
RUN_20260808_020118,ChecklistStrategy,BHARTIARTL,2026-01-30,2026-02-20,LONG,1925.6,1981.1,45,21,2497.5,2.88,SIGNAL
RUN_20260808_020118,ChecklistStrategy,BHARTIARTL,2026-02-27,2026-03-09,LONG,1910.0,1831.0,47,10,-3713.0,-4.14,STOP_LOSS
RUN_20260808_020118,ChecklistStrategy,BHARTIARTL,2026-06-19,2026-08-03,LONG,1874.3,1987.4,47,45,5315.7,6.03,SIGNAL
RUN_20260808_020118,ChecklistStrategy,CIPLA,2024-02-01,2024-03-04,LONG,1359.7,1483.0,55,32,6781.5,9.07,SIGNAL
RUN_20260808_020118,ChecklistStrategy,CIPLA,2024-03-14,2024-03-20,LONG,1467.1,1435.8,54,6,-1690.2,-2.13,STOP_LOSS
RUN_20260808_020118,ChecklistStrategy,CIPLA,2024-05-03,2024-05-08,LONG,1428.0,1375.05,55,5,-2912.25,-3.71,STOP_LOSS
RUN_20260808_020118,ChecklistStrategy,CIPLA,2024-05-16,2024-07-16,LONG,1409.0,1517.2,54,61,5842.8,7.68,SIGNAL
RUN_20260808_020118,ChecklistStrategy,CIPLA,2024-08-01,2024-09-27,LONG,1545.95,1630.15,52,57,4378.4,5.45,SIGNAL
RUN_20260808_020118,ChecklistStrategy,CIPLA,2024-10-03,2024-10-07,LONG,1661.25,1623.0,50,4,-1912.5,-2.3,STOP_LOSS
RUN_20260808_020118,ChecklistStrategy,CIPLA,2024-10-15,2024-10-17,LONG,1601.9,1562.2,51,2,-2024.7,-2.48,STOP_LOSS
RUN_20260808_020118,ChecklistStrategy,CIPLA,2024-12-06,2024-12-09,LONG,1513.25,1480.0,54,3,-1795.5,-2.2,STOP_LOSS
RUN_20260808_020118,ChecklistStrategy,CIPLA,2024-12-27,2025-01-14,LONG,1488.6,1436.0,53,18,-2787.8,-3.53,STOP_LOSS
RUN_20260808_020118,ChecklistStrategy,CIPLA,2025-01-29,2025-02-03,LONG,1440.0,1435.0,54,5,-270.0,-0.35,SIGNAL
RUN_20260808_020118,ChecklistStrategy,CIPLA,2025-02-14,2025-02-27,LONG,1478.0,1452.0,52,13,-1352.0,-1.76,SIGNAL
RUN_20260808_020118,ChecklistStrategy,CIPLA,2025-03-06,2025-04-04,LONG,1424.95,1495.7,53,29,3749.75,4.97,SIGNAL
RUN_20260808_020118,ChecklistStrategy,CIPLA,2025-04-17,2025-05-02,LONG,1498.0,1537.5,52,15,2054.0,2.64,SIGNAL
RUN_20260808_020118,ChecklistStrategy,CIPLA,2025-06-11,2025-07-03,LONG,1512.5,1504.0,53,22,-450.5,-0.56,SIGNAL
RUN_20260808_020118,ChecklistStrategy,CIPLA,2025-07-04,2025-07-11,LONG,1508.4,1480.0,53,7,-1505.2,-1.88,SIGNAL
RUN_20260808_020118,ChecklistStrategy,CIPLA,2025-08-05,2025-08-28,LONG,1513.5,1594.0,52,23,4186.0,5.32,SIGNAL
RUN_20260808_020118,ChecklistStrategy,CIPLA,2025-09-04,2025-09-08,LONG,1599.0,1554.5,52,4,-2314.0,-2.78,STOP_LOSS
RUN_20260808_020118,ChecklistStrategy,CIPLA,2025-09-29,2025-09-30,LONG,1506.9,1488.1,53,1,-996.4,-1.25,SIGNAL
RUN_20260808_020118,ChecklistStrategy,CIPLA,2025-10-30,2025-10-31,LONG,1587.0,1510.1,50,1,-3845.0,-4.85,STOP_LOSS
RUN_20260808_020118,ChecklistStrategy,CIPLA,2025-11-18,2025-11-26,LONG,1530.0,1505.0,49,8,-1225.0,-1.63,SIGNAL
RUN_20260808_020118,ChecklistStrategy,CIPLA,2026-01-01,2026-01-08,LONG,1512.0,1467.9,50,7,-2205.0,-2.92,STOP_LOSS
RUN_20260808_020118,ChecklistStrategy,CIPLA,2026-01-12,2026-01-15,LONG,1464.0,1434.5,50,3,-1475.0,-2.02,STOP_LOSS
RUN_20260808_020118,ChecklistStrategy,CIPLA,2026-04-06,2026-04-09,LONG,1190.3,1215.2,61,3,1518.89,2.09,SIGNAL
RUN_20260808_020118,ChecklistStrategy,CIPLA,2026-04-10,2026-04-21,LONG,1225.4,1228.6,60,11,192.0,0.26,SIGNAL
RUN_20260808_020118,ChecklistStrategy,CIPLA,2026-05-14,2026-06-10,LONG,1362.2,1374.0,55,27,649.0,0.87,SIGNAL
RUN_20260808_020118,ChecklistStrategy,CIPLA,2026-07-15,2026-07-23,LONG,1447.0,1409.1,51,8,-1932.9,-2.62,STOP_LOSS
RUN_20260808_020118,ChecklistStrategy,COALINDIA,2024-01-25,2024-02-12,LONG,386.8,457.0,196,18,13759.2,18.15,SIGNAL
RUN_20260808_020118,ChecklistStrategy,COALINDIA,2024-02-14,2024-02-22,LONG,451.65,438.0,188,8,-2566.2,-3.02,STOP_LOSS
RUN_20260808_020118,ChecklistStrategy,COALINDIA,2024-02-23,2024-02-29,LONG,448.0,444.0,187,6,-748.0,-0.89,SIGNAL
RUN_20260808_020118,ChecklistStrategy,COALINDIA,2024-03-15,2024-03-18,LONG,427.7,416.0,193,3,-2258.1,-2.74,STOP_LOSS
RUN_20260808_020118,ChecklistStrategy,COALINDIA,2024-04-01,2024-04-19,LONG,436.7,436.0,186,18,-130.2,-0.16,SIGNAL
RUN_20260808_020118,ChecklistStrategy,COALINDIA,2024-04-25,2024-05-10,LONG,443.0,447.2,182,15,764.4,0.95,SIGNAL
RUN_20260808_020118,ChecklistStrategy,COALINDIA,2024-06-06,2024-07-24,LONG,470.0,486.7,176,48,2939.2,3.55,SIGNAL
RUN_20260808_020118,ChecklistStrategy,COALINDIA,2024-07-31,2024-08-01,LONG,523.45,535.0,160,1,1848.0,2.21,SIGNAL
RUN_20260808_020118,ChecklistStrategy,COALINDIA,2024-08-12,2024-08-16,LONG,529.0,507.7,160,4,-3408.0,-4.03,STOP_LOSS
RUN_20260808_020118,ChecklistStrategy,COALINDIA,2024-08-19,2024-09-02,LONG,513.8,527.0,160,14,2112.0,2.57,SIGNAL
RUN_20260808_020118,ChecklistStrategy,COALINDIA,2024-09-26,2024-10-04,LONG,506.0,499.6,165,8,-1056.0,-1.26,SIGNAL
RUN_20260808_020118,ChecklistStrategy,COALINDIA,2024-10-17,2024-10-18,LONG,495.75,488.0,167,1,-1294.25,-1.56,SIGNAL
RUN_20260808_020118,ChecklistStrategy,COALINDIA,2024-10-24,2024-10-25,LONG,474.1,478.1,173,1,692.0,0.84,SIGNAL
RUN_20260808_020118,ChecklistStrategy,COALINDIA,2024-10-30,2024-11-06,LONG,448.0,437.8,185,7,-1887.0,-2.28,STOP_LOSS
RUN_20260808_020118,ChecklistStrategy,COALINDIA,2024-11-07,2024-11-11,LONG,437.8,423.0,185,4,-2738.0,-3.38,STOP_LOSS
RUN_20260808_020118,ChecklistStrategy,COALINDIA,2024-11-18,2024-12-12,LONG,413.95,416.5,192,24,489.6,0.62,SIGNAL
RUN_20260808_020118,ChecklistStrategy,COALINDIA,2024-12-16,2024-12-19,LONG,410.5,390.95,193,3,-3773.15,-4.76,STOP_LOSS
RUN_20260808_020118,ChecklistStrategy,COALINDIA,2025-01-01,2025-01-07,LONG,383.55,380.55,198,6,-594.0,-0.78,SIGNAL
RUN_20260808_020118,ChecklistStrategy,COALINDIA,2025-01-09,2025-01-10,LONG,381.55,371.4,199,1,-2019.85,-2.66,STOP_LOSS
RUN_20260808_020118,ChecklistStrategy,COALINDIA,2025-01-24,2025-01-27,LONG,386.05,380.9,192,3,-988.8,-1.33,SIGNAL
RUN_20260808_020118,ChecklistStrategy,COALINDIA,2025-03-24,2025-03-26,LONG,407.95,398.5,181,2,-1710.45,-2.32,STOP_LOSS
RUN_20260808_020118,ChecklistStrategy,COALINDIA,2025-04-17,2025-04-21,LONG,396.9,399.25,181,4,425.35,0.59,SIGNAL
RUN_20260808_020118,ChecklistStrategy,COALINDIA,2025-04-29,2025-04-30,LONG,397.15,389.1,182,1,-1465.1,-2.03,STOP_LOSS
RUN_20260808_020118,ChecklistStrategy,COALINDIA,2025-05-26,2025-06-02,LONG,402.55,398.95,178,7,-640.8,-0.89,SIGNAL
RUN_20260808_020118,ChecklistStrategy,COALINDIA,2025-07-23,2025-07-28,LONG,389.4,381.2,182,5,-1492.4,-2.11,STOP_LOSS
RUN_20260808_020118,ChecklistStrategy,COALINDIA,2025-07-30,2025-08-04,LONG,384.0,372.45,181,5,-2090.55,-3.01,STOP_LOSS
RUN_20260808_020118,ChecklistStrategy,COALINDIA,2025-08-19,2025-08-22,LONG,388.5,378.15,175,3,-1811.25,-2.66,STOP_LOSS
RUN_20260808_020118,ChecklistStrategy,COALINDIA,2025-09-22,2025-09-29,LONG,394.5,389.8,169,7,-794.3,-1.19,SIGNAL
RUN_20260808_020118,ChecklistStrategy,COALINDIA,2025-10-24,2025-10-29,LONG,392.65,393.25,168,5,100.8,0.15,SIGNAL
RUN_20260808_020118,ChecklistStrategy,COALINDIA,2025-10-31,2025-11-03,LONG,389.95,390.55,170,3,102.0,0.15,SIGNAL
RUN_20260808_020118,ChecklistStrategy,COALINDIA,2025-11-17,2025-11-19,LONG,387.0,383.1,171,2,-666.9,-1.01,SIGNAL
RUN_20260808_020118,ChecklistStrategy,COALINDIA,2025-12-08,2025-12-09,LONG,380.9,375.1,173,1,-1003.4,-1.52,SIGNAL
RUN_20260808_020118,ChecklistStrategy,COALINDIA,2025-12-16,2025-12-26,LONG,384.0,403.8,169,10,3346.2,5.16,SIGNAL
RUN_20260808_020118,ChecklistStrategy,COALINDIA,2026-01-28,2026-02-16,LONG,423.5,408.0,159,19,-2464.5,-3.66,STOP_LOSS
RUN_20260808_020118,ChecklistStrategy,COALINDIA,2026-02-17,2026-02-18,LONG,422.25,418.45,155,1,-589.0,-0.9,SIGNAL
RUN_20260808_020118,ChecklistStrategy,COALINDIA,2026-02-23,2026-03-12,LONG,426.0,446.75,153,17,3174.75,4.87,SIGNAL
RUN_20260808_020118,ChecklistStrategy,COALINDIA,2026-03-13,2026-03-17,LONG,473.0,460.3,143,4,-1816.1,-2.68,STOP_LOSS
RUN_20260808_020118,ChecklistStrategy,COALINDIA,2026-04-01,2026-04-02,LONG,464.0,448.4,146,1,-2277.6,-3.36,STOP_LOSS
RUN_20260808_020118,ChecklistStrategy,COALINDIA,2026-04-10,2026-04-13,LONG,455.0,435.0,141,3,-2820.0,-4.4,STOP_LOSS
RUN_20260808_020118,ChecklistStrategy,COALINDIA,2026-04-15,2026-04-22,LONG,439.0,443.8,142,7,681.6,1.09,SIGNAL
RUN_20260808_020118,ChecklistStrategy,COALINDIA,2026-05-08,2026-05-14,LONG,461.2,464.0,134,6,375.2,0.61,SIGNAL
RUN_20260808_020118,ChecklistStrategy,COALINDIA,2026-05-18,2026-05-20,LONG,462.0,456.0,136,2,-816.0,-1.3,SIGNAL
RUN_20260808_020118,ChecklistStrategy,COALINDIA,2026-06-02,2026-06-09,LONG,469.85,464.9,131,7,-648.45,-1.05,SIGNAL
RUN_20260808_020118,ChecklistStrategy,COALINDIA,2026-06-10,2026-06-11,LONG,465.2,451.0,132,1,-1874.4,-3.05,STOP_LOSS
RUN_20260808_020118,ChecklistStrategy,COALINDIA,2026-07-14,2026-07-21,LONG,429.95,429.95,140,7,0.0,0.0,SIGNAL
RUN_20260808_020118,ChecklistStrategy,DRREDDY,2024-02-01,2024-02-02,LONG,1217.89,1203.19,61,1,-896.7,-1.21,SIGNAL
RUN_20260808_020118,ChecklistStrategy,DRREDDY,2024-03-05,2024-03-18,LONG,1266.98,1258.42,58,13,-496.48,-0.68,SIGNAL
RUN_20260808_020118,ChecklistStrategy,DRREDDY,2024-04-05,2024-04-08,LONG,1228.5,1243.49,60,3,899.4,1.22,SIGNAL
RUN_20260808_020118,ChecklistStrategy,DRREDDY,2024-05-09,2024-05-10,LONG,1214.9,1175.0,61,1,-2433.9,-3.28,STOP_LOSS
RUN_20260808_020118,ChecklistStrategy,DRREDDY,2024-05-28,2024-06-05,LONG,1174.43,1147.58,61,8,-1637.86,-2.29,STOP_LOSS
RUN_20260808_020118,ChecklistStrategy,DRREDDY,2024-06-13,2024-06-19,LONG,1223.98,1198.39,58,6,-1484.22,-2.09,STOP_LOSS
RUN_20260808_020118,ChecklistStrategy,DRREDDY,2024-06-26,2024-08-09,LONG,1212.7,1396.0,57,44,10448.1,15.12,SIGNAL
RUN_20260808_020118,ChecklistStrategy,DRREDDY,2024-09-23,2024-09-25,LONG,1320.0,1331.25,59,2,663.75,0.85,SIGNAL
RUN_20260808_020118,ChecklistStrategy,DRREDDY,2024-10-21,2024-10-24,LONG,1354.0,1328.8,58,3,-1461.6,-1.86,SIGNAL
RUN_20260808_020118,ChecklistStrategy,DRREDDY,2024-11-05,2024-11-11,LONG,1265.1,1284.0,61,6,1152.9,1.49,SIGNAL
RUN_20260808_020118,ChecklistStrategy,DRREDDY,2024-12-12,2024-12-18,LONG,1244.8,1251.9,63,6,447.3,0.57,SIGNAL
RUN_20260808_020118,ChecklistStrategy,DRREDDY,2025-03-20,2025-03-26,LONG,1178.95,1177.9,66,6,-69.3,-0.09,SIGNAL
RUN_20260808_020118,ChecklistStrategy,DRREDDY,2025-04-02,2025-04-07,LONG,1150.0,1020.0,68,5,-8840.0,-11.3,STOP_LOSS
RUN_20260808_020118,ChecklistStrategy,DRREDDY,2025-04-29,2025-04-30,LONG,1204.4,1176.2,59,1,-1663.8,-2.34,STOP_LOSS
RUN_20260808_020118,ChecklistStrategy,DRREDDY,2025-05-02,2025-05-09,LONG,1176.1,1142.5,59,7,-1982.4,-2.86,STOP_LOSS
RUN_20260808_020118,ChecklistStrategy,DRREDDY,2025-07-08,2025-07-09,LONG,1310.3,1280.0,52,1,-1575.6,-2.31,STOP_LOSS
RUN_20260808_020118,ChecklistStrategy,DRREDDY,2025-07-31,2025-08-04,LONG,1274.5,1225.1,52,4,-2568.8,-3.88,STOP_LOSS
RUN_20260808_020118,ChecklistStrategy,DRREDDY,2025-10-27,2025-10-30,LONG,1283.0,1196.0,51,3,-4437.0,-6.78,STOP_LOSS
RUN_20260808_020118,ChecklistStrategy,DRREDDY,2025-10-31,2025-12-11,LONG,1202.5,1250.8,51,41,2463.3,4.02,SIGNAL
RUN_20260808_020118,ChecklistStrategy,DRREDDY,2025-12-19,2025-12-30,LONG,1277.0,1268.0,50,11,-450.0,-0.7,SIGNAL
RUN_20260808_020118,ChecklistStrategy,DRREDDY,2026-01-01,2026-01-06,LONG,1270.0,1250.0,50,5,-1000.0,-1.57,SIGNAL
RUN_20260808_020118,ChecklistStrategy,DRREDDY,2026-01-12,2026-01-14,LONG,1210.0,1191.1,52,2,-982.8,-1.56,SIGNAL
RUN_20260808_020118,ChecklistStrategy,DRREDDY,2026-02-02,2026-03-13,LONG,1189.5,1310.0,51,39,6145.5,10.13,SIGNAL
RUN_20260808_020118,ChecklistStrategy,DRREDDY,2026-04-10,2026-04-16,LONG,1212.8,1222.0,55,6,506.0,0.76,SIGNAL
RUN_20260808_020118,ChecklistStrategy,DRREDDY,2026-04-20,2026-04-21,LONG,1235.0,1232.6,54,1,-129.6,-0.19,SIGNAL
RUN_20260808_020118,ChecklistStrategy,DRREDDY,2026-05-20,2026-06-02,LONG,1323.6,1280.2,50,13,-2170.0,-3.28,STOP_LOSS
RUN_20260808_020118,ChecklistStrategy,EICHERMOT,2024-02-06,2024-02-09,LONG,3900.0,3820.0,19,3,-1520.0,-2.05,STOP_LOSS
RUN_20260808_020118,ChecklistStrategy,EICHERMOT,2024-02-12,2024-02-22,LONG,3869.9,3864.8,19,10,-96.9,-0.13,SIGNAL
RUN_20260808_020118,ChecklistStrategy,EICHERMOT,2024-02-27,2024-02-29,LONG,3950.0,3862.95,18,2,-1566.9,-2.2,STOP_LOSS
RUN_20260808_020118,ChecklistStrategy,EICHERMOT,2024-04-04,2024-04-10,LONG,3957.0,4250.0,18,6,5274.0,7.4,SIGNAL
RUN_20260808_020118,ChecklistStrategy,EICHERMOT,2024-04-18,2024-04-19,LONG,4356.0,4345.0,17,1,-187.0,-0.25,SIGNAL
RUN_20260808_020118,ChecklistStrategy,EICHERMOT,2024-09-02,2024-09-05,LONG,4949.75,4850.0,15,3,-1496.25,-2.02,STOP_LOSS
RUN_20260808_020118,ChecklistStrategy,EICHERMOT,2024-09-26,2024-10-04,LONG,4915.0,4782.0,15,8,-1995.0,-2.71,STOP_LOSS
RUN_20260808_020118,ChecklistStrategy,EICHERMOT,2024-10-14,2024-10-18,LONG,4749.0,4613.9,15,4,-2026.5,-2.84,STOP_LOSS
RUN_20260808_020118,ChecklistStrategy,EICHERMOT,2024-10-21,2024-10-23,LONG,4765.0,4722.55,15,2,-636.75,-0.89,SIGNAL
RUN_20260808_020118,ChecklistStrategy,EICHERMOT,2024-10-29,2024-10-31,LONG,4688.0,4869.0,15,2,2715.0,3.86,SIGNAL
RUN_20260808_020118,ChecklistStrategy,EICHERMOT,2024-11-06,2024-11-11,LONG,4910.95,4762.0,15,5,-2234.25,-3.03,STOP_LOSS
RUN_20260808_020118,ChecklistStrategy,EICHERMOT,2025-01-03,2025-01-08,LONG,5325.0,5212.2,13,5,-1466.4,-2.12,STOP_LOSS
RUN_20260808_020118,ChecklistStrategy,EICHERMOT,2025-01-23,2025-01-31,LONG,4996.6,5165.0,14,8,2357.6,3.37,SIGNAL
RUN_20260808_020118,ChecklistStrategy,EICHERMOT,2025-02-10,2025-02-11,LONG,5400.0,5138.85,13,1,-3394.95,-4.84,STOP_LOSS
RUN_20260808_020118,ChecklistStrategy,EICHERMOT,2025-03-06,2025-04-02,LONG,4995.6,5361.7,14,27,5125.4,7.33,SIGNAL
RUN_20260808_020118,ChecklistStrategy,EICHERMOT,2025-04-29,2025-05-05,LONG,5626.5,5469.5,13,6,-2041.0,-2.79,STOP_LOSS
RUN_20260808_020118,ChecklistStrategy,EICHERMOT,2025-05-07,2025-05-08,LONG,5460.5,5463.5,13,1,39.0,0.05,SIGNAL
RUN_20260808_020118,ChecklistStrategy,EICHERMOT,2025-05-13,2025-05-19,LONG,5506.5,5510.0,13,6,45.5,0.06,SIGNAL
RUN_20260808_020118,ChecklistStrategy,EICHERMOT,2025-05-30,2025-06-02,LONG,5378.0,5340.0,13,3,-494.0,-0.71,SIGNAL
RUN_20260808_020118,ChecklistStrategy,EICHERMOT,2025-06-09,2025-06-12,LONG,5422.0,5351.0,13,3,-923.0,-1.31,SIGNAL
RUN_20260808_020118,ChecklistStrategy,EICHERMOT,2025-06-19,2025-07-23,LONG,5410.0,5432.0,13,34,286.0,0.41,SIGNAL
RUN_20260808_020118,ChecklistStrategy,EICHERMOT,2025-08-05,2025-08-22,LONG,5625.0,5970.0,12,17,4140.0,6.13,SIGNAL
RUN_20260808_020118,ChecklistStrategy,EICHERMOT,2025-09-02,2025-11-11,LONG,6310.5,6871.5,11,70,6171.0,8.89,SIGNAL
RUN_20260808_020118,ChecklistStrategy,EICHERMOT,2025-11-18,2026-01-19,LONG,6835.0,7300.0,11,62,5115.0,6.8,SIGNAL
RUN_20260808_020118,ChecklistStrategy,EICHERMOT,2026-02-02,2026-03-02,LONG,6805.0,7800.0,11,28,10945.0,14.62,SIGNAL
RUN_20260808_020118,ChecklistStrategy,EICHERMOT,2026-04-13,2026-05-01,LONG,7150.0,7109.0,12,18,-492.0,-0.57,SIGNAL
RUN_20260808_020118,ChecklistStrategy,EICHERMOT,2026-05-06,2026-05-08,LONG,7370.0,7299.5,12,2,-846.0,-0.96,SIGNAL
RUN_20260808_020118,ChecklistStrategy,EICHERMOT,2026-07-21,2026-07-31,LONG,7590.0,7899.0,11,10,3399.0,4.07,SIGNAL
RUN_20260808_020118,ChecklistStrategy,ETERNAL,2024-01-25,2024-02-22,LONG,135.9,159.55,550,28,13007.51,17.4,SIGNAL
RUN_20260808_020118,ChecklistStrategy,ETERNAL,2024-03-01,2024-03-07,LONG,168.0,161.75,512,6,-3200.0,-3.72,STOP_LOSS
RUN_20260808_020118,ChecklistStrategy,ETERNAL,2024-06-05,2024-06-11,LONG,175.0,182.6,478,6,3632.8,4.34,SIGNAL
RUN_20260808_020118,ChecklistStrategy,ETERNAL,2024-06-18,2024-08-07,LONG,187.5,261.53,456,50,33757.68,39.48,SIGNAL
RUN_20260808_020118,ChecklistStrategy,ETERNAL,2024-09-27,2024-10-04,LONG,275.4,267.0,388,7,-3259.2,-3.05,STOP_LOSS
RUN_20260808_020118,ChecklistStrategy,ETERNAL,2024-10-07,2024-10-08,LONG,278.55,266.0,391,1,-4907.05,-4.51,STOP_LOSS
RUN_20260808_020118,ChecklistStrategy,ETERNAL,2024-10-09,2024-10-18,LONG,279.0,256.9,373,9,-8243.3,-7.92,STOP_LOSS
RUN_20260808_020118,ChecklistStrategy,ETERNAL,2024-10-24,2024-10-25,LONG,267.2,256.0,370,1,-4144.0,-4.19,STOP_LOSS
RUN_20260808_020118,ChecklistStrategy,ETERNAL,2024-10-28,2024-10-31,LONG,252.0,248.0,372,3,-1488.0,-1.59,SIGNAL
RUN_20260808_020118,ChecklistStrategy,ETERNAL,2024-11-12,2024-11-26,LONG,259.95,273.8,361,14,4999.84,5.33,SIGNAL
RUN_20260808_020118,ChecklistStrategy,ETERNAL,2024-12-31,2025-01-02,LONG,278.0,277.9,344,2,-34.4,-0.04,SIGNAL
RUN_20260808_020118,ChecklistStrategy,ETERNAL,2025-02-20,2025-02-25,LONG,231.5,224.2,414,5,-3022.2,-3.15,STOP_LOSS
RUN_20260808_020118,ChecklistStrategy,ETERNAL,2025-03-24,2025-03-25,LONG,228.8,223.8,416,1,-2080.0,-2.19,STOP_LOSS
RUN_20260808_020118,ChecklistStrategy,ETERNAL,2025-05-15,2025-05-21,LONG,236.2,227.0,393,6,-3615.6,-3.9,STOP_LOSS
RUN_20260808_020118,ChecklistStrategy,ETERNAL,2025-05-28,2025-10-21,LONG,225.9,340.1,402,146,45908.4,50.55,SIGNAL
RUN_20260808_020118,ChecklistStrategy,ETERNAL,2026-01-22,2026-01-23,LONG,300.0,276.95,440,1,-10141.99,-7.68,STOP_LOSS
RUN_20260808_020118,ChecklistStrategy,ETERNAL,2026-02-05,2026-02-09,LONG,291.1,286.0,398,4,-2029.8,-1.75,SIGNAL
RUN_20260808_020118,ChecklistStrategy,ETERNAL,2026-02-17,2026-02-19,LONG,284.0,277.35,403,2,-2679.95,-2.34,STOP_LOSS
RUN_20260808_020118,ChecklistStrategy,ETERNAL,2026-03-17,2026-03-23,LONG,223.0,227.9,511,6,2503.9,2.2,SIGNAL
RUN_20260808_020118,ChecklistStrategy,ETERNAL,2026-04-06,2026-04-15,LONG,232.8,241.0,497,9,4075.4,3.52,SIGNAL
RUN_20260808_020118,ChecklistStrategy,ETERNAL,2026-04-21,2026-05-01,LONG,254.89,247.03,464,10,-3647.04,-3.08,STOP_LOSS
RUN_20260808_020118,ChecklistStrategy,ETERNAL,2026-06-05,2026-06-10,LONG,253.35,247.0,454,5,-2882.9,-2.51,STOP_LOSS
RUN_20260808_020118,ChecklistStrategy,ETERNAL,2026-06-17,2026-07-09,LONG,254.0,287.3,447,22,14885.09,13.11,SIGNAL
RUN_20260808_020118,ChecklistStrategy,ETERNAL,2026-07-15,2026-07-23,LONG,285.0,289.85,435,8,2109.75,1.7,SIGNAL
RUN_20260808_020118,ChecklistStrategy,GRASIM,2024-02-12,2024-02-14,LONG,2175.0,2054.0,34,2,-4114.0,-5.56,STOP_LOSS
RUN_20260808_020118,ChecklistStrategy,GRASIM,2024-03-01,2024-03-14,LONG,2209.0,2149.9,32,13,-1891.2,-2.68,STOP_LOSS
RUN_20260808_020118,ChecklistStrategy,GRASIM,2024-04-22,2024-05-24,LONG,2275.0,2449.75,30,32,5242.5,7.68,SIGNAL
RUN_20260808_020118,ChecklistStrategy,GRASIM,2024-05-29,2024-05-30,LONG,2440.0,2404.0,30,1,-1080.0,-1.48,SIGNAL
RUN_20260808_020118,ChecklistStrategy,GRASIM,2024-06-06,2024-06-18,LONG,2306.05,2471.0,31,12,5113.45,7.15,SIGNAL
RUN_20260808_020118,ChecklistStrategy,GRASIM,2024-06-20,2024-07-16,LONG,2447.1,2818.0,31,26,11497.9,15.16,SIGNAL
RUN_20260808_020118,ChecklistStrategy,GRASIM,2024-07-23,2024-07-25,LONG,2811.0,2805.0,30,2,-180.0,-0.21,SIGNAL
RUN_20260808_020118,ChecklistStrategy,GRASIM,2024-09-02,2024-09-12,LONG,2706.75,2690.6,31,10,-500.65,-0.6,SIGNAL
RUN_20260808_020118,ChecklistStrategy,GRASIM,2024-09-26,2024-10-15,LONG,2674.0,2725.0,32,19,1632.0,1.91,SIGNAL
RUN_20260808_020118,ChecklistStrategy,GRASIM,2024-11-06,2024-11-07,LONG,2650.95,2631.15,32,1,-633.6,-0.75,SIGNAL
RUN_20260808_020118,ChecklistStrategy,GRASIM,2024-11-18,2024-11-29,LONG,2497.0,2565.0,34,11,2312.0,2.72,SIGNAL
RUN_20260808_020118,ChecklistStrategy,GRASIM,2024-12-12,2024-12-18,LONG,2683.0,2607.0,32,6,-2432.0,-2.83,STOP_LOSS
RUN_20260808_020118,ChecklistStrategy,GRASIM,2025-01-15,2025-02-14,LONG,2326.9,2499.0,37,30,6367.7,7.4,SIGNAL
RUN_20260808_020118,ChecklistStrategy,GRASIM,2025-02-18,2025-02-25,LONG,2480.0,2392.0,36,7,-3168.0,-3.55,STOP_LOSS
RUN_20260808_020118,ChecklistStrategy,GRASIM,2025-03-12,2025-03-13,LONG,2413.55,2402.0,36,1,-415.8,-0.48,SIGNAL
RUN_20260808_020118,ChecklistStrategy,GRASIM,2025-03-18,2025-03-24,LONG,2399.35,2478.65,36,6,2854.79,3.31,SIGNAL
RUN_20260808_020118,ChecklistStrategy,GRASIM,2025-04-28,2025-04-30,LONG,2735.0,2735.0,32,2,0.0,0.0,SIGNAL
RUN_20260808_020118,ChecklistStrategy,GRASIM,2025-05-15,2025-05-23,LONG,2734.3,2675.0,32,8,-1897.6,-2.17,STOP_LOSS
RUN_20260808_020118,ChecklistStrategy,GRASIM,2025-06-19,2025-07-14,LONG,2680.0,2774.0,33,25,3102.0,3.51,SIGNAL
RUN_20260808_020118,ChecklistStrategy,GRASIM,2025-07-25,2025-08-01,LONG,2735.0,2748.0,33,7,429.0,0.48,SIGNAL
RUN_20260808_020118,ChecklistStrategy,GRASIM,2025-08-18,2025-08-29,LONG,2795.0,2784.3,32,11,-342.4,-0.38,SIGNAL
RUN_20260808_020118,ChecklistStrategy,GRASIM,2025-09-12,2025-09-23,LONG,2799.0,2858.9,32,11,1916.8,2.14,SIGNAL
RUN_20260808_020118,ChecklistStrategy,GRASIM,2025-10-07,2025-10-09,LONG,2800.0,2781.4,32,2,-595.2,-0.66,SIGNAL
RUN_20260808_020118,ChecklistStrategy,GRASIM,2025-10-10,2025-10-15,LONG,2810.6,2780.0,32,5,-979.2,-1.09,SIGNAL
RUN_20260808_020118,ChecklistStrategy,GRASIM,2025-10-21,2025-11-07,LONG,2875.9,2700.0,31,17,-5452.9,-6.12,STOP_LOSS
RUN_20260808_020118,ChecklistStrategy,GRASIM,2025-12-22,2025-12-23,LONG,2812.7,2811.0,30,1,-51.0,-0.06,SIGNAL
RUN_20260808_020118,ChecklistStrategy,GRASIM,2026-01-07,2026-01-09,LONG,2880.0,2799.8,30,2,-2406.0,-2.78,STOP_LOSS
RUN_20260808_020118,ChecklistStrategy,GRASIM,2026-01-22,2026-02-02,LONG,2742.5,2740.0,30,11,-75.0,-0.09,SIGNAL
RUN_20260808_020118,ChecklistStrategy,GRASIM,2026-02-05,2026-02-12,LONG,2830.1,2940.4,29,7,3198.69,3.9,SIGNAL
RUN_20260808_020118,ChecklistStrategy,GRASIM,2026-02-19,2026-02-20,LONG,2928.1,2864.9,29,1,-1832.81,-2.16,STOP_LOSS
RUN_20260808_020118,ChecklistStrategy,GRASIM,2026-03-06,2026-03-09,LONG,2701.5,2659.0,31,3,-1317.5,-1.57,SIGNAL
RUN_20260808_020118,ChecklistStrategy,GRASIM,2026-03-17,2026-03-23,LONG,2655.1,2591.0,31,6,-1987.1,-2.41,STOP_LOSS
RUN_20260808_020118,ChecklistStrategy,GRASIM,2026-04-20,2026-04-29,LONG,2730.5,2798.0,30,9,2025.0,2.47,SIGNAL
RUN_20260808_020118,ChecklistStrategy,GRASIM,2026-05-14,2026-06-16,LONG,2955.0,3180.0,28,33,6300.0,7.61,SIGNAL
RUN_20260808_020118,ChecklistStrategy,GRASIM,2026-06-25,2026-08-05,LONG,3131.9,3150.0,28,41,506.8,0.58,SIGNAL
RUN_20260808_020118,ChecklistStrategy,HCLTECH,2024-02-01,2024-03-13,LONG,1576.0,1638.75,47,41,2949.25,3.98,SIGNAL
RUN_20260808_020118,ChecklistStrategy,HCLTECH,2024-03-26,2024-03-27,LONG,1562.25,1569.0,49,1,330.75,0.43,SIGNAL
RUN_20260808_020118,ChecklistStrategy,HCLTECH,2024-06-05,2024-07-01,LONG,1320.0,1465.0,59,26,8555.0,10.98,SIGNAL
RUN_20260808_020118,ChecklistStrategy,HCLTECH,2024-08-12,2024-08-28,LONG,1590.0,1712.55,52,16,6372.6,7.71,SIGNAL
RUN_20260808_020118,ChecklistStrategy,HCLTECH,2024-08-29,2024-09-13,LONG,1714.0,1805.0,51,15,4641.0,5.31,SIGNAL
RUN_20260808_020118,ChecklistStrategy,HCLTECH,2024-09-23,2024-09-27,LONG,1764.0,1810.0,52,4,2392.0,2.61,SIGNAL
RUN_20260808_020118,ChecklistStrategy,HCLTECH,2024-10-09,2025-01-08,LONG,1793.05,1906.3,52,91,5889.0,6.32,SIGNAL
RUN_20260808_020118,ChecklistStrategy,HCLTECH,2025-03-06,2025-03-13,LONG,1580.0,1540.6,62,7,-2442.8,-2.49,STOP_LOSS
RUN_20260808_020118,ChecklistStrategy,HCLTECH,2025-03-25,2025-03-26,LONG,1622.0,1624.9,59,1,171.1,0.18,SIGNAL
RUN_20260808_020118,ChecklistStrategy,HCLTECH,2025-04-15,2025-05-28,LONG,1420.0,1664.0,69,43,16836.0,17.18,SIGNAL
RUN_20260808_020118,ChecklistStrategy,HCLTECH,2025-06-03,2025-06-05,LONG,1646.9,1634.9,66,2,-792.0,-0.73,SIGNAL
RUN_20260808_020118,ChecklistStrategy,HCLTECH,2025-06-09,2025-07-10,LONG,1648.0,1675.0,66,31,1782.0,1.64,SIGNAL
RUN_20260808_020118,ChecklistStrategy,HCLTECH,2025-07-21,2025-07-25,LONG,1548.8,1501.1,70,4,-3339.01,-3.08,STOP_LOSS
RUN_20260808_020118,ChecklistStrategy,HCLTECH,2025-07-30,2025-08-28,LONG,1480.5,1488.0,72,29,540.0,0.51,SIGNAL
RUN_20260808_020118,ChecklistStrategy,HCLTECH,2025-09-01,2025-09-09,LONG,1446.0,1410.2,73,8,-2613.4,-2.48,STOP_LOSS
RUN_20260808_020118,ChecklistStrategy,HCLTECH,2025-09-16,2025-09-22,LONG,1463.9,1423.0,71,6,-2903.9,-2.79,STOP_LOSS
RUN_20260808_020118,ChecklistStrategy,HCLTECH,2025-10-21,2025-11-17,LONG,1502.7,1594.0,68,27,6208.4,6.08,SIGNAL
RUN_20260808_020118,ChecklistStrategy,HCLTECH,2025-12-23,2025-12-30,LONG,1675.1,1630.8,64,7,-2835.2,-2.64,STOP_LOSS
RUN_20260808_020118,ChecklistStrategy,HCLTECH,2026-01-15,2026-02-05,LONG,1668.5,1613.7,63,21,-3452.4,-3.28,STOP_LOSS
RUN_20260808_020118,ChecklistStrategy,HCLTECH,2026-02-26,2026-03-06,LONG,1391.0,1356.0,74,8,-2590.0,-2.52,STOP_LOSS
RUN_20260808_020118,ChecklistStrategy,HCLTECH,2026-03-24,2026-03-30,LONG,1380.0,1350.0,74,6,-2220.0,-2.17,STOP_LOSS
RUN_20260808_020118,ChecklistStrategy,HCLTECH,2026-04-06,2026-04-23,LONG,1397.0,1290.0,70,17,-7490.0,-7.66,STOP_LOSS
RUN_20260808_020118,ChecklistStrategy,HCLTECH,2026-06-12,2026-06-23,LONG,1120.0,1121.6,84,11,134.4,0.14,SIGNAL
RUN_20260808_020118,ChecklistStrategy,HCLTECH,2026-07-14,2026-07-15,LONG,1200.0,1157.0,76,1,-3268.0,-3.58,STOP_LOSS
RUN_20260808_020118,ChecklistStrategy,HDFCBANK,2024-02-01,2024-02-08,LONG,732.53,714.92,102,7,-1795.2,-2.4,STOP_LOSS
RUN_20260808_020118,ChecklistStrategy,HDFCBANK,2024-02-21,2024-02-23,LONG,732.0,711.28,101,2,-2093.22,-2.83,STOP_LOSS
RUN_20260808_020118,ChecklistStrategy,HDFCBANK,2024-03-20,2024-05-02,LONG,724.53,761.0,99,43,3611.02,5.03,SIGNAL
RUN_20260808_020118,ChecklistStrategy,HDFCBANK,2024-05-07,2024-05-09,LONG,760.97,737.47,98,2,-2303.0,-3.09,STOP_LOSS
RUN_20260808_020118,ChecklistStrategy,HDFCBANK,2024-06-06,2024-06-24,LONG,782.45,823.5,93,18,3817.65,5.25,SIGNAL
RUN_20260808_020118,ChecklistStrategy,HDFCBANK,2024-07-15,2024-07-22,LONG,811.75,808.5,93,7,-302.25,-0.4,SIGNAL
RUN_20260808_020118,ChecklistStrategy,HDFCBANK,2024-07-31,2024-10-10,LONG,807.0,819.5,93,71,1162.5,1.55,SIGNAL
RUN_20260808_020118,ChecklistStrategy,HDFCBANK,2024-10-17,2024-10-23,LONG,847.47,852.53,89,6,449.45,0.6,SIGNAL
RUN_20260808_020118,ChecklistStrategy,HDFCBANK,2024-10-24,2024-11-05,LONG,869.05,851.5,88,12,-1544.4,-2.02,STOP_LOSS
RUN_20260808_020118,ChecklistStrategy,HDFCBANK,2024-11-06,2024-11-13,LONG,885.75,858.38,85,7,-2326.88,-3.09,STOP_LOSS
RUN_20260808_020118,ChecklistStrategy,HDFCBANK,2024-11-25,2025-01-06,LONG,892.53,870.05,84,42,-1887.9,-2.52,STOP_LOSS
RUN_20260808_020118,ChecklistStrategy,HDFCBANK,2025-01-23,2025-01-27,LONG,843.5,820.55,86,4,-1973.7,-2.72,STOP_LOSS
RUN_20260808_020118,ChecklistStrategy,HDFCBANK,2025-02-13,2025-02-14,LONG,849.5,850.95,82,1,118.9,0.17,SIGNAL
RUN_20260808_020118,ChecklistStrategy,HDFCBANK,2025-02-18,2025-02-25,LONG,856.53,835.55,82,7,-1719.95,-2.45,STOP_LOSS
RUN_20260808_020118,ChecklistStrategy,HDFCBANK,2025-02-27,2025-03-11,LONG,841.28,841.2,82,12,-6.15,-0.01,SIGNAL
RUN_20260808_020118,ChecklistStrategy,HDFCBANK,2025-03-28,2025-04-02,LONG,914.5,885.35,76,5,-2215.4,-3.19,STOP_LOSS
RUN_20260808_020118,ChecklistStrategy,HDFCBANK,2025-04-03,2025-04-07,LONG,890.55,881.4,75,4,-686.25,-1.03,SIGNAL
RUN_20260808_020118,ChecklistStrategy,HDFCBANK,2025-06-03,2025-06-04,LONG,969.0,960.5,69,1,-586.5,-0.88,SIGNAL
RUN_20260808_020118,ChecklistStrategy,HDFCBANK,2025-06-05,2025-06-30,LONG,974.0,1005.75,68,25,2159.0,3.26,SIGNAL
RUN_20260808_020118,ChecklistStrategy,HDFCBANK,2025-07-07,2025-08-26,LONG,994.5,979.5,68,50,-1020.0,-1.51,SIGNAL
RUN_20260808_020118,ChecklistStrategy,HDFCBANK,2025-12-08,2025-12-10,LONG,1000.0,997.5,67,2,-167.5,-0.25,SIGNAL
RUN_20260808_020118,ChecklistStrategy,HDFCBANK,2025-12-22,2026-01-06,LONG,988.0,962.7,68,15,-1720.4,-2.56,STOP_LOSS
RUN_20260808_020118,ChecklistStrategy,HDFCBANK,2026-01-21,2026-02-11,LONG,925.0,931.25,70,21,437.5,0.68,SIGNAL
RUN_20260808_020118,ChecklistStrategy,HDFCBANK,2026-03-17,2026-03-18,LONG,847.7,845.35,78,1,-183.3,-0.28,SIGNAL
RUN_20260808_020118,ChecklistStrategy,HDFCBANK,2026-04-13,2026-04-17,LONG,791.5,790.1,81,4,-113.4,-0.18,SIGNAL
RUN_20260808_020118,ChecklistStrategy,HDFCBANK,2026-04-22,2026-04-23,LONG,810.0,792.0,81,1,-1458.0,-2.22,STOP_LOSS
RUN_20260808_020118,ChecklistStrategy,HDFCBANK,2026-06-11,2026-06-12,LONG,743.0,754.7,86,1,1006.2,1.57,SIGNAL
RUN_20260808_020118,ChecklistStrategy,HDFCBANK,2026-06-17,2026-06-26,LONG,787.65,796.3,83,9,717.95,1.1,SIGNAL
RUN_20260808_020118,ChecklistStrategy,HDFCBANK,2026-07-10,2026-07-21,LONG,824.0,769.15,80,11,-4388.0,-6.66,STOP_LOSS
RUN_20260808_020118,ChecklistStrategy,HDFCLIFE,2024-04-01,2024-04-04,LONG,638.0,625.0,118,3,-1534.0,-2.04,STOP_LOSS
RUN_20260808_020118,ChecklistStrategy,HDFCLIFE,2024-04-08,2024-04-16,LONG,630.0,609.05,117,8,-2451.15,-3.33,STOP_LOSS
RUN_20260808_020118,ChecklistStrategy,HDFCLIFE,2024-04-22,2024-04-29,LONG,601.85,590.0,119,7,-1410.15,-1.97,SIGNAL
RUN_20260808_020118,ChecklistStrategy,HDFCLIFE,2024-05-02,2024-05-03,LONG,584.3,581.8,121,1,-302.5,-0.43,SIGNAL
RUN_20260808_020118,ChecklistStrategy,HDFCLIFE,2024-05-13,2024-05-27,LONG,553.8,565.2,128,14,1459.2,2.06,SIGNAL
RUN_20260808_020118,ChecklistStrategy,HDFCLIFE,2024-06-26,2024-07-03,LONG,591.65,592.4,121,7,90.75,0.13,SIGNAL
RUN_20260808_020118,ChecklistStrategy,HDFCLIFE,2024-07-04,2024-09-04,LONG,596.0,751.7,120,62,18684.0,26.12,SIGNAL
RUN_20260808_020118,ChecklistStrategy,HDFCLIFE,2024-09-27,2024-10-01,LONG,729.45,716.0,117,4,-1573.65,-1.84,SIGNAL
RUN_20260808_020118,ChecklistStrategy,HDFCLIFE,2024-10-11,2024-10-16,LONG,721.5,723.45,116,5,226.2,0.27,SIGNAL
RUN_20260808_020118,ChecklistStrategy,HDFCLIFE,2024-10-17,2024-10-25,LONG,730.0,718.0,116,8,-1392.0,-1.64,SIGNAL
RUN_20260808_020118,ChecklistStrategy,HDFCLIFE,2024-12-05,2024-12-06,LONG,650.2,645.0,128,1,-665.6,-0.8,SIGNAL
RUN_20260808_020118,ChecklistStrategy,HDFCLIFE,2025-02-05,2025-02-06,LONG,626.0,626.45,132,1,59.4,0.07,SIGNAL
RUN_20260808_020118,ChecklistStrategy,HDFCLIFE,2025-03-04,2025-03-07,LONG,613.1,618.3,134,3,696.8,0.85,SIGNAL
RUN_20260808_020118,ChecklistStrategy,HDFCLIFE,2025-03-18,2025-03-24,LONG,629.8,679.6,132,6,6573.6,7.91,SIGNAL
RUN_20260808_020118,ChecklistStrategy,HDFCLIFE,2025-03-28,2025-04-08,LONG,683.9,674.5,129,11,-1212.6,-1.37,SIGNAL
RUN_20260808_020118,ChecklistStrategy,HDFCLIFE,2025-05-02,2025-05-07,LONG,743.7,719.0,117,5,-2889.9,-3.32,STOP_LOSS
RUN_20260808_020118,ChecklistStrategy,HDFCLIFE,2025-05-26,2025-05-30,LONG,784.3,780.9,109,4,-370.6,-0.43,SIGNAL
RUN_20260808_020118,ChecklistStrategy,HDFCLIFE,2025-06-10,2025-06-13,LONG,764.15,743.9,111,3,-2247.75,-2.65,STOP_LOSS
RUN_20260808_020118,ChecklistStrategy,HDFCLIFE,2025-06-23,2025-07-14,LONG,769.95,755.2,106,21,-1563.5,-1.92,SIGNAL
RUN_20260808_020118,ChecklistStrategy,HDFCLIFE,2025-08-12,2025-08-22,LONG,764.75,793.8,107,10,3108.35,3.8,SIGNAL
RUN_20260808_020118,ChecklistStrategy,HDFCLIFE,2025-09-02,2025-09-03,LONG,780.0,783.0,107,1,321.0,0.38,SIGNAL
RUN_20260808_020118,ChecklistStrategy,HDFCLIFE,2025-09-19,2025-09-25,LONG,786.8,768.0,107,6,-2011.6,-2.39,STOP_LOSS
RUN_20260808_020118,ChecklistStrategy,HDFCLIFE,2025-10-28,2025-11-07,LONG,736.0,731.05,112,10,-554.4,-0.67,SIGNAL
RUN_20260808_020118,ChecklistStrategy,HDFCLIFE,2025-11-10,2025-12-09,LONG,750.0,763.9,110,29,1529.0,1.85,SIGNAL
RUN_20260808_020118,ChecklistStrategy,HDFCLIFE,2025-12-11,2025-12-17,LONG,771.05,764.35,108,6,-723.6,-0.87,SIGNAL
RUN_20260808_020118,ChecklistStrategy,HDFCLIFE,2026-01-28,2026-01-30,LONG,722.2,721.25,115,2,-109.25,-0.13,SIGNAL
RUN_20260808_020118,ChecklistStrategy,HDFCLIFE,2026-02-02,2026-02-04,LONG,717.3,724.0,113,2,757.1,0.93,SIGNAL
RUN_20260808_020118,ChecklistStrategy,HDFCLIFE,2026-02-10,2026-02-16,LONG,711.25,693.0,117,6,-2135.25,-2.57,STOP_LOSS
RUN_20260808_020118,ChecklistStrategy,HDFCLIFE,2026-02-19,2026-03-04,LONG,726.9,691.4,112,13,-3976.0,-4.88,STOP_LOSS
RUN_20260808_020118,ChecklistStrategy,HDFCLIFE,2026-03-25,2026-04-01,LONG,603.95,600.0,130,7,-513.5,-0.65,SIGNAL
RUN_20260808_020118,ChecklistStrategy,HDFCLIFE,2026-04-06,2026-04-09,LONG,563.0,592.9,138,3,4126.2,5.31,SIGNAL
RUN_20260808_020118,ChecklistStrategy,HDFCLIFE,2026-04-28,2026-04-30,LONG,594.2,594.35,136,2,20.4,0.03,SIGNAL
RUN_20260808_020118,ChecklistStrategy,HDFCLIFE,2026-05-22,2026-06-01,LONG,619.0,594.75,132,10,-3201.0,-3.92,STOP_LOSS
RUN_20260808_020118,ChecklistStrategy,HDFCLIFE,2026-06-18,2026-07-02,LONG,583.0,574.3,135,14,-1174.5,-1.49,SIGNAL
RUN_20260808_020118,ChecklistStrategy,HDFCLIFE,2026-07-16,2026-07-17,LONG,585.0,568.3,137,1,-2287.9,-2.85,STOP_LOSS
RUN_20260808_020118,ChecklistStrategy,HEROMOTOCO,2024-03-01,2024-03-18,LONG,4459.9,4560.5,16,17,1609.6,2.26,SIGNAL
RUN_20260808_020118,ChecklistStrategy,HEROMOTOCO,2024-06-25,2024-06-27,LONG,5565.9,5459.9,13,2,-1378.0,-1.9,SIGNAL
RUN_20260808_020118,ChecklistStrategy,HEROMOTOCO,2024-06-28,2024-07-02,LONG,5500.0,5670.0,13,4,2210.0,3.09,SIGNAL
RUN_20260808_020118,ChecklistStrategy,HEROMOTOCO,2024-07-08,2024-07-11,LONG,5565.65,5530.0,13,3,-463.45,-0.64,SIGNAL
RUN_20260808_020118,ChecklistStrategy,HEROMOTOCO,2024-08-19,2024-08-21,LONG,5149.0,5244.4,14,2,1335.6,1.85,SIGNAL
RUN_20260808_020118,ChecklistStrategy,HEROMOTOCO,2024-08-28,2024-09-19,LONG,5365.0,6000.0,14,22,8890.0,11.84,SIGNAL
RUN_20260808_020118,ChecklistStrategy,HEROMOTOCO,2024-09-27,2024-10-01,LONG,6068.1,5712.4,13,4,-4624.1,-5.86,STOP_LOSS
RUN_20260808_020118,ChecklistStrategy,HEROMOTOCO,2024-11-06,2024-11-12,LONG,4858.0,4757.5,16,6,-1608.0,-2.07,STOP_LOSS
RUN_20260808_020118,ChecklistStrategy,HEROMOTOCO,2024-11-18,2024-11-19,LONG,4834.15,4759.95,17,1,-1261.4,-1.53,SIGNAL
RUN_20260808_020118,ChecklistStrategy,HEROMOTOCO,2024-12-20,2024-12-23,LONG,4406.95,4365.0,17,3,-713.15,-0.95,SIGNAL
RUN_20260808_020118,ChecklistStrategy,HEROMOTOCO,2025-02-06,2025-02-07,LONG,4289.0,4319.95,18,1,557.1,0.72,SIGNAL
RUN_20260808_020118,ChecklistStrategy,HEROMOTOCO,2025-02-18,2025-02-28,LONG,3880.0,3745.6,20,10,-2688.0,-3.46,STOP_LOSS
RUN_20260808_020118,ChecklistStrategy,HEROMOTOCO,2025-03-28,2025-04-07,LONG,3779.0,3478.95,20,10,-6001.0,-7.94,STOP_LOSS
RUN_20260808_020118,ChecklistStrategy,HEROMOTOCO,2025-04-08,2025-04-21,LONG,3600.0,3794.0,20,13,3880.0,5.39,SIGNAL
RUN_20260808_020118,ChecklistStrategy,HEROMOTOCO,2025-06-23,2025-07-01,LONG,4320.0,4258.3,17,8,-1048.9,-1.43,SIGNAL
RUN_20260808_020118,ChecklistStrategy,HEROMOTOCO,2025-07-10,2025-07-14,LONG,4330.1,4219.0,16,4,-1777.6,-2.57,STOP_LOSS
RUN_20260808_020118,ChecklistStrategy,HEROMOTOCO,2025-07-22,2025-07-25,LONG,4418.0,4278.0,16,3,-2240.0,-3.17,STOP_LOSS
RUN_20260808_020118,ChecklistStrategy,HEROMOTOCO,2025-08-08,2025-08-11,LONG,4660.0,4603.0,15,3,-855.0,-1.22,SIGNAL
RUN_20260808_020118,ChecklistStrategy,HEROMOTOCO,2025-09-17,2025-09-29,LONG,5344.0,5328.0,13,12,-208.0,-0.3,SIGNAL
RUN_20260808_020118,ChecklistStrategy,HEROMOTOCO,2025-11-17,2025-11-19,LONG,5589.0,5851.0,12,2,3144.0,4.69,SIGNAL
RUN_20260808_020118,ChecklistStrategy,HEROMOTOCO,2025-12-19,2025-12-23,LONG,5725.0,5710.0,12,4,-180.0,-0.26,SIGNAL
RUN_20260808_020118,ChecklistStrategy,HEROMOTOCO,2026-02-10,2026-02-13,LONG,5785.0,5702.0,12,3,-996.0,-1.43,SIGNAL
RUN_20260808_020118,ChecklistStrategy,HEROMOTOCO,2026-03-23,2026-03-24,LONG,5191.0,5185.0,13,1,-78.0,-0.12,SIGNAL
RUN_20260808_020118,ChecklistStrategy,HEROMOTOCO,2026-05-12,2026-05-13,LONG,5230.0,5117.5,13,1,-1462.5,-2.15,STOP_LOSS
RUN_20260808_020118,ChecklistStrategy,HEROMOTOCO,2026-06-03,2026-06-05,LONG,4856.0,4898.0,14,2,588.0,0.86,SIGNAL
RUN_20260808_020118,ChecklistStrategy,HEROMOTOCO,2026-07-01,2026-07-03,LONG,4818.9,4900.0,14,2,1135.4,1.68,SIGNAL
RUN_20260808_020118,ChecklistStrategy,HEROMOTOCO,2026-07-24,2026-08-03,LONG,5101.2,5425.0,13,10,4209.4,6.35,SIGNAL
RUN_20260808_020118,ChecklistStrategy,HINDALCO,2024-02-01,2024-02-02,LONG,578.0,577.0,129,1,-129.0,-0.17,SIGNAL
RUN_20260808_020118,ChecklistStrategy,HINDALCO,2024-02-07,2024-02-14,LONG,590.4,515.0,128,7,-9651.2,-12.77,STOP_LOSS
RUN_20260808_020118,ChecklistStrategy,HINDALCO,2024-02-16,2024-02-27,LONG,519.95,505.5,131,11,-1892.95,-2.78,STOP_LOSS
RUN_20260808_020118,ChecklistStrategy,HINDALCO,2024-03-15,2024-04-18,LONG,522.0,616.4,125,34,11800.0,18.08,SIGNAL
RUN_20260808_020118,ChecklistStrategy,HINDALCO,2024-04-25,2024-05-08,LONG,635.7,615.1,117,13,-2410.2,-3.24,STOP_LOSS
RUN_20260808_020118,ChecklistStrategy,HINDALCO,2024-05-13,2024-05-24,LONG,625.1,679.25,116,11,6281.4,8.66,SIGNAL
RUN_20260808_020118,ChecklistStrategy,HINDALCO,2024-06-10,2024-06-20,LONG,677.05,665.0,114,10,-1373.7,-1.78,SIGNAL
RUN_20260808_020118,ChecklistStrategy,HINDALCO,2024-06-21,2024-07-22,LONG,680.0,655.0,113,31,-2825.0,-3.68,STOP_LOSS
RUN_20260808_020118,ChecklistStrategy,HINDALCO,2024-09-17,2024-10-24,LONG,689.0,715.0,108,37,2808.0,3.77,SIGNAL
RUN_20260808_020118,ChecklistStrategy,HINDALCO,2024-11-22,2024-11-28,LONG,652.95,661.0,118,6,949.9,1.23,SIGNAL
RUN_20260808_020118,ChecklistStrategy,HINDALCO,2024-12-04,2024-12-05,LONG,667.55,664.0,115,1,-408.25,-0.53,SIGNAL
RUN_20260808_020118,ChecklistStrategy,HINDALCO,2024-12-10,2024-12-17,LONG,675.0,649.5,114,7,-2907.0,-3.78,STOP_LOSS
RUN_20260808_020118,ChecklistStrategy,HINDALCO,2025-01-03,2025-01-06,LONG,599.0,592.6,124,3,-793.6,-1.07,SIGNAL
RUN_20260808_020118,ChecklistStrategy,HINDALCO,2025-01-23,2025-01-28,LONG,611.0,590.1,120,5,-2508.0,-3.42,STOP_LOSS
RUN_20260808_020118,ChecklistStrategy,HINDALCO,2025-02-04,2025-02-05,LONG,580.5,584.5,125,1,500.0,0.69,SIGNAL
RUN_20260808_020118,ChecklistStrategy,HINDALCO,2025-02-10,2025-02-12,LONG,605.0,599.05,119,2,-708.05,-0.98,SIGNAL
RUN_20260808_020118,ChecklistStrategy,HINDALCO,2025-02-14,2025-02-25,LONG,609.0,636.0,119,11,3213.0,4.43,SIGNAL
RUN_20260808_020118,ChecklistStrategy,HINDALCO,2025-02-28,2025-03-11,LONG,630.0,684.0,117,11,6318.0,8.57,SIGNAL
RUN_20260808_020118,ChecklistStrategy,HINDALCO,2025-04-11,2025-04-17,LONG,585.0,608.9,140,6,3346.0,4.09,SIGNAL
RUN_20260808_020118,ChecklistStrategy,HINDALCO,2025-04-29,2025-06-20,LONG,631.05,641.35,129,52,1328.7,1.63,SIGNAL
RUN_20260808_020118,ChecklistStrategy,HINDALCO,2025-06-23,2025-07-01,LONG,644.0,692.4,127,8,6146.8,7.52,SIGNAL
RUN_20260808_020118,ChecklistStrategy,HINDALCO,2025-09-19,2025-09-22,LONG,752.0,743.3,116,3,-1009.2,-1.16,SIGNAL
RUN_20260808_020118,ChecklistStrategy,HINDALCO,2025-11-18,2025-11-24,LONG,804.5,782.85,106,6,-2294.9,-2.69,STOP_LOSS
RUN_20260808_020118,ChecklistStrategy,HINDALCO,2025-12-08,2025-12-30,LONG,825.8,868.0,102,22,4304.4,5.11,SIGNAL
RUN_20260808_020118,ChecklistStrategy,HINDALCO,2025-12-31,2026-01-07,LONG,886.4,951.05,99,7,6400.35,7.29,SIGNAL
RUN_20260808_020118,ChecklistStrategy,HINDALCO,2026-02-12,2026-02-16,LONG,950.0,895.0,95,4,-5225.0,-5.79,STOP_LOSS
RUN_20260808_020118,ChecklistStrategy,HINDALCO,2026-02-27,2026-03-05,LONG,938.95,930.0,94,6,-841.3,-0.95,SIGNAL
RUN_20260808_020118,ChecklistStrategy,HINDALCO,2026-03-11,2026-03-16,LONG,959.95,906.85,91,5,-4832.1,-5.53,STOP_LOSS
RUN_20260808_020118,ChecklistStrategy,HINDALCO,2026-04-06,2026-07-01,LONG,917.2,951.9,91,86,3157.7,3.78,SIGNAL
RUN_20260808_020118,ChecklistStrategy,HINDUNILVR,2024-04-25,2024-06-07,LONG,2238.05,2555.3,33,43,10469.25,14.18,SIGNAL
RUN_20260808_020118,ChecklistStrategy,HINDUNILVR,2024-06-10,2024-06-14,LONG,2579.0,2473.0,32,4,-3392.0,-4.11,STOP_LOSS
RUN_20260808_020118,ChecklistStrategy,HINDUNILVR,2024-06-21,2024-06-25,LONG,2475.0,2439.35,32,4,-1140.8,-1.44,SIGNAL
RUN_20260808_020118,ChecklistStrategy,HINDUNILVR,2024-07-04,2024-07-24,LONG,2515.05,2748.0,31,20,7221.45,9.26,SIGNAL
RUN_20260808_020118,ChecklistStrategy,HINDUNILVR,2024-08-06,2024-09-04,LONG,2720.1,2780.0,31,29,1856.9,2.2,SIGNAL
RUN_20260808_020118,ChecklistStrategy,HINDUNILVR,2024-09-18,2024-09-30,LONG,2874.0,2964.2,29,12,2615.8,3.14,SIGNAL
RUN_20260808_020118,ChecklistStrategy,HINDUNILVR,2024-12-02,2024-12-03,LONG,2485.0,2480.0,35,1,-175.0,-0.2,SIGNAL
RUN_20260808_020118,ChecklistStrategy,HINDUNILVR,2024-12-04,2024-12-10,LONG,2481.1,2408.7,35,6,-2534.01,-2.92,STOP_LOSS
RUN_20260808_020118,ChecklistStrategy,HINDUNILVR,2024-12-16,2024-12-23,LONG,2390.3,2337.0,35,7,-1865.5,-2.23,STOP_LOSS
RUN_20260808_020118,ChecklistStrategy,HINDUNILVR,2025-01-08,2025-01-15,LONG,2391.0,2373.9,35,7,-598.5,-0.72,SIGNAL
RUN_20260808_020118,ChecklistStrategy,HINDUNILVR,2025-01-23,2025-02-20,LONG,2315.0,2250.4,35,28,-2261.0,-2.79,STOP_LOSS
RUN_20260808_020118,ChecklistStrategy,HINDUNILVR,2025-02-21,2025-03-03,LONG,2248.05,2199.0,36,10,-1765.8,-2.18,STOP_LOSS
RUN_20260808_020118,ChecklistStrategy,HINDUNILVR,2025-04-03,2025-04-25,LONG,2225.45,2331.9,36,22,3832.2,4.78,SIGNAL
RUN_20260808_020118,ChecklistStrategy,HINDUNILVR,2025-04-28,2025-04-29,LONG,2345.0,2328.0,35,1,-595.0,-0.72,SIGNAL
RUN_20260808_020118,ChecklistStrategy,HINDUNILVR,2025-05-02,2025-05-21,LONG,2334.1,2346.0,35,19,416.5,0.51,SIGNAL
RUN_20260808_020118,ChecklistStrategy,HINDUNILVR,2025-05-22,2025-05-28,LONG,2355.0,2388.0,35,6,1155.0,1.4,SIGNAL
RUN_20260808_020118,ChecklistStrategy,HINDUNILVR,2025-06-03,2025-06-04,LONG,2365.1,2359.5,35,1,-196.0,-0.24,SIGNAL
RUN_20260808_020118,ChecklistStrategy,HINDUNILVR,2025-07-29,2025-08-04,LONG,2444.8,2547.0,34,6,3474.8,4.18,SIGNAL
RUN_20260808_020118,ChecklistStrategy,HINDUNILVR,2025-08-12,2025-08-18,LONG,2518.0,2539.0,34,6,714.0,0.83,SIGNAL
RUN_20260808_020118,ChecklistStrategy,HINDUNILVR,2025-08-28,2025-08-29,LONG,2748.0,2664.8,32,1,-2662.4,-3.03,STOP_LOSS
RUN_20260808_020118,ChecklistStrategy,HINDUNILVR,2025-09-10,2025-09-15,LONG,2642.0,2580.5,32,5,-1968.0,-2.33,STOP_LOSS
RUN_20260808_020118,ChecklistStrategy,HINDUNILVR,2025-09-25,2025-09-26,LONG,2546.0,2535.0,32,1,-352.0,-0.43,SIGNAL
RUN_20260808_020118,ChecklistStrategy,HINDUNILVR,2025-10-15,2025-10-24,LONG,2502.6,2584.0,33,9,2686.2,3.25,SIGNAL
RUN_20260808_020118,ChecklistStrategy,HINDUNILVR,2026-01-02,2026-02-06,LONG,2326.0,2354.4,36,35,1022.4,1.22,SIGNAL
RUN_20260808_020118,ChecklistStrategy,HINDUNILVR,2026-02-09,2026-02-13,LONG,2425.0,2400.0,35,4,-875.0,-1.03,SIGNAL
RUN_20260808_020118,ChecklistStrategy,HINDUNILVR,2026-02-17,2026-03-05,LONG,2309.3,2275.5,36,16,-1216.8,-1.46,SIGNAL
RUN_20260808_020118,ChecklistStrategy,HINDUNILVR,2026-04-13,2026-05-15,LONG,2131.0,2248.7,39,32,4590.3,5.52,SIGNAL
RUN_20260808_020118,ChecklistStrategy,HINDUNILVR,2026-05-18,2026-05-19,LONG,2263.1,2242.0,38,1,-801.8,-0.93,SIGNAL
RUN_20260808_020118,ChecklistStrategy,HINDUNILVR,2026-05-27,2026-06-01,LONG,2205.1,2158.5,39,5,-1817.4,-2.11,STOP_LOSS
RUN_20260808_020118,ChecklistStrategy,HINDUNILVR,2026-06-17,2026-06-24,LONG,2201.1,2160.0,38,7,-1561.8,-1.87,SIGNAL
RUN_20260808_020118,ChecklistStrategy,HINDUNILVR,2026-07-08,2026-07-09,LONG,2199.0,2139.0,38,1,-2280.0,-2.73,STOP_LOSS
RUN_20260808_020118,ChecklistStrategy,ICICIBANK,2024-04-05,2024-04-29,LONG,1070.0,1108.0,69,24,2622.0,3.55,SIGNAL
RUN_20260808_020118,ChecklistStrategy,ICICIBANK,2024-05-06,2024-05-08,LONG,1141.55,1126.55,67,2,-1005.0,-1.31,SIGNAL
RUN_20260808_020118,ChecklistStrategy,ICICIBANK,2024-05-14,2024-05-30,LONG,1125.9,1097.0,67,16,-1936.3,-2.57,STOP_LOSS
RUN_20260808_020118,ChecklistStrategy,ICICIBANK,2024-06-06,2024-06-12,LONG,1118.0,1121.0,67,6,201.0,0.27,SIGNAL
RUN_20260808_020118,ChecklistStrategy,ICICIBANK,2024-06-21,2024-07-24,LONG,1163.55,1225.0,64,33,3932.8,5.28,SIGNAL
RUN_20260808_020118,ChecklistStrategy,ICICIBANK,2024-07-29,2024-07-31,LONG,1215.15,1219.0,64,2,246.4,0.32,SIGNAL
RUN_20260808_020118,ChecklistStrategy,ICICIBANK,2024-09-04,2024-09-05,LONG,1239.85,1238.0,62,1,-114.7,-0.15,SIGNAL
RUN_20260808_020118,ChecklistStrategy,ICICIBANK,2024-09-10,2024-09-30,LONG,1236.95,1292.1,62,20,3419.3,4.46,SIGNAL
RUN_20260808_020118,ChecklistStrategy,ICICIBANK,2024-10-21,2024-10-29,LONG,1264.5,1301.35,63,8,2321.55,2.91,SIGNAL
RUN_20260808_020118,ChecklistStrategy,ICICIBANK,2024-11-06,2024-11-11,LONG,1300.25,1262.0,63,5,-2409.75,-2.94,STOP_LOSS
RUN_20260808_020118,ChecklistStrategy,ICICIBANK,2025-01-31,2025-02-05,LONG,1254.5,1270.2,63,5,989.1,1.25,SIGNAL
RUN_20260808_020118,ChecklistStrategy,ICICIBANK,2025-02-11,2025-02-14,LONG,1255.85,1252.1,64,3,-240.0,-0.3,SIGNAL
RUN_20260808_020118,ChecklistStrategy,ICICIBANK,2025-02-20,2025-02-21,LONG,1255.35,1241.1,63,1,-897.75,-1.14,SIGNAL
RUN_20260808_020118,ChecklistStrategy,ICICIBANK,2025-04-21,2025-04-23,LONG,1436.0,1429.0,56,2,-392.0,-0.49,SIGNAL
RUN_20260808_020118,ChecklistStrategy,ICICIBANK,2025-05-16,2025-05-21,LONG,1453.3,1442.9,54,5,-561.6,-0.72,SIGNAL
RUN_20260808_020118,ChecklistStrategy,ICICIBANK,2025-05-23,2025-06-04,LONG,1442.2,1437.4,54,12,-259.2,-0.33,SIGNAL
RUN_20260808_020118,ChecklistStrategy,ICICIBANK,2025-06-06,2025-06-10,LONG,1448.6,1439.0,54,4,-518.4,-0.66,SIGNAL
RUN_20260808_020118,ChecklistStrategy,ICICIBANK,2025-07-09,2025-08-07,LONG,1436.2,1441.1,54,29,264.6,0.34,SIGNAL
RUN_20260808_020118,ChecklistStrategy,ICICIBANK,2025-10-03,2025-10-06,LONG,1371.9,1371.0,57,3,-51.3,-0.07,SIGNAL
RUN_20260808_020118,ChecklistStrategy,ICICIBANK,2025-10-30,2025-10-31,LONG,1362.4,1357.0,57,1,-307.8,-0.4,SIGNAL
RUN_20260808_020118,ChecklistStrategy,ICICIBANK,2025-11-14,2025-12-26,LONG,1374.0,1356.5,56,42,-980.0,-1.27,SIGNAL
RUN_20260808_020118,ChecklistStrategy,ICICIBANK,2026-02-09,2026-02-25,LONG,1413.5,1391.8,55,16,-1193.5,-1.54,SIGNAL
RUN_20260808_020118,ChecklistStrategy,ICICIBANK,2026-02-26,2026-03-04,LONG,1405.1,1326.0,54,6,-4271.4,-5.63,STOP_LOSS
RUN_20260808_020118,ChecklistStrategy,ICICIBANK,2026-03-10,2026-03-16,LONG,1287.6,1255.0,57,6,-1858.2,-2.53,STOP_LOSS
RUN_20260808_020118,ChecklistStrategy,ICICIBANK,2026-05-25,2026-05-27,LONG,1271.0,1286.0,56,2,840.0,1.18,SIGNAL
RUN_20260808_020118,ChecklistStrategy,INDUSINDBK,2024-02-14,2024-02-20,LONG,1450.05,1489.0,51,6,1986.45,2.69,SIGNAL
RUN_20260808_020118,ChecklistStrategy,INDUSINDBK,2024-03-01,2024-03-15,LONG,1480.0,1474.0,51,14,-306.0,-0.41,SIGNAL
RUN_20260808_020118,ChecklistStrategy,INDUSINDBK,2024-03-21,2024-04-05,LONG,1460.0,1552.0,52,15,4784.0,6.3,SIGNAL
RUN_20260808_020118,ChecklistStrategy,INDUSINDBK,2024-04-08,2024-04-18,LONG,1560.0,1502.8,51,10,-2917.2,-3.67,STOP_LOSS
RUN_20260808_020118,ChecklistStrategy,INDUSINDBK,2024-04-30,2024-05-08,LONG,1497.8,1455.0,52,8,-2225.6,-2.86,STOP_LOSS
RUN_20260808_020118,ChecklistStrategy,INDUSINDBK,2024-05-14,2024-05-17,LONG,1407.0,1408.0,53,3,53.0,0.07,SIGNAL
RUN_20260808_020118,ChecklistStrategy,INDUSINDBK,2024-05-23,2024-07-05,LONG,1408.55,1437.0,53,43,1507.85,2.02,SIGNAL
RUN_20260808_020118,ChecklistStrategy,INDUSINDBK,2024-08-13,2024-08-22,LONG,1355.0,1384.05,56,9,1626.8,2.14,SIGNAL
RUN_20260808_020118,ChecklistStrategy,INDUSINDBK,2024-08-28,2024-09-30,LONG,1389.05,1467.0,56,33,4365.2,5.61,SIGNAL
RUN_20260808_020118,ChecklistStrategy,INDUSINDBK,2024-10-29,2024-10-30,LONG,1058.8,1037.65,77,1,-1628.55,-2.0,SIGNAL
RUN_20260808_020118,ChecklistStrategy,INDUSINDBK,2024-12-02,2024-12-12,LONG,990.05,986.0,80,10,-324.0,-0.41,SIGNAL
RUN_20260808_020118,ChecklistStrategy,INDUSINDBK,2025-01-08,2025-01-13,LONG,985.9,936.9,81,5,-3969.0,-4.97,STOP_LOSS
RUN_20260808_020118,ChecklistStrategy,INDUSINDBK,2025-01-20,2025-01-22,LONG,966.2,964.45,79,2,-138.25,-0.18,SIGNAL
RUN_20260808_020118,ChecklistStrategy,INDUSINDBK,2025-01-23,2025-01-28,LONG,965.95,937.35,78,5,-2230.8,-2.96,STOP_LOSS
RUN_20260808_020118,ChecklistStrategy,INDUSINDBK,2025-02-18,2025-02-19,LONG,1045.0,1024.1,71,1,-1483.9,-2.0,STOP_LOSS
RUN_20260808_020118,ChecklistStrategy,INDUSINDBK,2025-02-20,2025-03-03,LONG,1029.95,978.95,71,11,-3621.0,-4.95,STOP_LOSS
RUN_20260808_020118,ChecklistStrategy,INDUSINDBK,2025-03-27,2025-05-09,LONG,655.3,805.5,108,43,16221.6,22.92,SIGNAL
RUN_20260808_020118,ChecklistStrategy,INDUSINDBK,2025-05-23,2025-07-22,LONG,781.1,880.0,105,60,10384.5,12.66,SIGNAL
RUN_20260808_020118,ChecklistStrategy,INDUSINDBK,2025-09-08,2025-09-15,LONG,759.5,741.0,120,7,-2220.0,-2.44,STOP_LOSS
RUN_20260808_020118,ChecklistStrategy,INDUSINDBK,2025-09-30,2025-11-14,LONG,730.0,864.0,123,45,16482.0,18.36,SIGNAL
RUN_20260808_020118,ChecklistStrategy,INDUSINDBK,2025-12-10,2025-12-11,LONG,847.8,834.45,120,1,-1602.0,-1.57,SIGNAL
RUN_20260808_020118,ChecklistStrategy,INDUSINDBK,2025-12-31,2026-01-14,LONG,841.5,913.0,119,14,8508.5,8.5,SIGNAL
RUN_20260808_020118,ChecklistStrategy,INDUSINDBK,2026-01-29,2026-03-10,LONG,899.9,892.0,118,40,-932.2,-0.88,SIGNAL
RUN_20260808_020118,ChecklistStrategy,INDUSINDBK,2026-03-11,2026-03-12,LONG,897.2,870.0,117,1,-3182.4,-3.03,STOP_LOSS
RUN_20260808_020118,ChecklistStrategy,INDUSINDBK,2026-03-19,2026-03-24,LONG,828.2,789.85,122,5,-4678.7,-4.63,STOP_LOSS
RUN_20260808_020118,ChecklistStrategy,INDUSINDBK,2026-03-25,2026-04-01,LONG,802.95,765.95,125,7,-4625.0,-4.61,STOP_LOSS
RUN_20260808_020118,ChecklistStrategy,INDUSINDBK,2026-04-13,2026-04-29,LONG,807.1,891.0,116,16,9732.4,10.4,SIGNAL
RUN_20260808_020118,ChecklistStrategy,INDUSINDBK,2026-06-18,2026-06-24,LONG,937.0,904.05,110,6,-3624.5,-3.52,STOP_LOSS
RUN_20260808_020118,ChecklistStrategy,INFY,2024-02-13,2024-03-05,LONG,1683.0,1634.0,44,21,-2156.0,-2.91,STOP_LOSS
RUN_20260808_020118,ChecklistStrategy,INFY,2024-04-05,2024-04-10,LONG,1480.05,1500.35,49,5,994.7,1.37,SIGNAL
RUN_20260808_020118,ChecklistStrategy,INFY,2024-06-05,2024-08-07,LONG,1400.15,1796.0,53,63,20980.05,28.27,SIGNAL
RUN_20260808_020118,ChecklistStrategy,INFY,2024-08-08,2024-08-09,LONG,1779.95,1771.25,50,1,-435.0,-0.49,SIGNAL
RUN_20260808_020118,ChecklistStrategy,INFY,2024-09-23,2024-09-24,LONG,1909.0,1888.0,46,1,-966.0,-1.1,SIGNAL
RUN_20260808_020118,ChecklistStrategy,INFY,2024-10-03,2024-10-21,LONG,1889.5,1891.1,46,18,73.6,0.08,SIGNAL
RUN_20260808_020118,ChecklistStrategy,INFY,2024-12-10,2024-12-23,LONG,1939.0,1930.05,46,13,-411.7,-0.46,SIGNAL
RUN_20260808_020118,ChecklistStrategy,INFY,2024-12-31,2025-01-06,LONG,1892.3,1952.0,46,6,2746.2,3.15,SIGNAL
RUN_20260808_020118,ChecklistStrategy,INFY,2025-01-09,2025-01-10,LONG,1934.05,1937.0,46,1,135.7,0.15,SIGNAL
RUN_20260808_020118,ChecklistStrategy,INFY,2025-01-16,2025-01-17,LONG,1965.95,1851.0,46,1,-5287.7,-5.85,STOP_LOSS
RUN_20260808_020118,ChecklistStrategy,INFY,2025-03-04,2025-03-13,LONG,1695.0,1599.25,50,9,-4787.5,-5.65,STOP_LOSS
RUN_20260808_020118,ChecklistStrategy,INFY,2025-05-22,2025-05-28,LONG,1555.5,1581.0,52,6,1326.0,1.64,SIGNAL
RUN_20260808_020118,ChecklistStrategy,INFY,2025-06-23,2025-06-30,LONG,1601.0,1615.0,51,7,714.0,0.87,SIGNAL
RUN_20260808_020118,ChecklistStrategy,INFY,2025-07-09,2025-07-14,LONG,1637.8,1591.8,51,5,-2346.0,-2.81,STOP_LOSS
RUN_20260808_020118,ChecklistStrategy,INFY,2025-08-08,2025-08-13,LONG,1425.0,1425.0,57,5,0.0,0.0,SIGNAL
RUN_20260808_020118,ChecklistStrategy,INFY,2025-08-14,2025-09-24,LONG,1426.2,1487.2,57,41,3477.0,4.28,SIGNAL
RUN_20260808_020118,ChecklistStrategy,INFY,2025-10-09,2025-10-17,LONG,1502.0,1454.9,56,8,-2637.6,-3.14,STOP_LOSS
RUN_20260808_020118,ChecklistStrategy,INFY,2025-11-10,2025-11-12,LONG,1490.1,1540.0,56,2,2794.4,3.35,SIGNAL
RUN_20260808_020118,ChecklistStrategy,INFY,2025-11-20,2026-01-12,LONG,1555.0,1610.1,55,53,3030.5,3.54,SIGNAL
RUN_20260808_020118,ChecklistStrategy,INFY,2026-01-22,2026-01-28,LONG,1666.0,1680.0,52,6,728.0,0.84,SIGNAL
RUN_20260808_020118,ChecklistStrategy,INFY,2026-02-17,2026-02-19,LONG,1370.0,1385.0,64,2,960.0,1.09,SIGNAL
RUN_20260808_020118,ChecklistStrategy,INFY,2026-04-06,2026-04-23,LONG,1301.4,1254.0,67,17,-3175.8,-3.64,STOP_LOSS
RUN_20260808_020118,ChecklistStrategy,INFY,2026-04-28,2026-05-14,LONG,1162.7,1119.8,73,16,-3131.69,-3.69,STOP_LOSS
RUN_20260808_020118,ChecklistStrategy,INFY,2026-05-18,2026-05-27,LONG,1119.0,1161.0,74,9,3108.0,3.75,SIGNAL
RUN_20260808_020118,ChecklistStrategy,INFY,2026-07-08,2026-07-13,LONG,1071.9,1057.1,80,5,-1184.0,-1.38,SIGNAL
RUN_20260808_020118,ChecklistStrategy,INFY,2026-07-14,2026-07-16,LONG,1107.8,1082.5,77,2,-1948.1,-2.28,STOP_LOSS
RUN_20260808_020118,ChecklistStrategy,ITC,2024-02-01,2024-02-05,LONG,425.61,425.61,176,4,0.0,0.0,SIGNAL
RUN_20260808_020118,ChecklistStrategy,ITC,2024-03-13,2024-03-14,LONG,418.87,406.3,192,1,-2412.68,-3.0,STOP_LOSS
RUN_20260808_020118,ChecklistStrategy,ITC,2024-03-21,2024-04-01,LONG,403.46,413.19,182,11,1770.03,2.41,SIGNAL
RUN_20260808_020118,ChecklistStrategy,ITC,2024-04-08,2024-04-19,LONG,412.42,402.5,180,11,-1785.25,-2.41,STOP_LOSS
RUN_20260808_020118,ChecklistStrategy,ITC,2024-04-24,2024-05-14,LONG,413.33,414.54,176,20,211.84,0.29,SIGNAL
RUN_20260808_020118,ChecklistStrategy,ITC,2024-05-17,2024-06-05,LONG,416.36,406.35,176,19,-1762.52,-2.4,STOP_LOSS
RUN_20260808_020118,ChecklistStrategy,ITC,2024-06-10,2024-06-14,LONG,423.68,415.02,169,4,-1464.59,-2.04,STOP_LOSS
RUN_20260808_020118,ChecklistStrategy,ITC,2024-07-04,2024-07-23,LONG,414.05,449.25,171,19,6018.27,8.5,SIGNAL
RUN_20260808_020118,ChecklistStrategy,ITC,2024-07-24,2024-07-25,LONG,477.61,471.83,158,1,-912.84,-1.21,SIGNAL
RUN_20260808_020118,ChecklistStrategy,ITC,2024-09-10,2024-09-12,LONG,492.92,496.0,151,2,465.28,0.62,SIGNAL
RUN_20260808_020118,ChecklistStrategy,ITC,2024-11-07,2024-11-18,LONG,463.88,448.72,161,11,-2441.71,-3.27,STOP_LOSS
RUN_20260808_020118,ChecklistStrategy,ITC,2024-11-25,2024-12-05,LONG,461.24,450.21,159,10,-1753.03,-2.39,STOP_LOSS
RUN_20260808_020118,ChecklistStrategy,ITC,2024-12-16,2024-12-20,LONG,452.81,449.2,158,4,-570.53,-0.8,SIGNAL
RUN_20260808_020118,ChecklistStrategy,ITC,2024-12-23,2025-01-06,LONG,453.73,455.6,158,14,296.14,0.41,SIGNAL
RUN_20260808_020118,ChecklistStrategy,ITC,2025-01-31,2025-02-04,LONG,436.5,458.0,163,4,3504.5,4.93,SIGNAL
RUN_20260808_020118,ChecklistStrategy,ITC,2025-03-06,2025-04-22,LONG,409.15,425.95,182,47,3057.6,4.11,SIGNAL
RUN_20260808_020118,ChecklistStrategy,ITC,2025-05-09,2025-05-19,LONG,425.95,435.0,176,10,1592.8,2.12,SIGNAL
RUN_20260808_020118,ChecklistStrategy,ITC,2025-08-01,2025-08-21,LONG,412.4,406.05,187,20,-1187.45,-1.54,SIGNAL
RUN_20260808_020118,ChecklistStrategy,ITC,2025-09-03,2025-09-09,LONG,408.5,408.5,187,6,0.0,0.0,SIGNAL
RUN_20260808_020118,ChecklistStrategy,ITC,2025-09-19,2025-09-22,LONG,411.55,410.65,185,3,-166.5,-0.22,SIGNAL
RUN_20260808_020118,ChecklistStrategy,ITC,2025-09-29,2025-09-30,LONG,406.9,406.75,188,1,-28.2,-0.04,SIGNAL
RUN_20260808_020118,ChecklistStrategy,ITC,2025-10-03,2025-10-06,LONG,404.9,403.0,187,3,-355.3,-0.47,SIGNAL
RUN_20260808_020118,ChecklistStrategy,ITC,2025-10-16,2025-10-29,LONG,401.0,418.2,189,13,3250.8,4.29,SIGNAL
RUN_20260808_020118,ChecklistStrategy,ITC,2025-11-17,2025-11-25,LONG,409.75,403.55,191,8,-1184.2,-1.51,SIGNAL
RUN_20260808_020118,ChecklistStrategy,ITC,2026-01-01,2026-01-02,LONG,402.7,360.0,191,1,-8155.7,-10.6,STOP_LOSS
RUN_20260808_020118,ChecklistStrategy,ITC,2026-02-02,2026-03-05,LONG,309.45,312.2,220,31,605.0,0.89,SIGNAL
RUN_20260808_020118,ChecklistStrategy,ITC,2026-03-11,2026-03-16,LONG,309.05,302.55,231,5,-1501.5,-2.1,STOP_LOSS
RUN_20260808_020118,ChecklistStrategy,ITC,2026-03-27,2026-04-01,LONG,294.7,293.0,238,5,-404.6,-0.58,SIGNAL
RUN_20260808_020118,ChecklistStrategy,ITC,2026-04-22,2026-04-27,LONG,310.0,303.65,226,5,-1435.1,-2.05,STOP_LOSS
RUN_20260808_020118,ChecklistStrategy,ITC,2026-04-28,2026-05-07,LONG,304.4,311.45,226,9,1593.3,2.32,SIGNAL
RUN_20260808_020118,ChecklistStrategy,ITC,2026-06-05,2026-07-01,LONG,280.0,287.85,250,26,1962.5,2.8,SIGNAL
RUN_20260808_020118,ChecklistStrategy,ITC,2026-07-02,2026-07-09,LONG,290.7,281.25,246,7,-2324.7,-3.25,STOP_LOSS
RUN_20260808_020118,ChecklistStrategy,JIOFIN,2024-05-24,2024-05-28,LONG,368.5,361.0,203,4,-1522.5,-2.04,STOP_LOSS
RUN_20260808_020118,ChecklistStrategy,JIOFIN,2024-06-06,2024-07-02,LONG,350.0,353.2,213,26,681.6,0.91,SIGNAL
RUN_20260808_020118,ChecklistStrategy,JIOFIN,2024-09-10,2024-10-01,LONG,343.95,352.0,217,21,1746.85,2.34,SIGNAL
RUN_20260808_020118,ChecklistStrategy,JIOFIN,2024-10-03,2024-10-08,LONG,345.0,334.75,215,5,-2203.75,-2.97,STOP_LOSS
RUN_20260808_020118,ChecklistStrategy,JIOFIN,2024-12-02,2024-12-20,LONG,326.0,314.75,225,18,-2531.25,-3.45,STOP_LOSS
RUN_20260808_020118,ChecklistStrategy,JIOFIN,2025-01-15,2025-01-22,LONG,275.0,261.7,263,7,-3497.9,-4.84,STOP_LOSS
RUN_20260808_020118,ChecklistStrategy,JIOFIN,2025-01-23,2025-01-24,LONG,263.5,256.0,263,1,-1972.5,-2.85,STOP_LOSS
RUN_20260808_020118,ChecklistStrategy,JIOFIN,2025-03-10,2025-03-11,LONG,222.6,214.7,305,1,-2409.5,-3.55,STOP_LOSS
RUN_20260808_020118,ChecklistStrategy,JIOFIN,2025-04-03,2025-04-07,LONG,227.0,203.1,287,4,-6859.3,-10.53,STOP_LOSS
RUN_20260808_020118,ChecklistStrategy,JIOFIN,2025-05-02,2025-05-07,LONG,262.9,245.05,233,5,-4159.05,-6.79,STOP_LOSS
RUN_20260808_020118,ChecklistStrategy,JIOFIN,2025-05-28,2025-05-30,LONG,296.05,288.0,197,2,-1585.85,-2.72,STOP_LOSS
RUN_20260808_020118,ChecklistStrategy,JIOFIN,2025-06-23,2025-07-10,LONG,288.55,330.5,191,17,8012.45,14.54,SIGNAL
RUN_20260808_020118,ChecklistStrategy,JIOFIN,2025-07-16,2025-07-23,LONG,321.0,311.6,194,7,-1823.6,-2.93,STOP_LOSS
RUN_20260808_020118,ChecklistStrategy,JIOFIN,2025-07-30,2025-08-28,LONG,323.0,315.75,190,29,-1377.5,-2.24,STOP_LOSS
RUN_20260808_020118,ChecklistStrategy,JIOFIN,2025-09-01,2025-09-11,LONG,311.7,310.05,192,10,-316.8,-0.53,SIGNAL
RUN_20260808_020118,ChecklistStrategy,JIOFIN,2025-10-10,2025-10-15,LONG,307.0,305.6,194,5,-271.6,-0.46,SIGNAL
RUN_20260808_020118,ChecklistStrategy,JIOFIN,2025-10-16,2025-10-21,LONG,314.05,311.45,190,5,-494.0,-0.83,SIGNAL
RUN_20260808_020118,ChecklistStrategy,JIOFIN,2026-01-08,2026-01-09,LONG,303.3,292.0,194,1,-2192.2,-3.73,STOP_LOSS
RUN_20260808_020118,ChecklistStrategy,JIOFIN,2026-01-13,2026-01-14,LONG,289.1,281.95,199,1,-1422.85,-2.47,STOP_LOSS
RUN_20260808_020118,ChecklistStrategy,JIOFIN,2026-01-28,2026-02-03,LONG,257.85,260.05,219,6,481.8,0.85,SIGNAL
RUN_20260808_020118,ChecklistStrategy,JIOFIN,2026-02-11,2026-02-16,LONG,271.0,262.05,209,5,-1870.55,-3.3,STOP_LOSS
RUN_20260808_020118,ChecklistStrategy,JIOFIN,2026-03-06,2026-03-10,LONG,242.2,236.95,227,4,-1191.75,-2.17,STOP_LOSS
RUN_20260808_020118,ChecklistStrategy,JIOFIN,2026-03-11,2026-03-12,LONG,237.9,237.4,230,1,-115.0,-0.21,SIGNAL
RUN_20260808_020118,ChecklistStrategy,JIOFIN,2026-03-25,2026-04-01,LONG,235.0,233.04,232,7,-454.72,-0.83,SIGNAL
RUN_20260808_020118,ChecklistStrategy,JIOFIN,2026-04-02,2026-04-17,LONG,227.85,242.02,232,15,3287.44,6.22,SIGNAL
RUN_20260808_020118,ChecklistStrategy,JIOFIN,2026-04-20,2026-04-21,LONG,242.0,237.27,230,1,-1087.9,-1.95,SIGNAL
RUN_20260808_020118,ChecklistStrategy,JIOFIN,2026-04-23,2026-05-13,LONG,240.0,231.0,232,20,-2088.0,-3.75,STOP_LOSS
RUN_20260808_020118,ChecklistStrategy,JIOFIN,2026-07-22,2026-07-24,LONG,239.36,232.0,224,2,-1648.64,-3.07,STOP_LOSS
RUN_20260808_020118,ChecklistStrategy,JSWSTEEL,2024-02-01,2024-02-02,LONG,822.0,809.25,91,1,-1160.25,-1.55,SIGNAL
RUN_20260808_020118,ChecklistStrategy,JSWSTEEL,2024-02-21,2024-02-22,LONG,821.0,831.0,90,1,900.0,1.22,SIGNAL
RUN_20260808_020118,ChecklistStrategy,JSWSTEEL,2024-03-15,2024-03-20,LONG,782.1,802.2,95,5,1909.5,2.57,SIGNAL
RUN_20260808_020118,ChecklistStrategy,JSWSTEEL,2024-04-22,2024-05-06,LONG,867.1,879.7,88,14,1108.8,1.45,SIGNAL
RUN_20260808_020118,ChecklistStrategy,JSWSTEEL,2024-05-07,2024-05-08,LONG,880.65,850.4,87,1,-2631.75,-3.43,STOP_LOSS
RUN_20260808_020118,ChecklistStrategy,JSWSTEEL,2024-05-29,2024-06-03,LONG,899.6,912.0,82,5,1016.8,1.38,SIGNAL
RUN_20260808_020118,ChecklistStrategy,JSWSTEEL,2024-06-04,2024-06-05,LONG,914.0,857.0,82,1,-4674.0,-6.24,STOP_LOSS
RUN_20260808_020118,ChecklistStrategy,JSWSTEEL,2024-06-13,2024-07-22,LONG,917.55,875.5,78,39,-3279.9,-4.58,STOP_LOSS
RUN_20260808_020118,ChecklistStrategy,JSWSTEEL,2024-08-07,2024-09-12,LONG,899.0,935.8,78,36,2870.4,4.09,SIGNAL
RUN_20260808_020118,ChecklistStrategy,JSWSTEEL,2024-11-06,2024-11-08,LONG,1000.0,994.0,71,2,-426.0,-0.6,SIGNAL
RUN_20260808_020118,ChecklistStrategy,JSWSTEEL,2024-11-11,2024-11-13,LONG,988.0,953.5,71,2,-2449.5,-3.49,STOP_LOSS
RUN_20260808_020118,ChecklistStrategy,JSWSTEEL,2024-12-02,2024-12-04,LONG,965.9,996.1,71,2,2144.2,3.13,SIGNAL
RUN_20260808_020118,ChecklistStrategy,JSWSTEEL,2024-12-06,2024-12-18,LONG,999.9,967.05,71,12,-2332.35,-3.29,STOP_LOSS
RUN_20260808_020118,ChecklistStrategy,JSWSTEEL,2025-01-30,2025-02-01,LONG,937.9,947.85,73,2,726.35,1.06,SIGNAL
RUN_20260808_020118,ChecklistStrategy,JSWSTEEL,2025-02-28,2025-03-07,LONG,968.1,1011.0,71,7,3045.9,4.43,SIGNAL
RUN_20260808_020118,ChecklistStrategy,JSWSTEEL,2025-04-29,2025-05-02,LONG,1055.0,1021.2,68,3,-2298.4,-3.2,STOP_LOSS
RUN_20260808_020118,ChecklistStrategy,JSWSTEEL,2025-05-23,2025-06-03,LONG,1011.0,980.05,69,11,-2135.55,-3.06,STOP_LOSS
RUN_20260808_020118,ChecklistStrategy,JSWSTEEL,2025-06-09,2025-06-13,LONG,1006.3,984.7,68,4,-1468.8,-2.15,STOP_LOSS
RUN_20260808_020118,ChecklistStrategy,JSWSTEEL,2025-07-02,2025-08-11,LONG,1031.0,1049.2,65,40,1183.0,1.77,SIGNAL
RUN_20260808_020118,ChecklistStrategy,JSWSTEEL,2025-08-12,2025-09-01,LONG,1054.8,1026.6,65,20,-1833.0,-2.67,STOP_LOSS
RUN_20260808_020118,ChecklistStrategy,JSWSTEEL,2025-09-05,2025-09-26,LONG,1069.0,1155.0,62,21,5332.0,8.04,SIGNAL
RUN_20260808_020118,ChecklistStrategy,JSWSTEEL,2025-10-23,2025-10-24,LONG,1161.0,1140.0,61,1,-1281.0,-1.81,SIGNAL
RUN_20260808_020118,ChecklistStrategy,JSWSTEEL,2025-11-18,2025-11-19,LONG,1179.9,1167.5,59,1,-731.6,-1.05,SIGNAL
RUN_20260808_020118,ChecklistStrategy,JSWSTEEL,2025-12-04,2025-12-09,LONG,1159.0,1118.0,60,5,-2460.0,-3.54,STOP_LOSS
RUN_20260808_020118,ChecklistStrategy,JSWSTEEL,2026-01-15,2026-01-19,LONG,1181.8,1187.4,57,4,319.2,0.47,SIGNAL
RUN_20260808_020118,ChecklistStrategy,JSWSTEEL,2026-01-22,2026-01-27,LONG,1180.0,1197.0,57,5,969.0,1.44,SIGNAL
RUN_20260808_020118,ChecklistStrategy,JSWSTEEL,2026-02-03,2026-03-09,LONG,1225.0,1203.0,57,34,-1254.0,-1.8,SIGNAL
RUN_20260808_020118,ChecklistStrategy,JSWSTEEL,2026-03-17,2026-03-24,LONG,1147.0,1131.9,58,7,-875.8,-1.32,SIGNAL
RUN_20260808_020118,ChecklistStrategy,JSWSTEEL,2026-05-19,2026-06-09,LONG,1298.0,1265.0,51,21,-1683.0,-2.54,STOP_LOSS
RUN_20260808_020118,ChecklistStrategy,JSWSTEEL,2026-06-18,2026-06-24,LONG,1288.0,1240.0,50,6,-2400.0,-3.73,STOP_LOSS
RUN_20260808_020118,ChecklistStrategy,JSWSTEEL,2026-07-20,2026-07-23,LONG,1252.7,1256.0,51,3,168.3,0.26,SIGNAL
RUN_20260808_020118,ChecklistStrategy,KOTAKBANK,2024-02-01,2024-02-07,LONG,366.0,358.2,205,6,-1599.0,-2.13,STOP_LOSS
RUN_20260808_020118,ChecklistStrategy,KOTAKBANK,2024-03-01,2024-04-01,LONG,339.1,359.0,218,31,4338.2,5.87,SIGNAL
RUN_20260808_020118,ChecklistStrategy,KOTAKBANK,2024-04-05,2024-04-26,LONG,349.81,328.49,220,21,-4690.4,-6.09,STOP_LOSS
RUN_20260808_020118,ChecklistStrategy,KOTAKBANK,2024-04-30,2024-05-02,LONG,328.08,318.0,223,2,-2247.84,-3.07,STOP_LOSS
RUN_20260808_020118,ChecklistStrategy,KOTAKBANK,2024-05-23,2024-06-03,LONG,340.0,344.29,210,11,900.9,1.26,SIGNAL
RUN_20260808_020118,ChecklistStrategy,KOTAKBANK,2024-06-19,2024-06-21,LONG,345.8,354.0,210,2,1722.0,2.37,SIGNAL
RUN_20260808_020118,ChecklistStrategy,KOTAKBANK,2024-09-11,2024-10-10,LONG,359.0,361.98,205,29,610.9,0.83,SIGNAL
RUN_20260808_020118,ChecklistStrategy,KOTAKBANK,2024-10-21,2024-10-22,LONG,370.0,358.39,197,1,-2287.17,-3.14,STOP_LOSS
RUN_20260808_020118,ChecklistStrategy,KOTAKBANK,2024-11-22,2024-11-29,LONG,346.8,351.4,208,7,956.8,1.33,SIGNAL
RUN_20260808_020118,ChecklistStrategy,KOTAKBANK,2024-12-16,2024-12-20,LONG,360.6,351.0,202,4,-1939.2,-2.66,STOP_LOSS
RUN_20260808_020118,ChecklistStrategy,KOTAKBANK,2025-01-01,2025-01-14,LONG,355.85,349.92,200,13,-1186.0,-1.67,SIGNAL
RUN_20260808_020118,ChecklistStrategy,KOTAKBANK,2025-02-07,2025-02-14,LONG,384.2,394.8,184,7,1950.4,2.76,SIGNAL
RUN_20260808_020118,ChecklistStrategy,KOTAKBANK,2025-02-19,2025-02-21,LONG,392.79,394.11,183,2,241.56,0.34,SIGNAL
RUN_20260808_020118,ChecklistStrategy,KOTAKBANK,2025-06-27,2025-07-01,LONG,442.0,432.7,163,4,-1515.9,-2.1,STOP_LOSS
RUN_20260808_020118,ChecklistStrategy,KOTAKBANK,2025-07-02,2025-07-04,LONG,437.0,424.8,162,2,-1976.4,-2.79,STOP_LOSS
RUN_20260808_020118,ChecklistStrategy,KOTAKBANK,2025-07-17,2025-07-18,LONG,435.0,433.52,159,1,-235.32,-0.34,SIGNAL
RUN_20260808_020118,ChecklistStrategy,KOTAKBANK,2025-07-30,2025-07-31,LONG,393.22,388.24,175,1,-871.5,-1.27,SIGNAL
RUN_20260808_020118,ChecklistStrategy,KOTAKBANK,2025-08-01,2025-08-19,LONG,396.6,398.8,173,18,380.6,0.55,SIGNAL
RUN_20260808_020118,ChecklistStrategy,KOTAKBANK,2025-09-04,2025-09-16,LONG,392.2,395.28,175,12,539.0,0.79,SIGNAL
RUN_20260808_020118,ChecklistStrategy,KOTAKBANK,2025-10-03,2025-11-03,LONG,412.66,420.44,167,31,1299.26,1.89,SIGNAL
RUN_20260808_020118,ChecklistStrategy,KOTAKBANK,2025-12-12,2026-01-05,LONG,436.34,439.38,160,24,486.4,0.7,SIGNAL
RUN_20260808_020118,ChecklistStrategy,KOTAKBANK,2026-01-13,2026-01-27,LONG,425.38,415.0,165,14,-1712.7,-2.44,STOP_LOSS
RUN_20260808_020118,ChecklistStrategy,KOTAKBANK,2026-02-19,2026-02-20,LONG,425.7,415.0,162,1,-1733.4,-2.51,STOP_LOSS
RUN_20260808_020118,ChecklistStrategy,KOTAKBANK,2026-03-17,2026-03-24,LONG,369.85,363.0,183,7,-1253.55,-1.85,SIGNAL
RUN_20260808_020118,ChecklistStrategy,KOTAKBANK,2026-04-13,2026-06-08,LONG,367.95,373.0,178,56,898.9,1.37,SIGNAL
RUN_20260808_020118,ChecklistStrategy,KOTAKBANK,2026-07-08,2026-07-09,LONG,378.5,371.5,176,1,-1232.0,-1.85,SIGNAL
RUN_20260808_020118,ChecklistStrategy,KOTAKBANK,2026-07-10,2026-07-15,LONG,377.45,379.35,176,5,334.4,0.5,SIGNAL
RUN_20260808_020118,ChecklistStrategy,LT,2024-01-25,2024-02-01,LONG,3599.9,3480.0,20,7,-2398.0,-3.33,STOP_LOSS
RUN_20260808_020118,ChecklistStrategy,LT,2024-03-01,2024-03-18,LONG,3501.65,3537.15,21,17,745.5,1.01,SIGNAL
RUN_20260808_020118,ChecklistStrategy,LT,2024-03-19,2024-04-16,LONG,3541.0,3580.05,20,28,781.0,1.1,SIGNAL
RUN_20260808_020118,ChecklistStrategy,LT,2024-05-14,2024-06-03,LONG,3300.0,3855.4,22,20,12218.8,16.83,SIGNAL
RUN_20260808_020118,ChecklistStrategy,LT,2024-06-06,2024-06-24,LONG,3438.0,3520.35,24,18,1976.4,2.4,SIGNAL
RUN_20260808_020118,ChecklistStrategy,LT,2024-07-08,2024-07-24,LONG,3640.1,3549.0,23,16,-2095.3,-2.5,STOP_LOSS
RUN_20260808_020118,ChecklistStrategy,LT,2024-08-19,2024-09-06,LONG,3599.85,3615.1,23,18,350.75,0.42,SIGNAL
RUN_20260808_020118,ChecklistStrategy,LT,2024-09-25,2024-09-27,LONG,3787.55,3738.0,22,2,-1090.1,-1.31,SIGNAL
RUN_20260808_020118,ChecklistStrategy,LT,2024-11-11,2024-11-14,LONG,3646.0,3558.0,22,3,-1936.0,-2.41,STOP_LOSS
RUN_20260808_020118,ChecklistStrategy,LT,2024-12-02,2024-12-20,LONG,3706.85,3716.35,21,18,199.5,0.26,SIGNAL
RUN_20260808_020118,ChecklistStrategy,LT,2025-04-08,2025-04-11,LONG,3124.95,3114.0,26,3,-284.7,-0.35,SIGNAL
RUN_20260808_020118,ChecklistStrategy,LT,2025-04-15,2025-04-23,LONG,3180.0,3275.4,25,8,2385.0,3.0,SIGNAL
RUN_20260808_020118,ChecklistStrategy,LT,2025-04-25,2025-05-09,LONG,3310.0,3331.0,25,14,525.0,0.63,SIGNAL
RUN_20260808_020118,ChecklistStrategy,LT,2025-06-02,2025-06-16,LONG,3675.1,3575.5,22,14,-2191.2,-2.71,STOP_LOSS
RUN_20260808_020118,ChecklistStrategy,LT,2025-06-20,2025-06-30,LONG,3614.0,3682.0,22,10,1496.0,1.88,SIGNAL
RUN_20260808_020118,ChecklistStrategy,LT,2025-08-05,2025-08-13,LONG,3630.0,3696.0,22,8,1452.0,1.82,SIGNAL
RUN_20260808_020118,ChecklistStrategy,LT,2025-08-22,2025-09-02,LONG,3610.0,3598.4,23,11,-266.8,-0.32,SIGNAL
RUN_20260808_020118,ChecklistStrategy,LT,2025-09-04,2025-09-05,LONG,3622.9,3592.8,23,1,-692.3,-0.83,SIGNAL
RUN_20260808_020118,ChecklistStrategy,LT,2025-09-24,2025-09-26,LONG,3657.6,3664.0,22,2,140.8,0.17,SIGNAL
RUN_20260808_020118,ChecklistStrategy,LT,2025-11-10,2025-11-17,LONG,3895.0,4004.4,21,7,2297.4,2.81,SIGNAL
RUN_20260808_020118,ChecklistStrategy,LT,2025-12-31,2026-01-09,LONG,4058.0,4029.0,20,9,-580.0,-0.71,SIGNAL
RUN_20260808_020118,ChecklistStrategy,LT,2026-01-13,2026-01-14,LONG,4028.0,3900.0,20,1,-2560.0,-3.18,STOP_LOSS
RUN_20260808_020118,ChecklistStrategy,LT,2026-01-23,2026-03-09,LONG,3798.0,3850.0,21,45,1092.0,1.37,SIGNAL
RUN_20260808_020118,ChecklistStrategy,LT,2026-03-10,2026-03-12,LONG,3936.0,3825.0,21,2,-2331.0,-2.82,STOP_LOSS
RUN_20260808_020118,ChecklistStrategy,LT,2026-03-17,2026-03-24,LONG,3478.0,3440.0,23,7,-874.0,-1.09,SIGNAL
RUN_20260808_020118,ChecklistStrategy,LT,2026-04-13,2026-05-06,LONG,3825.0,3974.0,20,23,2980.0,3.9,SIGNAL
RUN_20260808_020118,ChecklistStrategy,LT,2026-05-07,2026-05-12,LONG,4028.0,3925.1,20,5,-2058.0,-2.55,STOP_LOSS
RUN_20260808_020118,ChecklistStrategy,LT,2026-06-03,2026-06-04,LONG,4000.9,3945.0,20,1,-1118.0,-1.4,SIGNAL
RUN_20260808_020118,ChecklistStrategy,M&M,2024-02-01,2024-02-02,LONG,1659.25,1655.0,45,1,-191.25,-0.26,SIGNAL
RUN_20260808_020118,ChecklistStrategy,M&M,2024-03-01,2024-03-12,LONG,1933.6,1892.0,38,11,-1580.8,-2.15,STOP_LOSS
RUN_20260808_020118,ChecklistStrategy,M&M,2024-03-13,2024-03-14,LONG,1896.0,1853.7,38,1,-1607.4,-2.23,STOP_LOSS
RUN_20260808_020118,ChecklistStrategy,M&M,2024-03-15,2024-03-18,LONG,1875.0,1807.95,38,3,-2547.9,-3.58,STOP_LOSS
RUN_20260808_020118,ChecklistStrategy,M&M,2024-04-30,2024-05-13,LONG,2073.05,2208.0,34,13,4588.3,6.51,SIGNAL
RUN_20260808_020118,ChecklistStrategy,M&M,2024-05-15,2024-06-03,LONG,2281.3,2575.05,32,19,9400.0,12.88,SIGNAL
RUN_20260808_020118,ChecklistStrategy,M&M,2024-06-06,2024-06-19,LONG,2745.0,2975.0,29,13,6670.0,8.38,SIGNAL
RUN_20260808_020118,ChecklistStrategy,M&M,2024-07-23,2024-08-05,LONG,2824.0,2679.65,30,13,-4330.5,-5.11,STOP_LOSS
RUN_20260808_020118,ChecklistStrategy,M&M,2024-08-21,2024-09-09,LONG,2774.0,2688.15,29,19,-2489.65,-3.09,STOP_LOSS
RUN_20260808_020118,ChecklistStrategy,M&M,2024-10-08,2024-10-18,LONG,3074.0,2945.35,26,10,-3344.9,-4.19,STOP_LOSS
RUN_20260808_020118,ChecklistStrategy,M&M,2024-11-06,2024-11-08,LONG,2910.0,2910.0,26,2,0.0,0.0,SIGNAL
RUN_20260808_020118,ChecklistStrategy,M&M,2024-12-02,2024-12-23,LONG,2984.0,2918.0,26,21,-1716.0,-2.21,STOP_LOSS
RUN_20260808_020118,ChecklistStrategy,M&M,2025-01-10,2025-01-14,LONG,3110.0,3000.0,24,4,-2640.0,-3.54,STOP_LOSS
RUN_20260808_020118,ChecklistStrategy,M&M,2025-01-15,2025-01-16,LONG,3057.1,2978.15,24,1,-1894.8,-2.58,STOP_LOSS
RUN_20260808_020118,ChecklistStrategy,M&M,2025-01-24,2025-01-27,LONG,2875.0,2772.3,25,3,-2567.5,-3.57,STOP_LOSS
RUN_20260808_020118,ChecklistStrategy,M&M,2025-04-21,2025-06-06,LONG,2699.9,3041.6,26,46,8884.21,12.66,SIGNAL
RUN_20260808_020118,ChecklistStrategy,M&M,2025-06-09,2025-06-13,LONG,3130.0,2932.0,25,4,-4950.0,-6.33,STOP_LOSS
RUN_20260808_020118,ChecklistStrategy,M&M,2025-07-04,2025-07-14,LONG,3161.1,3072.8,23,10,-2030.9,-2.79,STOP_LOSS
RUN_20260808_020118,ChecklistStrategy,M&M,2025-07-22,2025-08-04,LONG,3246.7,3170.0,22,13,-1687.4,-2.36,STOP_LOSS
RUN_20260808_020118,ChecklistStrategy,M&M,2025-08-05,2025-09-04,LONG,3195.0,3527.0,22,30,7304.0,10.39,SIGNAL
RUN_20260808_020118,ChecklistStrategy,M&M,2025-11-10,2025-12-16,LONG,3690.2,3581.0,20,36,-2184.0,-2.96,STOP_LOSS
RUN_20260808_020118,ChecklistStrategy,M&M,2025-12-19,2025-12-29,LONG,3571.0,3622.7,20,10,1034.0,1.45,SIGNAL
RUN_20260808_020118,ChecklistStrategy,M&M,2025-12-31,2026-01-06,LONG,3653.0,3788.0,20,6,2700.0,3.7,SIGNAL
RUN_20260808_020118,ChecklistStrategy,M&M,2026-01-29,2026-01-30,LONG,3449.2,3283.0,22,1,-3656.4,-4.82,STOP_LOSS
RUN_20260808_020118,ChecklistStrategy,M&M,2026-02-05,2026-02-12,LONG,3592.0,3698.2,21,7,2230.2,2.96,SIGNAL
RUN_20260808_020118,ChecklistStrategy,M&M,2026-03-11,2026-03-12,LONG,3276.0,3115.1,23,1,-3700.7,-4.91,STOP_LOSS
RUN_20260808_020118,ChecklistStrategy,M&M,2026-03-17,2026-03-24,LONG,3052.0,3030.0,24,7,-528.0,-0.72,SIGNAL
RUN_20260808_020118,ChecklistStrategy,M&M,2026-04-21,2026-04-24,LONG,3212.0,3047.7,22,3,-3614.6,-5.12,STOP_LOSS
RUN_20260808_020118,ChecklistStrategy,M&M,2026-05-01,2026-05-25,LONG,3097.5,3134.7,22,24,818.4,1.2,SIGNAL
RUN_20260808_020118,ChecklistStrategy,M&M,2026-06-12,2026-06-15,LONG,3025.1,3090.0,23,3,1492.7,2.15,SIGNAL
RUN_20260808_020118,ChecklistStrategy,M&M,2026-07-22,2026-07-30,LONG,3198.0,3220.0,22,8,484.0,0.69,SIGNAL
RUN_20260808_020118,ChecklistStrategy,MARUTI,2024-03-01,2024-03-07,LONG,11295.0,11571.05,6,6,1656.3,2.44,SIGNAL
RUN_20260808_020118,ChecklistStrategy,MARUTI,2024-03-13,2024-04-26,LONG,11510.0,12922.0,6,44,8472.0,12.27,SIGNAL
RUN_20260808_020118,ChecklistStrategy,MARUTI,2024-05-14,2024-06-03,LONG,12673.85,12825.0,6,20,906.9,1.19,SIGNAL
RUN_20260808_020118,ChecklistStrategy,MARUTI,2024-06-28,2024-07-02,LONG,12184.95,12149.95,6,4,-210.0,-0.29,SIGNAL
RUN_20260808_020118,ChecklistStrategy,MARUTI,2024-07-19,2024-08-06,LONG,12650.0,12390.0,6,18,-1560.0,-2.06,STOP_LOSS
RUN_20260808_020118,ChecklistStrategy,MARUTI,2024-09-18,2024-10-23,LONG,12240.05,11923.3,6,35,-1900.5,-2.59,STOP_LOSS
RUN_20260808_020118,ChecklistStrategy,MARUTI,2024-12-06,2024-12-13,LONG,11200.0,11137.4,7,7,-438.2,-0.56,SIGNAL
RUN_20260808_020118,ChecklistStrategy,MARUTI,2025-02-01,2025-02-04,LONG,12320.0,13250.0,6,3,5580.0,7.55,SIGNAL
RUN_20260808_020118,ChecklistStrategy,MARUTI,2025-04-09,2025-04-23,LONG,11460.1,11799.0,7,14,2372.3,2.96,SIGNAL
RUN_20260808_020118,ChecklistStrategy,MARUTI,2025-05-26,2025-05-27,LONG,12455.0,12421.0,6,1,-204.0,-0.27,SIGNAL
RUN_20260808_020118,ChecklistStrategy,MARUTI,2025-06-26,2025-07-01,LONG,12780.0,12450.0,6,5,-1980.0,-2.58,STOP_LOSS
RUN_20260808_020118,ChecklistStrategy,MARUTI,2025-07-03,2025-07-18,LONG,12630.0,12525.0,6,15,-630.0,-0.83,SIGNAL
RUN_20260808_020118,ChecklistStrategy,MARUTI,2025-07-30,2025-08-25,LONG,12431.0,14401.0,6,26,11820.0,15.85,SIGNAL
RUN_20260808_020118,ChecklistStrategy,MARUTI,2025-10-31,2025-11-04,LONG,16204.0,15607.0,5,4,-2985.0,-3.68,STOP_LOSS
RUN_20260808_020118,ChecklistStrategy,MARUTI,2025-11-24,2026-01-14,LONG,16005.0,16390.0,5,51,1925.0,2.41,SIGNAL
RUN_20260808_020118,ChecklistStrategy,MARUTI,2026-01-20,2026-01-22,LONG,16200.0,15950.0,5,2,-1250.0,-1.54,SIGNAL
RUN_20260808_020118,ChecklistStrategy,MARUTI,2026-02-02,2026-03-10,LONG,14251.0,13721.0,6,36,-3180.0,-3.72,STOP_LOSS
RUN_20260808_020118,ChecklistStrategy,MARUTI,2026-04-16,2026-04-27,LONG,13380.0,13153.0,6,11,-1362.0,-1.7,SIGNAL
RUN_20260808_020118,ChecklistStrategy,MARUTI,2026-06-24,2026-07-21,LONG,13440.0,13520.0,6,27,480.0,0.6,SIGNAL
RUN_20260808_020118,ChecklistStrategy,NESTLEIND,2024-02-23,2024-03-13,LONG,1282.5,1297.47,58,19,868.55,1.17,SIGNAL
RUN_20260808_020118,ChecklistStrategy,NESTLEIND,2024-05-13,2024-05-16,LONG,1266.38,1235.0,59,3,-1851.12,-2.48,STOP_LOSS
RUN_20260808_020118,ChecklistStrategy,NESTLEIND,2024-05-30,2024-05-31,LONG,1232.53,1212.8,59,1,-1163.77,-1.6,SIGNAL
RUN_20260808_020118,ChecklistStrategy,NESTLEIND,2024-06-10,2024-07-02,LONG,1255.0,1292.7,58,22,2186.6,3.0,SIGNAL
RUN_20260808_020118,ChecklistStrategy,NESTLEIND,2024-07-04,2024-07-10,LONG,1280.0,1318.95,58,6,2259.1,3.04,SIGNAL
RUN_20260808_020118,ChecklistStrategy,NESTLEIND,2024-07-15,2024-07-25,LONG,1304.53,1272.4,58,10,-1863.25,-2.46,STOP_LOSS
RUN_20260808_020118,ChecklistStrategy,NESTLEIND,2024-08-21,2024-09-02,LONG,1264.95,1250.0,59,12,-882.05,-1.18,SIGNAL
RUN_20260808_020118,ChecklistStrategy,NESTLEIND,2024-09-03,2024-09-06,LONG,1251.0,1254.3,59,3,194.7,0.26,SIGNAL
RUN_20260808_020118,ChecklistStrategy,NESTLEIND,2024-09-10,2024-09-12,LONG,1264.5,1264.95,59,2,26.55,0.04,SIGNAL
RUN_20260808_020118,ChecklistStrategy,NESTLEIND,2024-11-28,2024-12-02,LONG,1137.03,1121.4,65,4,-1015.62,-1.37,SIGNAL
RUN_20260808_020118,ChecklistStrategy,NESTLEIND,2024-12-06,2024-12-10,LONG,1133.22,1114.5,65,4,-1217.12,-1.65,SIGNAL
RUN_20260808_020118,ChecklistStrategy,NESTLEIND,2025-01-03,2025-01-07,LONG,1100.1,1095.1,66,4,-330.0,-0.45,SIGNAL
RUN_20260808_020118,ChecklistStrategy,NESTLEIND,2025-01-08,2025-01-17,LONG,1111.5,1090.32,65,9,-1376.38,-1.91,SIGNAL
RUN_20260808_020118,ChecklistStrategy,NESTLEIND,2025-02-17,2025-03-05,LONG,1097.93,1055.0,65,16,-2790.13,-3.91,STOP_LOSS
RUN_20260808_020118,ChecklistStrategy,NESTLEIND,2025-03-06,2025-04-01,LONG,1093.5,1130.95,63,26,2359.35,3.42,SIGNAL
RUN_20260808_020118,ChecklistStrategy,NESTLEIND,2025-04-03,2025-04-30,LONG,1099.03,1187.5,64,27,5662.4,8.05,SIGNAL
RUN_20260808_020118,ChecklistStrategy,NESTLEIND,2025-05-22,2025-05-23,LONG,1192.5,1178.0,62,1,-899.0,-1.22,SIGNAL
RUN_20260808_020118,ChecklistStrategy,NESTLEIND,2025-05-26,2025-06-02,LONG,1207.2,1200.0,61,7,-439.2,-0.6,SIGNAL
RUN_20260808_020118,ChecklistStrategy,NESTLEIND,2025-06-03,2025-06-04,LONG,1207.85,1194.2,61,1,-832.65,-1.13,SIGNAL
RUN_20260808_020118,ChecklistStrategy,NESTLEIND,2025-06-06,2025-06-19,LONG,1201.95,1170.4,61,13,-1924.55,-2.62,STOP_LOSS
RUN_20260808_020118,ChecklistStrategy,NESTLEIND,2025-07-16,2025-07-25,LONG,1208.0,1157.45,59,9,-2982.45,-4.18,STOP_LOSS
RUN_20260808_020118,ChecklistStrategy,NESTLEIND,2025-08-29,2025-09-01,LONG,1160.3,1157.9,60,3,-144.0,-0.21,SIGNAL
RUN_20260808_020118,ChecklistStrategy,NESTLEIND,2025-09-10,2025-09-22,LONG,1208.2,1198.9,57,12,-530.1,-0.77,SIGNAL
RUN_20260808_020118,ChecklistStrategy,NESTLEIND,2025-10-16,2025-11-25,LONG,1221.4,1267.4,56,40,2576.0,3.77,SIGNAL
RUN_20260808_020118,ChecklistStrategy,NESTLEIND,2025-11-26,2025-11-28,LONG,1257.1,1266.3,56,2,515.2,0.73,SIGNAL
RUN_20260808_020118,ChecklistStrategy,NESTLEIND,2025-12-22,2025-12-31,LONG,1246.0,1274.2,57,9,1607.4,2.26,SIGNAL
RUN_20260808_020118,ChecklistStrategy,NESTLEIND,2026-01-06,2026-01-22,LONG,1319.0,1285.9,55,16,-1820.5,-2.51,STOP_LOSS
RUN_20260808_020118,ChecklistStrategy,NESTLEIND,2026-01-28,2026-02-03,LONG,1297.2,1330.0,54,6,1771.2,2.53,SIGNAL
RUN_20260808_020118,ChecklistStrategy,NESTLEIND,2026-03-06,2026-03-13,LONG,1250.0,1219.0,58,7,-1798.0,-2.48,STOP_LOSS
RUN_20260808_020118,ChecklistStrategy,NESTLEIND,2026-04-02,2026-04-23,LONG,1173.3,1388.9,60,21,12936.0,18.38,SIGNAL
RUN_20260808_020118,ChecklistStrategy,NESTLEIND,2026-05-19,2026-06-02,LONG,1428.0,1385.0,56,14,-2408.0,-3.01,STOP_LOSS
RUN_20260808_020118,ChecklistStrategy,NESTLEIND,2026-06-22,2026-06-24,LONG,1422.8,1394.0,55,2,-1584.0,-2.02,STOP_LOSS
RUN_20260808_020118,ChecklistStrategy,NESTLEIND,2026-07-01,2026-07-15,LONG,1414.8,1431.8,55,14,935.0,1.2,SIGNAL
RUN_20260808_020118,ChecklistStrategy,NTPC,2024-02-14,2024-03-18,LONG,320.9,317.1,233,33,-885.4,-1.18,SIGNAL
RUN_20260808_020118,ChecklistStrategy,NTPC,2024-05-03,2024-05-07,LONG,372.3,358.25,201,4,-2824.05,-3.77,STOP_LOSS
RUN_20260808_020118,ChecklistStrategy,NTPC,2024-05-13,2024-05-14,LONG,355.5,350.55,202,1,-999.9,-1.39,SIGNAL
RUN_20260808_020118,ChecklistStrategy,NTPC,2024-05-15,2024-05-28,LONG,357.5,372.6,200,13,3020.0,4.22,SIGNAL
RUN_20260808_020118,ChecklistStrategy,NTPC,2024-06-06,2024-06-07,LONG,347.8,352.0,215,1,903.0,1.21,SIGNAL
RUN_20260808_020118,ChecklistStrategy,NTPC,2024-06-25,2024-07-01,LONG,364.25,381.75,204,6,3570.0,4.8,SIGNAL
RUN_20260808_020118,ChecklistStrategy,NTPC,2024-07-03,2024-07-11,LONG,370.55,382.4,207,8,2452.95,3.2,SIGNAL
RUN_20260808_020118,ChecklistStrategy,NTPC,2024-07-15,2024-07-22,LONG,378.6,364.75,208,7,-2880.8,-3.66,STOP_LOSS
RUN_20260808_020118,ChecklistStrategy,NTPC,2024-07-23,2024-07-24,LONG,376.7,384.1,204,1,1509.6,1.96,SIGNAL
RUN_20260808_020118,ChecklistStrategy,NTPC,2024-08-30,2024-09-06,LONG,412.7,403.25,189,7,-1786.05,-2.29,STOP_LOSS
RUN_20260808_020118,ChecklistStrategy,NTPC,2024-09-26,2024-10-08,LONG,437.95,414.0,174,12,-4167.3,-5.47,STOP_LOSS
RUN_20260808_020118,ChecklistStrategy,NTPC,2024-10-16,2024-10-23,LONG,425.3,414.0,171,7,-1932.3,-2.66,STOP_LOSS
RUN_20260808_020118,ChecklistStrategy,NTPC,2024-11-28,2024-11-29,LONG,369.7,363.25,193,1,-1244.85,-1.74,SIGNAL
RUN_20260808_020118,ChecklistStrategy,NTPC,2024-12-02,2024-12-06,LONG,363.65,369.45,194,4,1125.2,1.59,SIGNAL
RUN_20260808_020118,ChecklistStrategy,NTPC,2025-01-28,2025-01-31,LONG,322.5,322.45,221,3,-11.05,-0.02,SIGNAL
RUN_20260808_020118,ChecklistStrategy,NTPC,2025-03-12,2025-04-02,LONG,331.0,352.15,216,21,4568.4,6.39,SIGNAL
RUN_20260808_020118,ChecklistStrategy,NTPC,2025-05-16,2025-05-19,LONG,343.0,343.1,218,3,21.8,0.03,SIGNAL
RUN_20260808_020118,ChecklistStrategy,NTPC,2025-06-05,2025-06-19,LONG,329.2,332.4,227,14,726.4,0.97,SIGNAL
RUN_20260808_020118,ChecklistStrategy,NTPC,2025-06-23,2025-06-24,LONG,333.7,331.0,224,1,-604.8,-0.81,SIGNAL
RUN_20260808_020118,ChecklistStrategy,NTPC,2025-06-25,2025-07-25,LONG,331.5,338.9,226,30,1672.4,2.23,SIGNAL
RUN_20260808_020118,ChecklistStrategy,NTPC,2025-08-18,2025-08-28,LONG,341.45,331.25,223,10,-2274.6,-2.99,STOP_LOSS
RUN_20260808_020118,ChecklistStrategy,NTPC,2025-09-19,2025-09-26,LONG,336.95,340.5,220,7,781.0,1.05,SIGNAL
RUN_20260808_020118,ChecklistStrategy,NTPC,2025-10-06,2025-10-15,LONG,340.6,336.95,218,9,-795.7,-1.07,SIGNAL
RUN_20260808_020118,ChecklistStrategy,NTPC,2025-10-16,2025-10-29,LONG,340.2,339.25,218,13,-207.1,-0.28,SIGNAL
RUN_20260808_020118,ChecklistStrategy,NTPC,2025-12-22,2025-12-23,LONG,319.95,321.05,231,1,254.09,0.34,SIGNAL
RUN_20260808_020118,ChecklistStrategy,NTPC,2025-12-29,2025-12-31,LONG,324.1,324.75,228,2,148.2,0.2,SIGNAL
RUN_20260808_020118,ChecklistStrategy,NTPC,2026-01-01,2026-01-27,LONG,329.8,340.5,225,26,2407.5,3.24,SIGNAL
RUN_20260808_020118,ChecklistStrategy,NTPC,2026-02-23,2026-03-02,LONG,374.0,365.0,203,7,-1827.0,-2.41,STOP_LOSS
RUN_20260808_020118,ChecklistStrategy,NTPC,2026-03-12,2026-03-20,LONG,379.0,375.85,196,8,-617.4,-0.83,SIGNAL
RUN_20260808_020118,ChecklistStrategy,NTPC,2026-04-06,2026-04-09,LONG,358.8,376.95,206,3,3738.91,5.06,SIGNAL
RUN_20260808_020118,ChecklistStrategy,NTPC,2026-04-20,2026-05-07,LONG,393.0,396.75,195,17,731.25,0.95,SIGNAL
RUN_20260808_020118,ChecklistStrategy,NTPC,2026-06-17,2026-06-24,LONG,355.55,362.85,217,7,1584.1,2.05,SIGNAL
RUN_20260808_020118,ChecklistStrategy,ONGC,2024-02-01,2024-02-02,LONG,254.65,250.0,297,1,-1381.05,-1.83,SIGNAL
RUN_20260808_020118,ChecklistStrategy,ONGC,2024-04-23,2024-05-06,LONG,276.85,288.7,267,13,3163.95,4.28,SIGNAL
RUN_20260808_020118,ChecklistStrategy,ONGC,2024-05-24,2024-05-28,LONG,284.0,279.3,269,4,-1264.3,-1.65,SIGNAL
RUN_20260808_020118,ChecklistStrategy,ONGC,2024-06-06,2024-06-26,LONG,254.0,266.9,304,20,3921.6,5.08,SIGNAL
RUN_20260808_020118,ChecklistStrategy,ONGC,2024-07-03,2024-07-11,LONG,276.0,300.0,284,8,6816.0,8.7,SIGNAL
RUN_20260808_020118,ChecklistStrategy,ONGC,2024-07-24,2024-08-07,LONG,313.05,312.4,265,14,-172.25,-0.21,SIGNAL
RUN_20260808_020118,ChecklistStrategy,ONGC,2024-08-30,2024-09-04,LONG,330.45,315.0,252,5,-3893.4,-4.68,STOP_LOSS
RUN_20260808_020118,ChecklistStrategy,ONGC,2024-09-05,2024-09-09,LONG,316.95,308.7,254,4,-2095.5,-2.6,STOP_LOSS
RUN_20260808_020118,ChecklistStrategy,ONGC,2024-09-30,2024-10-08,LONG,297.0,288.15,264,8,-2336.4,-2.98,STOP_LOSS
RUN_20260808_020118,ChecklistStrategy,ONGC,2024-12-06,2024-12-13,LONG,260.8,253.0,293,7,-2285.4,-2.99,STOP_LOSS
RUN_20260808_020118,ChecklistStrategy,ONGC,2025-01-01,2025-02-07,LONG,237.81,252.95,313,37,4738.82,6.37,SIGNAL
RUN_20260808_020118,ChecklistStrategy,ONGC,2025-03-04,2025-03-07,LONG,220.1,232.6,348,3,4350.0,5.68,SIGNAL
RUN_20260808_020118,ChecklistStrategy,ONGC,2025-04-17,2025-05-09,LONG,241.0,229.1,338,22,-4022.2,-4.94,STOP_LOSS
RUN_20260808_020118,ChecklistStrategy,ONGC,2025-05-15,2025-06-02,LONG,244.95,239.0,319,18,-1898.05,-2.43,STOP_LOSS
RUN_20260808_020118,ChecklistStrategy,ONGC,2025-06-11,2025-06-18,LONG,244.5,254.03,315,7,3001.95,3.9,SIGNAL
RUN_20260808_020118,ChecklistStrategy,ONGC,2025-06-20,2025-06-25,LONG,252.26,244.0,315,5,-2601.9,-3.27,STOP_LOSS
RUN_20260808_020118,ChecklistStrategy,ONGC,2025-07-07,2025-07-08,LONG,245.5,242.41,315,1,-973.35,-1.26,SIGNAL
RUN_20260808_020118,ChecklistStrategy,ONGC,2025-07-23,2025-07-28,LONG,246.0,240.29,311,5,-1775.81,-2.32,STOP_LOSS
RUN_20260808_020118,ChecklistStrategy,ONGC,2025-08-19,2025-09-09,LONG,237.5,232.53,316,21,-1570.52,-2.09,STOP_LOSS
RUN_20260808_020118,ChecklistStrategy,ONGC,2025-09-24,2025-09-26,LONG,236.66,240.0,313,2,1045.42,1.41,SIGNAL
RUN_20260808_020118,ChecklistStrategy,ONGC,2025-09-30,2025-10-06,LONG,240.0,242.73,312,6,851.76,1.14,SIGNAL
RUN_20260808_020118,ChecklistStrategy,ONGC,2025-10-10,2025-10-14,LONG,244.05,245.3,310,4,387.5,0.51,SIGNAL
RUN_20260808_020118,ChecklistStrategy,ONGC,2025-11-13,2025-11-17,LONG,253.7,247.6,298,4,-1817.8,-2.4,STOP_LOSS
RUN_20260808_020118,ChecklistStrategy,ONGC,2025-12-05,2025-12-12,LONG,242.7,238.5,306,7,-1285.2,-1.73,SIGNAL
RUN_20260808_020118,ChecklistStrategy,ONGC,2025-12-16,2025-12-30,LONG,234.17,234.95,311,14,242.58,0.33,SIGNAL
RUN_20260808_020118,ChecklistStrategy,ONGC,2026-01-05,2026-01-06,LONG,246.8,238.09,304,1,-2647.84,-3.53,STOP_LOSS
RUN_20260808_020118,ChecklistStrategy,ONGC,2026-01-07,2026-01-08,LONG,240.21,238.2,295,1,-592.95,-0.84,SIGNAL
RUN_20260808_020118,ChecklistStrategy,ONGC,2026-01-27,2026-03-06,LONG,246.6,279.95,289,38,9638.15,13.52,SIGNAL
RUN_20260808_020118,ChecklistStrategy,ONGC,2026-03-09,2026-03-10,LONG,289.0,270.85,280,1,-5082.0,-6.28,STOP_LOSS
RUN_20260808_020118,ChecklistStrategy,ONGC,2026-03-20,2026-03-23,LONG,269.0,267.3,276,3,-469.2,-0.63,SIGNAL
RUN_20260808_020118,ChecklistStrategy,ONGC,2026-03-27,2026-05-12,LONG,270.5,286.9,273,46,4477.2,6.06,SIGNAL
RUN_20260808_020118,ChecklistStrategy,POWERGRID,2024-03-01,2024-03-14,LONG,285.0,264.05,265,13,-5551.75,-7.35,STOP_LOSS
RUN_20260808_020118,ChecklistStrategy,POWERGRID,2024-04-08,2024-04-16,LONG,280.55,273.0,254,8,-1917.7,-2.69,STOP_LOSS
RUN_20260808_020118,ChecklistStrategy,POWERGRID,2024-04-24,2024-05-06,LONG,285.0,310.2,242,12,6098.4,8.84,SIGNAL
RUN_20260808_020118,ChecklistStrategy,POWERGRID,2024-05-22,2024-05-24,LONG,327.75,318.0,226,2,-2203.5,-2.97,STOP_LOSS
RUN_20260808_020118,ChecklistStrategy,POWERGRID,2024-06-03,2024-06-05,LONG,335.0,296.3,232,2,-8978.4,-11.55,STOP_LOSS
RUN_20260808_020118,ChecklistStrategy,POWERGRID,2024-06-06,2024-06-07,LONG,303.4,298.05,218,1,-1166.3,-1.76,SIGNAL
RUN_20260808_020118,ChecklistStrategy,POWERGRID,2024-06-10,2024-08-01,LONG,313.0,351.15,208,52,7935.2,12.19,SIGNAL
RUN_20260808_020118,ChecklistStrategy,POWERGRID,2024-09-10,2024-09-19,LONG,327.0,336.2,214,9,1968.8,2.81,SIGNAL
RUN_20260808_020118,ChecklistStrategy,POWERGRID,2024-12-04,2024-12-05,LONG,329.05,325.0,218,1,-882.9,-1.23,SIGNAL
RUN_20260808_020118,ChecklistStrategy,POWERGRID,2025-01-15,2025-01-22,LONG,295.0,302.0,245,7,1715.0,2.37,SIGNAL
RUN_20260808_020118,ChecklistStrategy,POWERGRID,2025-03-07,2025-03-27,LONG,266.0,289.0,271,20,6233.0,8.65,SIGNAL
RUN_20260808_020118,ChecklistStrategy,POWERGRID,2025-03-28,2025-04-03,LONG,293.9,289.35,260,6,-1183.0,-1.55,SIGNAL
RUN_20260808_020118,ChecklistStrategy,POWERGRID,2025-05-02,2025-05-12,LONG,305.5,304.05,247,10,-358.15,-0.47,SIGNAL
RUN_20260808_020118,ChecklistStrategy,POWERGRID,2025-05-16,2025-05-21,LONG,300.0,297.75,253,5,-569.25,-0.75,SIGNAL
RUN_20260808_020118,ChecklistStrategy,POWERGRID,2025-06-23,2025-06-24,LONG,291.4,293.45,257,1,526.85,0.7,SIGNAL
RUN_20260808_020118,ChecklistStrategy,POWERGRID,2025-07-01,2025-07-03,LONG,301.0,298.4,252,2,-655.2,-0.86,SIGNAL
RUN_20260808_020118,ChecklistStrategy,POWERGRID,2025-07-07,2025-07-21,LONG,294.7,294.0,255,14,-178.5,-0.24,SIGNAL
RUN_20260808_020118,ChecklistStrategy,POWERGRID,2025-07-22,2025-07-31,LONG,297.1,284.95,252,9,-3061.8,-4.09,STOP_LOSS
RUN_20260808_020118,ChecklistStrategy,POWERGRID,2025-09-08,2025-09-11,LONG,286.4,282.55,254,3,-977.9,-1.34,SIGNAL
RUN_20260808_020118,ChecklistStrategy,POWERGRID,2025-09-12,2025-09-22,LONG,287.25,287.0,250,10,-62.5,-0.09,SIGNAL
RUN_20260808_020118,ChecklistStrategy,POWERGRID,2025-09-24,2025-09-26,LONG,287.9,283.5,249,2,-1095.6,-1.53,SIGNAL
RUN_20260808_020118,ChecklistStrategy,POWERGRID,2025-10-10,2025-10-27,LONG,285.25,289.0,248,17,930.0,1.31,SIGNAL
RUN_20260808_020118,ChecklistStrategy,POWERGRID,2026-01-29,2026-02-02,LONG,262.6,251.25,275,4,-3121.25,-4.32,STOP_LOSS
RUN_20260808_020118,ChecklistStrategy,POWERGRID,2026-02-03,2026-02-09,LONG,276.05,292.5,256,6,4211.2,5.96,SIGNAL
RUN_20260808_020118,ChecklistStrategy,POWERGRID,2026-04-10,2026-05-25,LONG,301.1,298.5,243,45,-631.8,-0.86,SIGNAL
RUN_20260808_020118,ChecklistStrategy,POWERGRID,2026-05-28,2026-06-01,LONG,300.15,291.0,239,4,-2186.85,-3.05,STOP_LOSS
RUN_20260808_020118,ChecklistStrategy,POWERGRID,2026-06-30,2026-07-06,LONG,287.2,287.2,245,6,0.0,0.0,SIGNAL
RUN_20260808_020118,ChecklistStrategy,POWERGRID,2026-07-23,2026-08-05,LONG,287.3,284.0,242,13,-798.6,-1.15,SIGNAL
RUN_20260808_020118,ChecklistStrategy,RELIANCE,2024-01-25,2024-03-14,LONG,1342.95,1439.7,55,49,5321.25,7.2,SIGNAL
RUN_20260808_020118,ChecklistStrategy,RELIANCE,2024-03-26,2024-03-27,LONG,1445.0,1448.0,54,1,162.0,0.21,SIGNAL
RUN_20260808_020118,ChecklistStrategy,RELIANCE,2024-04-12,2024-04-15,LONG,1475.88,1461.0,53,3,-788.38,-1.01,SIGNAL
RUN_20260808_020118,ChecklistStrategy,RELIANCE,2024-04-30,2024-05-06,LONG,1468.0,1435.5,53,6,-1722.5,-2.21,STOP_LOSS
RUN_20260808_020118,ChecklistStrategy,RELIANCE,2024-06-06,2024-07-23,LONG,1435.0,1501.0,54,47,3564.0,4.6,SIGNAL
RUN_20260808_020118,ChecklistStrategy,RELIANCE,2024-08-22,2024-09-06,LONG,1503.0,1492.5,53,15,-556.5,-0.7,SIGNAL
RUN_20260808_020118,ChecklistStrategy,RELIANCE,2024-09-20,2024-09-25,LONG,1474.0,1483.9,53,5,524.7,0.67,SIGNAL
RUN_20260808_020118,ChecklistStrategy,RELIANCE,2024-10-25,2024-11-05,LONG,1343.5,1293.0,59,11,-2979.5,-3.76,STOP_LOSS
RUN_20260808_020118,ChecklistStrategy,RELIANCE,2024-11-27,2024-12-05,LONG,1293.5,1314.35,59,8,1230.15,1.61,SIGNAL
RUN_20260808_020118,ChecklistStrategy,RELIANCE,2024-12-06,2024-12-10,LONG,1323.9,1289.25,59,4,-2044.35,-2.62,STOP_LOSS
RUN_20260808_020118,ChecklistStrategy,RELIANCE,2024-12-16,2024-12-18,LONG,1275.0,1240.65,60,2,-2061.0,-2.69,STOP_LOSS
RUN_20260808_020118,ChecklistStrategy,RELIANCE,2025-02-03,2025-02-13,LONG,1251.0,1217.05,59,10,-2003.05,-2.71,STOP_LOSS
RUN_20260808_020118,ChecklistStrategy,RELIANCE,2025-03-28,2025-04-01,LONG,1280.0,1264.6,57,4,-877.8,-1.2,SIGNAL
RUN_20260808_020118,ChecklistStrategy,RELIANCE,2025-06-03,2025-06-04,LONG,1422.3,1414.7,51,1,-387.6,-0.53,SIGNAL
RUN_20260808_020118,ChecklistStrategy,RELIANCE,2025-07-30,2025-08-08,LONG,1418.1,1385.0,51,9,-1688.1,-2.33,STOP_LOSS
RUN_20260808_020118,ChecklistStrategy,RELIANCE,2025-08-20,2025-09-01,LONG,1413.0,1356.0,50,12,-2850.0,-4.03,STOP_LOSS
RUN_20260808_020118,ChecklistStrategy,RELIANCE,2025-10-03,2025-10-09,LONG,1363.2,1374.0,50,6,540.0,0.79,SIGNAL
RUN_20260808_020118,ChecklistStrategy,RELIANCE,2025-11-26,2025-12-23,LONG,1542.3,1580.9,45,27,1737.0,2.5,SIGNAL
RUN_20260808_020118,ChecklistStrategy,RELIANCE,2026-02-05,2026-02-16,LONG,1457.0,1420.1,48,11,-1771.2,-2.53,STOP_LOSS
RUN_20260808_020118,ChecklistStrategy,RELIANCE,2026-02-27,2026-03-04,LONG,1398.0,1330.0,49,5,-3332.0,-4.86,STOP_LOSS
RUN_20260808_020118,ChecklistStrategy,RELIANCE,2026-03-17,2026-03-30,LONG,1399.0,1335.0,47,13,-3008.0,-4.57,STOP_LOSS
RUN_20260808_020118,ChecklistStrategy,RELIANCE,2026-04-09,2026-04-15,LONG,1346.0,1337.0,47,6,-423.0,-0.67,SIGNAL
RUN_20260808_020118,ChecklistStrategy,RELIANCE,2026-04-20,2026-04-24,LONG,1363.2,1340.0,47,4,-1090.4,-1.7,SIGNAL
RUN_20260808_020118,ChecklistStrategy,RELIANCE,2026-04-28,2026-05-15,LONG,1358.0,1356.8,46,17,-55.2,-0.09,SIGNAL
RUN_20260808_020118,ChecklistStrategy,RELIANCE,2026-06-10,2026-06-11,LONG,1275.0,1258.0,49,1,-833.0,-1.33,SIGNAL
RUN_20260808_020118,ChecklistStrategy,RELIANCE,2026-06-18,2026-06-24,LONG,1330.0,1305.7,47,6,-1142.1,-1.83,SIGNAL
RUN_20260808_020118,ChecklistStrategy,RELIANCE,2026-07-07,2026-07-09,LONG,1323.5,1277.1,46,2,-2134.4,-3.51,STOP_LOSS
RUN_20260808_020118,ChecklistStrategy,SBILIFE,2024-02-14,2024-03-11,LONG,1460.0,1526.95,51,26,3414.45,4.59,SIGNAL
RUN_20260808_020118,ChecklistStrategy,SBILIFE,2024-05-02,2024-05-21,LONG,1416.35,1438.85,53,19,1192.5,1.59,SIGNAL
RUN_20260808_020118,ChecklistStrategy,SBILIFE,2024-06-18,2024-06-20,LONG,1480.0,1476.0,53,2,-212.0,-0.27,SIGNAL
RUN_20260808_020118,ChecklistStrategy,SBILIFE,2024-06-24,2024-06-26,LONG,1464.15,1462.0,53,2,-113.95,-0.15,SIGNAL
RUN_20260808_020118,ChecklistStrategy,SBILIFE,2024-06-28,2024-08-30,LONG,1450.1,1839.95,53,63,20662.05,26.88,SIGNAL
RUN_20260808_020118,ChecklistStrategy,SBILIFE,2024-09-19,2024-09-25,LONG,1850.0,1873.7,50,6,1185.0,1.28,SIGNAL
RUN_20260808_020118,ChecklistStrategy,SBILIFE,2024-09-26,2024-09-30,LONG,1873.0,1892.0,50,4,950.0,1.01,SIGNAL
RUN_20260808_020118,ChecklistStrategy,SBILIFE,2024-10-21,2024-10-22,LONG,1715.15,1701.0,55,1,-778.25,-0.83,SIGNAL
RUN_20260808_020118,ChecklistStrategy,SBILIFE,2025-01-30,2025-02-12,LONG,1465.9,1427.45,64,13,-2460.8,-2.62,STOP_LOSS
RUN_20260808_020118,ChecklistStrategy,SBILIFE,2025-02-18,2025-03-03,LONG,1476.25,1432.55,62,13,-2709.4,-2.96,STOP_LOSS
RUN_20260808_020118,ChecklistStrategy,SBILIFE,2025-03-11,2025-04-30,LONG,1403.0,1722.0,63,50,20097.0,22.74,SIGNAL
RUN_20260808_020118,ChecklistStrategy,SBILIFE,2025-05-02,2025-05-12,LONG,1761.0,1725.0,59,10,-2124.0,-2.04,STOP_LOSS
RUN_20260808_020118,ChecklistStrategy,SBILIFE,2025-05-28,2025-06-02,LONG,1810.6,1812.2,57,5,91.2,0.09,SIGNAL
RUN_20260808_020118,ChecklistStrategy,SBILIFE,2025-06-05,2025-06-06,LONG,1782.0,1774.8,58,1,-417.6,-0.4,SIGNAL
RUN_20260808_020118,ChecklistStrategy,SBILIFE,2025-06-12,2025-06-13,LONG,1799.9,1720.0,57,1,-4554.3,-4.44,STOP_LOSS
RUN_20260808_020118,ChecklistStrategy,SBILIFE,2025-06-23,2025-07-10,LONG,1810.0,1811.0,55,17,55.0,0.06,SIGNAL
RUN_20260808_020118,ChecklistStrategy,SBILIFE,2025-07-21,2025-08-22,LONG,1794.7,1860.1,55,32,3597.0,3.64,SIGNAL
RUN_20260808_020118,ChecklistStrategy,SBILIFE,2025-09-10,2025-09-12,LONG,1804.9,1814.2,56,2,520.8,0.52,SIGNAL
RUN_20260808_020118,ChecklistStrategy,SBILIFE,2025-09-15,2025-09-18,LONG,1830.1,1804.9,56,3,-1411.2,-1.38,SIGNAL
RUN_20260808_020118,ChecklistStrategy,SBILIFE,2025-10-10,2025-11-25,LONG,1825.0,1972.4,56,46,8254.4,8.08,SIGNAL
RUN_20260808_020118,ChecklistStrategy,SBILIFE,2025-12-05,2025-12-10,LONG,2003.0,1996.0,53,5,-371.0,-0.35,SIGNAL
RUN_20260808_020118,ChecklistStrategy,SBILIFE,2025-12-19,2026-01-06,LONG,2014.5,2064.0,53,18,2623.5,2.46,SIGNAL
RUN_20260808_020118,ChecklistStrategy,SBILIFE,2026-01-09,2026-01-21,LONG,2093.8,2038.2,52,12,-2891.21,-2.66,STOP_LOSS
RUN_20260808_020118,ChecklistStrategy,SBILIFE,2026-02-05,2026-02-06,LONG,2031.0,2026.0,52,1,-260.0,-0.25,SIGNAL
RUN_20260808_020118,ChecklistStrategy,SBILIFE,2026-02-10,2026-02-11,LONG,2024.0,2023.0,52,1,-52.0,-0.05,SIGNAL
RUN_20260808_020118,ChecklistStrategy,SBILIFE,2026-02-17,2026-03-05,LONG,2042.4,1947.6,52,16,-4929.6,-4.64,STOP_LOSS
RUN_20260808_020118,ChecklistStrategy,SBILIFE,2026-03-06,2026-03-24,LONG,1930.0,1842.0,53,18,-4664.0,-4.56,STOP_LOSS
RUN_20260808_020118,ChecklistStrategy,SBILIFE,2026-04-06,2026-04-10,LONG,1757.5,1914.9,56,4,8814.4,8.96,SIGNAL
RUN_20260808_020118,ChecklistStrategy,SBILIFE,2026-04-28,2026-05-01,LONG,1814.6,1819.0,58,3,255.2,0.24,SIGNAL
RUN_20260808_020118,ChecklistStrategy,SBILIFE,2026-05-12,2026-05-22,LONG,1866.0,1872.0,56,10,336.0,0.32,SIGNAL
RUN_20260808_020118,ChecklistStrategy,SBILIFE,2026-06-18,2026-06-24,LONG,1801.0,1786.2,59,6,-873.2,-0.82,SIGNAL
RUN_20260808_020118,ChecklistStrategy,SBILIFE,2026-07-01,2026-07-09,LONG,1777.0,1789.0,60,8,720.0,0.68,SIGNAL
RUN_20260808_020118,ChecklistStrategy,SBILIFE,2026-07-10,2026-07-28,LONG,1830.7,1865.0,58,18,1989.4,1.87,SIGNAL
RUN_20260808_020118,ChecklistStrategy,SBIN,2024-04-26,2024-05-02,LONG,815.9,826.9,92,6,1012.0,1.35,SIGNAL
RUN_20260808_020118,ChecklistStrategy,SBIN,2024-05-09,2024-06-05,LONG,811.9,790.75,93,27,-1966.95,-2.61,STOP_LOSS
RUN_20260808_020118,ChecklistStrategy,SBIN,2024-06-06,2024-07-30,LONG,800.0,874.7,93,54,6947.1,9.34,SIGNAL
RUN_20260808_020118,ChecklistStrategy,SBIN,2024-08-01,2024-08-05,LONG,877.8,830.0,91,4,-4349.8,-5.45,STOP_LOSS
RUN_20260808_020118,ChecklistStrategy,SBIN,2024-08-08,2024-08-20,LONG,812.0,817.95,94,12,559.3,0.73,SIGNAL
RUN_20260808_020118,ChecklistStrategy,SBIN,2024-08-30,2024-09-02,LONG,817.15,817.3,93,3,13.95,0.02,SIGNAL
RUN_20260808_020118,ChecklistStrategy,SBIN,2024-09-04,2024-09-09,LONG,815.45,785.0,92,5,-2801.4,-3.73,STOP_LOSS
RUN_20260808_020118,ChecklistStrategy,SBIN,2024-09-10,2024-09-12,LONG,788.0,775.0,94,2,-1222.0,-1.65,SIGNAL
RUN_20260808_020118,ChecklistStrategy,SBIN,2024-10-29,2024-10-31,LONG,796.0,820.0,92,2,2208.0,3.02,SIGNAL
RUN_20260808_020118,ChecklistStrategy,SBIN,2024-11-29,2024-12-09,LONG,841.1,859.0,89,10,1593.1,2.13,SIGNAL
RUN_20260808_020118,ChecklistStrategy,SBIN,2024-12-16,2024-12-19,LONG,859.8,824.6,88,3,-3097.6,-4.09,STOP_LOSS
RUN_20260808_020118,ChecklistStrategy,SBIN,2025-01-10,2025-01-13,LONG,760.35,741.5,97,3,-1828.45,-2.48,STOP_LOSS
RUN_20260808_020118,ChecklistStrategy,SBIN,2025-03-10,2025-03-13,LONG,732.75,725.9,98,3,-671.3,-0.93,SIGNAL
RUN_20260808_020118,ChecklistStrategy,SBIN,2025-03-17,2025-03-18,LONG,728.9,723.15,98,1,-563.5,-0.79,SIGNAL
RUN_20260808_020118,ChecklistStrategy,SBIN,2025-03-28,2025-04-08,LONG,772.1,760.0,92,11,-1113.2,-1.57,SIGNAL
RUN_20260808_020118,ChecklistStrategy,SBIN,2025-04-17,2025-04-28,LONG,772.0,798.65,91,11,2425.15,3.45,SIGNAL
RUN_20260808_020118,ChecklistStrategy,SBIN,2025-05-05,2025-05-07,LONG,782.0,765.3,90,2,-1503.0,-2.14,STOP_LOSS
RUN_20260808_020118,ChecklistStrategy,SBIN,2025-05-20,2025-05-21,LONG,798.15,787.0,89,1,-992.35,-1.4,SIGNAL
RUN_20260808_020118,ChecklistStrategy,SBIN,2025-07-07,2025-07-11,LONG,811.2,807.55,86,4,-313.9,-0.45,SIGNAL
RUN_20260808_020118,ChecklistStrategy,SBIN,2025-09-22,2025-10-31,LONG,862.0,934.9,81,39,5904.9,8.46,SIGNAL
RUN_20260808_020118,ChecklistStrategy,SBIN,2025-11-03,2025-11-27,LONG,938.75,986.7,79,24,3788.05,5.11,SIGNAL
RUN_20260808_020118,ChecklistStrategy,SBIN,2025-12-16,2025-12-17,LONG,966.05,965.55,79,1,-39.5,-0.05,SIGNAL
RUN_20260808_020118,ChecklistStrategy,SBIN,2025-12-31,2026-01-08,LONG,975.25,1006.6,79,8,2476.65,3.21,SIGNAL
RUN_20260808_020118,ChecklistStrategy,SBIN,2026-02-03,2026-02-04,LONG,1087.0,1064.2,76,1,-1732.8,-2.1,STOP_LOSS
RUN_20260808_020118,ChecklistStrategy,SBIN,2026-03-10,2026-03-13,LONG,1111.1,1077.5,70,3,-2352.0,-3.02,STOP_LOSS
RUN_20260808_020118,ChecklistStrategy,SBIN,2026-03-17,2026-03-20,LONG,1073.9,1058.4,71,3,-1100.5,-1.44,SIGNAL
RUN_20260808_020118,ChecklistStrategy,SBIN,2026-04-20,2026-05-05,LONG,1080.3,1060.6,69,15,-1359.31,-1.82,SIGNAL
RUN_20260808_020118,ChecklistStrategy,SBIN,2026-06-09,2026-07-08,LONG,985.0,1029.6,75,29,3345.0,4.53,SIGNAL
RUN_20260808_020118,ChecklistStrategy,SHRIRAMFIN,2024-01-31,2024-02-01,LONG,490.0,482.2,152,1,-1185.6,-1.59,SIGNAL
RUN_20260808_020118,ChecklistStrategy,SHRIRAMFIN,2024-02-12,2024-02-13,LONG,467.0,453.4,158,1,-2148.8,-2.91,STOP_LOSS
RUN_20260808_020118,ChecklistStrategy,SHRIRAMFIN,2024-02-14,2024-03-07,LONG,457.0,474.92,155,22,2777.6,3.92,SIGNAL
RUN_20260808_020118,ChecklistStrategy,SHRIRAMFIN,2024-03-11,2024-03-14,LONG,489.2,463.0,152,3,-3982.4,-5.36,STOP_LOSS
RUN_20260808_020118,ChecklistStrategy,SHRIRAMFIN,2024-03-27,2024-04-01,LONG,482.0,474.2,150,5,-1170.0,-1.62,SIGNAL
RUN_20260808_020118,ChecklistStrategy,SHRIRAMFIN,2024-05-02,2024-05-06,LONG,509.31,520.0,138,4,1475.22,2.1,SIGNAL
RUN_20260808_020118,ChecklistStrategy,SHRIRAMFIN,2024-06-03,2024-06-05,LONG,490.0,448.38,152,2,-6326.24,-8.49,STOP_LOSS
RUN_20260808_020118,ChecklistStrategy,SHRIRAMFIN,2024-07-26,2024-08-07,LONG,541.16,578.02,124,12,4570.65,6.81,SIGNAL
RUN_20260808_020118,ChecklistStrategy,SHRIRAMFIN,2024-10-25,2024-10-28,LONG,650.86,632.8,108,3,-1950.48,-2.77,STOP_LOSS
RUN_20260808_020118,ChecklistStrategy,SHRIRAMFIN,2024-11-25,2024-11-26,LONG,585.39,592.95,120,1,907.2,1.29,SIGNAL
RUN_20260808_020118,ChecklistStrategy,SHRIRAMFIN,2024-12-03,2024-12-04,LONG,626.2,629.11,112,1,325.92,0.46,SIGNAL
RUN_20260808_020118,ChecklistStrategy,SHRIRAMFIN,2025-01-21,2025-01-31,LONG,518.0,546.4,134,10,3805.6,5.48,SIGNAL
RUN_20260808_020118,ChecklistStrategy,SHRIRAMFIN,2025-02-07,2025-02-12,LONG,567.9,538.55,127,5,-3727.45,-5.17,STOP_LOSS
RUN_20260808_020118,ChecklistStrategy,SHRIRAMFIN,2025-02-19,2025-02-27,LONG,547.8,581.3,125,8,4187.5,6.12,SIGNAL
RUN_20260808_020118,ChecklistStrategy,SHRIRAMFIN,2025-04-04,2025-04-08,LONG,655.5,623.7,111,4,-3529.8,-4.85,STOP_LOSS
RUN_20260808_020118,ChecklistStrategy,SHRIRAMFIN,2025-04-15,2025-04-29,LONG,651.95,625.0,109,14,-2937.55,-4.13,STOP_LOSS
RUN_20260808_020118,ChecklistStrategy,SHRIRAMFIN,2025-05-22,2025-06-02,LONG,652.0,638.3,103,11,-1411.1,-2.1,STOP_LOSS
RUN_20260808_020118,ChecklistStrategy,SHRIRAMFIN,2025-06-23,2025-06-24,LONG,661.8,674.0,100,1,1220.0,1.84,SIGNAL
RUN_20260808_020118,ChecklistStrategy,SHRIRAMFIN,2025-07-24,2025-07-25,LONG,660.0,625.0,103,1,-3605.0,-5.3,STOP_LOSS
RUN_20260808_020118,ChecklistStrategy,SHRIRAMFIN,2025-07-29,2025-07-31,LONG,632.0,625.0,102,2,-714.0,-1.11,SIGNAL
RUN_20260808_020118,ChecklistStrategy,SHRIRAMFIN,2025-09-01,2025-09-10,LONG,580.0,598.6,110,9,2046.0,3.21,SIGNAL
RUN_20260808_020118,ChecklistStrategy,SHRIRAMFIN,2025-09-18,2025-09-29,LONG,620.0,608.9,105,11,-1165.5,-1.79,SIGNAL
RUN_20260808_020118,ChecklistStrategy,SHRIRAMFIN,2025-10-03,2025-10-28,LONG,645.0,719.5,100,25,7450.0,11.55,SIGNAL
RUN_20260808_020118,ChecklistStrategy,SHRIRAMFIN,2025-11-03,2025-11-06,LONG,762.8,792.6,94,3,2801.2,3.91,SIGNAL
RUN_20260808_020118,ChecklistStrategy,SHRIRAMFIN,2025-11-10,2026-02-02,LONG,822.0,990.2,88,84,14801.6,20.46,SIGNAL
RUN_20260808_020118,ChecklistStrategy,SHRIRAMFIN,2026-02-06,2026-03-04,LONG,994.0,1042.3,84,26,4057.2,4.86,SIGNAL
RUN_20260808_020118,ChecklistStrategy,SHRIRAMFIN,2026-03-06,2026-03-09,LONG,1043.9,957.5,83,3,-7171.2,-8.28,STOP_LOSS
RUN_20260808_020118,ChecklistStrategy,SHRIRAMFIN,2026-04-20,2026-04-24,LONG,1040.0,1006.95,78,4,-2577.9,-3.18,STOP_LOSS
RUN_20260808_020118,ChecklistStrategy,SHRIRAMFIN,2026-05-15,2026-06-08,LONG,921.0,909.0,84,24,-1008.0,-1.3,SIGNAL
RUN_20260808_020118,ChecklistStrategy,SHRIRAMFIN,2026-07-10,2026-07-15,LONG,1049.0,1028.0,76,5,-1596.0,-2.0,STOP_LOSS
RUN_20260808_020118,ChecklistStrategy,SHRIRAMFIN,2026-07-20,2026-07-27,LONG,1040.0,1020.0,74,7,-1480.0,-1.92,SIGNAL
RUN_20260808_020118,ChecklistStrategy,SUNPHARMA,2024-02-01,2024-03-04,LONG,1427.0,1550.55,52,32,6424.6,8.66,SIGNAL
RUN_20260808_020118,ChecklistStrategy,SUNPHARMA,2024-03-15,2024-03-21,LONG,1568.75,1564.8,50,6,-197.5,-0.25,SIGNAL
RUN_20260808_020118,ChecklistStrategy,SUNPHARMA,2024-03-22,2024-03-27,LONG,1568.9,1602.0,50,5,1655.0,2.11,SIGNAL
RUN_20260808_020118,ChecklistStrategy,SUNPHARMA,2024-04-10,2024-04-15,LONG,1603.05,1517.6,50,5,-4272.5,-5.33,STOP_LOSS
RUN_20260808_020118,ChecklistStrategy,SUNPHARMA,2024-04-25,2024-05-02,LONG,1490.0,1503.0,52,7,676.0,0.87,SIGNAL
RUN_20260808_020118,ChecklistStrategy,SUNPHARMA,2024-05-21,2024-05-24,LONG,1530.0,1504.0,50,3,-1300.0,-1.7,SIGNAL
RUN_20260808_020118,ChecklistStrategy,SUNPHARMA,2024-06-13,2024-06-21,LONG,1514.6,1480.1,51,8,-1759.5,-2.28,STOP_LOSS
RUN_20260808_020118,ChecklistStrategy,SUNPHARMA,2024-07-01,2024-07-30,LONG,1520.85,1716.1,49,29,9567.25,12.84,SIGNAL
RUN_20260808_020118,ChecklistStrategy,SUNPHARMA,2024-08-05,2024-08-06,LONG,1725.0,1725.0,47,1,0.0,0.0,SIGNAL
RUN_20260808_020118,ChecklistStrategy,SUNPHARMA,2024-09-02,2024-09-04,LONG,1829.95,1811.5,45,2,-830.25,-1.01,SIGNAL
RUN_20260808_020118,ChecklistStrategy,SUNPHARMA,2024-09-05,2024-10-04,LONG,1833.2,1910.85,44,29,3416.6,4.24,SIGNAL
RUN_20260808_020118,ChecklistStrategy,SUNPHARMA,2024-10-09,2024-10-24,LONG,1894.55,1830.0,44,15,-2840.2,-3.41,STOP_LOSS
RUN_20260808_020118,ChecklistStrategy,SUNPHARMA,2024-12-16,2024-12-19,LONG,1818.7,1801.0,45,3,-796.5,-0.97,SIGNAL
RUN_20260808_020118,ChecklistStrategy,SUNPHARMA,2024-12-24,2025-01-03,LONG,1814.9,1878.0,45,10,2839.5,3.48,SIGNAL
RUN_20260808_020118,ChecklistStrategy,SUNPHARMA,2025-01-07,2025-01-09,LONG,1848.55,1841.0,45,2,-339.75,-0.41,SIGNAL
RUN_20260808_020118,ChecklistStrategy,SUNPHARMA,2025-01-15,2025-01-21,LONG,1772.8,1772.1,47,6,-32.9,-0.04,SIGNAL
RUN_20260808_020118,ChecklistStrategy,SUNPHARMA,2025-02-05,2025-02-11,LONG,1773.8,1725.2,47,6,-2284.2,-2.74,STOP_LOSS
RUN_20260808_020118,ChecklistStrategy,SUNPHARMA,2025-04-01,2025-04-04,LONG,1731.0,1778.85,47,3,2248.95,2.76,SIGNAL
RUN_20260808_020118,ChecklistStrategy,SUNPHARMA,2025-04-23,2025-05-13,LONG,1754.2,1711.0,47,20,-2030.4,-2.46,STOP_LOSS
RUN_20260808_020118,ChecklistStrategy,SUNPHARMA,2025-06-23,2025-06-24,LONG,1663.2,1670.5,49,1,357.7,0.44,SIGNAL
RUN_20260808_020118,ChecklistStrategy,SUNPHARMA,2025-07-03,2025-07-07,LONG,1677.5,1674.7,48,4,-134.4,-0.17,SIGNAL
RUN_20260808_020118,ChecklistStrategy,SUNPHARMA,2025-07-08,2025-07-09,LONG,1680.0,1660.0,48,1,-960.0,-1.19,SIGNAL
RUN_20260808_020118,ChecklistStrategy,SUNPHARMA,2025-08-26,2025-08-28,LONG,1645.0,1593.1,49,2,-2543.1,-3.16,STOP_LOSS
RUN_20260808_020118,ChecklistStrategy,SUNPHARMA,2025-09-01,2025-09-02,LONG,1599.0,1566.0,49,1,-1617.0,-2.06,STOP_LOSS
RUN_20260808_020118,ChecklistStrategy,SUNPHARMA,2025-09-17,2025-09-30,LONG,1612.6,1589.1,48,13,-1128.0,-1.46,SIGNAL
RUN_20260808_020118,ChecklistStrategy,SUNPHARMA,2025-10-17,2025-10-24,LONG,1658.2,1690.0,46,7,1462.8,1.92,SIGNAL
RUN_20260808_020118,ChecklistStrategy,SUNPHARMA,2025-11-24,2025-12-02,LONG,1785.9,1804.0,43,8,778.3,1.01,SIGNAL
RUN_20260808_020118,ChecklistStrategy,SUNPHARMA,2025-12-11,2025-12-17,LONG,1778.0,1781.0,44,6,132.0,0.17,SIGNAL
RUN_20260808_020118,ChecklistStrategy,SUNPHARMA,2025-12-18,2025-12-19,LONG,1785.0,1747.0,43,1,-1634.0,-2.13,STOP_LOSS
RUN_20260808_020118,ChecklistStrategy,SUNPHARMA,2025-12-31,2026-01-09,LONG,1720.2,1765.2,45,9,2025.0,2.62,SIGNAL
RUN_20260808_020118,ChecklistStrategy,SUNPHARMA,2026-01-13,2026-01-14,LONG,1743.0,1737.1,45,1,-265.5,-0.34,SIGNAL
RUN_20260808_020118,ChecklistStrategy,SUNPHARMA,2026-01-23,2026-01-30,LONG,1640.0,1589.3,48,7,-2433.6,-3.09,STOP_LOSS
RUN_20260808_020118,ChecklistStrategy,SUNPHARMA,2026-02-02,2026-03-12,LONG,1634.0,1828.0,48,38,9312.0,11.87,SIGNAL
RUN_20260808_020118,ChecklistStrategy,SUNPHARMA,2026-03-18,2026-03-20,LONG,1799.6,1755.1,46,2,-2047.0,-2.47,STOP_LOSS
RUN_20260808_020118,ChecklistStrategy,SUNPHARMA,2026-04-07,2026-04-13,LONG,1689.8,1654.9,48,6,-1675.2,-2.07,STOP_LOSS
RUN_20260808_020118,ChecklistStrategy,SUNPHARMA,2026-06-03,2026-06-08,LONG,1781.0,1780.7,45,5,-13.5,-0.02,SIGNAL
RUN_20260808_020118,ChecklistStrategy,SUNPHARMA,2026-07-15,2026-08-03,LONG,1955.0,1983.2,41,19,1156.2,1.44,SIGNAL
RUN_20260808_020118,ChecklistStrategy,TATACONSUM,2024-01-30,2024-01-31,LONG,1144.95,1125.0,65,1,-1296.75,-1.74,SIGNAL
RUN_20260808_020118,ChecklistStrategy,TATACONSUM,2024-02-02,2024-02-16,LONG,1132.0,1135.0,65,14,195.0,0.27,SIGNAL
RUN_20260808_020118,ChecklistStrategy,TATACONSUM,2024-03-01,2024-03-12,LONG,1204.0,1227.45,62,11,1453.9,1.95,SIGNAL
RUN_20260808_020118,ChecklistStrategy,TATACONSUM,2024-04-26,2024-05-03,LONG,1111.8,1095.0,67,7,-1125.6,-1.51,SIGNAL
RUN_20260808_020118,ChecklistStrategy,TATACONSUM,2024-05-31,2024-06-05,LONG,1069.7,1109.0,69,5,2711.7,3.67,SIGNAL
RUN_20260808_020118,ChecklistStrategy,TATACONSUM,2024-06-12,2024-06-14,LONG,1142.0,1114.6,67,2,-1835.8,-2.4,STOP_LOSS
RUN_20260808_020118,ChecklistStrategy,TATACONSUM,2024-06-19,2024-06-20,LONG,1129.7,1108.05,66,1,-1428.89,-1.92,SIGNAL
RUN_20260808_020118,ChecklistStrategy,TATACONSUM,2024-07-08,2024-08-16,LONG,1138.0,1168.0,64,39,1920.0,2.64,SIGNAL
RUN_20260808_020118,ChecklistStrategy,TATACONSUM,2024-09-05,2024-09-09,LONG,1199.5,1173.85,62,4,-1590.3,-2.14,STOP_LOSS
RUN_20260808_020118,ChecklistStrategy,TATACONSUM,2024-09-10,2024-09-23,LONG,1200.0,1222.0,62,13,1364.0,1.83,SIGNAL
RUN_20260808_020118,ChecklistStrategy,TATACONSUM,2024-09-27,2024-10-01,LONG,1213.95,1196.95,61,4,-1037.0,-1.4,SIGNAL
RUN_20260808_020118,ChecklistStrategy,TATACONSUM,2024-10-29,2024-11-14,LONG,982.0,950.0,75,16,-2400.0,-3.26,STOP_LOSS
RUN_20260808_020118,ChecklistStrategy,TATACONSUM,2024-11-19,2024-11-21,LONG,935.0,917.15,77,2,-1374.45,-1.91,SIGNAL
RUN_20260808_020118,ChecklistStrategy,TATACONSUM,2024-12-02,2024-12-03,LONG,958.65,958.05,74,1,-44.4,-0.06,SIGNAL
RUN_20260808_020118,ChecklistStrategy,TATACONSUM,2025-01-20,2025-01-27,LONG,960.0,989.05,74,7,2149.7,3.03,SIGNAL
RUN_20260808_020118,ChecklistStrategy,TATACONSUM,2025-01-30,2025-02-05,LONG,965.95,1035.1,75,6,5186.25,7.16,SIGNAL
RUN_20260808_020118,ChecklistStrategy,TATACONSUM,2025-02-07,2025-02-21,LONG,1031.9,1008.0,74,14,-1768.6,-2.32,STOP_LOSS
RUN_20260808_020118,ChecklistStrategy,TATACONSUM,2025-03-28,2025-04-25,LONG,975.5,1160.2,77,28,14221.9,18.93,SIGNAL
RUN_20260808_020118,ChecklistStrategy,TATACONSUM,2025-05-22,2025-05-23,LONG,1138.8,1126.5,75,1,-922.5,-1.08,SIGNAL
RUN_20260808_020118,ChecklistStrategy,TATACONSUM,2025-05-26,2025-05-30,LONG,1137.0,1109.8,74,4,-2012.8,-2.39,STOP_LOSS
RUN_20260808_020118,ChecklistStrategy,TATACONSUM,2025-06-20,2025-07-04,LONG,1088.3,1091.0,76,14,205.2,0.25,SIGNAL
RUN_20260808_020118,ChecklistStrategy,TATACONSUM,2025-07-08,2025-07-14,LONG,1108.0,1076.8,75,6,-2340.0,-2.82,STOP_LOSS
RUN_20260808_020118,ChecklistStrategy,TATACONSUM,2025-07-18,2025-07-22,LONG,1106.0,1089.9,74,4,-1191.4,-1.46,SIGNAL
RUN_20260808_020118,ChecklistStrategy,TATACONSUM,2025-09-01,2025-09-04,LONG,1059.1,1126.0,76,3,5084.4,6.32,SIGNAL
RUN_20260808_020118,ChecklistStrategy,TATACONSUM,2025-09-30,2025-10-14,LONG,1123.0,1115.0,75,14,-600.0,-0.71,SIGNAL
RUN_20260808_020118,ChecklistStrategy,TATACONSUM,2025-10-17,2025-11-06,LONG,1152.2,1172.1,73,20,1452.7,1.73,SIGNAL
RUN_20260808_020118,ChecklistStrategy,TATACONSUM,2025-11-20,2025-12-04,LONG,1164.9,1153.0,73,14,-868.7,-1.02,SIGNAL
RUN_20260808_020118,ChecklistStrategy,TATACONSUM,2025-12-22,2026-01-02,LONG,1184.0,1176.9,71,11,-504.1,-0.6,SIGNAL
RUN_20260808_020118,ChecklistStrategy,TATACONSUM,2026-01-06,2026-01-21,LONG,1182.1,1180.5,71,15,-113.6,-0.14,SIGNAL
RUN_20260808_020118,ChecklistStrategy,TATACONSUM,2026-01-23,2026-01-27,LONG,1178.5,1158.6,71,4,-1412.9,-1.69,SIGNAL
RUN_20260808_020118,ChecklistStrategy,TATACONSUM,2026-02-02,2026-02-05,LONG,1092.9,1149.5,73,3,4131.8,5.18,SIGNAL
RUN_20260808_020118,ChecklistStrategy,TATACONSUM,2026-02-24,2026-03-04,LONG,1161.0,1114.5,73,8,-3394.5,-4.01,STOP_LOSS
RUN_20260808_020118,ChecklistStrategy,TATACONSUM,2026-03-06,2026-03-09,LONG,1119.1,1086.7,74,3,-2397.6,-2.9,STOP_LOSS
RUN_20260808_020118,ChecklistStrategy,TATACONSUM,2026-03-16,2026-03-18,LONG,1083.6,1075.6,75,2,-600.0,-0.74,SIGNAL
RUN_20260808_020118,ChecklistStrategy,TATACONSUM,2026-04-06,2026-04-09,LONG,1043.0,1062.5,77,3,1501.5,1.87,SIGNAL
RUN_20260808_020118,ChecklistStrategy,TATACONSUM,2026-04-10,2026-05-13,LONG,1086.1,1249.1,76,33,12388.0,15.01,SIGNAL
RUN_20260808_020118,ChecklistStrategy,TATASTEEL,2024-01-30,2024-01-31,LONG,135.6,135.0,555,1,-333.0,-0.44,SIGNAL
RUN_20260808_020118,ChecklistStrategy,TATASTEEL,2024-02-28,2024-02-29,LONG,144.05,140.8,518,1,-1683.5,-2.26,STOP_LOSS
RUN_20260808_020118,ChecklistStrategy,TATASTEEL,2024-03-15,2024-03-20,LONG,142.9,149.6,515,5,3450.51,4.69,SIGNAL
RUN_20260808_020118,ChecklistStrategy,TATASTEEL,2024-05-03,2024-05-08,LONG,168.95,164.2,453,5,-2151.75,-2.81,STOP_LOSS
RUN_20260808_020118,ChecklistStrategy,TATASTEEL,2024-05-14,2024-06-05,LONG,164.1,162.15,453,22,-883.36,-1.19,SIGNAL
RUN_20260808_020118,ChecklistStrategy,TATASTEEL,2024-06-06,2024-06-26,LONG,170.0,175.68,435,20,2470.8,3.34,SIGNAL
RUN_20260808_020118,ChecklistStrategy,TATASTEEL,2024-07-23,2024-07-26,LONG,161.6,158.75,470,3,-1339.5,-1.76,SIGNAL
RUN_20260808_020118,ChecklistStrategy,TATASTEEL,2024-07-31,2024-08-05,LONG,166.29,153.66,453,5,-5721.39,-7.6,STOP_LOSS
RUN_20260808_020118,ChecklistStrategy,TATASTEEL,2024-08-19,2024-08-26,LONG,150.85,154.61,468,7,1759.68,2.49,SIGNAL
RUN_20260808_020118,ChecklistStrategy,TATASTEEL,2024-09-24,2024-10-04,LONG,155.15,167.0,463,10,5486.55,7.64,SIGNAL
RUN_20260808_020118,ChecklistStrategy,TATASTEEL,2024-11-06,2024-11-07,LONG,154.0,156.11,495,1,1044.45,1.37,SIGNAL
RUN_20260808_020118,ChecklistStrategy,TATASTEEL,2024-11-22,2024-11-28,LONG,140.15,144.0,543,6,2090.55,2.75,SIGNAL
RUN_20260808_020118,ChecklistStrategy,TATASTEEL,2024-12-16,2024-12-18,LONG,148.94,146.0,521,2,-1531.74,-1.97,SIGNAL
RUN_20260808_020118,ChecklistStrategy,TATASTEEL,2025-01-29,2025-02-17,LONG,129.0,132.91,595,19,2326.45,3.03,SIGNAL
RUN_20260808_020118,ChecklistStrategy,TATASTEEL,2025-02-19,2025-03-11,LONG,134.5,148.1,581,20,7901.6,10.11,SIGNAL
RUN_20260808_020118,ChecklistStrategy,TATASTEEL,2025-04-29,2025-05-21,LONG,142.07,159.45,592,22,10288.95,12.23,SIGNAL
RUN_20260808_020118,ChecklistStrategy,TATASTEEL,2025-06-05,2025-06-11,LONG,158.86,156.45,580,6,-1397.8,-1.52,SIGNAL
RUN_20260808_020118,ChecklistStrategy,TATASTEEL,2025-07-03,2025-07-04,LONG,166.0,165.91,547,1,-49.23,-0.05,SIGNAL
RUN_20260808_020118,ChecklistStrategy,TATASTEEL,2025-07-11,2025-07-17,LONG,160.64,157.5,564,6,-1770.96,-1.95,SIGNAL
RUN_20260808_020118,ChecklistStrategy,TATASTEEL,2025-07-30,2025-08-01,LONG,161.69,157.93,552,2,-2075.53,-2.33,STOP_LOSS
RUN_20260808_020118,ChecklistStrategy,TATASTEEL,2025-08-08,2025-08-11,LONG,159.5,157.95,549,3,-850.95,-0.97,SIGNAL
RUN_20260808_020118,ChecklistStrategy,TATASTEEL,2025-08-20,2025-08-28,LONG,158.2,155.78,546,8,-1321.32,-1.53,SIGNAL
RUN_20260808_020118,ChecklistStrategy,TATASTEEL,2025-09-04,2025-09-09,LONG,169.0,169.3,512,5,153.6,0.18,SIGNAL
RUN_20260808_020118,ChecklistStrategy,TATASTEEL,2025-09-30,2025-10-15,LONG,169.5,170.83,509,15,676.97,0.78,SIGNAL
RUN_20260808_020118,ChecklistStrategy,TATASTEEL,2025-10-16,2025-10-24,LONG,173.0,174.6,499,8,798.4,0.92,SIGNAL
RUN_20260808_020118,ChecklistStrategy,TATASTEEL,2025-12-08,2025-12-09,LONG,167.09,163.39,521,1,-1927.7,-2.21,STOP_LOSS
RUN_20260808_020118,ChecklistStrategy,TATASTEEL,2025-12-18,2025-12-23,LONG,169.92,169.35,502,5,-286.14,-0.34,SIGNAL
RUN_20260808_020118,ChecklistStrategy,TATASTEEL,2026-01-15,2026-01-21,LONG,189.25,183.56,451,6,-2566.19,-3.01,STOP_LOSS
RUN_20260808_020118,ChecklistStrategy,TATASTEEL,2026-01-22,2026-03-13,LONG,185.89,191.95,452,50,2739.12,3.26,SIGNAL
RUN_20260808_020118,ChecklistStrategy,TATASTEEL,2026-05-06,2026-05-13,LONG,214.0,213.24,404,7,-307.04,-0.36,SIGNAL
RUN_20260808_020118,ChecklistStrategy,TATASTEEL,2026-05-19,2026-06-09,LONG,210.59,203.0,406,21,-3081.54,-3.6,STOP_LOSS
RUN_20260808_020118,ChecklistStrategy,TATASTEEL,2026-06-10,2026-06-12,LONG,203.0,200.0,407,2,-1221.0,-1.48,SIGNAL
RUN_20260808_020118,ChecklistStrategy,TCS,2024-02-23,2024-02-27,LONG,4130.0,3999.0,18,4,-2358.0,-3.17,STOP_LOSS
RUN_20260808_020118,ChecklistStrategy,TCS,2024-02-28,2024-03-04,LONG,4095.6,4105.0,17,5,159.8,0.23,SIGNAL
RUN_20260808_020118,ChecklistStrategy,TCS,2024-03-07,2024-03-20,LONG,4065.0,3986.0,18,13,-1422.0,-1.94,SIGNAL
RUN_20260808_020118,ChecklistStrategy,TCS,2024-04-01,2024-04-09,LONG,3897.7,3984.0,18,8,1553.4,2.21,SIGNAL
RUN_20260808_020118,ChecklistStrategy,TCS,2024-05-10,2024-05-15,LONG,3962.6,3904.5,18,5,-1045.8,-1.47,SIGNAL
RUN_20260808_020118,ChecklistStrategy,TCS,2024-05-17,2024-05-21,LONG,3919.0,3830.6,18,4,-1591.2,-2.26,STOP_LOSS
RUN_20260808_020118,ChecklistStrategy,TCS,2024-06-05,2024-06-24,LONG,3716.0,3808.75,19,19,1762.25,2.5,SIGNAL
RUN_20260808_020118,ChecklistStrategy,TCS,2024-07-02,2024-07-11,LONG,3993.6,3931.0,18,9,-1126.8,-1.57,SIGNAL
RUN_20260808_020118,ChecklistStrategy,TCS,2024-09-05,2024-09-13,LONG,4481.0,4530.0,16,8,784.0,1.09,SIGNAL
RUN_20260808_020118,ChecklistStrategy,TCS,2024-11-12,2024-11-19,LONG,4216.0,4019.9,17,7,-3333.7,-4.65,STOP_LOSS
RUN_20260808_020118,ChecklistStrategy,TCS,2024-12-03,2024-12-20,LONG,4314.35,4329.0,16,17,234.4,0.34,SIGNAL
RUN_20260808_020118,ChecklistStrategy,TCS,2025-01-09,2025-01-10,LONG,4101.0,4200.0,17,1,1683.0,2.41,SIGNAL
RUN_20260808_020118,ChecklistStrategy,TCS,2025-03-28,2025-04-02,LONG,3651.0,3544.0,19,5,-2033.0,-2.93,STOP_LOSS
RUN_20260808_020118,ChecklistStrategy,TCS,2025-05-06,2025-05-14,LONG,3460.0,3521.0,20,8,1220.0,1.76,SIGNAL
RUN_20260808_020118,ChecklistStrategy,TCS,2025-05-15,2025-05-23,LONG,3564.0,3477.0,19,8,-1653.0,-2.44,STOP_LOSS
RUN_20260808_020118,ChecklistStrategy,TCS,2025-05-26,2025-06-03,LONG,3521.0,3446.0,19,8,-1425.0,-2.13,STOP_LOSS
RUN_20260808_020118,ChecklistStrategy,TCS,2025-06-18,2025-06-19,LONG,3519.1,3450.0,19,1,-1312.9,-1.96,SIGNAL
RUN_20260808_020118,ChecklistStrategy,TCS,2025-07-01,2025-07-03,LONG,3455.0,3430.0,19,2,-475.0,-0.72,SIGNAL
RUN_20260808_020118,ChecklistStrategy,TCS,2025-11-03,2025-11-10,LONG,3046.9,2993.0,21,7,-1131.9,-1.77,SIGNAL
RUN_20260808_020118,ChecklistStrategy,TCS,2025-11-24,2025-11-25,LONG,3158.0,3145.3,20,1,-254.0,-0.4,SIGNAL
RUN_20260808_020118,ChecklistStrategy,TCS,2025-12-12,2026-01-21,LONG,3197.7,3100.0,20,40,-1954.0,-3.06,STOP_LOSS
RUN_20260808_020118,ChecklistStrategy,TCS,2026-03-23,2026-04-02,LONG,2365.0,2386.0,26,10,546.0,0.89,SIGNAL
RUN_20260808_020118,ChecklistStrategy,TCS,2026-04-06,2026-04-24,LONG,2474.0,2488.0,26,18,364.0,0.57,SIGNAL
RUN_20260808_020118,ChecklistStrategy,TCS,2026-04-28,2026-05-11,LONG,2444.0,2371.0,26,13,-1898.0,-2.99,STOP_LOSS
RUN_20260808_020118,ChecklistStrategy,TCS,2026-05-15,2026-06-02,LONG,2252.0,2320.0,28,18,1904.0,3.02,SIGNAL
RUN_20260808_020118,ChecklistStrategy,TCS,2026-06-22,2026-06-24,LONG,2132.2,2061.0,30,2,-2136.0,-3.34,STOP_LOSS
RUN_20260808_020118,ChecklistStrategy,TCS,2026-07-08,2026-07-09,LONG,2094.0,2057.5,30,1,-1095.0,-1.74,SIGNAL
RUN_20260808_020118,ChecklistStrategy,TECHM,2024-02-07,2024-02-08,LONG,1351.5,1326.0,55,1,-1402.5,-1.89,SIGNAL
RUN_20260808_020118,ChecklistStrategy,TECHM,2024-02-14,2024-02-29,LONG,1310.0,1280.0,55,15,-1650.0,-2.29,STOP_LOSS
RUN_20260808_020118,ChecklistStrategy,TECHM,2024-03-05,2024-03-18,LONG,1274.9,1282.0,56,13,397.6,0.56,SIGNAL
RUN_20260808_020118,ChecklistStrategy,TECHM,2024-04-26,2024-04-29,LONG,1250.0,1290.0,61,3,2440.0,3.2,SIGNAL
RUN_20260808_020118,ChecklistStrategy,TECHM,2024-05-07,2024-05-31,LONG,1268.0,1245.95,59,24,-1300.95,-1.74,SIGNAL
RUN_20260808_020118,ChecklistStrategy,TECHM,2024-06-05,2024-06-11,LONG,1260.0,1348.9,59,6,5245.1,7.06,SIGNAL
RUN_20260808_020118,ChecklistStrategy,TECHM,2024-06-12,2024-07-29,LONG,1364.8,1545.65,57,47,10308.45,13.25,SIGNAL
RUN_20260808_020118,ChecklistStrategy,TECHM,2024-09-11,2024-09-24,LONG,1612.0,1601.55,53,13,-553.85,-0.65,SIGNAL
RUN_20260808_020118,ChecklistStrategy,TECHM,2024-09-25,2024-09-26,LONG,1637.1,1610.0,51,1,-1382.1,-1.66,SIGNAL
RUN_20260808_020118,ChecklistStrategy,TECHM,2024-10-07,2024-10-21,LONG,1624.95,1745.0,51,14,6122.55,7.39,SIGNAL
RUN_20260808_020118,ChecklistStrategy,TECHM,2024-10-24,2024-10-30,LONG,1735.05,1704.1,50,6,-1547.5,-1.78,SIGNAL
RUN_20260808_020118,ChecklistStrategy,TECHM,2024-11-11,2024-12-23,LONG,1672.8,1690.9,51,42,923.1,1.08,SIGNAL
RUN_20260808_020118,ChecklistStrategy,TECHM,2025-01-21,2025-01-22,LONG,1674.6,1642.7,52,1,-1658.8,-1.9,SIGNAL
RUN_20260808_020118,ChecklistStrategy,TECHM,2025-02-13,2025-02-17,LONG,1675.0,1655.9,51,4,-974.1,-1.14,SIGNAL
RUN_20260808_020118,ChecklistStrategy,TECHM,2025-03-05,2025-03-13,LONG,1488.25,1442.0,57,8,-2636.25,-3.11,STOP_LOSS
RUN_20260808_020118,ChecklistStrategy,TECHM,2025-03-21,2025-04-07,LONG,1390.05,1245.0,59,17,-8557.95,-10.43,STOP_LOSS
RUN_20260808_020118,ChecklistStrategy,TECHM,2025-05-30,2025-06-03,LONG,1595.0,1555.9,48,4,-1876.8,-2.45,STOP_LOSS
RUN_20260808_020118,ChecklistStrategy,TECHM,2025-07-03,2025-07-08,LONG,1684.9,1623.0,45,5,-2785.5,-3.67,STOP_LOSS
RUN_20260808_020118,ChecklistStrategy,TECHM,2025-07-24,2025-07-25,LONG,1554.0,1490.1,47,1,-3003.3,-4.11,STOP_LOSS
RUN_20260808_020118,ChecklistStrategy,TECHM,2025-08-20,2025-09-24,LONG,1488.0,1470.0,47,35,-846.0,-1.21,SIGNAL
RUN_20260808_020118,ChecklistStrategy,TECHM,2025-10-17,2025-10-21,LONG,1465.0,1450.0,48,4,-720.0,-1.02,SIGNAL
RUN_20260808_020118,ChecklistStrategy,TECHM,2025-10-28,2025-10-29,LONG,1469.0,1453.0,47,1,-752.0,-1.09,SIGNAL
RUN_20260808_020118,ChecklistStrategy,TECHM,2025-11-11,2026-01-12,LONG,1405.0,1572.1,49,62,8187.9,11.89,SIGNAL
RUN_20260808_020118,ChecklistStrategy,TECHM,2026-01-22,2026-01-23,LONG,1695.0,1699.0,44,1,176.0,0.24,SIGNAL
RUN_20260808_020118,ChecklistStrategy,TECHM,2026-02-05,2026-02-13,LONG,1630.1,1482.6,46,8,-6785.0,-9.05,STOP_LOSS
RUN_20260808_020118,ChecklistStrategy,TECHM,2026-03-13,2026-03-30,LONG,1342.5,1380.0,52,17,1950.0,2.79,SIGNAL
RUN_20260808_020118,ChecklistStrategy,TECHM,2026-04-06,2026-04-27,LONG,1435.0,1362.9,50,21,-3605.0,-5.02,STOP_LOSS
RUN_20260808_020118,ChecklistStrategy,TECHM,2026-05-11,2026-05-13,LONG,1460.0,1392.9,47,2,-3153.7,-4.6,STOP_LOSS
RUN_20260808_020118,ChecklistStrategy,TECHM,2026-07-08,2026-07-09,LONG,1441.0,1426.0,46,1,-690.0,-1.04,SIGNAL
RUN_20260808_020118,ChecklistStrategy,TITAN,2024-01-25,2024-01-31,LONG,3770.4,3749.0,19,6,-406.6,-0.57,SIGNAL
RUN_20260808_020118,ChecklistStrategy,TITAN,2024-02-28,2024-02-29,LONG,3655.0,3595.2,20,1,-1196.0,-1.64,SIGNAL
RUN_20260808_020118,ChecklistStrategy,TITAN,2024-03-01,2024-03-18,LONG,3630.0,3619.0,20,17,-220.0,-0.3,SIGNAL
RUN_20260808_020118,ChecklistStrategy,TITAN,2024-04-03,2024-04-15,LONG,3745.1,3607.0,19,12,-2623.9,-3.69,STOP_LOSS
RUN_20260808_020118,ChecklistStrategy,TITAN,2024-04-18,2024-04-19,LONG,3645.9,3525.1,19,1,-2295.2,-3.31,STOP_LOSS
RUN_20260808_020118,ChecklistStrategy,TITAN,2024-04-22,2024-04-25,LONG,3567.0,3595.0,19,3,532.0,0.78,SIGNAL
RUN_20260808_020118,ChecklistStrategy,TITAN,2024-05-24,2024-05-30,LONG,3452.1,3365.0,20,6,-1742.0,-2.52,STOP_LOSS
RUN_20260808_020118,ChecklistStrategy,TITAN,2024-06-05,2024-06-11,LONG,3266.0,3418.2,21,6,3196.2,4.66,SIGNAL
RUN_20260808_020118,ChecklistStrategy,TITAN,2024-07-31,2024-08-06,LONG,3479.05,3380.95,20,6,-1962.0,-2.82,STOP_LOSS
RUN_20260808_020118,ChecklistStrategy,TITAN,2024-08-21,2024-09-02,LONG,3474.9,3565.15,20,12,1805.0,2.6,SIGNAL
RUN_20260808_020118,ChecklistStrategy,TITAN,2024-09-27,2024-10-04,LONG,3774.0,3625.0,18,7,-2682.0,-3.95,STOP_LOSS
RUN_20260808_020118,ChecklistStrategy,TITAN,2024-11-25,2024-11-28,LONG,3360.0,3292.0,20,3,-1360.0,-2.02,STOP_LOSS
RUN_20260808_020118,ChecklistStrategy,TITAN,2024-12-24,2024-12-30,LONG,3385.35,3309.95,19,6,-1432.6,-2.23,STOP_LOSS
RUN_20260808_020118,ChecklistStrategy,TITAN,2025-03-28,2025-04-02,LONG,3094.0,3011.0,21,5,-1743.0,-2.68,STOP_LOSS
RUN_20260808_020118,ChecklistStrategy,TITAN,2025-05-07,2025-06-04,LONG,3280.0,3506.1,19,28,4295.9,6.89,SIGNAL
RUN_20260808_020118,ChecklistStrategy,TITAN,2025-06-12,2025-06-13,LONG,3548.0,3409.7,19,1,-2627.7,-3.9,STOP_LOSS
RUN_20260808_020118,ChecklistStrategy,TITAN,2025-07-25,2025-07-29,LONG,3476.4,3390.0,19,4,-1641.6,-2.49,STOP_LOSS
RUN_20260808_020118,ChecklistStrategy,TITAN,2025-08-12,2025-08-13,LONG,3467.9,3486.8,18,1,340.2,0.54,SIGNAL
RUN_20260808_020118,ChecklistStrategy,TITAN,2025-09-17,2025-09-18,LONG,3561.9,3530.0,18,1,-574.2,-0.9,SIGNAL
RUN_20260808_020118,ChecklistStrategy,TITAN,2025-09-30,2025-10-01,LONG,3452.0,3370.0,19,1,-1558.0,-2.38,STOP_LOSS
RUN_20260808_020118,ChecklistStrategy,TITAN,2025-10-10,2025-11-25,LONG,3548.9,3874.4,18,46,5859.0,9.17,SIGNAL
RUN_20260808_020118,ChecklistStrategy,TITAN,2025-12-12,2025-12-22,LONG,3844.8,3940.0,17,10,1618.4,2.48,SIGNAL
RUN_20260808_020118,ChecklistStrategy,TITAN,2025-12-29,2026-01-09,LONG,4010.0,4231.0,17,11,3757.0,5.51,SIGNAL
RUN_20260808_020118,ChecklistStrategy,TITAN,2026-01-30,2026-03-24,LONG,3945.0,3950.3,18,53,95.4,0.13,SIGNAL
RUN_20260808_020118,ChecklistStrategy,TITAN,2026-04-13,2026-04-20,LONG,4391.1,4532.1,16,7,2256.0,3.21,SIGNAL
RUN_20260808_020118,ChecklistStrategy,TITAN,2026-04-28,2026-05-08,LONG,4412.3,4314.0,16,10,-1572.8,-2.23,STOP_LOSS
RUN_20260808_020118,ChecklistStrategy,TRENT,2024-03-07,2024-03-27,LONG,3890.0,3882.5,19,20,-142.5,-0.19,SIGNAL
RUN_20260808_020118,ChecklistStrategy,TRENT,2024-04-01,2024-04-02,LONG,3974.95,3900.0,18,1,-1349.1,-1.89,SIGNAL
RUN_20260808_020118,ChecklistStrategy,TRENT,2024-04-04,2024-05-02,LONG,3950.0,4409.9,18,28,8278.2,11.64,SIGNAL
RUN_20260808_020118,ChecklistStrategy,TRENT,2024-05-03,2024-05-06,LONG,4680.2,4555.0,17,3,-2128.4,-2.68,STOP_LOSS
RUN_20260808_020118,ChecklistStrategy,TRENT,2024-06-05,2024-07-25,LONG,4684.0,5274.9,17,50,10045.3,12.62,SIGNAL
RUN_20260808_020118,ChecklistStrategy,TRENT,2024-10-08,2024-10-22,LONG,7520.0,7634.95,11,14,1264.45,1.53,SIGNAL
RUN_20260808_020118,ChecklistStrategy,TRENT,2024-12-02,2024-12-23,LONG,6777.05,6870.0,12,21,1115.4,1.37,SIGNAL
RUN_20260808_020118,ChecklistStrategy,TRENT,2024-12-24,2024-12-31,LONG,6976.0,6954.0,12,7,-264.0,-0.32,SIGNAL
RUN_20260808_020118,ChecklistStrategy,TRENT,2025-01-13,2025-01-14,LONG,6462.65,6237.4,13,1,-2928.25,-3.49,STOP_LOSS
RUN_20260808_020118,ChecklistStrategy,TRENT,2025-02-10,2025-02-11,LONG,5460.0,5211.55,15,1,-3726.75,-4.55,STOP_LOSS
RUN_20260808_020118,ChecklistStrategy,TRENT,2025-03-12,2025-04-01,LONG,5010.6,5350.85,16,20,5444.0,6.79,SIGNAL
RUN_20260808_020118,ChecklistStrategy,TRENT,2025-04-24,2025-04-28,LONG,5311.0,5124.5,16,4,-2984.0,-3.51,STOP_LOSS
RUN_20260808_020118,ChecklistStrategy,TRENT,2025-05-15,2025-05-26,LONG,5362.0,5455.0,15,11,1395.0,1.73,SIGNAL
RUN_20260808_020118,ChecklistStrategy,TRENT,2025-07-30,2025-08-05,LONG,5011.5,5245.0,17,6,3969.5,4.66,SIGNAL
RUN_20260808_020118,ChecklistStrategy,TRENT,2025-08-06,2025-08-19,LONG,5350.0,5550.0,16,13,3200.0,3.74,SIGNAL
RUN_20260808_020118,ChecklistStrategy,TRENT,2025-09-16,2025-09-18,LONG,5154.0,5215.0,17,2,1037.0,1.18,SIGNAL
RUN_20260808_020118,ChecklistStrategy,TRENT,2025-10-16,2025-10-24,LONG,4743.0,4796.0,19,8,1007.0,1.12,SIGNAL
RUN_20260808_020118,ChecklistStrategy,TRENT,2025-11-12,2025-12-02,LONG,4330.0,4218.1,21,20,-2349.9,-2.58,STOP_LOSS
RUN_20260808_020118,ChecklistStrategy,TRENT,2025-12-12,2026-01-02,LONG,4077.9,2866.67,22,21,-26647.13,-29.7,STOP_LOSS
RUN_20260808_020118,ChecklistStrategy,TRENT,2026-01-08,2026-01-09,LONG,2719.2,2653.33,25,1,-1646.67,-2.42,STOP_LOSS
RUN_20260808_020118,ChecklistStrategy,TRENT,2026-01-23,2026-01-27,LONG,2560.0,2517.73,27,4,-1141.2,-1.65,SIGNAL
RUN_20260808_020118,ChecklistStrategy,TRENT,2026-02-12,2026-02-20,LONG,2812.6,2709.87,24,8,-2465.6,-3.65,STOP_LOSS
RUN_20260808_020118,ChecklistStrategy,TRENT,2026-03-02,2026-03-12,LONG,2503.67,2402.0,25,10,-2541.67,-4.06,STOP_LOSS
RUN_20260808_020118,ChecklistStrategy,TRENT,2026-03-17,2026-03-20,LONG,2395.33,2339.33,26,3,-1456.0,-2.34,STOP_LOSS
RUN_20260808_020118,ChecklistStrategy,TRENT,2026-03-23,2026-03-24,LONG,2334.8,2300.07,26,1,-903.07,-1.49,SIGNAL
RUN_20260808_020118,ChecklistStrategy,TRENT,2026-05-06,2026-05-13,LONG,2771.93,2692.33,22,7,-1751.2,-2.87,STOP_LOSS
RUN_20260808_020118,ChecklistStrategy,TRENT,2026-05-28,2026-06-02,LONG,2832.4,2703.6,21,5,-2704.8,-4.55,STOP_LOSS
RUN_20260808_020118,ChecklistStrategy,ULTRACEMCO,2024-02-05,2024-02-09,LONG,10050.0,10074.8,7,4,173.6,0.25,SIGNAL
RUN_20260808_020118,ChecklistStrategy,ULTRACEMCO,2024-02-15,2024-02-22,LONG,9835.9,10000.0,7,7,1148.7,1.67,SIGNAL
RUN_20260808_020118,ChecklistStrategy,ULTRACEMCO,2024-02-26,2024-02-28,LONG,9999.05,9960.0,7,2,-273.35,-0.39,SIGNAL
RUN_20260808_020118,ChecklistStrategy,ULTRACEMCO,2024-03-11,2024-03-12,LONG,9694.05,9728.95,7,1,244.3,0.36,SIGNAL
RUN_20260808_020118,ChecklistStrategy,ULTRACEMCO,2024-03-14,2024-03-18,LONG,9455.0,9625.0,7,4,1190.0,1.8,SIGNAL
RUN_20260808_020118,ChecklistStrategy,ULTRACEMCO,2024-04-09,2024-04-10,LONG,9900.0,9810.0,7,1,-630.0,-0.91,SIGNAL
RUN_20260808_020118,ChecklistStrategy,ULTRACEMCO,2024-04-12,2024-04-16,LONG,9789.95,9448.9,7,4,-2387.35,-3.48,STOP_LOSS
RUN_20260808_020118,ChecklistStrategy,ULTRACEMCO,2024-06-06,2024-06-14,LONG,9995.0,11170.0,7,8,8225.0,11.76,SIGNAL
RUN_20260808_020118,ChecklistStrategy,ULTRACEMCO,2024-06-25,2024-06-26,LONG,10801.95,10907.7,7,1,740.25,0.98,SIGNAL
RUN_20260808_020118,ChecklistStrategy,ULTRACEMCO,2024-07-23,2024-07-31,LONG,11649.95,11818.95,7,8,1183.0,1.45,SIGNAL
RUN_20260808_020118,ChecklistStrategy,ULTRACEMCO,2024-08-30,2024-09-06,LONG,11225.05,11500.0,7,7,1924.65,2.45,SIGNAL
RUN_20260808_020118,ChecklistStrategy,ULTRACEMCO,2024-09-26,2024-09-30,LONG,11835.0,11924.0,7,4,623.0,0.75,SIGNAL
RUN_20260808_020118,ChecklistStrategy,ULTRACEMCO,2024-10-03,2024-10-04,LONG,11627.1,11700.0,7,1,510.3,0.63,SIGNAL
RUN_20260808_020118,ChecklistStrategy,ULTRACEMCO,2024-10-09,2024-10-11,LONG,11404.05,11390.75,7,2,-93.1,-0.12,SIGNAL
RUN_20260808_020118,ChecklistStrategy,ULTRACEMCO,2024-10-21,2024-10-23,LONG,11050.0,10821.95,7,2,-1596.35,-2.06,STOP_LOSS
RUN_20260808_020118,ChecklistStrategy,ULTRACEMCO,2024-10-25,2024-10-30,LONG,11063.7,11115.0,7,5,359.1,0.46,SIGNAL
RUN_20260808_020118,ChecklistStrategy,ULTRACEMCO,2024-11-06,2024-11-12,LONG,11225.0,10970.5,7,6,-1781.5,-2.27,STOP_LOSS
RUN_20260808_020118,ChecklistStrategy,ULTRACEMCO,2024-12-02,2024-12-12,LONG,11206.7,11944.0,7,10,5161.1,6.58,SIGNAL
RUN_20260808_020118,ChecklistStrategy,ULTRACEMCO,2024-12-16,2024-12-18,LONG,12050.0,11775.0,7,2,-1925.0,-2.28,STOP_LOSS
RUN_20260808_020118,ChecklistStrategy,ULTRACEMCO,2025-01-08,2025-01-09,LONG,11618.55,11403.55,7,1,-1505.0,-1.85,SIGNAL
RUN_20260808_020118,ChecklistStrategy,ULTRACEMCO,2025-01-24,2025-01-27,LONG,11251.0,11260.0,7,3,63.0,0.08,SIGNAL
RUN_20260808_020118,ChecklistStrategy,ULTRACEMCO,2025-01-29,2025-02-17,LONG,11296.35,11219.0,7,19,-541.45,-0.68,SIGNAL
RUN_20260808_020118,ChecklistStrategy,ULTRACEMCO,2025-03-20,2025-04-09,LONG,10931.15,11288.85,7,20,2503.89,3.27,SIGNAL
RUN_20260808_020118,ChecklistStrategy,ULTRACEMCO,2025-05-07,2025-05-12,LONG,11651.0,11590.0,7,5,-427.0,-0.52,SIGNAL
RUN_20260808_020118,ChecklistStrategy,ULTRACEMCO,2025-05-16,2025-05-21,LONG,11950.0,11697.0,7,5,-1771.0,-2.12,STOP_LOSS
RUN_20260808_020118,ChecklistStrategy,ULTRACEMCO,2025-05-30,2025-06-04,LONG,11265.0,11040.0,7,5,-1575.0,-2.0,SIGNAL
RUN_20260808_020118,ChecklistStrategy,ULTRACEMCO,2025-06-05,2025-06-13,LONG,11038.0,11111.0,7,8,511.0,0.66,SIGNAL
RUN_20260808_020118,ChecklistStrategy,ULTRACEMCO,2025-06-19,2025-06-25,LONG,11400.0,11635.0,7,6,1645.0,2.06,SIGNAL
RUN_20260808_020118,ChecklistStrategy,ULTRACEMCO,2025-09-01,2025-09-05,LONG,12639.0,12680.0,6,4,246.0,0.32,SIGNAL
RUN_20260808_020118,ChecklistStrategy,ULTRACEMCO,2025-09-09,2025-09-10,LONG,12699.0,12625.0,6,1,-444.0,-0.58,SIGNAL
RUN_20260808_020118,ChecklistStrategy,ULTRACEMCO,2025-10-01,2025-10-06,LONG,12274.0,12019.0,6,5,-1530.0,-2.08,STOP_LOSS
RUN_20260808_020118,ChecklistStrategy,ULTRACEMCO,2025-10-28,2025-11-03,LONG,12025.0,11927.0,6,6,-588.0,-0.81,SIGNAL
RUN_20260808_020118,ChecklistStrategy,ULTRACEMCO,2026-01-13,2026-01-14,LONG,12050.0,12074.0,6,1,144.0,0.2,SIGNAL
RUN_20260808_020118,ChecklistStrategy,ULTRACEMCO,2026-01-19,2026-01-20,LONG,12350.0,12225.0,6,1,-750.0,-1.01,SIGNAL
RUN_20260808_020118,ChecklistStrategy,ULTRACEMCO,2026-01-22,2026-01-28,LONG,12293.0,12640.0,6,6,2082.0,2.82,SIGNAL
RUN_20260808_020118,ChecklistStrategy,ULTRACEMCO,2026-03-06,2026-03-10,LONG,12160.0,11606.0,6,4,-3324.0,-4.56,STOP_LOSS
RUN_20260808_020118,ChecklistStrategy,ULTRACEMCO,2026-03-11,2026-03-13,LONG,11650.0,11000.0,6,2,-3900.0,-5.58,STOP_LOSS
RUN_20260808_020118,ChecklistStrategy,ULTRACEMCO,2026-03-23,2026-03-24,LONG,10877.0,10650.0,6,1,-1362.0,-2.09,STOP_LOSS
RUN_20260808_020118,ChecklistStrategy,ULTRACEMCO,2026-04-17,2026-05-13,LONG,11820.0,11500.0,6,26,-1920.0,-2.71,STOP_LOSS
RUN_20260808_020118,ChecklistStrategy,ULTRACEMCO,2026-05-28,2026-06-02,LONG,11689.0,11142.0,6,5,-3282.0,-4.68,STOP_LOSS
RUN_20260808_020118,ChecklistStrategy,ULTRACEMCO,2026-06-19,2026-07-22,LONG,11311.0,12081.0,6,33,4620.0,6.81,SIGNAL
RUN_20260808_020118,ChecklistStrategy,WIPRO,2024-01-25,2024-01-29,LONG,239.02,235.0,313,4,-1259.82,-1.68,SIGNAL
RUN_20260808_020118,ChecklistStrategy,WIPRO,2024-01-30,2024-01-31,LONG,237.2,236.25,312,1,-296.4,-0.4,SIGNAL
RUN_20260808_020118,ChecklistStrategy,WIPRO,2024-02-01,2024-03-18,LONG,238.77,259.0,308,46,6229.3,8.47,SIGNAL
RUN_20260808_020118,ChecklistStrategy,WIPRO,2024-03-26,2024-03-28,LONG,243.0,238.35,321,2,-1492.65,-1.91,SIGNAL
RUN_20260808_020118,ChecklistStrategy,WIPRO,2024-04-04,2024-04-10,LONG,242.9,238.75,319,6,-1323.85,-1.71,SIGNAL
RUN_20260808_020118,ChecklistStrategy,WIPRO,2024-04-22,2024-04-29,LONG,226.38,233.82,336,7,2503.2,3.29,SIGNAL
RUN_20260808_020118,ChecklistStrategy,WIPRO,2024-05-29,2024-05-31,LONG,227.0,218.77,342,2,-2812.95,-3.63,STOP_LOSS
RUN_20260808_020118,ChecklistStrategy,WIPRO,2024-06-03,2024-06-05,LONG,225.1,219.85,346,2,-1816.5,-2.33,STOP_LOSS
RUN_20260808_020118,ChecklistStrategy,WIPRO,2024-06-28,2024-07-24,LONG,256.0,251.25,291,26,-1382.25,-1.86,SIGNAL
RUN_20260808_020118,ChecklistStrategy,WIPRO,2024-09-04,2024-09-09,LONG,264.0,258.55,274,5,-1493.3,-2.06,STOP_LOSS
RUN_20260808_020118,ChecklistStrategy,WIPRO,2024-09-23,2024-10-09,LONG,269.55,264.9,268,16,-1246.2,-1.73,SIGNAL
RUN_20260808_020118,ChecklistStrategy,WIPRO,2024-11-21,2024-11-22,LONG,281.0,280.98,253,1,-6.32,-0.01,SIGNAL
RUN_20260808_020118,ChecklistStrategy,WIPRO,2024-12-02,2024-12-13,LONG,291.23,309.1,246,11,4397.25,6.14,SIGNAL
RUN_20260808_020118,ChecklistStrategy,WIPRO,2025-02-04,2025-02-13,LONG,318.0,310.3,237,9,-1824.9,-2.42,STOP_LOSS
RUN_20260808_020118,ChecklistStrategy,WIPRO,2025-02-19,2025-02-25,LONG,311.25,294.35,234,6,-3954.6,-5.43,STOP_LOSS
RUN_20260808_020118,ChecklistStrategy,WIPRO,2025-03-04,2025-03-13,LONG,279.0,268.55,247,9,-2581.15,-3.75,STOP_LOSS
RUN_20260808_020118,ChecklistStrategy,WIPRO,2025-04-17,2025-04-22,LONG,235.0,238.45,275,5,948.75,1.47,SIGNAL
RUN_20260808_020118,ChecklistStrategy,WIPRO,2025-05-15,2025-05-23,LONG,253.2,246.1,272,8,-1931.2,-2.8,STOP_LOSS
RUN_20260808_020118,ChecklistStrategy,WIPRO,2025-09-02,2025-09-04,LONG,250.36,249.5,269,2,-231.34,-0.34,SIGNAL
RUN_20260808_020118,ChecklistStrategy,WIPRO,2025-09-16,2025-09-24,LONG,252.0,248.33,267,8,-979.89,-1.46,SIGNAL
RUN_20260808_020118,ChecklistStrategy,WIPRO,2025-09-30,2025-10-06,LONG,239.93,240.0,277,6,19.39,0.03,SIGNAL
RUN_20260808_020118,ChecklistStrategy,WIPRO,2025-12-02,2025-12-05,LONG,250.0,258.2,265,3,2173.0,3.28,SIGNAL
RUN_20260808_020118,ChecklistStrategy,WIPRO,2026-01-01,2026-01-05,LONG,264.5,269.45,258,4,1277.1,1.87,SIGNAL
RUN_20260808_020118,ChecklistStrategy,WIPRO,2026-01-07,2026-01-09,LONG,265.0,261.35,259,2,-945.35,-1.38,SIGNAL
RUN_20260808_020118,ChecklistStrategy,WIPRO,2026-02-05,2026-02-13,LONG,233.34,210.65,292,8,-6625.48,-9.72,STOP_LOSS
RUN_20260808_020118,ChecklistStrategy,WIPRO,2026-02-18,2026-02-19,LONG,216.2,214.0,293,1,-644.6,-1.02,SIGNAL
RUN_20260808_020118,ChecklistStrategy,WIPRO,2026-03-10,2026-03-12,LONG,200.5,201.06,315,2,176.4,0.28,SIGNAL
RUN_20260808_020118,ChecklistStrategy,WIPRO,2026-04-15,2026-04-27,LONG,206.5,199.36,309,12,-2206.26,-3.46,STOP_LOSS
RUN_20260808_020118,ChecklistStrategy,WIPRO,2026-04-28,2026-04-29,LONG,204.56,201.58,298,1,-888.04,-1.46,SIGNAL
RUN_20260808_020118,ChecklistStrategy,WIPRO,2026-06-02,2026-06-08,LONG,208.0,193.39,292,6,-4266.12,-7.02,STOP_LOSS
RUN_20260808_020118,ChecklistStrategy,WIPRO,2026-07-03,2026-07-13,LONG,176.2,174.6,328,10,-524.8,-0.91,SIGNAL
