2026-08-17 13:10:48,NESTLEIND,1476.6
2026-08-17 13:10:48,SBILIFE,1789.0
2026-08-17 13:10:48,EICHERMOT,8070.0
2026-08-17 13:10:48,NTPC,338.5
2026-08-17 13:10:48,GRASIM,3257.5
2026-08-17 13:10:48,APOLLOHOSP,8876.0
2026-08-17 13:10:51,SBILIFE,1788.6
2026-08-17 13:10:53,EICHERMOT,8070.5
2026-08-17 13:10:53,NTPC,338.4
2026-08-17 13:10:54,EICHERMOT,8073.0
2026-08-17 13:10:55,SBILIFE,1788.5
2026-08-17 13:10:56,GRASIM,3258.0
2026-08-17 13:10:57,NESTLEIND,1477.0
2026-08-17 13:10:57,NTPC,338.5
2026-08-17 13:10:58,EICHERMOT,8070.0
2026-08-17 13:10:58,GRASIM,3257.5
2026-08-17 13:10:59,NESTLEIND,1476.6
2026-08-17 13:11:00,SBILIFE,1788.6
2026-08-17 13:11:00,NTPC,338.7
2026-08-17 13:11:02,SBILIFE,1789.0
2026-08-17 13:11:02,NESTLEIND,1477.0
2026-08-17 13:11:02,GRASIM,3258.0
2026-08-17 13:11:02,NTPC,338.6
2026-08-17 13:11:02,NESTLEIND,1476.6
2026-08-17 13:11:03,NTPC,338.7
2026-08-17 13:11:03,GRASIM,3257.5
2026-08-17 13:11:04,EICHERMOT,8073.0
2026-08-17 13:11:05,SBILIFE,1788.6
2026-08-17 13:11:05,APOLLOHOSP,8872.0
2026-08-17 13:11:07,GRASIM,3256.2
2026-08-17 13:11:07,NTPC,338.6
2026-08-17 13:11:07,SBILIFE,1789.0
2026-08-17 13:11:07,GRASIM,3256.5
2026-08-17 13:11:09,APOLLOHOSP,8875.5
2026-08-17 13:11:11,SBILIFE,1788.6
2026-08-17 13:11:11,NTPC,338.55
2026-08-17 13:11:12,NESTLEIND,1476.9
2026-08-17 13:11:12,GRASIM,3256.3
2026-08-17 13:11:13,EICHERMOT,8070.0
2026-08-17 13:11:13,NESTLEIND,1476.6
2026-08-17 13:11:13,NTPC,338.7
2026-08-17 13:11:14,GRASIM,3256.1
2026-08-17 13:11:16,SBILIFE,1789.0
2026-08-17 13:11:16,NESTLEIND,1476.9
2026-08-17 13:11:16,GRASIM,3257.7
2026-08-17 13:11:17,NESTLEIND,1476.5
2026-08-17 13:11:17,EICHERMOT,8072.5
2026-08-17 13:11:21,SBILIFE,1788.7
2026-08-17 13:11:23,EICHERMOT,8070.0
2026-08-17 13:11:23,GRASIM,3256.2
2026-08-17 13:11:27,EICHERMOT,8073.0
2026-08-17 13:11:27,NTPC,338.55
2026-08-17 13:11:29,EICHERMOT,8070.0
2026-08-17 13:11:29,GRASIM,3256.4
2026-08-17 13:11:29,NESTLEIND,1476.1
2026-08-17 13:11:29,SBILIFE,1788.9
2026-08-17 13:11:29,NTPC,338.65
2026-08-17 13:11:30,NESTLEIND,1476.5
2026-08-17 13:11:30,GRASIM,3256.1
2026-08-17 13:11:31,EICHERMOT,8072.5
2026-08-17 13:11:31,NTPC,338.6
2026-08-17 13:11:32,NESTLEIND,1476.2
2026-08-17 13:11:32,EICHERMOT,8073.0
2026-08-17 13:11:32,NTPC,338.65
2026-08-17 13:11:33,EICHERMOT,8070.0
2026-08-17 13:11:33,NTPC,338.6
2026-08-17 13:11:33,GRASIM,3258.0
2026-08-17 13:11:35,NTPC,338.65
2026-08-17 13:11:35,SBILIFE,1788.8
2026-08-17 13:11:37,EICHERMOT,8073.0
2026-08-17 13:11:39,SBILIFE,1788.7
2026-08-17 13:11:41,NESTLEIND,1476.5
2026-08-17 13:11:41,NTPC,338.7
2026-08-17 13:11:41,GRASIM,3257.7
2026-08-17 13:11:42,NTPC,338.65
2026-08-17 13:11:42,NTPC,338.7
2026-08-17 13:11:43,EICHERMOT,8070.0
2026-08-17 13:11:43,NESTLEIND,1476.3
2026-08-17 13:11:43,EICHERMOT,8072.5
2026-08-17 13:11:43,GRASIM,3256.3
2026-08-17 13:11:44,NESTLEIND,1476.2
2026-08-17 13:11:44,SBILIFE,1789.0
2026-08-17 13:11:44,EICHERMOT,8070.0
2026-08-17 13:11:44,NTPC,338.65
2026-08-17 13:11:45,SBILIFE,1788.8
2026-08-17 13:11:45,NTPC,338.7
2026-08-17 13:11:46,NESTLEIND,1476.5
2026-08-17 13:11:46,SBILIFE,1789.6
2026-08-17 13:11:46,EICHERMOT,8072.5
2026-08-17 13:11:46,APOLLOHOSP,8876.0
2026-08-17 13:11:47,GRASIM,3257.9
2026-08-17 13:11:47,EICHERMOT,8073.0
2026-08-17 13:11:48,GRASIM,3256.8
2026-08-17 13:11:49,NESTLEIND,1476.2
2026-08-17 13:11:49,EICHERMOT,8073.5
2026-08-17 13:11:50,SBILIFE,1788.8
2026-08-17 13:11:50,NTPC,338.65
2026-08-17 13:11:51,NTPC,338.6
2026-08-17 13:11:52,NTPC,338.7
2026-08-17 13:11:53,EICHERMOT,8072.5
2026-08-17 13:11:55,EICHERMOT,8073.5
2026-08-17 13:11:57,NESTLEIND,1476.7
2026-08-17 13:11:57,GRASIM,3257.9
2026-08-17 13:11:57,NTPC,338.65
2026-08-17 13:11:58,EICHERMOT,8074.0
2026-08-17 13:11:59,NESTLEIND,1476.8
2026-08-17 13:11:59,SBILIFE,1789.0
2026-08-17 13:12:00,NTPC,338.7
2026-08-17 13:12:02,NESTLEIND,1476.9
2026-08-17 13:12:02,NTPC,338.65
2026-08-17 13:12:03,GRASIM,3256.8
2026-08-17 13:12:03,NESTLEIND,1476.8
2026-08-17 13:12:03,EICHERMOT,8073.5
2026-08-17 13:12:04,NESTLEIND,1476.9
2026-08-17 13:12:05,SBILIFE,1789.1
2026-08-17 13:12:05,GRASIM,3257.9
2026-08-17 13:12:07,EICHERMOT,8074.0
2026-08-17 13:12:08,GRASIM,3256.8
2026-08-17 13:12:10,NESTLEIND,1476.8
2026-08-17 13:12:10,NTPC,338.7
2026-08-17 13:12:11,NTPC,338.65
2026-08-17 13:12:12,NESTLEIND,1476.9
2026-08-17 13:12:13,EICHERMOT,8072.0
2026-08-17 13:12:13,NESTLEIND,1476.8
2026-08-17 13:12:15,NESTLEIND,1476.9
2026-08-17 13:12:16,SBILIFE,1789.5
2026-08-17 13:12:16,GRASIM,3257.9
2026-08-17 13:12:17,EICHERMOT,8074.0
2026-08-17 13:12:21,GRASIM,3256.8
2026-08-17 13:12:21,GRASIM,3257.9
2026-08-17 13:12:22,NESTLEIND,1476.8
2026-08-17 13:12:23,EICHERMOT,8072.0
2026-08-17 13:12:24,GRASIM,3256.4
2026-08-17 13:12:25,SBILIFE,1789.1
2026-08-17 13:12:27,NESTLEIND,1477.0
2026-08-17 13:12:27,GRASIM,3257.8
2026-08-17 13:12:28,GRASIM,3256.3
2026-08-17 13:12:29,NESTLEIND,1476.8
2026-08-17 13:12:30,NESTLEIND,1477.0
2026-08-17 13:12:30,NTPC,338.55
2026-08-17 13:12:31,EICHERMOT,8074.0
2026-08-17 13:12:33,EICHERMOT,8072.0
2026-08-17 13:12:33,EICHERMOT,8074.0
2026-08-17 13:12:33,NTPC,338.65
2026-08-17 13:12:36,NTPC,338.6
2026-08-17 13:12:37,SBILIFE,1789.5
2026-08-17 13:12:37,NTPC,338.65
2026-08-17 13:12:41,APOLLOHOSP,8875.0
2026-08-17 13:12:41,NESTLEIND,1477.5
2026-08-17 13:12:41,SBILIFE,1789.2
2026-08-17 13:12:41,EICHERMOT,8072.0
2026-08-17 13:12:41,GRASIM,3258.1
2026-08-17 13:12:42,NTPC,338.6
2026-08-17 13:12:42,NESTLEIND,1477.0
2026-08-17 13:12:44,SBILIFE,1789.3
2026-08-17 13:12:45,EICHERMOT,8074.0
2026-08-17 13:12:45,GRASIM,3257.8
2026-08-17 13:12:46,NESTLEIND,1477.5
2026-08-17 13:12:46,SBILIFE,1789.5
2026-08-17 13:12:46,NTPC,338.65
2026-08-17 13:12:47,NTPC,338.6
2026-08-17 13:12:47,GRASIM,3255.6
2026-08-17 13:12:47,NTPC,338.65
2026-08-17 13:12:48,NESTLEIND,1477.0
2026-08-17 13:12:49,NESTLEIND,1476.8
2026-08-17 13:18:25,NESTLEIND,1476.2
2026-08-17 13:18:25,SBILIFE,1788.0
2026-08-17 13:18:25,EICHERMOT,8065.0
2026-08-17 13:18:25,NTPC,338.9
2026-08-17 13:18:25,GRASIM,3260.9
2026-08-17 13:18:25,APOLLOHOSP,8872.5
2026-08-17 13:18:25,NESTLEIND,1476.3
2026-08-17 13:18:25,SBILIFE,1787.5
2026-08-17 13:18:26,NTPC,338.85
2026-08-17 13:18:27,EICHERMOT,8067.0
2026-08-17 13:18:27,NTPC,338.9
2026-08-17 13:18:28,GRASIM,3260.0
2026-08-17 13:18:29,APOLLOHOSP,8875.5
2026-08-17 13:18:29,NESTLEIND,1476.2
2026-08-17 13:18:30,GRASIM,3259.4
2026-08-17 13:18:31,EICHERMOT,8065.0
2026-08-17 13:18:32,NESTLEIND,1476.0
2026-08-17 13:18:33,GRASIM,3259.2
2026-08-17 13:18:35,GRASIM,3260.9
2026-08-17 13:18:35,GRASIM,3262.4
2026-08-17 13:18:36,NTPC,338.75
2026-08-17 13:18:37,EICHERMOT,8067.0
2026-08-17 13:18:38,GRASIM,3261.6
2026-08-17 13:18:40,NTPC,338.9
2026-08-17 13:18:41,NESTLEIND,1476.3
2026-08-17 13:18:41,NTPC,338.75
2026-08-17 13:18:41,GRASIM,3262.6
2026-08-17 13:18:42,EICHERMOT,8065.0
2026-08-17 13:18:42,NTPC,338.9
2026-08-17 13:18:43,NESTLEIND,1476.4
2026-08-17 13:18:44,SBILIFE,1788.0
2026-08-17 13:18:45,APOLLOHOSP,8875.0
2026-08-17 13:18:45,SBILIFE,1787.5
2026-08-17 13:18:45,EICHERMOT,8067.0
2026-08-17 13:18:45,GRASIM,3263.0
2026-08-17 13:18:45,APOLLOHOSP,8875.5
2026-08-17 13:18:46,NESTLEIND,1476.7
2026-08-17 13:18:46,SBILIFE,1788.0
2026-08-17 13:18:46,APOLLOHOSP,8875.0
2026-08-17 13:18:47,NTPC,338.75
2026-08-17 13:18:47,GRASIM,3262.1
2026-08-17 13:18:49,NESTLEIND,1476.4
2026-08-17 13:18:49,GRASIM,3262.0
2026-08-17 13:18:51,SBILIFE,1787.5
2026-08-17 13:18:52,EICHERMOT,8065.0
2026-08-17 13:18:52,GRASIM,3262.1
2026-08-17 13:18:53,GRASIM,3263.0
2026-08-17 13:18:53,NESTLEIND,1476.7
2026-08-17 13:18:53,NTPC,338.9
2026-08-17 13:18:54,SBILIFE,1788.1
2026-08-17 13:18:54,NESTLEIND,1476.4
2026-08-17 13:18:55,SBILIFE,1787.6
2026-08-17 13:18:55,NTPC,338.75
2026-08-17 13:18:56,NESTLEIND,1476.8
2026-08-17 13:18:56,SBILIFE,1787.5
2026-08-17 13:18:57,EICHERMOT,8067.0
2026-08-17 13:18:58,NESTLEIND,1477.0
2026-08-17 13:18:58,NTPC,338.9
2026-08-17 13:18:59,EICHERMOT,8065.0
2026-08-17 13:18:59,GRASIM,3264.8
2026-08-17 13:19:01,GRASIM,3264.7
2026-08-17 13:19:01,SBILIFE,1788.0
2026-08-17 13:19:01,NTPC,338.85
2026-08-17 13:19:01,GRASIM,3263.2
2026-08-17 13:19:01,APOLLOHOSP,8875.5
2026-08-17 13:19:02,NESTLEIND,1476.8
2026-08-17 13:19:03,GRASIM,3263.1
2026-08-17 13:19:03,NESTLEIND,1477.0
2026-08-17 13:19:05,SBILIFE,1787.5
2026-08-17 13:19:07,EICHERMOT,8067.0
2026-08-17 13:19:07,NTPC,338.9
2026-08-17 13:19:08,GRASIM,3263.9
2026-08-17 13:19:11,NTPC,338.75
2026-08-17 13:19:12,NESTLEIND,1476.8
2026-08-17 13:19:12,SBILIFE,1787.8
2026-08-17 13:19:12,EICHERMOT,8065.0
2026-08-17 13:19:15,SBILIFE,1787.5
2026-08-17 13:19:15,GRASIM,3264.0
2026-08-17 13:19:16,NESTLEIND,1477.0
2026-08-17 13:19:16,SBILIFE,1787.9
2026-08-17 13:19:16,NTPC,338.85
2026-08-17 13:19:17,EICHERMOT,8067.0
2026-08-17 13:19:17,GRASIM,3264.7
2026-08-17 13:19:19,EICHERMOT,8067.5
2026-08-17 13:19:19,APOLLOHOSP,8876.0
2026-08-17 13:19:20,GRASIM,3265.0
2026-08-17 13:19:21,SBILIFE,1787.5
2026-08-17 13:19:22,NESTLEIND,1476.8
2026-08-17 13:19:22,EICHERMOT,8065.0
2026-08-17 13:19:23,APOLLOHOSP,8862.5
2026-08-17 13:19:24,GRASIM,3265.8
2026-08-17 13:19:24,APOLLOHOSP,8868.0
2026-08-17 13:19:25,SBILIFE,1787.9
2026-08-17 13:19:25,APOLLOHOSP,8869.5
2026-08-17 13:19:27,GRASIM,3266.2
2026-08-17 13:19:27,NESTLEIND,1477.0
2026-08-17 13:19:27,EICHERMOT,8067.5
2026-08-17 13:19:27,GRASIM,3266.0
2026-08-17 13:19:27,APOLLOHOSP,8868.5
2026-08-17 13:19:28,GRASIM,3265.1
2026-08-17 13:19:28,NESTLEIND,1476.9
2026-08-17 13:19:29,APOLLOHOSP,8865.5
2026-08-17 13:19:29,NESTLEIND,1476.8
2026-08-17 13:19:30,EICHERMOT,8067.0
2026-08-17 13:19:30,GRASIM,3265.9
2026-08-17 13:19:30,APOLLOHOSP,8869.0
2026-08-17 13:19:31,EICHERMOT,8067.5
2026-08-17 13:19:31,NESTLEIND,1476.9
2026-08-17 13:19:31,APOLLOHOSP,8869.5
2026-08-17 13:19:32,NESTLEIND,1476.8
2026-08-17 13:19:32,APOLLOHOSP,8868.5
2026-08-17 13:19:33,EICHERMOT,8065.0
2026-08-17 13:19:33,NTPC,338.75
2026-08-17 13:19:34,SBILIFE,1788.0
2026-08-17 13:19:34,NTPC,338.85
2026-08-17 13:19:35,EICHERMOT,8067.5
2026-08-17 13:19:35,APOLLOHOSP,8869.5
2026-08-17 13:19:38,NTPC,338.75
2026-08-17 13:19:41,SBILIFE,1788.5
2026-08-17 13:19:41,EICHERMOT,8065.0
2026-08-17 13:19:41,NESTLEIND,1476.9
2026-08-17 13:19:42,NESTLEIND,1476.8
2026-08-17 13:19:42,APOLLOHOSP,8870.0
2026-08-17 13:19:44,GRASIM,3266.5
2026-08-17 13:19:45,SBILIFE,1788.0
2026-08-17 13:19:45,NESTLEIND,1476.9
2026-08-17 13:19:45,EICHERMOT,8067.5
2026-08-17 13:19:45,GRASIM,3267.0
2026-08-17 13:19:46,APOLLOHOSP,8870.5
2026-08-17 13:19:46,SBILIFE,1788.5
2026-08-17 13:19:46,NTPC,338.8
2026-08-17 13:19:46,GRASIM,3266.9
2026-08-17 13:19:47,EICHERMOT,8065.0
2026-08-17 13:19:47,EICHERMOT,8067.5
2026-08-17 13:19:47,APOLLOHOSP,8868.0
2026-08-17 13:19:48,NESTLEIND,1476.8
2026-08-17 13:19:48,NTPC,338.75
2026-08-17 13:19:49,GRASIM,3266.0
2026-08-17 13:19:49,NESTLEIND,1476.9
2026-08-17 13:19:49,APOLLOHOSP,8867.5
2026-08-17 13:19:51,EICHERMOT,8065.0
2026-08-17 13:19:51,SBILIFE,1788.0
2026-08-17 13:19:51,NTPC,338.9
2026-08-17 13:19:52,NESTLEIND,1476.8
2026-08-17 13:19:52,APOLLOHOSP,8870.5
2026-08-17 13:19:53,GRASIM,3266.6
2026-08-17 13:19:53,NTPC,338.75
2026-08-17 13:19:54,GRASIM,3266.0
2026-08-17 13:19:55,EICHERMOT,8067.5
2026-08-17 13:19:55,NTPC,338.65
2026-08-17 13:19:55,GRASIM,3265.9
2026-08-17 13:19:56,NESTLEIND,1476.9
2026-08-17 13:19:57,APOLLOHOSP,8870.0
2026-08-17 13:19:58,NTPC,338.7
2026-08-17 13:19:59,NESTLEIND,1476.8
2026-08-17 13:20:00,EICHERMOT,8065.0
2026-08-17 13:20:01,GRASIM,3266.0
2026-08-17 13:20:03,GRASIM,3265.0
2026-08-17 13:20:03,NTPC,338.8
2026-08-17 13:20:05,NTPC,338.9
2026-08-17 13:20:06,NESTLEIND,1476.9
2026-08-17 13:20:06,NTPC,338.8
2026-08-17 13:20:08,GRASIM,3263.9
2026-08-17 13:20:08,NESTLEIND,1476.8
2026-08-17 13:20:11,GRASIM,3265.0
2026-08-17 13:20:11,NESTLEIND,1476.9
2026-08-17 13:20:11,NTPC,338.75
2026-08-17 13:20:13,NESTLEIND,1476.8
2026-08-17 13:20:14,GRASIM,3265.7
2026-08-17 13:20:16,GRASIM,3265.8
2026-08-17 13:20:16,NESTLEIND,1476.9
2026-08-17 13:20:16,SBILIFE,1788.5
2026-08-17 13:20:16,NTPC,338.85
2026-08-17 13:20:17,GRASIM,3265.9
2026-08-17 13:20:17,EICHERMOT,8067.5
2026-08-17 13:20:18,NESTLEIND,1477.0
2026-08-17 13:20:21,NESTLEIND,1476.8
2026-08-17 13:20:23,EICHERMOT,8065.0
2026-08-17 13:20:23,NTPC,338.75
2026-08-17 13:20:24,NESTLEIND,1477.0
2026-08-17 13:20:25,SBILIFE,1787.8
2026-08-17 13:20:25,NTPC,338.85
2026-08-17 13:20:27,EICHERMOT,8067.5
2026-08-17 13:20:27,NTPC,338.75
2026-08-17 13:20:28,GRASIM,3265.0
2026-08-17 13:20:29,EICHERMOT,8069.0
2026-08-17 13:20:29,NESTLEIND,1476.9
2026-08-17 13:20:30,NTPC,338.7
2026-08-17 13:20:30,NESTLEIND,1477.0
2026-08-17 13:20:32,NESTLEIND,1476.9
2026-08-17 13:20:33,SBILIFE,1788.4
2026-08-17 13:20:33,EICHERMOT,8065.5
2026-08-17 13:20:33,NTPC,338.85
2026-08-17 13:20:33,NESTLEIND,1477.0
2026-08-17 13:20:33,NTPC,338.7
2026-08-17 13:20:34,NESTLEIND,1476.9
2026-08-17 13:20:35,GRASIM,3265.9
2026-08-17 13:20:36,NESTLEIND,1477.0
2026-08-17 13:20:36,SBILIFE,1787.5
2026-08-17 13:20:36,GRASIM,3265.0
2026-08-17 13:20:37,EICHERMOT,8067.5
2026-08-17 13:20:39,EICHERMOT,8068.0
2026-08-17 13:20:42,NESTLEIND,1476.9
2026-08-17 13:20:42,APOLLOHOSP,8866.0
2026-08-17 13:20:43,EICHERMOT,8065.0
2026-08-17 13:20:43,NTPC,338.75
2026-08-17 13:20:45,GRASIM,3265.9
2026-08-17 13:20:45,SBILIFE,1787.6
2026-08-17 13:20:45,EICHERMOT,8067.5
2026-08-17 13:20:46,APOLLOHOSP,8870.0
2026-08-17 13:20:46,NESTLEIND,1477.0
2026-08-17 13:20:46,SBILIFE,1787.9
2026-08-17 13:20:47,APOLLOHOSP,8871.0
2026-08-17 13:20:48,GRASIM,3265.0
2026-08-17 13:20:50,EICHERMOT,8067.0
2026-08-17 13:20:51,SBILIFE,1787.3
2026-08-17 13:20:51,NTPC,338.7
2026-08-17 13:20:52,NESTLEIND,1476.9
2026-08-17 13:20:53,EICHERMOT,8065.0
2026-08-17 13:20:55,NESTLEIND,1477.0
2026-08-17 13:20:55,APOLLOHOSP,8870.0
2026-08-17 13:20:56,NTPC,338.65
2026-08-17 13:20:56,SBILIFE,1787.4
2026-08-17 13:20:57,EICHERMOT,8068.0
2026-08-17 13:20:57,GRASIM,3264.6
2026-08-17 13:20:57,APOLLOHOSP,8870.5
2026-08-17 13:20:58,NESTLEIND,1476.9
2026-08-17 13:20:58,EICHERMOT,8065.0
2026-08-17 13:20:59,APOLLOHOSP,8873.5
2026-08-17 13:21:00,GRASIM,3265.0
2026-08-17 13:21:01,NESTLEIND,1477.0
2026-08-17 13:21:01,SBILIFE,1787.9
2026-08-17 13:21:01,NTPC,338.8
2026-08-17 13:21:01,GRASIM,3265.6
2026-08-17 13:21:02,NESTLEIND,1476.9
2026-08-17 13:21:03,NTPC,338.65
2026-08-17 13:21:04,NESTLEIND,1477.0
2026-08-17 13:21:05,SBILIFE,1787.3
2026-08-17 13:21:05,NTPC,338.8
2026-08-17 13:21:06,GRASIM,3265.0
2026-08-17 13:21:06,APOLLOHOSP,8873.0
2026-08-17 13:21:07,EICHERMOT,8068.0
2026-08-17 13:21:07,SBILIFE,1787.9
2026-08-17 13:21:08,NTPC,338.65
2026-08-17 13:21:10,NESTLEIND,1476.9
2026-08-17 13:21:11,NESTLEIND,1477.0
2026-08-17 13:21:11,SBILIFE,1787.3
2026-08-17 13:21:11,GRASIM,3265.9
2026-08-17 13:21:12,NESTLEIND,1476.9
2026-08-17 13:21:13,EICHERMOT,8065.0
2026-08-17 13:21:14,NTPC,338.8
2026-08-17 13:21:15,SBILIFE,1787.4
2026-08-17 13:21:16,NESTLEIND,1477.0
2026-08-17 13:21:16,SBILIFE,1787.9
2026-08-17 13:21:17,EICHERMOT,8067.5
2026-08-17 13:21:18,SBILIFE,1786.9
2026-08-17 13:21:18,NTPC,338.65
2026-08-17 13:21:19,SBILIFE,1787.0
2026-08-17 13:21:22,NESTLEIND,1476.9
2026-08-17 13:21:23,EICHERMOT,8064.5
2026-08-17 13:21:23,GRASIM,3265.5
2026-08-17 13:21:23,GRASIM,3265.0
2026-08-17 13:21:24,EICHERMOT,8063.5
2026-08-17 13:21:25,SBILIFE,1786.8
2026-08-17 13:21:26,NESTLEIND,1477.0
2026-08-17 13:21:27,EICHERMOT,8064.5
2026-08-17 13:21:29,NESTLEIND,1476.9
2026-08-17 13:21:29,SBILIFE,1787.6
2026-08-17 13:21:29,NTPC,338.8
2026-08-17 13:21:29,EICHERMOT,8066.5
2026-08-17 13:21:30,NESTLEIND,1477.0
2026-08-17 13:21:31,NTPC,338.65
2026-08-17 13:21:32,NESTLEIND,1476.9
2026-08-17 13:21:33,EICHERMOT,8063.5
2026-08-17 13:21:35,SBILIFE,1786.9
2026-08-17 13:21:35,EICHERMOT,8064.5
2026-08-17 13:21:38,GRASIM,3265.5
2026-08-17 13:21:39,GRASIM,3265.0
2026-08-17 13:21:41,NESTLEIND,1477.0
2026-08-17 13:21:41,SBILIFE,1787.4
2026-08-17 13:21:41,EICHERMOT,8067.5
2026-08-17 13:21:41,GRASIM,3265.5
2026-08-17 13:21:42,NESTLEIND,1476.9
2026-08-17 13:21:42,EICHERMOT,8063.5
2026-08-17 13:21:45,NTPC,338.75
2026-08-17 13:21:45,GRASIM,3267.1
2026-08-17 13:21:45,APOLLOHOSP,8873.5
2026-08-17 13:21:46,NESTLEIND,1477.0
2026-08-17 13:21:46,SBILIFE,1787.9
2026-08-17 13:21:46,GRASIM,3267.2
2026-08-17 13:21:47,NESTLEIND,1476.9
2026-08-17 13:21:47,EICHERMOT,8067.5
2026-08-17 13:21:48,GRASIM,3265.7
2026-08-17 13:21:48,NTPC,338.6
2026-08-17 13:21:50,EICHERMOT,8066.0
2026-08-17 13:21:51,SBILIFE,1787.0
2026-08-17 13:21:52,NTPC,338.75
2026-08-17 13:21:53,NTPC,338.6
2026-08-17 13:21:53,GRASIM,3265.3
2026-08-17 13:21:55,GRASIM,3266.8
2026-08-17 13:21:55,EICHERMOT,8067.5
2026-08-17 13:21:57,SBILIFE,1787.2
2026-08-17 13:21:57,NESTLEIND,1477.0
2026-08-17 13:21:57,EICHERMOT,8067.0
2026-08-17 13:21:58,NESTLEIND,1476.9
2026-08-17 13:21:59,EICHERMOT,8067.5
2026-08-17 13:22:00,NTPC,338.65
2026-08-17 13:22:01,SBILIFE,1786.8
2026-08-17 13:22:01,NTPC,338.7
2026-08-17 13:22:01,GRASIM,3265.5
2026-08-17 13:22:01,EICHERMOT,8066.0
2026-08-17 13:22:01,APOLLOHOSP,8870.0
2026-08-17 13:22:02,GRASIM,3265.6
2026-08-17 13:22:03,SBILIFE,1788.1
2026-08-17 13:22:03,NTPC,338.6
2026-08-17 13:22:03,APOLLOHOSP,8873.0
2026-08-17 13:22:05,NESTLEIND,1477.0
2026-08-17 13:22:06,SBILIFE,1787.2
2026-08-17 13:22:06,GRASIM,3267.7
2026-08-17 13:22:07,EICHERMOT,8067.5
2026-08-17 13:22:07,GRASIM,3267.2
2026-08-17 13:22:07,APOLLOHOSP,8873.5
2026-08-17 13:22:08,GRASIM,3265.7
2026-08-17 13:22:10,SBILIFE,1788.4
2026-08-17 13:22:11,EICHERMOT,8066.0
2026-08-17 13:22:12,NESTLEIND,1476.9
2026-08-17 13:22:13,NTPC,338.65
2026-08-17 13:22:13,GRASIM,3265.6
2026-08-17 13:22:14,SBILIFE,1787.9
2026-08-17 13:22:14,EICHERMOT,8067.5
2026-08-17 13:22:15,SBILIFE,1787.4
2026-08-17 13:22:15,NTPC,338.6
2026-08-17 13:22:16,NESTLEIND,1477.0
2026-08-17 13:22:16,NTPC,338.65
2026-08-17 13:22:16,GRASIM,3267.5
2026-08-17 13:22:18,NTPC,338.6
2026-08-17 13:22:18,NTPC,338.65
2026-08-17 13:22:19,GRASIM,3267.7
2026-08-17 13:22:19,EICHERMOT,8066.0
2026-08-17 13:22:20,NTPC,338.7
2026-08-17 13:22:21,SBILIFE,1788.3
2026-08-17 13:22:21,NTPC,338.55
2026-08-17 13:22:21,GRASIM,3267.6
2026-08-17 13:22:22,NESTLEIND,1476.9
2026-08-17 13:22:23,SBILIFE,1788.5
2026-08-17 13:22:24,GRASIM,3266.3
2026-08-17 13:22:25,NESTLEIND,1477.0
2026-08-17 13:22:25,SBILIFE,1787.9
2026-08-17 13:22:25,NTPC,338.65
2026-08-17 13:22:25,GRASIM,3267.7
2026-08-17 13:22:26,NTPC,338.6
2026-08-17 13:22:26,SBILIFE,1787.7
2026-08-17 13:22:27,GRASIM,3267.8
2026-08-17 13:22:27,EICHERMOT,8067.5
2026-08-17 13:22:27,GRASIM,3266.3
2026-08-17 13:22:28,SBILIFE,1787.6
2026-08-17 13:22:29,NESTLEIND,1476.9
2026-08-17 13:22:29,NTPC,338.65
2026-08-17 13:22:29,EICHERMOT,8068.0
2026-08-17 13:22:29,GRASIM,3267.6
2026-08-17 13:22:30,SBILIFE,1787.7
2026-08-17 13:22:31,EICHERMOT,8066.0
2026-08-17 13:22:31,GRASIM,3267.4
2026-08-17 13:22:31,NTPC,338.6
2026-08-17 13:22:31,GRASIM,3267.9
2026-08-17 13:22:32,NESTLEIND,1477.0
2026-08-17 13:22:32,NESTLEIND,1476.9
2026-08-17 13:22:33,NESTLEIND,1477.0
2026-08-17 13:22:34,NESTLEIND,1476.9
2026-08-17 13:22:35,NESTLEIND,1477.0
2026-08-17 13:22:35,SBILIFE,1787.8
2026-08-17 13:22:39,EICHERMOT,8068.0
2026-08-17 13:22:39,SBILIFE,1787.3
2026-08-17 13:22:42,NESTLEIND,1476.9
2026-08-17 13:22:42,EICHERMOT,8065.0
2026-08-17 13:22:43,EICHERMOT,8068.0
2026-08-17 13:22:44,EICHERMOT,8065.0
2026-08-17 13:22:45,NESTLEIND,1477.0
2026-08-17 13:22:45,SBILIFE,1786.8
2026-08-17 13:22:45,NESTLEIND,1476.9
2026-08-17 13:22:45,EICHERMOT,8067.5
2026-08-17 13:22:45,GRASIM,3268.0
2026-08-17 13:22:46,NESTLEIND,1477.0
2026-08-17 13:22:46,SBILIFE,1787.1
2026-08-17 13:22:46,NTPC,338.65
2026-08-17 13:22:47,GRASIM,3267.0
2026-08-17 13:22:49,NESTLEIND,1476.8
2026-08-17 13:22:49,NTPC,338.6
2026-08-17 13:22:49,EICHERMOT,8068.0
2026-08-17 13:22:49,APOLLOHOSP,8870.5
2026-08-17 13:22:50,SBILIFE,1787.0
2026-08-17 13:22:51,SBILIFE,1787.3
2026-08-17 13:22:53,NESTLEIND,1476.5
2026-08-17 13:22:53,EICHERMOT,8066.0
2026-08-17 13:22:53,GRASIM,3268.0
2026-08-17 13:22:53,NTPC,338.65
2026-08-17 13:22:54,APOLLOHOSP,8872.5
2026-08-17 13:22:54,SBILIFE,1787.5
2026-08-17 13:22:55,SBILIFE,1787.7
2026-08-17 13:22:55,NTPC,338.6
2026-08-17 13:22:56,EICHERMOT,8068.0
2026-08-17 13:22:57,NESTLEIND,1476.7
2026-08-17 13:22:57,GRASIM,3268.8
2026-08-17 13:22:59,NESTLEIND,1476.5
2026-08-17 13:22:59,GRASIM,3268.0
2026-08-17 13:23:00,NESTLEIND,1476.6
2026-08-17 13:23:00,SBILIFE,1787.5
2026-08-17 13:23:01,SBILIFE,1787.7
2026-08-17 13:23:02,NESTLEIND,1476.5
2026-08-17 13:23:03,NESTLEIND,1476.6
2026-08-17 13:23:03,EICHERMOT,8066.0
2026-08-17 13:23:05,SBILIFE,1787.5
2026-08-17 13:23:05,NTPC,338.65
2026-08-17 13:23:07,NTPC,338.6
2026-08-17 13:23:07,EICHERMOT,8068.0
2026-08-17 13:23:07,GRASIM,3269.0
2026-08-17 13:23:07,NTPC,338.7
2026-08-17 13:23:08,NESTLEIND,1476.5
2026-08-17 13:23:09,NESTLEIND,1476.6
2026-08-17 13:23:09,SBILIFE,1787.6
2026-08-17 13:23:11,APOLLOHOSP,8870.5
2026-08-17 13:23:11,EICHERMOT,8069.0
2026-08-17 13:23:11,APOLLOHOSP,8872.5
2026-08-17 13:23:11,NTPC,338.8
2026-08-17 13:23:12,GRASIM,3270.0
2026-08-17 13:23:12,NESTLEIND,1476.5
2026-08-17 13:23:12,EICHERMOT,8066.0
2026-08-17 13:23:13,NTPC,338.75
2026-08-17 13:23:13,GRASIM,3269.7
2026-08-17 13:23:14,SBILIFE,1788.8
2026-08-17 13:23:15,SBILIFE,1787.8
2026-08-17 13:23:17,NESTLEIND,1476.6
2026-08-17 13:23:17,SBILIFE,1788.6
2026-08-17 13:23:17,NTPC,338.8
2026-08-17 13:23:17,EICHERMOT,8068.5
2026-08-17 13:23:17,GRASIM,3269.8
2026-08-17 13:23:19,NTPC,338.75
2026-08-17 13:23:19,EICHERMOT,8070.0
2026-08-17 13:23:19,GRASIM,3270.1
2026-08-17 13:23:21,SBILIFE,1787.9
2026-08-17 13:23:21,GRASIM,3270.0
2026-08-17 13:23:23,NESTLEIND,1476.5
2026-08-17 13:23:23,NESTLEIND,1476.6
2026-08-17 13:23:23,EICHERMOT,8066.5
2026-08-17 13:23:23,GRASIM,3270.1
2026-08-17 13:23:25,SBILIFE,1787.7
2026-08-17 13:23:27,GRASIM,3270.0
2026-08-17 13:23:27,EICHERMOT,8069.5
2026-08-17 13:23:27,NTPC,338.85
2026-08-17 13:23:29,NESTLEIND,1476.5
2026-08-17 13:23:29,NTPC,338.65
2026-08-17 13:23:30,NESTLEIND,1476.6
2026-08-17 13:23:31,GRASIM,3270.9
2026-08-17 13:23:32,NESTLEIND,1476.5
2026-08-17 13:23:32,NTPC,338.8
2026-08-17 13:23:33,EICHERMOT,8066.5
2026-08-17 13:23:33,NTPC,338.85
2026-08-17 13:23:33,GRASIM,3271.0
2026-08-17 13:23:34,NTPC,338.9
2026-08-17 13:23:34,NESTLEIND,1476.6
2026-08-17 13:23:35,NTPC,338.85
2026-08-17 13:23:35,EICHERMOT,8069.5
2026-08-17 13:23:37,NESTLEIND,1476.4
2026-08-17 13:23:37,SBILIFE,1788.0
2026-08-17 13:23:37,EICHERMOT,8069.0
2026-08-17 13:23:39,NTPC,338.75
2026-08-17 13:23:39,GRASIM,3271.1
2026-08-17 13:23:40,EICHERMOT,8069.5
2026-08-17 13:23:40,SBILIFE,1788.2
2026-08-17 13:23:41,NESTLEIND,1476.6
2026-08-17 13:23:41,SBILIFE,1788.6
2026-08-17 13:23:41,NTPC,338.7
2026-08-17 13:23:41,GRASIM,3272.0
2026-08-17 13:23:42,GRASIM,3272.1
2026-08-17 13:23:42,NESTLEIND,1476.4
2026-08-17 13:23:43,EICHERMOT,8066.0
2026-08-17 13:23:44,APOLLOHOSP,8873.5
2026-08-17 13:23:45,NTPC,338.8
2026-08-17 13:23:45,GRASIM,3272.2
2026-08-17 13:23:45,EICHERMOT,8065.5
2026-08-17 13:23:46,EICHERMOT,8068.0
2026-08-17 13:23:46,GRASIM,3271.3
2026-08-17 13:23:47,NESTLEIND,1476.6
2026-08-17 13:23:47,SBILIFE,1788.1
2026-08-17 13:23:47,NTPC,338.65
2026-08-17 13:23:47,EICHERMOT,8069.5
2026-08-17 13:23:47,GRASIM,3271.1
2026-08-17 13:23:48,SBILIFE,1788.4
2026-08-17 13:23:48,GRASIM,3271.0
2026-08-17 13:23:49,NESTLEIND,1476.4
2026-08-17 13:23:49,SBILIFE,1787.7
2026-08-17 13:23:53,EICHERMOT,8068.0
2026-08-17 13:23:53,GRASIM,3270.4
2026-08-17 13:23:55,SBILIFE,1787.8
2026-08-17 13:23:55,GRASIM,3271.8
2026-08-17 13:23:56,EICHERMOT,8069.5
2026-08-17 13:23:57,NESTLEIND,1476.6
2026-08-17 13:23:57,EICHERMOT,8066.5
2026-08-17 13:23:57,EICHERMOT,8069.5
2026-08-17 13:23:58,GRASIM,3271.2
2026-08-17 13:23:59,NESTLEIND,1476.4
2026-08-17 13:23:59,NTPC,338.8
2026-08-17 13:24:00,EICHERMOT,8066.5
2026-08-17 13:24:00,GRASIM,3271.4
2026-08-17 13:24:00,SBILIFE,1787.5
2026-08-17 13:24:02,GRASIM,3271.2
2026-08-17 13:24:03,GRASIM,3271.3
2026-08-17 13:24:03,APOLLOHOSP,8870.0
2026-08-17 13:24:04,APOLLOHOSP,8872.0
2026-08-17 13:24:04,NESTLEIND,1476.6
2026-08-17 13:24:05,SBILIFE,1787.7
2026-08-17 13:24:07,GRASIM,3269.8
2026-08-17 13:24:07,NTPC,338.65
2026-08-17 13:24:07,EICHERMOT,8069.0
2026-08-17 13:24:07,NTPC,338.85
2026-08-17 13:24:08,GRASIM,3269.4
2026-08-17 13:24:08,NTPC,338.65
2026-08-17 13:24:09,APOLLOHOSP,8872.5
2026-08-17 13:24:10,SBILIFE,1787.4
2026-08-17 13:24:12,GRASIM,3271.3
2026-08-17 13:24:12,APOLLOHOSP,8872.0
2026-08-17 13:24:12,EICHERMOT,8066.5
2026-08-17 13:24:12,GRASIM,3269.4
2026-08-17 13:24:13,NESTLEIND,1476.4
2026-08-17 13:24:13,NESTLEIND,1476.6
2026-08-17 13:24:14,NESTLEIND,1476.4
2026-08-17 13:24:14,EICHERMOT,8065.5
2026-08-17 13:24:16,NTPC,338.8
2026-08-17 13:24:17,NESTLEIND,1476.6
2026-08-17 13:24:17,GRASIM,3270.9
2026-08-17 13:24:17,SBILIFE,1787.6
2026-08-17 13:24:17,EICHERMOT,8068.5
2026-08-17 13:24:19,NTPC,338.65
2026-08-17 13:24:19,NTPC,338.8
2026-08-17 13:24:21,SBILIFE,1787.4
2026-08-17 13:24:21,APOLLOHOSP,8871.5
2026-08-17 13:24:22,EICHERMOT,8065.5
2026-08-17 13:24:23,NESTLEIND,1476.4
2026-08-17 13:24:23,NESTLEIND,1476.6
2026-08-17 13:24:23,NTPC,338.7
2026-08-17 13:24:24,NESTLEIND,1476.4
2026-08-17 13:24:25,SBILIFE,1787.6
2026-08-17 13:24:25,NESTLEIND,1476.6
2026-08-17 13:24:25,NTPC,338.8
2026-08-17 13:24:25,APOLLOHOSP,8870.0
2026-08-17 13:24:27,NTPC,338.7
2026-08-17 13:24:27,EICHERMOT,8068.5
2026-08-17 13:24:28,GRASIM,3269.9
2026-08-17 13:24:29,NESTLEIND,1476.4
2026-08-17 13:24:29,APOLLOHOSP,8871.5
2026-08-17 13:24:30,GRASIM,3269.5
2026-08-17 13:24:31,EICHERMOT,8065.5
2026-08-17 13:24:31,GRASIM,3269.9
2026-08-17 13:24:32,EICHERMOT,8068.5
2026-08-17 13:24:33,EICHERMOT,8065.5
2026-08-17 13:24:33,NTPC,338.8
2026-08-17 13:24:33,GRASIM,3269.2
2026-08-17 13:24:33,APOLLOHOSP,8868.0
2026-08-17 13:24:33,NESTLEIND,1476.6
2026-08-17 13:24:33,NTPC,338.7
2026-08-17 13:24:33,GRASIM,3270.7
2026-08-17 13:24:34,NTPC,338.8
2026-08-17 13:24:35,NESTLEIND,1476.4
2026-08-17 13:24:35,GRASIM,3270.0
2026-08-17 13:24:35,APOLLOHOSP,8871.5
2026-08-17 13:24:35,SBILIFE,1787.4
2026-08-17 13:24:36,NESTLEIND,1476.6
2026-08-17 13:24:36,SBILIFE,1787.5
2026-08-17 13:24:37,EICHERMOT,8068.0
2026-08-17 13:24:37,GRASIM,3270.5
2026-08-17 13:24:39,NESTLEIND,1476.4
2026-08-17 13:24:39,EICHERMOT,8065.5
2026-08-17 13:24:39,NTPC,338.7
2026-08-17 13:24:39,NESTLEIND,1476.6
2026-08-17 13:24:39,NTPC,338.8
2026-08-17 13:24:40,GRASIM,3268.3
2026-08-17 13:24:41,EICHERMOT,8065.0
2026-08-17 13:24:42,EICHERMOT,8065.5
2026-08-17 13:24:43,NESTLEIND,1476.4
2026-08-17 13:24:43,EICHERMOT,8065.0
2026-08-17 13:24:43,GRASIM,3270.0
2026-08-17 13:24:43,NESTLEIND,1476.6
2026-08-17 13:24:43,NTPC,338.7
2026-08-17 13:24:44,NESTLEIND,1476.4
2026-08-17 13:24:45,NESTLEIND,1476.6
2026-08-17 13:24:45,NTPC,338.65
2026-08-17 13:24:46,NESTLEIND,1476.4
2026-08-17 13:24:46,EICHERMOT,8067.5
2026-08-17 13:24:46,GRASIM,3270.2
2026-08-17 13:24:46,SBILIFE,1787.8
2026-08-17 13:24:47,NESTLEIND,1476.6
2026-08-17 13:24:47,EICHERMOT,8068.0
2026-08-17 13:24:48,GRASIM,3268.9
2026-08-17 13:24:49,NTPC,338.75
2026-08-17 13:24:49,APOLLOHOSP,8872.0
2026-08-17 13:24:50,EICHERMOT,8065.0
2026-08-17 13:24:51,SBILIFE,1787.6
2026-08-17 13:24:52,EICHERMOT,8068.0
2026-08-17 13:24:53,NESTLEIND,1476.4
2026-08-17 13:24:53,EICHERMOT,8065.5
2026-08-17 13:24:53,NTPC,338.65
2026-08-17 13:24:55,NESTLEIND,1476.6
2026-08-17 13:24:55,SBILIFE,1787.4
2026-08-17 13:24:56,NTPC,338.75
2026-08-17 13:24:57,EICHERMOT,8067.5
2026-08-17 13:24:59,NESTLEIND,1475.9
2026-08-17 13:24:59,NTPC,338.7
2026-08-17 13:24:59,NESTLEIND,1476.0
2026-08-17 13:25:01,SBILIFE,1787.6
2026-08-17 13:25:01,GRASIM,3270.2
2026-08-17 13:25:03,NESTLEIND,1475.8
2026-08-17 13:25:03,SBILIFE,1787.7
2026-08-17 13:25:03,EICHERMOT,8065.0
2026-08-17 13:25:04,EICHERMOT,8068.0
2026-08-17 13:25:04,APOLLOHOSP,8868.5
2026-08-17 13:25:04,NESTLEIND,1476.0
2026-08-17 13:25:05,SBILIFE,1787.4
2026-08-17 13:25:07,NTPC,338.65
2026-08-17 13:25:07,NTPC,338.75
2026-08-17 13:25:08,GRASIM,3270.0
2026-08-17 13:25:08,EICHERMOT,8065.0
2026-08-17 13:25:08,APOLLOHOSP,8872.0
2026-08-17 13:25:09,NTPC,338.7
2026-08-17 13:25:09,NESTLEIND,1475.8
2026-08-17 13:25:11,NESTLEIND,1476.0
2026-08-17 13:25:11,NTPC,338.65
2026-08-17 13:25:12,NESTLEIND,1475.8
2026-08-17 13:25:13,EICHERMOT,8065.5
2026-08-17 13:25:13,NTPC,338.6
2026-08-17 13:25:14,NTPC,338.65
2026-08-17 13:25:15,NTPC,338.6
2026-08-17 13:25:15,NTPC,338.65
2026-08-17 13:25:16,GRASIM,3270.2
2026-08-17 13:25:17,SBILIFE,1787.6
2026-08-17 13:25:17,EICHERMOT,8068.0
2026-08-17 13:25:17,GRASIM,3270.0
2026-08-17 13:25:17,APOLLOHOSP,8872.5
2026-08-17 13:25:19,NESTLEIND,1476.0
2026-08-17 13:25:19,NTPC,338.6
2026-08-17 13:25:19,APOLLOHOSP,8872.0
2026-08-17 13:25:19,NESTLEIND,1477.0
2026-08-17 13:25:19,NTPC,338.65
2026-08-17 13:25:20,EICHERMOT,8065.5
2026-08-17 13:25:20,GRASIM,3270.9
2026-08-17 13:25:21,NTPC,338.55
2026-08-17 13:25:21,GRASIM,3271.0
2026-08-17 13:25:21,SBILIFE,1787.4
2026-08-17 13:25:23,NESTLEIND,1476.3
2026-08-17 13:25:23,EICHERMOT,8065.0
2026-08-17 13:25:23,EICHERMOT,8068.0
2026-08-17 13:25:23,NTPC,338.7
2026-08-17 13:25:25,GRASIM,3270.0
2026-08-17 13:25:25,NTPC,338.55
2026-08-17 13:25:29,NESTLEIND,1476.1
2026-08-17 13:25:29,NESTLEIND,1476.0
2026-08-17 13:25:30,GRASIM,3270.9
2026-08-17 13:25:30,NESTLEIND,1476.1
2026-08-17 13:25:30,NTPC,338.7
2026-08-17 13:25:31,NTPC,338.55
2026-08-17 13:25:31,SBILIFE,1787.8
2026-08-17 13:25:32,NTPC,338.4
2026-08-17 13:25:33,NESTLEIND,1476.0
2026-08-17 13:25:33,EICHERMOT,8065.0
2026-08-17 13:25:33,EICHERMOT,8068.0
2026-08-17 13:25:33,NTPC,338.45
2026-08-17 13:25:35,NESTLEIND,1475.8
2026-08-17 13:25:35,NTPC,338.6
2026-08-17 13:25:35,NESTLEIND,1476.0
2026-08-17 13:25:35,SBILIFE,1787.4
2026-08-17 13:25:36,EICHERMOT,8065.0
2026-08-17 13:25:37,EICHERMOT,8068.0
2026-08-17 13:25:37,NTPC,338.4
2026-08-17 13:25:38,NESTLEIND,1476.1
2026-08-17 13:25:38,NTPC,338.45
2026-08-17 13:25:40,EICHERMOT,8065.0
2026-08-17 13:25:40,NESTLEIND,1476.0
2026-08-17 13:25:41,GRASIM,3270.0
2026-08-17 13:25:41,SBILIFE,1787.8
2026-08-17 13:25:41,NTPC,338.6
2026-08-17 13:25:41,GRASIM,3270.9
2026-08-17 13:25:43,NTPC,338.45
2026-08-17 13:25:44,EICHERMOT,8064.0
2026-08-17 13:25:45,NESTLEIND,1475.8
2026-08-17 13:25:45,SBILIFE,1787.4
2026-08-17 13:25:45,NTPC,338.6
2026-08-17 13:25:46,EICHERMOT,8066.5
2026-08-17 13:25:47,NESTLEIND,1476.3
2026-08-17 13:25:47,SBILIFE,1787.8
2026-08-17 13:25:47,NTPC,338.1
2026-08-17 13:25:48,EICHERMOT,8065.0
2026-08-17 13:25:48,GRASIM,3270.0
2026-08-17 13:25:48,NTPC,338.3
2026-08-17 13:25:50,EICHERMOT,8067.0
2026-08-17 13:25:51,GRASIM,3271.1
2026-08-17 13:25:51,SBILIFE,1787.4
2026-08-17 13:25:51,GRASIM,3270.0
2026-08-17 13:25:53,NESTLEIND,1475.7
2026-08-17 13:25:53,EICHERMOT,8060.0
2026-08-17 13:25:54,EICHERMOT,8058.5
2026-08-17 13:25:56,GRASIM,3271.3
2026-08-17 13:25:57,NESTLEIND,1476.3
2026-08-17 13:25:58,EICHERMOT,8055.0
2026-08-17 13:25:59,NESTLEIND,1476.4
2026-08-17 13:25:59,EICHERMOT,8056.0
2026-08-17 13:25:59,NTPC,338.4
2026-08-17 13:25:59,NESTLEIND,1475.8
2026-08-17 13:25:59,GRASIM,3271.1
2026-08-17 13:26:01,EICHERMOT,8055.0
2026-08-17 13:26:03,GRASIM,3271.0
2026-08-17 13:26:05,GRASIM,3271.7
2026-08-17 13:26:07,NESTLEIND,1476.4
2026-08-17 13:26:07,NTPC,338.3
2026-08-17 13:26:07,GRASIM,3271.0
2026-08-17 13:26:08,EICHERMOT,8056.0
2026-08-17 13:26:09,NESTLEIND,1476.6
2026-08-17 13:26:09,NTPC,338.25
2026-08-17 13:26:10,NESTLEIND,1476.5
2026-08-17 13:26:10,NTPC,338.3
2026-08-17 13:26:11,NTPC,338.25
2026-08-17 13:26:12,GRASIM,3271.9
2026-08-17 13:26:12,NESTLEIND,1475.9
2026-08-17 13:26:13,EICHERMOT,8059.0
2026-08-17 13:26:16,NTPC,338.4
2026-08-17 13:26:16,GRASIM,3271.5
2026-08-17 13:26:17,NESTLEIND,1476.5
2026-08-17 13:26:17,SBILIFE,1787.8
2026-08-17 13:26:17,EICHERMOT,8058.5
2026-08-17 13:26:19,NTPC,338.25
2026-08-17 13:26:20,APOLLOHOSP,8868.0
2026-08-17 13:26:21,NTPC,338.4
2026-08-17 13:26:22,EICHERMOT,8055.0
2026-08-17 13:26:23,NESTLEIND,1475.9
2026-08-17 13:26:23,NTPC,338.3
2026-08-17 13:26:23,GRASIM,3271.9
2026-08-17 13:26:23,NTPC,338.2
2026-08-17 13:26:23,APOLLOHOSP,8872.0
2026-08-17 13:26:24,EICHERMOT,8058.0
2026-08-17 13:26:25,NESTLEIND,1476.5
2026-08-17 13:26:25,SBILIFE,1787.5
2026-08-17 13:26:25,NTPC,338.4
2026-08-17 13:26:25,APOLLOHOSP,8874.5
2026-08-17 13:26:26,NTPC,338.2
2026-08-17 13:26:27,NTPC,338.4
2026-08-17 13:26:28,NTPC,338.25
2026-08-17 13:26:28,GRASIM,3271.0
2026-08-17 13:26:28,NESTLEIND,1475.9
2026-08-17 13:26:28,GRASIM,3271.9
2026-08-17 13:26:29,NTPC,338.35
2026-08-17 13:26:29,APOLLOHOSP,8872.0
2026-08-17 13:26:29,NTPC,338.2
2026-08-17 13:26:30,NESTLEIND,1476.5
2026-08-17 13:26:31,EICHERMOT,8058.5
2026-08-17 13:26:31,NTPC,338.35
2026-08-17 13:26:32,EICHERMOT,8055.5
2026-08-17 13:26:33,EICHERMOT,8058.5
2026-08-17 13:26:33,NESTLEIND,1475.9
2026-08-17 13:26:33,APOLLOHOSP,8871.5
2026-08-17 13:26:33,NESTLEIND,1476.5
2026-08-17 13:26:33,NTPC,338.3
2026-08-17 13:26:34,NTPC,338.2
2026-08-17 13:26:35,NESTLEIND,1475.9
2026-08-17 13:26:35,NESTLEIND,1476.5
2026-08-17 13:26:35,SBILIFE,1787.2
2026-08-17 13:26:35,NTPC,338.3
2026-08-17 13:26:38,APOLLOHOSP,8872.0
2026-08-17 13:26:39,NTPC,338.25
2026-08-17 13:26:39,NTPC,338.35
2026-08-17 13:26:39,EICHERMOT,8059.0
2026-08-17 13:26:41,EICHERMOT,8058.5
2026-08-17 13:26:41,NTPC,338.45
2026-08-17 13:26:42,EICHERMOT,8055.5
2026-08-17 13:26:42,NTPC,338.35
2026-08-17 13:26:43,EICHERMOT,8055.0
2026-08-17 13:26:43,NESTLEIND,1475.9
2026-08-17 13:26:44,NTPC,338.15
2026-08-17 13:26:45,NESTLEIND,1476.5
2026-08-17 13:26:45,NTPC,338.2
2026-08-17 13:26:45,GRASIM,3272.0
2026-08-17 13:26:45,NESTLEIND,1476.0
2026-08-17 13:26:46,EICHERMOT,8057.5
2026-08-17 13:26:46,SBILIFE,1787.7
2026-08-17 13:26:47,NESTLEIND,1476.4
2026-08-17 13:26:47,NTPC,338.4
2026-08-17 13:26:47,GRASIM,3271.9
2026-08-17 13:26:47,APOLLOHOSP,8871.5
2026-08-17 13:26:48,EICHERMOT,8059.0
2026-08-17 13:26:48,GRASIM,3271.3
2026-08-17 13:26:49,NESTLEIND,1476.0
2026-08-17 13:26:49,NTPC,338.3
2026-08-17 13:26:49,GRASIM,3271.9
2026-08-17 13:26:51,NESTLEIND,1476.4
2026-08-17 13:26:51,SBILIFE,1787.0
2026-08-17 13:26:51,EICHERMOT,8055.0
2026-08-17 13:26:51,NTPC,338.25
2026-08-17 13:26:52,NTPC,338.3
2026-08-17 13:26:53,NESTLEIND,1476.0
2026-08-17 13:26:53,SBILIFE,1787.2
2026-08-17 13:26:55,NESTLEIND,1475.9
2026-08-17 13:26:55,SBILIFE,1787.0
2026-08-17 13:26:55,GRASIM,3272.0
2026-08-17 13:26:57,NESTLEIND,1476.0
2026-08-17 13:26:57,NESTLEIND,1475.9
2026-08-17 13:26:57,EICHERMOT,8057.5
2026-08-17 13:26:57,SBILIFE,1787.2
2026-08-17 13:26:59,SBILIFE,1787.0
2026-08-17 13:26:59,NTPC,338.4
2026-08-17 13:26:59,SBILIFE,1787.1
2026-08-17 13:26:59,EICHERMOT,8058.0
2026-08-17 13:26:59,GRASIM,3271.9
2026-08-17 13:27:01,NESTLEIND,1476.0
2026-08-17 13:27:01,SBILIFE,1787.7
2026-08-17 13:27:02,GRASIM,3271.5
2026-08-17 13:27:02,NESTLEIND,1475.9
2026-08-17 13:27:02,EICHERMOT,8055.0
2026-08-17 13:27:03,NTPC,338.35
2026-08-17 13:27:04,NESTLEIND,1476.0
2026-08-17 13:27:05,SBILIFE,1787.2
2026-08-17 13:27:05,NTPC,338.4
2026-08-17 13:27:07,SBILIFE,1787.1
2026-08-17 13:27:07,EICHERMOT,8058.0
2026-08-17 13:27:07,GRASIM,3271.9
2026-08-17 13:27:08,GRASIM,3271.6
2026-08-17 13:27:09,NTPC,338.35
2026-08-17 13:27:09,GRASIM,3271.5
2026-08-17 13:27:10,EICHERMOT,8055.0
2026-08-17 13:27:12,GRASIM,3270.5
2026-08-17 13:27:12,NTPC,338.3
2026-08-17 13:27:13,NESTLEIND,1475.8
2026-08-17 13:27:13,SBILIFE,1787.4
2026-08-17 13:27:14,NTPC,338.35
2026-08-17 13:27:14,GRASIM,3271.0
2026-08-17 13:27:15,SBILIFE,1787.3
2026-08-17 13:27:16,EICHERMOT,8058.5
2026-08-17 13:27:16,NESTLEIND,1476.0
2026-08-17 13:27:16,SBILIFE,1787.7
2026-08-17 13:27:18,GRASIM,3270.6
2026-08-17 13:27:18,NTPC,338.3
2026-08-17 13:27:19,EICHERMOT,8056.5
2026-08-17 13:27:21,SBILIFE,1787.9
2026-08-17 13:27:21,NTPC,338.35
2026-08-17 13:27:21,APOLLOHOSP,8872.0
2026-08-17 13:27:22,EICHERMOT,8059.0
2026-08-17 13:27:22,GRASIM,3271.0
2026-08-17 13:27:23,NESTLEIND,1475.8
2026-08-17 13:27:23,EICHERMOT,8057.0
2026-08-17 13:27:23,NTPC,338.3
2026-08-17 13:27:24,APOLLOHOSP,8867.0
2026-08-17 13:27:25,SBILIFE,1787.6
2026-08-17 13:27:26,SBILIFE,1787.7
2026-08-17 13:27:27,NESTLEIND,1476.0
2026-08-17 13:27:27,EICHERMOT,8059.0
2026-08-17 13:27:27,NTPC,338.35
2026-08-17 13:27:28,GRASIM,3270.6
2026-08-17 13:27:28,NTPC,338.3
2026-08-17 13:27:29,SBILIFE,1787.9
2026-08-17 13:27:29,NTPC,338.35
2026-08-17 13:27:29,APOLLOHOSP,8870.0
2026-08-17 13:27:29,GRASIM,3271.0
2026-08-17 13:27:29,NESTLEIND,1475.9
2026-08-17 13:27:33,NESTLEIND,1475.8
2026-08-17 13:27:33,SBILIFE,1789.0
2026-08-17 13:27:33,EICHERMOT,8057.0
2026-08-17 13:27:35,NESTLEIND,1476.0
2026-08-17 13:27:35,APOLLOHOSP,8872.0
2026-08-17 13:27:36,SBILIFE,1788.2
2026-08-17 13:27:36,NESTLEIND,1475.8
2026-08-17 13:27:37,GRASIM,3270.5
2026-08-17 13:27:38,EICHERMOT,8059.0
2026-08-17 13:27:38,NTPC,338.3
2026-08-17 13:27:38,GRASIM,3270.0
2026-08-17 13:27:39,NTPC,338.35
2026-08-17 13:27:41,NESTLEIND,1476.0
2026-08-17 13:27:41,SBILIFE,1789.0
2026-08-17 13:27:41,NTPC,338.4
2026-08-17 13:27:42,NESTLEIND,1475.8
2026-08-17 13:27:43,EICHERMOT,8057.0
2026-08-17 13:27:43,APOLLOHOSP,8873.5
2026-08-17 13:27:43,NESTLEIND,1476.0
2026-08-17 13:27:43,APOLLOHOSP,8872.5
2026-08-17 13:27:45,NESTLEIND,1475.8
2026-08-17 13:27:45,NTPC,338.45
2026-08-17 13:27:45,APOLLOHOSP,8873.0
2026-08-17 13:27:46,EICHERMOT,8059.0
2026-08-17 13:27:46,NESTLEIND,1476.0
2026-08-17 13:27:46,SBILIFE,1788.5
2026-08-17 13:27:47,NTPC,338.4
2026-08-17 13:27:48,GRASIM,3269.6
2026-08-17 13:27:48,NTPC,338.3
2026-08-17 13:27:49,NESTLEIND,1475.8
2026-08-17 13:27:49,APOLLOHOSP,8874.0
2026-08-17 13:27:49,NESTLEIND,1476.0
2026-08-17 13:27:49,EICHERMOT,8059.5
2026-08-17 13:27:49,NTPC,338.35
2026-08-17 13:27:51,SBILIFE,1788.3
2026-08-17 13:27:51,NTPC,338.3
2026-08-17 13:27:53,NESTLEIND,1475.8
2026-08-17 13:27:53,EICHERMOT,8057.5
2026-08-17 13:27:53,GRASIM,3269.5
2026-08-17 13:27:56,NESTLEIND,1476.0
2026-08-17 13:27:57,NESTLEIND,1475.8
2026-08-17 13:27:57,NTPC,338.35
2026-08-17 13:27:57,EICHERMOT,8059.5
2026-08-17 13:27:59,NTPC,338.3
2026-08-17 13:27:59,NESTLEIND,1476.0
2026-08-17 13:28:00,GRASIM,3269.6
2026-08-17 13:28:01,NTPC,338.45
2026-08-17 13:28:02,EICHERMOT,8057.5
2026-08-17 13:28:03,NESTLEIND,1475.4
2026-08-17 13:28:03,NTPC,338.4
2026-08-17 13:28:04,NTPC,338.5
2026-08-17 13:28:05,NESTLEIND,1475.8
2026-08-17 13:28:05,SBILIFE,1788.2
2026-08-17 13:28:07,EICHERMOT,8057.0
2026-08-17 13:28:07,NTPC,338.35
2026-08-17 13:28:07,GRASIM,3270.2
2026-08-17 13:28:07,NESTLEIND,1476.0
2026-08-17 13:28:07,GRASIM,3270.5
2026-08-17 13:28:08,EICHERMOT,8060.0
2026-08-17 13:28:09,NESTLEIND,1475.8
2026-08-17 13:28:09,NTPC,338.3
2026-08-17 13:28:09,SBILIFE,1788.3
2026-08-17 13:28:11,NTPC,338.45
2026-08-17 13:28:11,NESTLEIND,1476.0
2026-08-17 13:28:11,NTPC,338.3
2026-08-17 13:28:11,GRASIM,3270.9
2026-08-17 13:28:12,NTPC,338.45
2026-08-17 13:28:12,GRASIM,3269.5
2026-08-17 13:28:13,NESTLEIND,1475.8
2026-08-17 13:28:13,EICHERMOT,8057.5
2026-08-17 13:28:13,GRASIM,3270.5
2026-08-17 13:28:13,NTPC,338.4
2026-08-17 13:28:15,GRASIM,3269.9
2026-08-17 13:28:16,GRASIM,3270.6
2026-08-17 13:28:16,APOLLOHOSP,8873.5
2026-08-17 13:28:16,NESTLEIND,1476.0
2026-08-17 13:28:16,NTPC,338.45
2026-08-17 13:28:17,NTPC,338.4
2026-08-17 13:28:17,NTPC,338.45
2026-08-17 13:28:18,EICHERMOT,8060.0
2026-08-17 13:28:19,NESTLEIND,1475.8
2026-08-17 13:28:19,NTPC,338.4
2026-08-17 13:28:19,APOLLOHOSP,8874.0
2026-08-17 13:28:19,NESTLEIND,1476.0
2026-08-17 13:28:19,GRASIM,3270.9
2026-08-17 13:28:21,SBILIFE,1789.1
2026-08-17 13:28:21,APOLLOHOSP,8872.5
2026-08-17 13:28:21,NTPC,338.45
2026-08-17 13:28:22,NESTLEIND,1475.8
2026-08-17 13:28:23,EICHERMOT,8057.5
2026-08-17 13:28:23,NTPC,338.4
2026-08-17 13:28:23,APOLLOHOSP,8872.0
2026-08-17 13:28:24,APOLLOHOSP,8868.5
2026-08-17 13:28:25,NESTLEIND,1476.0
2026-08-17 13:28:25,SBILIFE,1787.9
2026-08-17 13:28:25,GRASIM,3269.9
2026-08-17 13:28:25,APOLLOHOSP,8872.0
2026-08-17 13:28:25,NTPC,338.45
2026-08-17 13:28:26,EICHERMOT,8060.0
2026-08-17 13:28:26,NESTLEIND,1475.8
2026-08-17 13:28:27,NESTLEIND,1476.0
2026-08-17 13:28:29,NESTLEIND,1475.8
2026-08-17 13:28:29,EICHERMOT,8058.0
2026-08-17 13:28:29,SBILIFE,1787.2
2026-08-17 13:28:30,GRASIM,3270.7
2026-08-17 13:28:33,NTPC,338.4
2026-08-17 13:28:34,SBILIFE,1787.5
2026-08-17 13:28:35,SBILIFE,1787.8
2026-08-17 13:28:36,NESTLEIND,1476.0
2026-08-17 13:28:36,APOLLOHOSP,8872.5
2026-08-17 13:28:37,EICHERMOT,8060.0
2026-08-17 13:28:38,APOLLOHOSP,8872.0
2026-08-17 13:28:40,NESTLEIND,1475.8
2026-08-17 13:28:40,SBILIFE,1787.4
2026-08-17 13:28:41,NESTLEIND,1475.9
2026-08-17 13:28:41,EICHERMOT,8058.5
2026-08-17 13:28:41,NTPC,338.3
2026-08-17 13:28:42,NESTLEIND,1475.8
2026-08-17 13:28:43,EICHERMOT,8061.0
2026-08-17 13:28:45,NESTLEIND,1476.0
2026-08-17 13:28:45,NESTLEIND,1475.8
2026-08-17 13:28:45,SBILIFE,1787.5
2026-08-17 13:28:46,EICHERMOT,8061.5
2026-08-17 13:28:46,NTPC,338.4
2026-08-17 13:28:46,GRASIM,3271.0
2026-08-17 13:28:46,NESTLEIND,1476.0
2026-08-17 13:28:46,SBILIFE,1787.8
2026-08-17 13:28:46,NTPC,338.3
2026-08-17 13:28:48,EICHERMOT,8058.0
2026-08-17 13:28:48,GRASIM,3270.7
2026-08-17 13:28:48,NESTLEIND,1475.8
2026-08-17 13:28:48,APOLLOHOSP,8872.5
2026-08-17 13:28:50,NTPC,338.4
2026-08-17 13:28:50,GRASIM,3271.0
2026-08-17 13:28:52,GRASIM,3270.0
2026-08-17 13:28:53,NTPC,338.3
2026-08-17 13:28:53,APOLLOHOSP,8872.0
2026-08-17 13:28:56,EICHERMOT,8057.0
2026-08-17 13:28:56,NTPC,338.4
2026-08-17 13:28:57,NTPC,338.3
2026-08-17 13:28:58,NESTLEIND,1475.5
2026-08-17 13:28:58,EICHERMOT,8059.5
2026-08-17 13:28:59,EICHERMOT,8060.0
2026-08-17 13:29:00,GRASIM,3271.0
2026-08-17 13:29:00,NTPC,338.45
2026-08-17 13:29:01,SBILIFE,1788.3
2026-08-17 13:29:01,NESTLEIND,1475.8
2026-08-17 13:29:02,EICHERMOT,8057.0
2026-08-17 13:29:02,NESTLEIND,1475.5
2026-08-17 13:29:03,NTPC,338.4
2026-08-17 13:29:03,NESTLEIND,1475.9
2026-08-17 13:29:05,SBILIFE,1787.8
2026-08-17 13:29:05,NTPC,338.5
2026-08-17 13:29:06,NTPC,338.35
2026-08-17 13:29:07,EICHERMOT,8060.0
2026-08-17 13:29:07,NTPC,338.5
2026-08-17 13:29:08,GRASIM,3270.0
2026-08-17 13:29:08,APOLLOHOSP,8873.0
2026-08-17 13:29:11,EICHERMOT,8057.0
2026-08-17 13:29:11,NESTLEIND,1475.8
2026-08-17 13:29:12,NESTLEIND,1475.5
2026-08-17 13:29:13,NTPC,338.35
2026-08-17 13:29:14,APOLLOHOSP,8868.5
2026-08-17 13:29:16,NESTLEIND,1475.9
2026-08-17 13:29:16,SBILIFE,1788.3
2026-08-17 13:29:16,NTPC,338.4
2026-08-17 13:29:16,GRASIM,3271.0
2026-08-17 13:29:17,EICHERMOT,8060.0
2026-08-17 13:29:18,EICHERMOT,8060.5
2026-08-17 13:29:18,NTPC,338.35
2026-08-17 13:29:18,APOLLOHOSP,8872.5
2026-08-17 13:29:19,NTPC,338.4
2026-08-17 13:29:20,EICHERMOT,8057.0
2026-08-17 13:29:20,NTPC,338.3
2026-08-17 13:29:21,SBILIFE,1787.8
2026-08-17 13:29:21,GRASIM,3270.0
2026-08-17 13:29:22,NESTLEIND,1475.5
2026-08-17 13:29:22,EICHERMOT,8056.5
2026-08-17 13:29:23,APOLLOHOSP,8869.0
2026-08-17 13:29:23,NTPC,338.4
2026-08-17 13:29:24,APOLLOHOSP,8872.5
2026-08-17 13:29:25,APOLLOHOSP,8869.0
2026-08-17 13:29:26,NESTLEIND,1475.9
2026-08-17 13:29:26,EICHERMOT,8060.0
2026-08-17 13:29:26,APOLLOHOSP,8871.0
2026-08-17 13:29:27,EICHERMOT,8059.5
2026-08-17 13:29:27,NTPC,338.3
2026-08-17 13:29:29,NESTLEIND,1475.5
2026-08-17 13:29:30,GRASIM,3270.9
2026-08-17 13:29:30,NTPC,338.4
2026-08-17 13:29:30,APOLLOHOSP,8871.5
2026-08-17 13:29:32,EICHERMOT,8057.5
2026-08-17 13:29:32,NTPC,338.3
2026-08-17 13:29:37,EICHERMOT,8059.5
2026-08-17 13:29:37,NESTLEIND,1475.9
2026-08-17 13:29:38,NESTLEIND,1475.5
2026-08-17 13:29:39,NTPC,338.4
2026-08-17 13:29:40,EICHERMOT,8060.0
2026-08-17 13:29:41,SBILIFE,1788.0
2026-08-17 13:29:41,NESTLEIND,1475.9
2026-08-17 13:29:42,EICHERMOT,8057.0
2026-08-17 13:29:42,NTPC,338.35
2026-08-17 13:29:43,EICHERMOT,8060.0
2026-08-17 13:29:43,NTPC,338.3
2026-08-17 13:29:44,NESTLEIND,1476.0
2026-08-17 13:29:44,GRASIM,3269.0
2026-08-17 13:29:44,NTPC,338.15
2026-08-17 13:29:45,NESTLEIND,1475.9
2026-08-17 13:29:45,SBILIFE,1787.8
2026-08-17 13:29:45,NTPC,338.2
2026-08-17 13:29:45,APOLLOHOSP,8872.0
2026-08-17 13:29:46,NESTLEIND,1476.0
2026-08-17 13:29:46,SBILIFE,1788.1
2026-08-17 13:29:46,GRASIM,3270.6
2026-08-17 13:29:46,APOLLOHOSP,8871.5
2026-08-17 13:29:47,NTPC,338.15
2026-08-17 13:29:48,GRASIM,3269.5
2026-08-17 13:29:48,EICHERMOT,8057.0
2026-08-17 13:29:48,NTPC,338.2
2026-08-17 13:29:50,NESTLEIND,1475.9
2026-08-17 13:29:50,EICHERMOT,8060.0
2026-08-17 13:29:51,SBILIFE,1787.8
2026-08-17 13:29:51,NTPC,338.1
2026-08-17 13:29:52,EICHERMOT,8057.5
2026-08-17 13:29:52,NTPC,338.15
2026-08-17 13:29:53,NESTLEIND,1476.0
2026-08-17 13:29:53,NTPC,338.1
2026-08-17 13:29:54,NESTLEIND,1475.9
2026-08-17 13:29:55,NTPC,338.2
2026-08-17 13:29:55,NTPC,338.25
2026-08-17 13:29:56,GRASIM,3270.0
2026-08-17 13:29:56,NESTLEIND,1476.0
2026-08-17 13:29:57,NTPC,338.0
2026-08-17 13:29:58,NTPC,338.05
2026-08-17 13:29:59,NESTLEIND,1475.9
2026-08-17 13:30:00,EICHERMOT,8060.0
2026-08-17 13:30:00,NTPC,338.25
2026-08-17 13:30:02,EICHERMOT,8057.0
2026-08-17 13:30:02,NTPC,338.1
2026-08-17 13:30:03,NESTLEIND,1476.0
2026-08-17 13:30:03,EICHERMOT,8061.0
2026-08-17 13:30:05,NTPC,338.2
2026-08-17 13:30:05,APOLLOHOSP,8872.0
2026-08-17 13:30:06,NTPC,338.1
2026-08-17 13:30:07,EICHERMOT,8057.0
2026-08-17 13:30:08,EICHERMOT,8060.5
2026-08-17 13:30:08,GRASIM,3269.5
2026-08-17 13:30:10,NTPC,338.25
2026-08-17 13:30:12,NESTLEIND,1475.9
2026-08-17 13:30:12,NTPC,338.1
2026-08-17 13:30:12,NESTLEIND,1475.5
2026-08-17 13:30:12,EICHERMOT,8057.0
2026-08-17 13:30:13,NTPC,338.15
2026-08-17 13:30:17,NESTLEIND,1476.0
2026-08-17 13:30:17,SBILIFE,1788.1
2026-08-17 13:30:17,NTPC,338.25
2026-08-17 13:30:17,GRASIM,3269.9
2026-08-17 13:30:18,EICHERMOT,8060.0
2026-08-17 13:30:18,NTPC,338.15
2026-08-17 13:30:18,GRASIM,3270.0
2026-08-17 13:30:19,SBILIFE,1788.8
2026-08-17 13:30:20,NTPC,338.25
2026-08-17 13:30:20,APOLLOHOSP,8872.5
2026-08-17 13:30:21,EICHERMOT,8057.0
2026-08-17 13:30:21,NTPC,338.15
2026-08-17 13:30:23,NESTLEIND,1475.5
2026-08-17 13:30:25,GRASIM,3269.2
2026-08-17 13:30:27,NESTLEIND,1476.0
2026-08-17 13:30:27,SBILIFE,1788.1
2026-08-17 13:30:27,APOLLOHOSP,8873.0
2026-08-17 13:30:28,EICHERMOT,8060.0
2026-08-17 13:30:28,NESTLEIND,1475.6
2026-08-17 13:30:28,EICHERMOT,8057.0
2026-08-17 13:30:28,NTPC,338.1
2026-08-17 13:30:30,GRASIM,3269.3
2026-08-17 13:30:30,NESTLEIND,1476.0
2026-08-17 13:30:30,NTPC,338.15
2026-08-17 13:30:31,NTPC,338.2
2026-08-17 13:30:31,GRASIM,3269.1
2026-08-17 13:30:32,NESTLEIND,1475.6
2026-08-17 13:30:32,EICHERMOT,8056.5
2026-08-17 13:30:33,NTPC,338.15
2026-08-17 13:30:33,NTPC,338.1
2026-08-17 13:30:36,EICHERMOT,8057.0
2026-08-17 13:30:40,GRASIM,3270.0
2026-08-17 13:30:41,NESTLEIND,1475.9
2026-08-17 13:30:42,GRASIM,3269.1
2026-08-17 13:30:43,NESTLEIND,1475.6
2026-08-17 13:30:43,NTPC,338.2
2026-08-17 13:30:43,NTPC,338.1
2026-08-17 13:30:44,NTPC,338.15
2026-08-17 13:30:46,EICHERMOT,8059.5
2026-08-17 13:30:46,GRASIM,3269.6
2026-08-17 13:30:46,NESTLEIND,1475.9
2026-08-17 13:30:46,SBILIFE,1788.6
2026-08-17 13:30:46,GRASIM,3270.0
2026-08-17 13:30:47,NESTLEIND,1475.6
2026-08-17 13:30:47,NTPC,338.1
2026-08-17 13:30:48,GRASIM,3269.6
2026-08-17 13:30:48,NTPC,338.15
2026-08-17 13:30:49,NTPC,338.1
2026-08-17 13:30:49,EICHERMOT,8060.0
2026-08-17 13:30:51,SBILIFE,1788.1
2026-08-17 13:30:51,NTPC,338.15
2026-08-17 13:30:52,NESTLEIND,1475.9
2026-08-17 13:30:52,NTPC,338.1
2026-08-17 13:30:52,NESTLEIND,1475.6
2026-08-17 13:30:52,EICHERMOT,8058.5
2026-08-17 13:30:53,NTPC,338.15
2026-08-17 13:30:56,GRASIM,3269.9
2026-08-17 13:30:57,NESTLEIND,1475.9
2026-08-17 13:30:57,EICHERMOT,8059.0
2026-08-17 13:30:57,APOLLOHOSP,8874.0
2026-08-17 13:30:57,APOLLOHOSP,8875.0
2026-08-17 13:30:59,NESTLEIND,1475.6
2026-08-17 13:30:59,EICHERMOT,8060.0
2026-08-17 13:31:00,NTPC,338.2
2026-08-17 13:31:01,NESTLEIND,1476.0
2026-08-17 13:31:01,SBILIFE,1788.3
2026-08-17 13:31:01,APOLLOHOSP,8876.0
2026-08-17 13:31:02,NESTLEIND,1475.6
2026-08-17 13:31:02,EICHERMOT,8057.5
2026-08-17 13:31:02,NTPC,338.1
2026-08-17 13:31:03,NTPC,338.0
2026-08-17 13:31:04,SBILIFE,1787.7
2026-08-17 13:31:05,APOLLOHOSP,8875.0
2026-08-17 13:31:05,SBILIFE,1787.6
2026-08-17 13:31:05,NESTLEIND,1476.0
2026-08-17 13:31:05,NTPC,337.85
2026-08-17 13:31:07,SBILIFE,1787.0
2026-08-17 13:31:08,EICHERMOT,8060.0
2026-08-17 13:31:08,GRASIM,3269.6
2026-08-17 13:31:09,NESTLEIND,1475.5
2026-08-17 13:31:09,APOLLOHOSP,8876.5
2026-08-17 13:31:09,NESTLEIND,1475.6
2026-08-17 13:31:09,NTPC,337.95
2026-08-17 13:31:10,NTPC,337.85
2026-08-17 13:31:11,GRASIM,3268.7
2026-08-17 13:31:12,NESTLEIND,1475.5
2026-08-17 13:31:12,EICHERMOT,8057.5
2026-08-17 13:31:12,NTPC,337.95
2026-08-17 13:31:12,APOLLOHOSP,8876.0
2026-08-17 13:31:14,NTPC,337.85
2026-08-17 13:31:14,NESTLEIND,1475.8
2026-08-17 13:31:15,SBILIFE,1787.2
2026-08-17 13:31:16,SBILIFE,1787.7
2026-08-17 13:31:16,NESTLEIND,1475.5
2026-08-17 13:31:16,GRASIM,3269.0
2026-08-17 13:31:16,APOLLOHOSP,8876.5
2026-08-17 13:31:17,EICHERMOT,8059.0
2026-08-17 13:31:24,GRASIM,3268.7
2026-08-17 13:31:24,APOLLOHOSP,8877.0
2026-08-17 13:31:24,EICHERMOT,8060.0
2026-08-17 13:31:24,APOLLOHOSP,8876.5
2026-08-17 13:31:24,NESTLEIND,1475.7
2026-08-17 13:31:24,SBILIFE,1787.1
2026-08-17 13:31:24,EICHERMOT,8057.0
2026-08-17 13:31:24,NTPC,337.9
2026-08-17 13:31:24,APOLLOHOSP,8878.5
2026-08-17 13:31:25,SBILIFE,1787.2
2026-08-17 13:31:26,NTPC,337.7
2026-08-17 13:31:27,EICHERMOT,8060.0
2026-08-17 13:31:27,NTPC,337.6
2026-08-17 13:31:27,APOLLOHOSP,8878.0
2026-08-17 13:31:29,NESTLEIND,1475.8
2026-08-17 13:31:30,NTPC,337.7
2026-08-17 13:31:30,GRASIM,3269.4
2026-08-17 13:31:30,NESTLEIND,1475.6
2026-08-17 13:31:30,NTPC,337.55
2026-08-17 13:31:31,EICHERMOT,8057.0
2026-08-17 13:31:32,EICHERMOT,8060.0
2026-08-17 13:31:32,EICHERMOT,8057.5
2026-08-17 13:31:32,NTPC,337.65
2026-08-17 13:31:35,NTPC,337.85
2026-08-17 13:31:36,SBILIFE,1787.7
2026-08-17 13:31:36,APOLLOHOSP,8878.5
2026-08-17 13:31:37,NESTLEIND,1475.7
2026-08-17 13:31:37,APOLLOHOSP,8875.0
2026-08-17 13:31:37,EICHERMOT,8060.0
2026-08-17 13:31:37,NTPC,338.0
2026-08-17 13:31:40,GRASIM,3269.8
2026-08-17 13:31:41,NTPC,337.85
2026-08-17 13:53:04,NESTLEIND,1474.5
2026-08-17 13:53:04,SBILIFE,1790.6
2026-08-17 13:53:04,EICHERMOT,8066.5
2026-08-17 13:53:04,NTPC,338.0
2026-08-17 13:53:04,GRASIM,3260.0
2026-08-17 13:53:04,APOLLOHOSP,8859.0
2026-08-17 13:53:05,SBILIFE,1790.1
2026-08-17 13:53:05,GRASIM,3258.5
2026-08-17 13:53:06,SBILIFE,1789.8
2026-08-17 13:53:06,NTPC,337.95
2026-08-17 13:53:07,EICHERMOT,8069.0
2026-08-17 13:53:08,NESTLEIND,1474.8
2026-08-17 13:53:08,NTPC,338.0
2026-08-17 13:53:08,GRASIM,3257.1
2026-08-17 13:53:09,NTPC,337.95
2026-08-17 13:53:09,GRASIM,3258.5
2026-08-17 13:53:09,NESTLEIND,1474.6
2026-08-17 13:53:09,NTPC,338.0
2026-08-17 13:53:10,EICHERMOT,8066.5
2026-08-17 13:53:10,GRASIM,3257.2
2026-08-17 13:53:10,APOLLOHOSP,8858.0
2026-08-17 13:53:11,GRASIM,3259.1
2026-08-17 13:53:11,NTPC,337.95
2026-08-17 13:53:11,NESTLEIND,1474.5
2026-08-17 13:53:12,NTPC,338.0
2026-08-17 13:53:12,GRASIM,3258.9
2026-08-17 13:53:13,NESTLEIND,1474.1
2026-08-17 13:53:13,NTPC,337.95
2026-08-17 13:53:13,GRASIM,3258.8
2026-08-17 13:53:13,APOLLOHOSP,8859.0
2026-08-17 13:53:14,NESTLEIND,1474.5
2026-08-17 13:53:15,NTPC,338.0
2026-08-17 13:53:15,GRASIM,3258.7
2026-08-17 13:53:16,SBILIFE,1790.1
2026-08-17 13:53:16,NESTLEIND,1474.6
2026-08-17 13:53:16,APOLLOHOSP,8853.0
2026-08-17 13:53:17,NESTLEIND,1474.8
2026-08-17 13:53:17,SBILIFE,1790.6
2026-08-17 13:53:17,APOLLOHOSP,8858.0
2026-08-17 13:53:17,EICHERMOT,8069.0
2026-08-17 13:53:18,NESTLEIND,1474.6
2026-08-17 13:53:18,NTPC,337.95
2026-08-17 13:53:19,EICHERMOT,8070.0
2026-08-17 13:53:20,NTPC,338.0
2026-08-17 13:53:20,GRASIM,3256.8
2026-08-17 13:53:21,GRASIM,3258.0
2026-08-17 13:53:21,APOLLOHOSP,8859.0
2026-08-17 13:53:21,SBILIFE,1789.8
2026-08-17 13:53:21,NTPC,337.95
2026-08-17 13:53:23,NESTLEIND,1474.8
2026-08-17 13:53:23,SBILIFE,1790.2
2026-08-17 13:53:23,EICHERMOT,8066.5
2026-08-17 13:53:23,APOLLOHOSP,8859.5
2026-08-17 13:53:25,SBILIFE,1789.9
2026-08-17 13:53:25,GRASIM,3257.5
2026-08-17 13:53:26,APOLLOHOSP,8859.0
2026-08-17 13:53:26,GRASIM,3258.9
2026-08-17 13:53:27,NTPC,338.0
2026-08-17 13:53:27,EICHERMOT,8069.0
2026-08-17 13:53:27,GRASIM,3258.2
2026-08-17 13:53:28,GRASIM,3258.3
2026-08-17 13:53:29,GRASIM,3258.5
2026-08-17 13:53:29,EICHERMOT,8069.5
2026-08-17 13:53:31,GRASIM,3257.3
2026-08-17 13:53:31,APOLLOHOSP,8859.5
2026-08-17 13:53:32,GRASIM,3258.5
2026-08-17 13:53:33,NESTLEIND,1474.6
2026-08-17 13:53:33,EICHERMOT,8067.5
2026-08-17 13:53:33,GRASIM,3257.0
2026-08-17 13:53:33,APOLLOHOSP,8859.0
2026-08-17 13:53:33,GRASIM,3258.5
2026-08-17 13:53:34,EICHERMOT,8068.0
2026-08-17 13:53:34,NTPC,337.95
2026-08-17 13:53:35,GRASIM,3257.2
2026-08-17 13:53:36,SBILIFE,1789.8
2026-08-17 13:53:37,NTPC,338.0
2026-08-17 13:53:39,EICHERMOT,8069.5
2026-08-17 13:53:40,GRASIM,3257.0
2026-08-17 13:53:40,GRASIM,3256.4
2026-08-17 13:53:41,NESTLEIND,1474.2
2026-08-17 13:53:41,NTPC,337.95
2026-08-17 13:53:41,GRASIM,3260.1
2026-08-17 13:53:41,EICHERMOT,8070.0
2026-08-17 13:53:41,GRASIM,3260.0
2026-08-17 13:53:42,SBILIFE,1790.3
2026-08-17 13:53:42,NTPC,338.0
2026-08-17 13:53:42,GRASIM,3258.3
2026-08-17 13:53:43,EICHERMOT,8067.5
2026-08-17 13:53:43,GRASIM,3260.0
2026-08-17 13:53:44,NTPC,337.95
2026-08-17 13:53:45,NESTLEIND,1474.7
2026-08-17 13:53:45,EICHERMOT,8070.0
2026-08-17 13:53:45,NTPC,338.0
2026-08-17 13:53:46,SBILIFE,1789.8
2026-08-17 13:53:46,GRASIM,3260.3
2026-08-17 13:53:47,SBILIFE,1790.3
2026-08-17 13:53:47,NTPC,337.95
2026-08-17 13:53:48,GRASIM,3260.0
2026-08-17 13:53:50,GRASIM,3258.4
2026-08-17 13:53:51,GRASIM,3258.9
2026-08-17 13:53:52,SBILIFE,1789.8
2026-08-17 13:53:53,EICHERMOT,8067.5
2026-08-17 13:53:53,APOLLOHOSP,8860.0
2026-08-17 13:53:54,NESTLEIND,1474.5
2026-08-17 13:53:55,NESTLEIND,1474.9
2026-08-17 13:53:55,GRASIM,3257.9
2026-08-17 13:53:57,APOLLOHOSP,8858.5
2026-08-17 13:53:57,EICHERMOT,8070.0
2026-08-17 13:53:57,NTPC,338.0
2026-08-17 13:53:58,NESTLEIND,1474.5
2026-08-17 13:53:58,NTPC,337.95
2026-08-17 13:54:00,NTPC,338.0
2026-08-17 13:54:00,GRASIM,3256.9
2026-08-17 13:54:01,GRASIM,3258.0
2026-08-17 13:54:01,GRASIM,3260.0
2026-08-17 14:37:01,NESTLEIND,1473.5
2026-08-17 14:37:01,SBILIFE,1788.2
2026-08-17 14:37:01,EICHERMOT,8074.0
2026-08-17 14:37:01,NTPC,336.8
2026-08-17 14:37:01,GRASIM,3253.5
2026-08-17 14:37:01,APOLLOHOSP,8872.5
2026-08-17 14:37:01,NESTLEIND,1473.8
2026-08-17 14:37:01,SBILIFE,1788.9
2026-08-17 14:37:02,EICHERMOT,8071.0
2026-08-17 14:37:02,NTPC,336.9
2026-08-17 14:37:03,NESTLEIND,1473.5
2026-08-17 14:37:03,EICHERMOT,8074.0
2026-08-17 14:37:03,NTPC,336.7
2026-08-17 14:37:04,EICHERMOT,8071.0
2026-08-17 14:37:04,NTPC,336.8
2026-08-17 14:37:06,NTPC,336.7
2026-08-17 14:37:07,SBILIFE,1788.2
2026-08-17 14:37:07,NTPC,336.8
2026-08-17 14:37:07,EICHERMOT,8074.0
2026-08-17 14:37:07,APOLLOHOSP,8873.5
2026-08-17 14:37:08,EICHERMOT,8071.0
2026-08-17 14:37:08,NTPC,336.9
2026-08-17 14:37:08,GRASIM,3252.7
2026-08-17 14:37:08,NESTLEIND,1473.8
2026-08-17 14:37:08,SBILIFE,1788.9
2026-08-17 14:37:08,EICHERMOT,8074.0
2026-08-17 14:37:09,SBILIFE,1789.4
2026-08-17 14:37:09,APOLLOHOSP,8875.0
2026-08-17 14:37:09,GRASIM,3253.5
2026-08-17 14:37:11,SBILIFE,1788.3
2026-08-17 14:37:11,EICHERMOT,8073.5
2026-08-17 14:37:11,GRASIM,3252.6
2026-08-17 14:37:12,NTPC,336.8
2026-08-17 14:37:13,NESTLEIND,1473.5
2026-08-17 14:37:13,NTPC,336.7
2026-08-17 14:37:13,APOLLOHOSP,8870.5
2026-08-17 14:37:13,EICHERMOT,8071.0
2026-08-17 14:37:13,NTPC,336.8
2026-08-17 14:37:14,APOLLOHOSP,8874.0
2026-08-17 14:37:15,NESTLEIND,1473.8
2026-08-17 14:37:15,SBILIFE,1789.0
2026-08-17 14:37:15,NTPC,336.9
2026-08-17 14:37:16,GRASIM,3251.7
2026-08-17 14:37:16,APOLLOHOSP,8870.0
2026-08-17 14:37:17,SBILIFE,1789.3
2026-08-17 14:37:17,EICHERMOT,8074.0
2026-08-17 14:37:18,EICHERMOT,8071.0
2026-08-17 14:37:19,NTPC,336.8
2026-08-17 14:37:19,APOLLOHOSP,8873.5
2026-08-17 14:37:20,NTPC,336.9
2026-08-17 14:37:21,NTPC,336.8
2026-08-17 14:37:21,SBILIFE,1789.0
2026-08-17 14:37:21,EICHERMOT,8074.0
2026-08-17 14:37:21,NTPC,336.9
2026-08-17 14:37:23,NESTLEIND,1473.5
2026-08-17 14:37:23,GRASIM,3251.4
2026-08-17 14:37:23,APOLLOHOSP,8870.0
2026-08-17 14:37:23,SBILIFE,1788.4
2026-08-17 14:37:23,EICHERMOT,8071.0
2026-08-17 14:37:25,APOLLOHOSP,8872.5
2026-08-17 14:37:25,SBILIFE,1788.6
2026-08-17 14:37:26,NTPC,336.8
2026-08-17 14:37:26,GRASIM,3251.1
2026-08-17 14:37:26,NESTLEIND,1473.8
2026-08-17 14:37:27,EICHERMOT,8074.0
2026-08-17 14:37:27,NTPC,336.9
2026-08-17 14:37:27,APOLLOHOSP,8870.0
2026-08-17 14:37:28,GRASIM,3250.9
2026-08-17 14:37:28,APOLLOHOSP,8873.5
2026-08-17 14:37:29,NESTLEIND,1473.6
2026-08-17 14:37:29,NTPC,336.95
2026-08-17 14:37:30,EICHERMOT,8071.0
2026-08-17 14:37:30,SBILIFE,1788.5
2026-08-17 14:37:31,NESTLEIND,1473.8
2026-08-17 14:37:32,EICHERMOT,8070.5
2026-08-17 14:37:33,NESTLEIND,1473.6
2026-08-17 14:37:34,NESTLEIND,1473.8
2026-08-17 14:37:35,NESTLEIND,1473.6
2026-08-17 14:37:36,GRASIM,3250.7
2026-08-17 14:37:36,NTPC,336.9
2026-08-17 14:37:36,GRASIM,3250.5
2026-08-17 14:37:36,APOLLOHOSP,8868.0
2026-08-17 14:37:37,NTPC,336.95
2026-08-17 14:37:37,NESTLEIND,1473.8
2026-08-17 14:37:37,EICHERMOT,8073.5
2026-08-17 14:37:37,GRASIM,3250.7
2026-08-17 14:37:37,APOLLOHOSP,8870.0
2026-08-17 14:37:38,NESTLEIND,1473.6
2026-08-17 14:37:39,NTPC,336.9
2026-08-17 14:37:39,GRASIM,3252.1
2026-08-17 14:37:41,GRASIM,3251.5
2026-08-17 14:37:41,NESTLEIND,1473.8
2026-08-17 14:37:41,SBILIFE,1789.0
2026-08-17 14:37:41,EICHERMOT,8071.0
2026-08-17 14:37:42,GRASIM,3251.3
2026-08-17 14:37:43,NTPC,336.95
2026-08-17 14:37:43,NESTLEIND,1473.6
2026-08-17 14:37:45,NESTLEIND,1473.8
2026-08-17 14:37:45,NESTLEIND,1473.6
2026-08-17 14:37:45,SBILIFE,1788.5
2026-08-17 14:37:45,GRASIM,3251.5
2026-08-17 14:37:45,APOLLOHOSP,8872.0
2026-08-17 14:37:46,SBILIFE,1789.1
2026-08-17 14:37:46,EICHERMOT,8073.0
2026-08-17 14:37:46,NESTLEIND,1473.8
2026-08-17 14:37:47,EICHERMOT,8071.0
2026-08-17 14:37:47,NTPC,336.9
2026-08-17 14:37:47,EICHERMOT,8073.0
2026-08-17 14:37:48,GRASIM,3250.8
2026-08-17 14:37:48,APOLLOHOSP,8873.0
2026-08-17 14:37:49,NESTLEIND,1473.7
2026-08-17 14:37:49,GRASIM,3250.7
2026-08-17 14:37:50,NESTLEIND,1473.8
2026-08-17 14:37:51,EICHERMOT,8071.0
2026-08-17 14:37:51,SBILIFE,1788.5
2026-08-17 14:37:51,EICHERMOT,8073.0
2026-08-17 14:37:52,NESTLEIND,1473.7
2026-08-17 14:37:52,EICHERMOT,8071.0
2026-08-17 14:37:52,APOLLOHOSP,8873.5
2026-08-17 14:37:53,APOLLOHOSP,8874.0
2026-08-17 14:37:54,NTPC,336.85
2026-08-17 14:37:54,GRASIM,3252.2
2026-08-17 14:37:54,GRASIM,3251.0
2026-08-17 14:37:55,NESTLEIND,1473.8
2026-08-17 14:37:56,APOLLOHOSP,8870.5
2026-08-17 14:37:57,EICHERMOT,8073.0
2026-08-17 14:37:57,NTPC,336.9
2026-08-17 14:37:57,APOLLOHOSP,8867.5
2026-08-17 14:37:58,EICHERMOT,8071.0
2026-08-17 14:37:58,APOLLOHOSP,8870.0
2026-08-17 14:37:59,GRASIM,3250.5
2026-08-17 14:38:01,GRASIM,3250.2
2026-08-17 14:38:01,NTPC,336.85
2026-08-17 14:38:01,APOLLOHOSP,8870.5
2026-08-17 14:38:02,EICHERMOT,8073.0
2026-08-17 14:38:02,NESTLEIND,1473.7
2026-08-17 14:38:02,NTPC,336.9
2026-08-17 14:38:02,GRASIM,3251.0
2026-08-17 14:38:03,EICHERMOT,8071.0
2026-08-17 14:38:03,GRASIM,3250.8
2026-08-17 14:38:05,GRASIM,3251.7
2026-08-17 14:38:06,GRASIM,3251.8
2026-08-17 14:38:07,NESTLEIND,1473.4
2026-08-17 14:38:07,EICHERMOT,8073.0
2026-08-17 14:38:07,NTPC,336.85
2026-08-17 14:38:07,APOLLOHOSP,8872.5
2026-08-17 14:38:07,NTPC,336.9
2026-08-17 14:38:07,GRASIM,3250.7
2026-08-17 14:38:09,EICHERMOT,8071.0
2026-08-17 14:38:09,NTPC,337.0
2026-08-17 14:38:09,NTPC,336.9
2026-08-17 14:38:11,NTPC,337.0
2026-08-17 14:38:11,GRASIM,3250.5
2026-08-17 14:38:12,NTPC,336.95
2026-08-17 14:38:12,APOLLOHOSP,8870.0
2026-08-17 14:38:13,EICHERMOT,8071.5
2026-08-17 14:38:14,NESTLEIND,1473.2
2026-08-17 14:38:15,NESTLEIND,1473.4
2026-08-17 14:38:15,NTPC,337.0
2026-08-17 14:38:16,GRASIM,3251.9
2026-08-17 14:38:16,APOLLOHOSP,8872.5
2026-08-17 14:38:17,SBILIFE,1788.6
2026-08-17 14:38:17,EICHERMOT,8073.0
2026-08-17 14:38:17,GRASIM,3250.7
2026-08-17 14:38:17,APOLLOHOSP,8870.0
2026-08-17 14:38:19,GRASIM,3250.6
2026-08-17 14:38:19,NESTLEIND,1473.2
2026-08-17 14:38:19,APOLLOHOSP,8872.5
2026-08-17 14:38:20,EICHERMOT,8070.0
2026-08-17 14:38:20,NESTLEIND,1473.4
2026-08-17 14:38:20,SBILIFE,1788.5
2026-08-17 14:38:21,SBILIFE,1788.6
2026-08-17 14:38:21,NTPC,336.9
2026-08-17 14:38:21,GRASIM,3251.9
2026-08-17 14:38:22,NTPC,337.0
2026-08-17 14:38:22,APOLLOHOSP,8873.0
2026-08-17 14:38:22,APOLLOHOSP,8873.5
2026-08-17 14:38:23,EICHERMOT,8070.5
2026-08-17 14:38:23,NESTLEIND,1473.2
2026-08-17 14:38:23,NTPC,336.9
2026-08-17 14:38:23,APOLLOHOSP,8873.0
2026-08-17 14:38:24,NESTLEIND,1473.4
2026-08-17 14:38:24,NTPC,337.0
2026-08-17 14:38:25,NESTLEIND,1473.2
2026-08-17 14:38:25,APOLLOHOSP,8870.0
2026-08-17 14:38:25,NESTLEIND,1473.4
2026-08-17 14:38:25,SBILIFE,1788.5
2026-08-17 14:38:26,EICHERMOT,8073.0
2026-08-17 14:38:26,GRASIM,3250.7
2026-08-17 14:38:26,APOLLOHOSP,8872.5
2026-08-17 14:38:26,GRASIM,3250.6
2026-08-17 14:38:27,APOLLOHOSP,8870.0
2026-08-17 14:38:29,NESTLEIND,1473.2
2026-08-17 14:38:30,GRASIM,3250.7
2026-08-17 14:38:31,NTPC,336.9
2026-08-17 14:38:31,GRASIM,3250.5
2026-08-17 14:38:31,EICHERMOT,8070.5
2026-08-17 14:38:32,NTPC,337.0
2026-08-17 14:38:33,GRASIM,3250.1
2026-08-17 14:38:34,NESTLEIND,1473.4
2026-08-17 14:38:34,GRASIM,3250.5
2026-08-17 14:38:34,APOLLOHOSP,8872.0
2026-08-17 14:38:35,GRASIM,3250.3
2026-08-17 14:38:35,SBILIFE,1788.1
2026-08-17 14:38:36,NESTLEIND,1473.2
2026-08-17 14:38:36,EICHERMOT,8073.0
2026-08-17 14:38:36,NTPC,337.15
2026-08-17 14:38:36,GRASIM,3250.5
2026-08-17 14:38:37,GRASIM,3250.6
2026-08-17 14:38:37,APOLLOHOSP,8870.0
2026-08-17 14:38:37,NTPC,337.05
2026-08-17 14:38:38,GRASIM,3250.5
2026-08-17 14:38:39,NESTLEIND,1473.0
2026-08-17 14:38:39,NTPC,337.15
2026-08-17 14:38:39,APOLLOHOSP,8871.5
2026-08-17 14:38:41,NTPC,337.05
2026-08-17 14:38:42,EICHERMOT,8071.0
2026-08-17 14:38:42,APOLLOHOSP,8870.0
2026-08-17 14:38:43,NTPC,337.0
2026-08-17 14:38:43,NTPC,337.15
2026-08-17 14:38:43,GRASIM,3250.1
2026-08-17 14:38:45,NESTLEIND,1472.3
2026-08-17 14:38:45,EICHERMOT,8073.0
2026-08-17 14:38:45,GRASIM,3250.5
2026-08-17 14:38:46,GRASIM,3250.1
2026-08-17 14:38:46,APOLLOHOSP,8871.5
2026-08-17 14:38:46,NESTLEIND,1472.2
2026-08-17 14:38:47,NESTLEIND,1472.1
2026-08-17 14:38:47,SBILIFE,1788.6
2026-08-17 14:38:48,NESTLEIND,1472.2
2026-08-17 14:38:48,EICHERMOT,8071.0
2026-08-17 14:38:48,GRASIM,3250.2
2026-08-17 14:38:49,NESTLEIND,1472.1
2026-08-17 14:38:50,APOLLOHOSP,8868.0
2026-08-17 14:38:50,SBILIFE,1788.1
2026-08-17 14:38:50,APOLLOHOSP,8870.0
2026-08-17 14:38:51,NESTLEIND,1471.5
2026-08-17 14:38:52,NESTLEIND,1471.4
2026-08-17 14:38:53,NESTLEIND,1471.0
2026-08-17 14:38:53,NESTLEIND,1471.4
2026-08-17 14:38:54,NESTLEIND,1471.0
2026-08-17 14:38:54,NTPC,337.2
2026-08-17 14:38:56,EICHERMOT,8073.0
2026-08-17 14:38:56,GRASIM,3250.1
2026-08-17 14:38:56,APOLLOHOSP,8871.5
2026-08-17 14:38:56,NESTLEIND,1471.4
2026-08-17 14:38:56,NTPC,337.1
2026-08-17 14:38:56,GRASIM,3250.0
2026-08-17 14:38:57,NTPC,337.15
2026-08-17 14:38:57,APOLLOHOSP,8867.5
2026-08-17 14:38:57,APOLLOHOSP,8870.0
2026-08-17 14:38:58,NTPC,337.2
2026-08-17 14:38:59,NESTLEIND,1471.0
2026-08-17 14:38:59,EICHERMOT,8071.0
2026-08-17 14:38:59,NTPC,337.15
2026-08-17 14:38:59,GRASIM,3250.1
2026-08-17 14:39:00,NTPC,337.2
2026-08-17 14:39:01,NESTLEIND,1471.4
2026-08-17 14:39:01,SBILIFE,1788.6
2026-08-17 14:39:01,GRASIM,3250.0
2026-08-17 14:39:02,GRASIM,3250.1
2026-08-17 14:39:03,NESTLEIND,1471.3
2026-08-17 14:39:03,NTPC,337.15
2026-08-17 14:39:04,NESTLEIND,1471.0
2026-08-17 14:39:05,GRASIM,3250.0
2026-08-17 14:39:05,SBILIFE,1788.1
2026-08-17 14:39:05,NTPC,337.25
2026-08-17 14:39:06,NESTLEIND,1470.4
2026-08-17 14:39:07,NTPC,337.05
2026-08-17 14:39:07,EICHERMOT,8073.0
2026-08-17 14:39:07,NESTLEIND,1470.7
2026-08-17 14:39:07,APOLLOHOSP,8871.5
2026-08-17 14:39:08,NESTLEIND,1471.0
2026-08-17 14:39:09,EICHERMOT,8071.0
2026-08-17 14:39:09,NESTLEIND,1470.5
2026-08-17 14:39:10,NESTLEIND,1470.3
2026-08-17 14:39:11,NESTLEIND,1470.4
2026-08-17 14:39:11,NTPC,337.2
2026-08-17 14:39:11,GRASIM,3250.1
2026-08-17 14:39:11,APOLLOHOSP,8869.0
2026-08-17 14:39:12,NESTLEIND,1470.0
2026-08-17 14:39:12,APOLLOHOSP,8870.0
2026-08-17 14:39:13,NESTLEIND,1469.6
2026-08-17 14:39:13,NTPC,337.05
2026-08-17 14:39:13,GRASIM,3250.0
2026-08-17 14:39:15,NESTLEIND,1470.0
2026-08-17 14:39:17,NESTLEIND,1469.5
2026-08-17 14:39:17,SBILIFE,1788.6
2026-08-17 14:39:17,NTPC,337.2
2026-08-17 14:39:17,APOLLOHOSP,8867.5
2026-08-17 14:39:17,EICHERMOT,8073.0
2026-08-17 14:39:18,NESTLEIND,1470.0
2026-08-17 14:39:18,NESTLEIND,1469.6
2026-08-17 14:39:19,APOLLOHOSP,8870.0
2026-08-17 14:39:19,NESTLEIND,1470.0
2026-08-17 14:39:19,APOLLOHOSP,8871.5
2026-08-17 14:39:20,EICHERMOT,8074.0
2026-08-17 14:39:20,EICHERMOT,8074.5
2026-08-17 14:39:21,SBILIFE,1788.1
2026-08-17 14:39:21,EICHERMOT,8071.0
2026-08-17 14:39:22,APOLLOHOSP,8872.0
2026-08-17 14:39:24,SBILIFE,1788.6
2026-08-17 14:39:24,NESTLEIND,1469.6
2026-08-17 14:39:24,GRASIM,3250.1
2026-08-17 14:39:25,NESTLEIND,1470.0
2026-08-17 14:39:26,SBILIFE,1788.1
2026-08-17 14:39:26,APOLLOHOSP,8873.0
2026-08-17 14:39:26,NTPC,337.15
2026-08-17 14:39:27,NESTLEIND,1469.7
2026-08-17 14:39:27,APOLLOHOSP,8872.0
2026-08-17 14:39:27,SBILIFE,1788.6
2026-08-17 14:39:27,NTPC,337.05
2026-08-17 14:39:27,GRASIM,3250.0
2026-08-17 14:39:27,APOLLOHOSP,8870.0
2026-08-17 14:39:28,EICHERMOT,8069.5
2026-08-17 14:39:28,NESTLEIND,1470.0
2026-08-17 14:39:29,NESTLEIND,1469.7
2026-08-17 14:39:29,NTPC,337.2
2026-08-17 14:39:30,NTPC,337.15
2026-08-17 14:39:30,GRASIM,3250.1
2026-08-17 14:39:30,NESTLEIND,1470.0
2026-08-17 14:39:31,EICHERMOT,8070.5
2026-08-17 14:39:31,NTPC,337.2
2026-08-17 14:39:31,GRASIM,3252.1
2026-08-17 14:39:32,GRASIM,3253.5
2026-08-17 14:39:34,NESTLEIND,1469.7
2026-08-17 14:39:34,NTPC,337.0
2026-08-17 14:39:34,APOLLOHOSP,8872.0
2026-08-17 14:39:35,NESTLEIND,1470.0
2026-08-17 14:39:35,SBILIFE,1789.3
2026-08-17 14:39:35,EICHERMOT,8073.0
2026-08-17 14:39:35,NTPC,337.25
2026-08-17 14:39:36,APOLLOHOSP,8870.0
2026-08-17 14:39:36,EICHERMOT,8070.5
2026-08-17 14:39:36,NTPC,337.1
2026-08-17 14:39:37,SBILIFE,1788.8
2026-08-17 14:39:37,GRASIM,3251.9
2026-08-17 14:39:37,SBILIFE,1789.3
2026-08-17 14:39:37,EICHERMOT,8071.0
2026-08-17 14:39:38,EICHERMOT,8069.0
2026-08-17 14:39:39,NTPC,337.2
2026-08-17 14:39:40,NTPC,337.25
2026-08-17 14:39:41,NTPC,337.1
2026-08-17 14:39:41,GRASIM,3252.0
2026-08-17 14:39:42,NTPC,337.25
2026-08-17 14:39:43,NTPC,337.1
2026-08-17 14:39:44,SBILIFE,1789.4
2026-08-17 14:39:44,NESTLEIND,1469.7
2026-08-17 14:39:44,NTPC,337.25
2026-08-17 14:39:45,NESTLEIND,1470.0
2026-08-17 14:39:45,NESTLEIND,1469.7
2026-08-17 14:39:45,SBILIFE,1788.9
2026-08-17 14:39:46,EICHERMOT,8071.5
2026-08-17 14:39:46,SBILIFE,1789.4
2026-08-17 14:39:46,NTPC,337.3
2026-08-17 14:39:46,GRASIM,3251.9
2026-08-17 14:39:47,NESTLEIND,1470.0
2026-08-17 14:39:47,EICHERMOT,8072.0
2026-08-17 14:39:47,APOLLOHOSP,8873.0
2026-08-17 14:39:48,SBILIFE,1789.5
2026-08-17 14:39:48,GRASIM,3251.3
2026-08-17 14:39:49,EICHERMOT,8071.5
2026-08-17 14:39:49,NESTLEIND,1469.7
2026-08-17 14:39:49,SBILIFE,1789.6
2026-08-17 14:39:50,NTPC,337.35
2026-08-17 14:39:51,NTPC,337.2
2026-08-17 14:39:52,NESTLEIND,1470.0
2026-08-17 14:39:52,SBILIFE,1788.9
2026-08-17 14:39:52,APOLLOHOSP,8874.0
2026-08-17 14:39:53,NTPC,337.35
2026-08-17 14:39:53,NESTLEIND,1469.7
2026-08-17 14:39:53,EICHERMOT,8071.0
2026-08-17 14:39:53,NTPC,337.3
2026-08-17 14:39:54,SBILIFE,1789.8
2026-08-17 14:39:55,NESTLEIND,1470.0
2026-08-17 14:39:55,NTPC,337.35
2026-08-17 14:39:56,APOLLOHOSP,8875.0
2026-08-17 14:39:56,EICHERMOT,8072.5
2026-08-17 14:39:56,GRASIM,3251.4
2026-08-17 14:39:57,SBILIFE,1788.9
2026-08-17 14:39:57,NTPC,337.3
2026-08-17 14:39:57,APOLLOHOSP,8871.5
2026-08-17 14:39:58,APOLLOHOSP,8870.5
2026-08-17 14:39:59,NESTLEIND,1469.7
2026-08-17 14:40:00,NESTLEIND,1470.0
2026-08-17 14:40:00,GRASIM,3251.7
2026-08-17 14:40:00,EICHERMOT,8070.0
2026-08-17 14:40:01,NTPC,337.35
2026-08-17 14:40:01,GRASIM,3251.4
2026-08-17 14:40:01,NTPC,337.2
2026-08-17 14:40:02,NESTLEIND,1470.4
2026-08-17 14:40:02,NTPC,337.3
2026-08-17 14:40:03,NESTLEIND,1471.0
2026-08-17 14:40:04,EICHERMOT,8072.5
2026-08-17 14:40:04,APOLLOHOSP,8871.5
2026-08-17 14:40:05,EICHERMOT,8070.0
2026-08-17 14:40:06,SBILIFE,1789.2
2026-08-17 14:40:07,EICHERMOT,8072.5
2026-08-17 14:40:07,SBILIFE,1789.7
2026-08-17 14:40:07,NTPC,337.25
2026-08-17 14:40:07,APOLLOHOSP,8874.5
2026-08-17 14:40:08,APOLLOHOSP,8871.5
2026-08-17 14:40:09,NESTLEIND,1470.9
2026-08-17 14:40:10,NESTLEIND,1471.4
2026-08-17 14:40:10,APOLLOHOSP,8870.5
2026-08-17 14:40:11,NESTLEIND,1471.9
2026-08-17 14:40:11,EICHERMOT,8070.0
2026-08-17 14:40:11,NTPC,337.15
2026-08-17 14:40:12,SBILIFE,1788.9
2026-08-17 14:40:12,NTPC,337.25
2026-08-17 14:40:13,NESTLEIND,1471.5
2026-08-17 14:40:13,NTPC,337.1
2026-08-17 14:40:13,GRASIM,3250.4
2026-08-17 14:40:14,NTPC,337.25
2026-08-17 14:40:16,APOLLOHOSP,8870.0
2026-08-17 14:40:16,NESTLEIND,1472.2
2026-08-17 14:40:16,SBILIFE,1789.2
2026-08-17 14:40:16,GRASIM,3252.2
2026-08-17 14:40:17,NESTLEIND,1471.9
2026-08-17 14:40:17,EICHERMOT,8072.5
2026-08-17 14:40:17,GRASIM,3251.5
2026-08-17 14:40:18,NESTLEIND,1472.4
2026-08-17 14:40:18,GRASIM,3252.4
2026-08-17 14:40:18,APOLLOHOSP,8872.5
2026-08-17 14:40:19,APOLLOHOSP,8875.0
2026-08-17 14:40:20,EICHERMOT,8070.0
2026-08-17 14:40:21,NESTLEIND,1472.1
2026-08-17 14:40:21,NESTLEIND,1472.4
2026-08-17 14:40:21,SBILIFE,1788.9
2026-08-17 14:40:21,GRASIM,3252.1
2026-08-17 14:40:21,APOLLOHOSP,8873.0
2026-08-17 14:40:22,SBILIFE,1789.2
2026-08-17 14:40:22,APOLLOHOSP,8870.0
2026-08-17 14:40:23,NESTLEIND,1472.1
2026-08-17 14:40:23,NTPC,337.1
2026-08-17 14:40:24,NTPC,337.25
2026-08-17 14:40:25,NESTLEIND,1472.4
2026-08-17 14:40:25,SBILIFE,1789.0
2026-08-17 14:40:26,GRASIM,3251.0
2026-08-17 14:40:26,APOLLOHOSP,8876.0
2026-08-17 14:40:27,NTPC,337.1
2026-08-17 14:40:27,APOLLOHOSP,8875.5
2026-08-17 14:40:27,EICHERMOT,8072.5
2026-08-17 14:40:27,NTPC,336.8
2026-08-17 14:40:27,GRASIM,3252.1
2026-08-17 14:40:28,APOLLOHOSP,8872.5
2026-08-17 14:40:28,EICHERMOT,8070.0
2026-08-17 14:40:28,NTPC,336.9
2026-08-17 14:40:29,NESTLEIND,1472.2
2026-08-17 14:40:29,SBILIFE,1789.1
2026-08-17 14:40:29,NTPC,336.85
2026-08-17 14:40:30,GRASIM,3252.5
2026-08-17 14:40:31,SBILIFE,1789.7
2026-08-17 14:40:31,NTPC,336.8
2026-08-17 14:40:32,NTPC,336.9
2026-08-17 14:40:33,SBILIFE,1789.1
2026-08-17 14:40:33,NESTLEIND,1472.4
2026-08-17 14:40:33,NTPC,336.85
2026-08-17 14:40:34,NESTLEIND,1472.2
2026-08-17 14:40:34,APOLLOHOSP,8875.5
2026-08-17 14:40:35,SBILIFE,1789.2
2026-08-17 14:40:35,NTPC,336.6
2026-08-17 14:40:36,EICHERMOT,8072.5
2026-08-17 14:40:36,NTPC,336.8
2026-08-17 14:40:36,APOLLOHOSP,8872.5
2026-08-17 14:40:36,GRASIM,3251.7
2026-08-17 14:40:37,NTPC,336.65
2026-08-17 14:40:37,APOLLOHOSP,8869.0
2026-08-17 14:40:37,NTPC,336.8
2026-08-17 14:40:39,EICHERMOT,8070.0
2026-08-17 14:40:41,NESTLEIND,1472.7
2026-08-17 14:40:41,EICHERMOT,8073.0
2026-08-17 14:40:41,NTPC,336.65
2026-08-17 14:40:41,APOLLOHOSP,8874.0
2026-08-17 14:40:42,SBILIFE,1789.7
2026-08-17 14:40:42,NTPC,336.7
2026-08-17 14:40:43,NESTLEIND,1472.2
2026-08-17 14:40:43,EICHERMOT,8070.0
2026-08-17 14:40:43,NTPC,336.85
2026-08-17 14:40:43,GRASIM,3252.1
2026-08-17 14:40:43,APOLLOHOSP,8870.5
2026-08-17 14:40:45,NTPC,336.9
2026-08-17 14:40:45,NESTLEIND,1472.7
2026-08-17 14:40:45,SBILIFE,1789.3
2026-08-17 14:40:45,GRASIM,3252.6
2026-08-17 14:40:46,NESTLEIND,1472.2
2026-08-17 14:40:46,EICHERMOT,8072.5
2026-08-17 14:40:46,GRASIM,3253.2
2026-08-17 14:40:46,NESTLEIND,1472.7
2026-08-17 14:40:46,EICHERMOT,8070.0
2026-08-17 14:40:46,GRASIM,3253.4
2026-08-17 14:40:46,APOLLOHOSP,8875.0
2026-08-17 14:40:46,SBILIFE,1789.7
2026-08-17 14:40:47,NTPC,336.75
2026-08-17 14:40:47,SBILIFE,1789.3
2026-08-17 14:40:47,NTPC,336.8
2026-08-17 14:40:48,SBILIFE,1789.5
2026-08-17 14:40:48,EICHERMOT,8072.5
2026-08-17 14:40:48,NTPC,336.85
2026-08-17 14:40:48,GRASIM,3253.2
2026-08-17 14:40:49,NESTLEIND,1472.4
2026-08-17 14:40:50,NTPC,336.9
2026-08-17 14:40:51,EICHERMOT,8070.0
2026-08-17 14:40:51,APOLLOHOSP,8873.0
2026-08-17 14:40:52,NTPC,336.85
2026-08-17 14:40:52,SBILIFE,1789.3
2026-08-17 14:40:53,NESTLEIND,1472.5
2026-08-17 14:40:53,NTPC,336.9
2026-08-17 14:40:53,SBILIFE,1789.5
2026-08-17 14:40:54,NTPC,336.95
2026-08-17 14:40:55,SBILIFE,1789.3
2026-08-17 14:40:55,NTPC,336.75
2026-08-17 14:40:55,APOLLOHOSP,8875.0
2026-08-17 14:40:56,GRASIM,3253.4
2026-08-17 14:40:56,EICHERMOT,8072.5
2026-08-17 14:40:56,NTPC,336.95
2026-08-17 14:40:56,GRASIM,3253.2
2026-08-17 14:40:57,NESTLEIND,1472.9
2026-08-17 14:40:57,APOLLOHOSP,8870.0
2026-08-17 14:40:58,APOLLOHOSP,8870.5
2026-08-17 14:40:59,NESTLEIND,1472.5
2026-08-17 14:41:00,NTPC,337.0
2026-08-17 14:41:00,GRASIM,3252.7
2026-08-17 14:41:01,NESTLEIND,1472.7
2026-08-17 14:41:01,SBILIFE,1789.5
2026-08-17 14:41:01,GRASIM,3253.0
2026-08-17 14:41:01,APOLLOHOSP,8870.0
2026-08-17 14:41:03,NESTLEIND,1472.5
2026-08-17 14:41:03,EICHERMOT,8069.5
2026-08-17 14:41:04,APOLLOHOSP,8875.0
2026-08-17 14:41:05,SBILIFE,1789.3
2026-08-17 14:41:06,GRASIM,3252.5
2026-08-17 14:41:07,NESTLEIND,1472.7
2026-08-17 14:41:07,EICHERMOT,8072.5
2026-08-17 14:41:07,NTPC,336.85
2026-08-17 14:41:08,NTPC,337.0
2026-08-17 14:41:08,GRASIM,3251.7
2026-08-17 14:41:09,NESTLEIND,1472.5
2026-08-17 14:41:09,EICHERMOT,8070.0
2026-08-17 14:41:09,NTPC,336.85
2026-08-17 14:41:10,NTPC,337.0
2026-08-17 14:41:11,NTPC,336.85
2026-08-17 14:41:12,NESTLEIND,1472.7
2026-08-17 14:41:12,NTPC,337.0
2026-08-17 14:41:13,NESTLEIND,1472.9
2026-08-17 14:41:13,NTPC,336.95
2026-08-17 14:41:13,APOLLOHOSP,8871.5
2026-08-17 14:41:13,NTPC,337.0
2026-08-17 14:41:14,NESTLEIND,1473.0
2026-08-17 14:41:15,NESTLEIND,1473.1
2026-08-17 14:41:15,SBILIFE,1789.5
2026-08-17 14:41:15,NESTLEIND,1473.2
2026-08-17 14:41:16,GRASIM,3252.0
2026-08-17 14:41:16,APOLLOHOSP,8870.0
2026-08-17 14:41:16,SBILIFE,1789.7
2026-08-17 14:41:17,EICHERMOT,8071.5
2026-08-17 14:41:17,GRASIM,3252.9
2026-08-17 14:41:19,EICHERMOT,8070.0
2026-08-17 14:41:19,APOLLOHOSP,8874.5
2026-08-17 14:41:21,GRASIM,3253.0
2026-08-17 14:41:21,NTPC,336.95
2026-08-17 14:41:22,NTPC,337.0
2026-08-17 14:41:22,APOLLOHOSP,8875.0
2026-08-17 14:41:25,EICHERMOT,8069.5
2026-08-17 14:41:25,APOLLOHOSP,8874.5
2026-08-17 14:41:25,NESTLEIND,1473.5
2026-08-17 14:41:26,SBILIFE,1789.3
2026-08-17 14:41:26,EICHERMOT,8070.0
2026-08-17 14:41:26,APOLLOHOSP,8875.0
2026-08-17 14:41:27,NTPC,336.85
2026-08-17 14:41:28,NTPC,337.0
2026-08-17 14:41:28,GRASIM,3252.7
2026-08-17 14:41:29,NESTLEIND,1473.6
2026-08-17 14:41:29,EICHERMOT,8072.0
2026-08-17 14:41:29,GRASIM,3253.0
2026-08-17 14:41:29,APOLLOHOSP,8870.0
2026-08-17 14:41:30,SBILIFE,1789.7
2026-08-17 14:41:30,NESTLEIND,1473.1
2026-08-17 14:41:31,NESTLEIND,1473.3
2026-08-17 14:41:31,EICHERMOT,8070.0
2026-08-17 14:41:31,GRASIM,3252.2
2026-08-17 14:41:31,APOLLOHOSP,8870.5
2026-08-17 14:41:31,NTPC,336.9
2026-08-17 14:41:33,NESTLEIND,1472.8
2026-08-17 14:41:33,NTPC,337.0
2026-08-17 14:41:33,APOLLOHOSP,8871.0
2026-08-17 14:41:34,NESTLEIND,1473.5
2026-08-17 14:41:34,GRASIM,3251.6
2026-08-17 14:41:35,GRASIM,3252.2
2026-08-17 14:41:36,SBILIFE,1789.3
2026-08-17 14:41:36,APOLLOHOSP,8874.0
2026-08-17 14:41:36,GRASIM,3251.1
2026-08-17 14:41:36,NTPC,336.95
2026-08-17 14:41:37,NESTLEIND,1473.3
2026-08-17 14:41:37,EICHERMOT,8072.0
2026-08-17 14:41:37,GRASIM,3251.3
2026-08-17 14:41:38,NTPC,337.0
2026-08-17 14:41:38,NESTLEIND,1473.6
2026-08-17 14:41:39,EICHERMOT,8072.5
2026-08-17 14:41:40,NTPC,336.95
2026-08-17 14:41:40,NTPC,337.0
2026-08-17 14:41:40,GRASIM,3251.1
2026-08-17 14:41:41,SBILIFE,1789.7
2026-08-17 14:41:42,NESTLEIND,1473.3
2026-08-17 14:41:42,GRASIM,3250.7
2026-08-17 14:41:42,EICHERMOT,8070.5
2026-08-17 14:41:42,NTPC,336.95
2026-08-17 14:41:42,GRASIM,3251.1
2026-08-17 14:41:43,GRASIM,3250.5
2026-08-17 14:41:43,NESTLEIND,1473.6
2026-08-17 14:41:43,NTPC,337.0
2026-08-17 14:41:44,NESTLEIND,1473.3
2026-08-17 14:41:46,SBILIFE,1789.3
2026-08-17 14:41:46,NESTLEIND,1473.7
2026-08-17 14:41:46,EICHERMOT,8073.0
2026-08-17 14:41:46,GRASIM,3252.8
2026-08-17 14:41:47,SBILIFE,1789.7
2026-08-17 14:41:48,EICHERMOT,8070.5
2026-08-17 14:41:51,NESTLEIND,1473.6
2026-08-17 14:41:51,SBILIFE,1789.3
2026-08-17 14:41:51,GRASIM,3252.7
2026-08-17 14:41:51,NTPC,336.9
2026-08-17 14:41:53,NESTLEIND,1473.3
2026-08-17 14:41:53,NTPC,336.85
2026-08-17 14:41:53,APOLLOHOSP,8874.5
2026-08-17 14:41:55,EICHERMOT,8073.0
2026-08-17 14:41:55,SBILIFE,1789.0
2026-08-17 14:41:56,NTPC,336.9
2026-08-17 14:41:57,NESTLEIND,1473.5
2026-08-17 14:41:58,NTPC,336.95
2026-08-17 14:41:58,NTPC,337.0
2026-08-17 14:41:59,NESTLEIND,1473.3
2026-08-17 14:41:59,EICHERMOT,8070.5
2026-08-17 14:41:59,NTPC,337.1
2026-08-17 14:42:00,GRASIM,3252.2
2026-08-17 14:42:00,APOLLOHOSP,8871.0
2026-08-17 14:42:00,NTPC,337.15
2026-08-17 14:42:01,GRASIM,3251.7
2026-08-17 14:42:01,SBILIFE,1789.7
2026-08-17 14:42:01,NTPC,337.05
2026-08-17 14:42:01,APOLLOHOSP,8873.5
2026-08-17 14:42:03,NESTLEIND,1473.1
2026-08-17 14:42:03,APOLLOHOSP,8871.0
2026-08-17 14:42:04,NTPC,337.15
2026-08-17 14:42:04,GRASIM,3251.1
2026-08-17 14:42:04,APOLLOHOSP,8873.5
2026-08-17 14:42:04,NESTLEIND,1472.9
2026-08-17 14:42:07,SBILIFE,1789.0
2026-08-17 14:42:07,EICHERMOT,8073.0
2026-08-17 14:42:07,GRASIM,3252.9
2026-08-17 14:42:07,APOLLOHOSP,8874.5
2026-08-17 14:42:08,GRASIM,3252.0
2026-08-17 14:42:08,NTPC,337.1
2026-08-17 14:42:09,NESTLEIND,1472.8
2026-08-17 14:42:10,EICHERMOT,8070.5
2026-08-17 14:42:10,GRASIM,3252.8
2026-08-17 14:42:11,NTPC,337.0
2026-08-17 14:42:11,GRASIM,3252.0
2026-08-17 14:42:12,EICHERMOT,8070.0
2026-08-17 14:42:12,GRASIM,3251.9
2026-08-17 14:42:13,EICHERMOT,8069.5
2026-08-17 14:42:13,NTPC,337.05
2026-08-17 14:42:13,APOLLOHOSP,8875.0
2026-08-17 14:42:14,NESTLEIND,1472.7
2026-08-17 14:42:14,EICHERMOT,8072.5
2026-08-17 14:42:14,GRASIM,3251.2
2026-08-17 14:42:15,EICHERMOT,8070.0
2026-08-17 14:42:16,NESTLEIND,1473.0
2026-08-17 14:42:16,SBILIFE,1789.3
2026-08-17 14:42:16,EICHERMOT,8072.5
2026-08-17 14:42:16,NTPC,337.15
2026-08-17 14:42:16,APOLLOHOSP,8871.0
2026-08-17 14:42:17,GRASIM,3251.4
2026-08-17 14:42:17,EICHERMOT,8072.0
2026-08-17 14:42:18,GRASIM,3251.5
2026-08-17 14:42:19,NTPC,337.05
2026-08-17 14:42:19,NESTLEIND,1472.7
2026-08-17 14:42:19,APOLLOHOSP,8875.0
2026-08-17 14:42:20,NTPC,337.0
2026-08-17 14:42:21,NESTLEIND,1472.6
2026-08-17 14:42:21,NTPC,337.15
2026-08-17 14:42:21,GRASIM,3252.0
2026-08-17 14:42:22,EICHERMOT,8070.0
2026-08-17 14:42:22,GRASIM,3253.2
2026-08-17 14:42:23,NESTLEIND,1472.9
2026-08-17 14:42:23,GRASIM,3251.6
2026-08-17 14:42:24,SBILIFE,1789.0
2026-08-17 14:42:26,EICHERMOT,8072.0
2026-08-17 14:42:27,NTPC,337.0
2026-08-17 14:42:28,GRASIM,3251.5
2026-08-17 14:42:28,APOLLOHOSP,8874.5
2026-08-17 14:42:28,SBILIFE,1789.3
2026-08-17 14:42:29,GRASIM,3251.0
2026-08-17 14:42:30,NTPC,337.15
2026-08-17 14:42:30,GRASIM,3251.6
2026-08-17 14:42:31,SBILIFE,1790.1
2026-08-17 14:42:31,EICHERMOT,8070.0
2026-08-17 14:42:31,APOLLOHOSP,8872.0
2026-08-17 14:42:32,NTPC,337.0
2026-08-17 14:42:32,NESTLEIND,1472.3
2026-08-17 14:42:32,NTPC,337.15
2026-08-17 14:42:32,GRASIM,3252.8
2026-08-17 14:42:34,APOLLOHOSP,8872.5
2026-08-17 14:42:34,SBILIFE,1789.8
2026-08-17 14:42:34,APOLLOHOSP,8875.0
2026-08-17 14:42:36,NESTLEIND,1472.9
2026-08-17 14:42:36,SBILIFE,1789.3
2026-08-17 14:42:36,NTPC,337.0
2026-08-17 14:42:36,GRASIM,3251.6
2026-08-17 14:42:36,APOLLOHOSP,8874.5
2026-08-17 14:42:37,SBILIFE,1789.1
2026-08-17 14:42:37,EICHERMOT,8072.0
2026-08-17 14:42:37,APOLLOHOSP,8875.0
2026-08-17 14:42:37,NTPC,337.15
2026-08-17 14:42:38,NESTLEIND,1472.3
2026-08-17 14:42:38,SBILIFE,1789.3
2026-08-17 14:42:39,EICHERMOT,8070.0
2026-08-17 14:42:41,NTPC,337.0
2026-08-17 14:42:41,GRASIM,3252.0
2026-08-17 14:42:41,SBILIFE,1789.1
2026-08-17 14:42:42,GRASIM,3251.9
2026-08-17 14:42:42,APOLLOHOSP,8873.5
2026-08-17 14:42:43,NESTLEIND,1472.8
2026-08-17 14:42:44,NESTLEIND,1472.3
2026-08-17 14:42:44,APOLLOHOSP,8875.0
2026-08-17 14:42:45,SBILIFE,1789.7
2026-08-17 14:42:46,NESTLEIND,1472.2
2026-08-17 14:42:46,SBILIFE,1789.2
2026-08-17 14:42:46,EICHERMOT,8072.0
2026-08-17 14:42:46,GRASIM,3252.0
2026-08-17 14:42:46,NESTLEIND,1472.7
2026-08-17 14:42:46,SBILIFE,1789.7
2026-08-17 14:42:46,GRASIM,3251.3
2026-08-17 14:42:48,GRASIM,3251.7
2026-08-17 14:42:48,NTPC,337.15
2026-08-17 14:42:49,NESTLEIND,1472.2
2026-08-17 14:42:49,EICHERMOT,8072.5
2026-08-17 14:42:49,NESTLEIND,1472.7
2026-08-17 14:42:50,NTPC,337.0
2026-08-17 14:42:50,NTPC,337.15
2026-08-17 14:42:51,GRASIM,3252.8
2026-08-17 14:42:51,SBILIFE,1789.2
2026-08-17 14:42:52,SBILIFE,1789.1
2026-08-17 14:42:52,APOLLOHOSP,8876.0
2026-08-17 14:42:53,NESTLEIND,1472.2
2026-08-17 14:42:53,EICHERMOT,8070.5
2026-08-17 14:42:54,NESTLEIND,1472.8
2026-08-17 14:42:54,SBILIFE,1788.1
2026-08-17 14:42:56,EICHERMOT,8070.0
2026-08-17 14:42:56,SBILIFE,1788.0
2026-08-17 14:42:56,EICHERMOT,8072.5
2026-08-17 14:42:56,NTPC,337.05
2026-08-17 14:42:56,GRASIM,3251.0
2026-08-17 14:42:56,APOLLOHOSP,8871.5
2026-08-17 14:42:57,NESTLEIND,1473.3
2026-08-17 14:42:57,SBILIFE,1788.8
2026-08-17 14:42:59,NESTLEIND,1473.4
2026-08-17 14:43:00,NTPC,337.15
2026-08-17 14:43:00,GRASIM,3251.3
2026-08-17 14:43:01,EICHERMOT,8070.0
2026-08-17 14:43:01,NTPC,337.0
2026-08-17 14:43:01,GRASIM,3251.0
2026-08-17 14:43:01,SBILIFE,1788.7
2026-08-17 14:43:01,APOLLOHOSP,8875.0
2026-08-17 14:43:03,NESTLEIND,1473.0
2026-08-17 14:43:03,NTPC,337.15
2026-08-17 14:43:05,SBILIFE,1788.4
2026-08-17 14:43:06,SBILIFE,1788.7
2026-08-17 14:43:07,SBILIFE,1788.4
2026-08-17 14:43:07,EICHERMOT,8072.5
2026-08-17 14:43:07,NTPC,337.05
2026-08-17 14:43:08,NTPC,337.15
2026-08-17 14:43:09,SBILIFE,1789.1
2026-08-17 14:43:10,APOLLOHOSP,8876.5
2026-08-17 14:43:11,GRASIM,3251.4
2026-08-17 14:43:11,NTPC,337.0
2026-08-17 14:43:12,NTPC,337.05
2026-08-17 14:43:13,EICHERMOT,8069.5
2026-08-17 14:43:13,SBILIFE,1789.4
2026-08-17 14:43:16,NESTLEIND,1473.3
2026-08-17 14:43:16,GRASIM,3251.2
2026-08-17 14:43:16,APOLLOHOSP,8870.5
2026-08-17 14:43:17,SBILIFE,1788.9
2026-08-17 14:43:17,EICHERMOT,8072.5
2026-08-17 14:43:18,EICHERMOT,8070.0
2026-08-17 14:43:19,NESTLEIND,1473.0
2026-08-17 14:43:19,EICHERMOT,8072.5
2026-08-17 14:43:19,NTPC,337.1
2026-08-17 14:43:19,APOLLOHOSP,8875.5
2026-08-17 14:43:21,SBILIFE,1788.7
2026-08-17 14:43:22,APOLLOHOSP,8876.0
2026-08-17 14:43:23,EICHERMOT,8070.0
2026-08-17 14:43:24,SBILIFE,1789.4
2026-08-17 14:43:25,SBILIFE,1788.7
2026-08-17 14:43:25,APOLLOHOSP,8877.0
2026-08-17 14:43:26,SBILIFE,1788.9
2026-08-17 14:43:26,EICHERMOT,8072.5
2026-08-17 14:43:27,NESTLEIND,1473.3
2026-08-17 14:43:27,SBILIFE,1788.7
2026-08-17 14:43:27,NTPC,337.05
2026-08-17 14:43:27,GRASIM,3250.9
2026-08-17 14:43:28,SBILIFE,1788.9
2026-08-17 14:43:28,NTPC,337.1
2026-08-17 14:43:28,GRASIM,3251.0
2026-08-17 14:43:28,APOLLOHOSP,8876.0
2026-08-17 14:43:29,APOLLOHOSP,8877.5
2026-08-17 14:43:30,EICHERMOT,8070.5
2026-08-17 14:43:30,GRASIM,3251.2
2026-08-17 14:43:30,SBILIFE,1788.7
2026-08-17 14:43:30,APOLLOHOSP,8878.0
2026-08-17 14:43:31,NTPC,337.05
2026-08-17 14:43:32,NTPC,337.1
2026-08-17 14:43:33,NESTLEIND,1473.4
2026-08-17 14:43:33,EICHERMOT,8070.0
2026-08-17 14:43:33,APOLLOHOSP,8877.5
2026-08-17 14:43:34,NTPC,337.05
2026-08-17 14:43:35,NESTLEIND,1473.5
2026-08-17 14:43:36,NESTLEIND,1473.4
2026-08-17 14:43:36,NTPC,337.0
2026-08-17 14:43:36,GRASIM,3251.0
2026-08-17 14:43:36,APOLLOHOSP,8875.0
2026-08-17 14:43:37,EICHERMOT,8073.0
2026-08-17 14:43:37,NTPC,337.05
2026-08-17 14:43:37,SBILIFE,1788.9
2026-08-17 14:43:40,NESTLEIND,1473.5
2026-08-17 14:43:40,NTPC,337.1
2026-08-17 14:43:40,SBILIFE,1788.7
2026-08-17 14:43:41,EICHERMOT,8070.0
2026-08-17 14:43:42,NTPC,337.0
2026-08-17 14:43:42,APOLLOHOSP,8874.0
2026-08-17 14:43:43,SBILIFE,1789.4
2026-08-17 14:43:43,EICHERMOT,8069.5
2026-08-17 14:43:43,NESTLEIND,1473.4
2026-08-17 14:43:43,APOLLOHOSP,8876.0
2026-08-17 14:43:43,EICHERMOT,8070.0
2026-08-17 14:43:44,NTPC,337.1
2026-08-17 14:43:44,EICHERMOT,8069.5
2026-08-17 14:43:45,SBILIFE,1788.9
2026-08-17 14:43:45,EICHERMOT,8072.5
2026-08-17 14:43:46,EICHERMOT,8073.0
2026-08-17 14:43:46,NESTLEIND,1473.5
2026-08-17 14:43:46,GRASIM,3250.9
2026-08-17 14:43:47,SBILIFE,1789.4
2026-08-17 14:43:47,EICHERMOT,8069.5
2026-08-17 14:43:47,GRASIM,3251.2
2026-08-17 14:43:48,GRASIM,3251.3
2026-08-17 14:43:48,APOLLOHOSP,8876.5
2026-08-17 14:43:51,SBILIFE,1788.9
2026-08-17 14:43:51,NTPC,337.0
2026-08-17 14:43:51,APOLLOHOSP,8878.5
2026-08-17 14:43:52,NESTLEIND,1473.6
2026-08-17 14:43:53,NESTLEIND,1473.4
2026-08-17 14:43:53,EICHERMOT,8070.0
2026-08-17 14:43:53,NTPC,337.05
2026-08-17 14:43:54,EICHERMOT,8073.0
2026-08-17 14:43:55,SBILIFE,1789.4
2026-08-17 14:43:55,NTPC,337.0
2026-08-17 14:43:55,APOLLOHOSP,8880.0
2026-08-17 14:43:56,SBILIFE,1788.9
2026-08-17 14:43:56,NESTLEIND,1473.6
2026-08-17 14:43:56,NTPC,336.95
2026-08-17 14:43:56,GRASIM,3251.1
2026-08-17 14:43:56,APOLLOHOSP,8877.5
2026-08-17 14:43:58,EICHERMOT,8070.0
2026-08-17 14:43:58,NTPC,337.0
2026-08-17 14:43:58,APOLLOHOSP,8878.5
2026-08-17 14:43:59,NESTLEIND,1473.5
2026-08-17 14:44:00,GRASIM,3251.3
2026-08-17 14:44:00,NESTLEIND,1473.6
2026-08-17 14:44:01,EICHERMOT,8073.0
2026-08-17 14:44:01,NTPC,336.95
2026-08-17 14:44:01,GRASIM,3251.1
2026-08-17 14:44:01,APOLLOHOSP,8877.0
2026-08-17 14:44:01,GRASIM,3251.3
2026-08-17 14:44:02,NTPC,337.0
2026-08-17 14:44:02,GRASIM,3251.9
2026-08-17 14:44:03,NESTLEIND,1473.5
2026-08-17 14:44:03,EICHERMOT,8070.0
2026-08-17 14:44:03,APOLLOHOSP,8878.0
2026-08-17 14:44:05,NTPC,336.95
2026-08-17 14:44:06,GRASIM,3251.5
2026-08-17 14:44:07,NTPC,337.0
2026-08-17 14:44:07,EICHERMOT,8073.0
2026-08-17 14:44:07,APOLLOHOSP,8881.5
2026-08-17 14:44:08,GRASIM,3251.1
2026-08-17 14:44:09,NESTLEIND,1473.3
2026-08-17 14:44:09,EICHERMOT,8070.0
2026-08-17 14:44:10,NESTLEIND,1473.5
2026-08-17 14:44:11,NTPC,336.95
2026-08-17 14:44:11,GRASIM,3250.8
2026-08-17 14:44:11,APOLLOHOSP,8878.5
2026-08-17 14:44:12,SBILIFE,1789.4
2026-08-17 14:44:12,NTPC,337.0
2026-08-17 14:44:12,GRASIM,3251.0
2026-08-17 14:44:12,EICHERMOT,8070.5
2026-08-17 14:44:13,NESTLEIND,1473.0
2026-08-17 14:44:13,NTPC,336.95
2026-08-17 14:44:13,APOLLOHOSP,8880.0
2026-08-17 14:44:15,EICHERMOT,8070.0
2026-08-17 14:44:15,NTPC,337.0
2026-08-17 14:44:15,SBILIFE,1788.9
2026-08-17 14:44:16,EICHERMOT,8073.0
2026-08-17 14:44:16,NESTLEIND,1473.3
2026-08-17 14:44:16,SBILIFE,1789.4
2026-08-17 14:44:16,GRASIM,3251.4
2026-08-17 14:44:16,APOLLOHOSP,8876.0
2026-08-17 14:44:17,NESTLEIND,1473.0
2026-08-17 14:44:17,GRASIM,3252.6
2026-08-17 14:44:18,APOLLOHOSP,8880.0
2026-08-17 14:44:19,GRASIM,3252.5
2026-08-17 14:44:20,APOLLOHOSP,8881.5
2026-08-17 14:44:20,EICHERMOT,8070.5
2026-08-17 14:44:21,NESTLEIND,1473.3
2026-08-17 14:44:21,SBILIFE,1788.7
2026-08-17 14:44:22,SBILIFE,1789.4
2026-08-17 14:44:23,NESTLEIND,1473.0
2026-08-17 14:44:23,EICHERMOT,8069.5
2026-08-17 14:44:24,EICHERMOT,8070.0
2026-08-17 14:44:25,APOLLOHOSP,8882.0
2026-08-17 14:44:25,SBILIFE,1788.9
2026-08-17 14:44:25,GRASIM,3252.8
2026-08-17 14:44:26,NESTLEIND,1473.3
2026-08-17 14:44:26,NTPC,336.95
2026-08-17 14:44:26,EICHERMOT,8072.5
2026-08-17 14:44:26,GRASIM,3252.5
2026-08-17 14:44:27,EICHERMOT,8073.0
2026-08-17 14:44:27,APOLLOHOSP,8881.5
2026-08-17 14:44:27,GRASIM,3254.0
2026-08-17 14:44:27,NTPC,337.0
2026-08-17 14:44:28,SBILIFE,1789.4
2026-08-17 14:44:28,EICHERMOT,8072.5
2026-08-17 14:44:28,GRASIM,3254.1
2026-08-17 14:44:29,NESTLEIND,1473.0
2026-08-17 14:44:29,EICHERMOT,8073.0
2026-08-17 14:44:29,GRASIM,3254.0
2026-08-17 14:44:30,NTPC,336.95
2026-08-17 14:44:30,GRASIM,3254.1
2026-08-17 14:44:30,NTPC,337.0
2026-08-17 14:44:31,NTPC,336.95
2026-08-17 14:44:31,SBILIFE,1788.9
2026-08-17 14:44:31,APOLLOHOSP,8882.0
2026-08-17 14:44:32,SBILIFE,1789.4
2026-08-17 14:44:32,NTPC,337.0
2026-08-17 14:44:32,EICHERMOT,8070.0
2026-08-17 14:44:33,NTPC,336.95
2026-08-17 14:44:35,APOLLOHOSP,8881.5
2026-08-17 14:44:35,SBILIFE,1788.9
2026-08-17 14:44:36,APOLLOHOSP,8877.5
2026-08-17 14:44:36,GRASIM,3253.1
2026-08-17 14:44:37,SBILIFE,1789.4
2026-08-17 14:44:37,GRASIM,3254.1
2026-08-17 14:44:38,NTPC,337.0
2026-08-17 14:44:39,EICHERMOT,8073.0
2026-08-17 14:44:40,APOLLOHOSP,8881.5
2026-08-17 14:44:41,SBILIFE,1788.9
2026-08-17 14:44:41,NTPC,336.95
2026-08-17 14:44:41,GRASIM,3253.1
2026-08-17 14:44:42,EICHERMOT,8069.5
2026-08-17 14:44:42,APOLLOHOSP,8878.5
2026-08-17 14:44:43,NTPC,337.0
2026-08-17 14:44:45,APOLLOHOSP,8881.5
2026-08-17 14:44:46,NESTLEIND,1473.3
2026-08-17 14:44:46,SBILIFE,1789.4
2026-08-17 14:44:47,EICHERMOT,8073.0
2026-08-17 14:44:47,NTPC,336.9
2026-08-17 14:44:47,GRASIM,3254.3
2026-08-17 14:44:47,SBILIFE,1788.9
2026-08-17 14:44:48,SBILIFE,1789.4
2026-08-17 14:44:48,GRASIM,3253.1
2026-08-17 14:44:48,NESTLEIND,1473.0
2026-08-17 14:44:48,EICHERMOT,8072.0
2026-08-17 14:44:48,NTPC,337.0
2026-08-17 14:44:49,NESTLEIND,1473.3
2026-08-17 14:44:49,GRASIM,3254.3
2026-08-17 14:44:51,NESTLEIND,1473.0
2026-08-17 14:44:51,NTPC,336.9
2026-08-17 14:44:51,APOLLOHOSP,8882.0
2026-08-17 14:44:51,SBILIFE,1788.9
2026-08-17 14:44:52,EICHERMOT,8073.0
2026-08-17 14:44:53,EICHERMOT,8072.0
2026-08-17 14:44:53,NTPC,337.0
2026-08-17 14:44:53,APOLLOHOSP,8883.0
2026-08-17 14:44:53,GRASIM,3253.8
2026-08-17 14:44:54,EICHERMOT,8071.0
2026-08-17 14:44:55,GRASIM,3254.3
2026-08-17 14:44:56,APOLLOHOSP,8882.0
2026-08-17 14:44:56,NESTLEIND,1473.3
2026-08-17 14:44:56,EICHERMOT,8073.0
2026-08-17 14:44:56,GRASIM,3253.0
2026-08-17 14:44:57,SBILIFE,1789.4
2026-08-17 14:44:57,GRASIM,3253.6
2026-08-17 14:44:57,APOLLOHOSP,8883.0
2026-08-17 14:44:58,NESTLEIND,1473.0
2026-08-17 14:44:58,GRASIM,3253.2
2026-08-17 14:44:59,GRASIM,3253.6
2026-08-17 14:45:00,GRASIM,3253.4
2026-08-17 14:45:00,NESTLEIND,1473.3
2026-08-17 14:45:00,SBILIFE,1788.9
2026-08-17 14:45:00,NTPC,336.95
2026-08-17 14:45:00,EICHERMOT,8070.0
2026-08-17 14:45:01,NTPC,336.9
2026-08-17 14:45:01,GRASIM,3254.9
2026-08-17 14:45:01,NESTLEIND,1473.2
2026-08-17 14:45:01,SBILIFE,1789.4
2026-08-17 14:45:01,GRASIM,3252.8
2026-08-17 14:45:02,GRASIM,3252.6
2026-08-17 14:45:03,APOLLOHOSP,8884.0
2026-08-17 14:45:03,NTPC,337.0
2026-08-17 14:45:03,GRASIM,3254.2
2026-08-17 14:45:05,NESTLEIND,1473.3
2026-08-17 14:45:05,SBILIFE,1788.9
2026-08-17 14:45:05,APOLLOHOSP,8884.5
2026-08-17 14:45:06,NESTLEIND,1473.4
2026-08-17 14:45:06,APOLLOHOSP,8884.0
2026-08-17 14:45:07,SBILIFE,1789.4
2026-08-17 14:45:07,NTPC,336.9
2026-08-17 14:45:07,GRASIM,3252.8
2026-08-17 14:45:07,APOLLOHOSP,8885.0
2026-08-17 14:45:07,EICHERMOT,8073.0
2026-08-17 14:45:08,GRASIM,3252.7
2026-08-17 14:45:08,EICHERMOT,8070.0
2026-08-17 14:45:09,NTPC,337.0
2026-08-17 14:45:11,GRASIM,3255.5
2026-08-17 14:45:11,NTPC,336.9
2026-08-17 14:45:11,SBILIFE,1788.8
2026-08-17 14:45:12,NESTLEIND,1473.2
2026-08-17 14:45:12,SBILIFE,1789.4
2026-08-17 14:45:12,GRASIM,3252.8
2026-08-17 14:45:13,EICHERMOT,8072.0
2026-08-17 14:45:13,GRASIM,3254.5
2026-08-17 14:45:14,EICHERMOT,8070.0
2026-08-17 14:45:14,NTPC,337.0
2026-08-17 14:45:14,GRASIM,3252.7
2026-08-17 14:45:14,APOLLOHOSP,8884.5
2026-08-17 14:45:15,GRASIM,3254.4
2026-08-17 14:45:15,APOLLOHOSP,8885.0
2026-08-17 14:45:16,SBILIFE,1788.9
2026-08-17 14:45:16,NESTLEIND,1473.4
2026-08-17 14:45:16,GRASIM,3252.9
2026-08-17 14:45:16,GRASIM,3254.2
2026-08-17 14:45:17,SBILIFE,1789.4
2026-08-17 14:45:17,EICHERMOT,8072.0
2026-08-17 14:45:17,GRASIM,3252.9
2026-08-17 14:45:18,NESTLEIND,1473.2
2026-08-17 14:45:18,NTPC,336.9
2026-08-17 14:45:18,EICHERMOT,8070.0
2026-08-17 14:45:18,NTPC,337.0
2026-08-17 14:45:18,NESTLEIND,1473.6
2026-08-17 14:45:19,NESTLEIND,1473.2
2026-08-17 14:45:19,EICHERMOT,8069.0
2026-08-17 14:45:21,EICHERMOT,8070.0
2026-08-17 14:45:21,NTPC,336.95
2026-08-17 14:45:21,SBILIFE,1788.7
2026-08-17 14:45:21,NESTLEIND,1473.6
2026-08-17 14:45:22,NESTLEIND,1473.2
2026-08-17 14:45:23,SBILIFE,1789.4
2026-08-17 14:45:23,NTPC,337.0
2026-08-17 14:45:23,EICHERMOT,8072.0
2026-08-17 14:45:24,APOLLOHOSP,8883.5
2026-08-17 14:45:26,NESTLEIND,1473.5
2026-08-17 14:45:26,SBILIFE,1788.9
2026-08-17 14:45:26,NESTLEIND,1473.6
2026-08-17 14:45:26,APOLLOHOSP,8885.0
2026-08-17 14:45:27,SBILIFE,1788.7
2026-08-17 14:45:27,APOLLOHOSP,8881.5
2026-08-17 14:45:28,GRASIM,3252.8
2026-08-17 14:45:28,GRASIM,3252.5
2026-08-17 14:45:29,NESTLEIND,1473.2
2026-08-17 14:45:29,GRASIM,3253.1
2026-08-17 14:45:29,APOLLOHOSP,8883.5
2026-08-17 14:45:29,GRASIM,3254.6
2026-08-17 14:45:30,EICHERMOT,8070.5
2026-08-17 14:45:30,APOLLOHOSP,8882.0
2026-08-17 14:45:30,GRASIM,3253.0
2026-08-17 14:45:31,EICHERMOT,8072.0
2026-08-17 14:45:31,NTPC,336.95
2026-08-17 14:45:31,GRASIM,3254.8
2026-08-17 14:45:31,NTPC,337.0
2026-08-17 14:45:32,EICHERMOT,8070.5
2026-08-17 14:45:33,GRASIM,3255.1
2026-08-17 14:45:33,APOLLOHOSP,8884.5
2026-08-17 14:45:34,APOLLOHOSP,8882.0
2026-08-17 14:45:34,APOLLOHOSP,8884.5
2026-08-17 14:45:35,EICHERMOT,8069.5
2026-08-17 14:45:35,NTPC,337.05
2026-08-17 14:45:35,APOLLOHOSP,8885.0
2026-08-17 14:45:36,NESTLEIND,1473.7
2026-08-17 14:45:36,NTPC,337.0
2026-08-17 14:45:37,EICHERMOT,8072.0
2026-08-17 14:45:37,SBILIFE,1788.6
2026-08-17 14:45:38,NESTLEIND,1473.2
2026-08-17 14:45:38,NTPC,337.1
2026-08-17 14:45:39,EICHERMOT,8069.5
2026-08-17 14:45:41,NESTLEIND,1473.5
2026-08-17 14:45:41,SBILIFE,1788.9
2026-08-17 14:45:41,NTPC,337.0
2026-08-17 14:45:41,GRASIM,3255.8
2026-08-17 14:45:42,SBILIFE,1788.6
2026-08-17 14:45:42,GRASIM,3253.9
2026-08-17 14:45:42,NESTLEIND,1473.2
2026-08-17 14:45:42,GRASIM,3256.3
2026-08-17 14:45:43,SBILIFE,1788.9
2026-08-17 14:45:43,EICHERMOT,8072.0
2026-08-17 14:45:43,GRASIM,3256.0
2026-08-17 14:45:43,APOLLOHOSP,8882.0
2026-08-17 14:45:43,NTPC,336.95
2026-08-17 14:45:44,GRASIM,3254.4
2026-08-17 14:45:44,EICHERMOT,8069.0
2026-08-17 14:45:44,GRASIM,3256.0
2026-08-17 14:45:45,EICHERMOT,8068.5
2026-08-17 14:45:45,NTPC,337.0
2026-08-17 14:45:45,APOLLOHOSP,8884.5
2026-08-17 14:45:45,GRASIM,3255.9
2026-08-17 14:45:45,SBILIFE,1788.6
2026-08-17 14:45:45,GRASIM,3256.2
2026-08-17 14:45:45,APOLLOHOSP,8885.0
2026-08-17 14:45:46,NESTLEIND,1473.5
2026-08-17 14:45:46,SBILIFE,1788.9
2026-08-17 14:45:46,EICHERMOT,8071.0
2026-08-17 14:45:46,GRASIM,3255.9
2026-08-17 14:45:47,EICHERMOT,8072.0
2026-08-17 14:45:47,NTPC,336.9
2026-08-17 14:45:47,NTPC,336.95
2026-08-17 14:45:48,NTPC,337.0
2026-08-17 14:45:48,GRASIM,3254.6
2026-08-17 14:45:50,GRASIM,3256.0
2026-08-17 14:45:50,APOLLOHOSP,8885.5
2026-08-17 14:45:50,SBILIFE,1788.7
2026-08-17 14:45:51,EICHERMOT,8071.0
2026-08-17 14:45:51,GRASIM,3256.1
2026-08-17 14:45:53,APOLLOHOSP,8884.5
2026-08-17 14:45:54,NESTLEIND,1473.3
2026-08-17 14:45:56,EICHERMOT,8072.0
2026-08-17 14:45:56,APOLLOHOSP,8885.0
2026-08-17 14:45:57,NESTLEIND,1473.5
2026-08-17 14:45:57,EICHERMOT,8071.0
2026-08-17 14:45:57,GRASIM,3255.1
2026-08-17 14:45:57,APOLLOHOSP,8884.5
2026-08-17 14:45:57,NTPC,336.85
2026-08-17 14:45:58,EICHERMOT,8072.0
2026-08-17 14:45:58,GRASIM,3255.0
2026-08-17 14:45:59,NTPC,337.0
2026-08-17 14:46:00,GRASIM,3255.2
2026-08-17 14:46:00,APOLLOHOSP,8883.5
2026-08-17 14:46:00,NESTLEIND,1473.3
2026-08-17 14:46:00,EICHERMOT,8071.0
2026-08-17 14:46:01,GRASIM,3256.5
2026-08-17 14:46:02,GRASIM,3255.5
2026-08-17 14:46:04,GRASIM,3255.9
2026-08-17 14:46:04,APOLLOHOSP,8884.0
2026-08-17 14:46:05,GRASIM,3256.6
2026-08-17 14:46:05,NTPC,336.8
2026-08-17 14:46:06,GRASIM,3255.1
2026-08-17 14:46:07,EICHERMOT,8072.0
2026-08-17 14:46:07,GRASIM,3256.4
2026-08-17 14:46:07,APOLLOHOSP,8885.0
2026-08-17 14:46:07,NESTLEIND,1473.5
2026-08-17 14:46:08,GRASIM,3254.9
2026-08-17 14:46:08,NTPC,336.95
2026-08-17 14:46:09,GRASIM,3256.4
2026-08-17 14:46:09,APOLLOHOSP,8885.5
2026-08-17 14:46:10,GRASIM,3256.3
2026-08-17 14:46:10,APOLLOHOSP,8885.0
2026-08-17 14:46:10,NESTLEIND,1473.3
2026-08-17 14:46:10,EICHERMOT,8071.0
2026-08-17 14:46:11,NESTLEIND,1473.5
2026-08-17 14:46:11,NTPC,336.8
2026-08-17 14:46:11,GRASIM,3254.9
2026-08-17 14:46:12,NTPC,337.0
2026-08-17 14:46:12,SBILIFE,1788.9
2026-08-17 14:46:12,NTPC,336.85
2026-08-17 14:46:12,GRASIM,3255.6
2026-08-17 14:46:12,APOLLOHOSP,8884.5
2026-08-17 14:46:13,NESTLEIND,1473.3
2026-08-17 14:46:13,GRASIM,3257.3
2026-08-17 14:46:13,SBILIFE,1788.7
2026-08-17 14:46:13,GRASIM,3255.5
2026-08-17 14:46:14,NTPC,336.95
2026-08-17 14:46:14,GRASIM,3257.3
2026-08-17 14:46:15,SBILIFE,1788.5
2026-08-17 14:46:15,GRASIM,3257.4
2026-08-17 14:46:15,APOLLOHOSP,8886.0
2026-08-17 14:46:15,NESTLEIND,1473.5
2026-08-17 14:46:16,SBILIFE,1788.9
2026-08-17 14:46:16,GRASIM,3256.8
2026-08-17 14:46:17,EICHERMOT,8069.0
2026-08-17 14:46:18,NESTLEIND,1473.6
2026-08-17 14:46:18,NTPC,336.8
2026-08-17 14:46:18,GRASIM,3256.1
2026-08-17 14:46:19,GRASIM,3257.4
2026-08-17 14:46:20,NTPC,336.95
2026-08-17 14:46:20,NESTLEIND,1473.3
2026-08-17 14:46:21,NESTLEIND,1473.5
2026-08-17 14:46:21,NTPC,336.8
2026-08-17 14:46:22,APOLLOHOSP,8884.5
2026-08-17 14:46:22,NESTLEIND,1473.3
2026-08-17 14:46:22,SBILIFE,1788.4
2026-08-17 14:46:22,EICHERMOT,8071.0
2026-08-17 14:46:23,EICHERMOT,8069.0
2026-08-17 14:46:23,NTPC,336.95
2026-08-17 14:46:26,NESTLEIND,1473.5
2026-08-17 14:46:26,GRASIM,3256.1
2026-08-17 14:46:26,NTPC,336.8
2026-08-17 14:46:26,APOLLOHOSP,8886.0
2026-08-17 14:46:27,EICHERMOT,8070.0
2026-08-17 14:46:27,GRASIM,3255.2
2026-08-17 14:46:27,APOLLOHOSP,8884.5
2026-08-17 14:46:28,NTPC,336.95
2026-08-17 14:46:29,NESTLEIND,1473.3
2026-08-17 14:46:29,GRASIM,3256.1
2026-08-17 14:46:30,NTPC,336.9
2026-08-17 14:46:30,SBILIFE,1788.9
2026-08-17 14:46:30,GRASIM,3255.2
2026-08-17 14:46:31,NTPC,336.8
2026-08-17 14:46:31,GRASIM,3255.1
2026-08-17 14:46:31,GRASIM,3254.8
2026-08-17 14:46:32,SBILIFE,1788.4
2026-08-17 14:46:33,EICHERMOT,8069.0
2026-08-17 14:46:33,GRASIM,3255.1
2026-08-17 14:46:34,EICHERMOT,8070.0
2026-08-17 14:46:34,APOLLOHOSP,8886.0
2026-08-17 14:46:35,EICHERMOT,8067.5
2026-08-17 14:46:35,NESTLEIND,1473.5
2026-08-17 14:46:36,GRASIM,3254.8
2026-08-17 14:46:36,SBILIFE,1788.9
2026-08-17 14:46:36,APOLLOHOSP,8887.0
2026-08-17 14:46:37,EICHERMOT,8070.0
2026-08-17 14:46:37,GRASIM,3255.1
2026-08-17 14:46:38,NTPC,336.9
2026-08-17 14:46:38,GRASIM,3256.5
2026-08-17 14:46:39,NESTLEIND,1473.3
2026-08-17 14:46:39,GRASIM,3256.6
2026-08-17 14:46:39,APOLLOHOSP,8886.0
2026-08-17 14:46:40,NTPC,336.8
2026-08-17 14:46:40,EICHERMOT,8071.0
2026-08-17 14:46:40,APOLLOHOSP,8884.5
2026-08-17 14:46:41,GRASIM,3255.6
2026-08-17 14:46:41,APOLLOHOSP,8887.0
2026-08-17 14:46:41,SBILIFE,1788.5
2026-08-17 14:46:42,APOLLOHOSP,8884.5
2026-08-17 14:46:43,NESTLEIND,1473.5
2026-08-17 14:46:44,NESTLEIND,1473.3
2026-08-17 14:46:44,EICHERMOT,8067.5
2026-08-17 14:46:44,NTPC,336.9
2026-08-17 14:46:44,APOLLOHOSP,8886.5
2026-08-17 14:46:45,SBILIFE,1788.4
2026-08-17 14:46:45,APOLLOHOSP,8888.0
2026-08-17 14:46:45,APOLLOHOSP,8887.5
2026-08-17 14:46:46,NTPC,336.8
2026-08-17 14:46:46,SBILIFE,1788.9
2026-08-17 14:46:46,EICHERMOT,8070.0
2026-08-17 14:46:46,NESTLEIND,1473.5
2026-08-17 14:46:46,GRASIM,3254.4
2026-08-17 14:46:47,NTPC,336.9
2026-08-17 14:46:47,EICHERMOT,8071.0
2026-08-17 14:46:47,GRASIM,3254.1
2026-08-17 14:46:49,APOLLOHOSP,8886.0
2026-08-17 14:46:50,SBILIFE,1788.4
2026-08-17 14:46:51,NESTLEIND,1473.3
2026-08-17 14:46:51,NTPC,336.8
2026-08-17 14:46:51,GRASIM,3253.6
2026-08-17 14:46:51,SBILIFE,1788.5
2026-08-17 14:46:52,EICHERMOT,8070.0
2026-08-17 14:46:53,NTPC,336.9
2026-08-17 14:46:53,NTPC,336.8
2026-08-17 14:46:53,APOLLOHOSP,8886.5
2026-08-17 14:46:54,EICHERMOT,8070.5
2026-08-17 14:46:55,SBILIFE,1788.9
2026-08-17 14:46:56,NESTLEIND,1473.5
2026-08-17 14:46:56,EICHERMOT,8068.5
2026-08-17 14:46:56,GRASIM,3254.3
2026-08-17 14:46:56,APOLLOHOSP,8887.5
2026-08-17 14:46:57,EICHERMOT,8069.0
2026-08-17 14:46:57,APOLLOHOSP,8886.5
2026-08-17 14:46:59,NESTLEIND,1473.3
2026-08-17 14:46:59,GRASIM,3253.3
2026-08-17 14:46:59,APOLLOHOSP,8888.5
2026-08-17 14:46:59,NTPC,336.9
2026-08-17 14:46:59,EICHERMOT,8068.5
2026-08-17 14:47:00,APOLLOHOSP,8889.0
2026-08-17 14:47:00,SBILIFE,1788.5
2026-08-17 14:47:00,NTPC,336.85
2026-08-17 14:47:00,GRASIM,3253.2
2026-08-17 14:47:01,NESTLEIND,1473.5
2026-08-17 14:47:01,EICHERMOT,8070.0
2026-08-17 14:47:01,NTPC,336.9
2026-08-17 14:47:01,SBILIFE,1788.9
2026-08-17 14:47:01,EICHERMOT,8069.0
2026-08-17 14:47:02,APOLLOHOSP,8886.5
2026-08-17 14:47:03,NESTLEIND,1473.3
2026-08-17 14:47:03,EICHERMOT,8068.5
2026-08-17 14:47:04,SBILIFE,1788.5
2026-08-17 14:47:04,EICHERMOT,8070.0
2026-08-17 14:47:04,APOLLOHOSP,8885.0
2026-08-17 14:47:05,EICHERMOT,8068.5
2026-08-17 14:47:06,SBILIFE,1788.9
2026-08-17 14:47:06,NTPC,336.8
2026-08-17 14:47:07,EICHERMOT,8071.5
2026-08-17 14:47:07,APOLLOHOSP,8887.0
2026-08-17 14:47:08,NTPC,336.9
2026-08-17 14:47:08,GRASIM,3253.6
2026-08-17 14:47:09,EICHERMOT,8072.0
2026-08-17 14:47:09,APOLLOHOSP,8885.5
2026-08-17 14:47:10,APOLLOHOSP,8882.0
2026-08-17 14:47:10,EICHERMOT,8070.0
2026-08-17 14:47:11,NTPC,336.85
2026-08-17 14:47:11,SBILIFE,1788.3
2026-08-17 14:47:15,SBILIFE,1788.4
2026-08-17 14:47:15,NTPC,336.9
2026-08-17 14:47:15,APOLLOHOSP,8883.0
2026-08-17 14:47:16,NTPC,336.85
2026-08-17 14:47:16,GRASIM,3253.3
2026-08-17 14:47:16,NESTLEIND,1473.5
2026-08-17 14:47:16,APOLLOHOSP,8886.0
2026-08-17 14:47:17,EICHERMOT,8071.5
2026-08-17 14:47:17,NESTLEIND,1473.3
2026-08-17 14:47:17,NTPC,336.9
2026-08-17 14:47:19,NTPC,336.85
2026-08-17 14:47:20,APOLLOHOSP,8883.0
2026-08-17 14:47:20,EICHERMOT,8070.0
2026-08-17 14:47:20,NTPC,336.8
2026-08-17 14:47:21,NESTLEIND,1473.0
2026-08-17 14:47:21,SBILIFE,1788.3
2026-08-17 14:47:21,EICHERMOT,8071.5
2026-08-17 14:47:21,NTPC,336.85
2026-08-17 14:47:21,APOLLOHOSP,8886.0
2026-08-17 14:47:22,NESTLEIND,1473.5
2026-08-17 14:47:22,NESTLEIND,1472.8
2026-08-17 14:47:23,EICHERMOT,8068.5
2026-08-17 14:47:23,GRASIM,3253.2
2026-08-17 14:47:23,APOLLOHOSP,8884.0
2026-08-17 14:47:24,EICHERMOT,8068.0
2026-08-17 14:47:24,NTPC,336.9
2026-08-17 14:47:24,NESTLEIND,1473.4
2026-08-17 14:47:25,EICHERMOT,8070.0
2026-08-17 14:47:25,APOLLOHOSP,8887.0
2026-08-17 14:47:27,EICHERMOT,8068.0
2026-08-17 14:47:27,NTPC,336.85
2026-08-17 14:47:27,EICHERMOT,8070.0
2026-08-17 14:47:27,APOLLOHOSP,8884.0
2026-08-17 14:47:28,NTPC,336.9
2026-08-17 14:47:29,GRASIM,3253.0
2026-08-17 14:47:29,NESTLEIND,1472.8
2026-08-17 14:47:30,APOLLOHOSP,8887.5
2026-08-17 14:47:31,SBILIFE,1788.1
2026-08-17 14:47:31,GRASIM,3253.2
2026-08-17 14:47:31,APOLLOHOSP,8886.5
2026-08-17 14:47:31,NESTLEIND,1473.4
2026-08-17 14:47:31,SBILIFE,1788.0
2026-08-17 14:47:31,NTPC,336.85
2026-08-17 14:47:31,GRASIM,3253.0
2026-08-17 14:47:32,NTPC,336.9
2026-08-17 14:47:33,NESTLEIND,1472.8
2026-08-17 14:47:33,EICHERMOT,8067.0
2026-08-17 14:47:33,APOLLOHOSP,8884.0
2026-08-17 14:47:34,GRASIM,3252.1
2026-08-17 14:47:35,SBILIFE,1788.1
2026-08-17 14:47:35,NTPC,336.85
2026-08-17 14:47:35,APOLLOHOSP,8887.5
2026-08-17 14:47:35,EICHERMOT,8067.5
2026-08-17 14:47:35,NTPC,336.9
2026-08-17 14:47:36,SBILIFE,1788.4
2026-08-17 14:47:37,NESTLEIND,1473.5
2026-08-17 14:47:37,GRASIM,3252.2
2026-08-17 14:47:37,EICHERMOT,8069.5
2026-08-17 14:47:39,NESTLEIND,1473.6
2026-08-17 14:47:39,GRASIM,3252.6
2026-08-17 14:47:39,NESTLEIND,1473.7
2026-08-17 14:47:39,EICHERMOT,8070.5
2026-08-17 14:47:40,EICHERMOT,8072.0
2026-08-17 14:47:41,SBILIFE,1788.2
2026-08-17 14:47:41,EICHERMOT,8070.5
2026-08-17 14:47:41,NESTLEIND,1473.8
2026-08-17 14:47:41,SBILIFE,1788.4
2026-08-17 14:47:41,EICHERMOT,8071.0
2026-08-17 14:47:41,NTPC,336.85
2026-08-17 14:47:42,NESTLEIND,1474.0
2026-08-17 14:47:42,EICHERMOT,8069.0
2026-08-17 14:47:43,NESTLEIND,1474.1
2026-08-17 14:47:43,APOLLOHOSP,8885.0
2026-08-17 14:47:43,NTPC,336.8
2026-08-17 14:47:44,NESTLEIND,1474.4
2026-08-17 14:47:44,EICHERMOT,8071.0
2026-08-17 14:47:44,NTPC,336.85
2026-08-17 14:47:45,EICHERMOT,8069.0
2026-08-17 14:47:45,NTPC,336.9
2026-08-17 14:47:45,APOLLOHOSP,8887.5
2026-08-17 14:47:46,NESTLEIND,1474.1
2026-08-17 14:47:46,SBILIFE,1788.1
2026-08-17 14:47:46,EICHERMOT,8071.5
2026-08-17 14:47:46,NESTLEIND,1474.4
2026-08-17 14:47:46,APOLLOHOSP,8885.0
2026-08-17 14:47:47,SBILIFE,1788.4
2026-08-17 14:47:47,EICHERMOT,8069.0
2026-08-17 14:47:47,EICHERMOT,8071.5
2026-08-17 14:47:48,NTPC,336.85
2026-08-17 14:47:48,NESTLEIND,1474.3
2026-08-17 14:47:48,GRASIM,3252.9
2026-08-17 14:47:49,APOLLOHOSP,8888.0
2026-08-17 14:47:49,NESTLEIND,1474.0
2026-08-17 14:47:49,NTPC,336.9
2026-08-17 14:47:50,NESTLEIND,1473.7
2026-08-17 14:47:51,NESTLEIND,1474.0
2026-08-17 14:47:51,SBILIFE,1788.1
2026-08-17 14:47:51,NTPC,336.7
2026-08-17 14:47:51,APOLLOHOSP,8887.0
2026-08-17 14:47:52,EICHERMOT,8069.0
2026-08-17 14:47:52,NTPC,336.9
2026-08-17 14:47:53,GRASIM,3254.4
2026-08-17 14:47:53,NESTLEIND,1473.7
2026-08-17 14:47:54,SBILIFE,1788.9
2026-08-17 14:47:55,SBILIFE,1788.1
2026-08-17 14:47:55,NESTLEIND,1474.0
2026-08-17 14:47:55,EICHERMOT,8071.0
2026-08-17 14:47:55,GRASIM,3253.8
2026-08-17 14:47:56,SBILIFE,1788.9
2026-08-17 14:47:57,SBILIFE,1788.1
2026-08-17 14:47:57,GRASIM,3253.0
2026-08-17 14:47:58,NTPC,336.7
2026-08-17 14:47:58,NTPC,336.9
2026-08-17 14:47:59,SBILIFE,1788.9
2026-08-17 14:47:59,NESTLEIND,1473.8
2026-08-17 14:47:59,EICHERMOT,8072.0
2026-08-17 14:48:00,SBILIFE,1788.2
2026-08-17 14:48:00,EICHERMOT,8070.0
2026-08-17 14:48:00,NTPC,336.85
2026-08-17 14:48:01,SBILIFE,1788.9
2026-08-17 14:48:01,EICHERMOT,8069.5
2026-08-17 14:48:01,NESTLEIND,1474.0
2026-08-17 14:48:01,NTPC,336.8
2026-08-17 14:48:01,GRASIM,3252.0
2026-08-17 14:48:02,APOLLOHOSP,8888.0
2026-08-17 14:48:02,NTPC,336.85
2026-08-17 14:48:03,NTPC,336.9
2026-08-17 14:48:05,APOLLOHOSP,8887.0
2026-08-17 14:48:06,SBILIFE,1788.4
2026-08-17 14:48:06,APOLLOHOSP,8887.5
2026-08-17 14:48:07,SBILIFE,1789.0
2026-08-17 14:48:07,NTPC,336.8
2026-08-17 14:48:07,EICHERMOT,8070.0
2026-08-17 14:48:08,GRASIM,3252.1
2026-08-17 14:48:09,EICHERMOT,8071.5
2026-08-17 14:48:09,APOLLOHOSP,8887.0
2026-08-17 14:48:10,EICHERMOT,8068.5
2026-08-17 14:48:11,NTPC,336.75
2026-08-17 14:48:11,NESTLEIND,1474.4
2026-08-17 14:48:12,SBILIFE,1788.5
2026-08-17 14:48:13,NESTLEIND,1473.9
2026-08-17 14:48:13,EICHERMOT,8068.0
2026-08-17 14:48:13,APOLLOHOSP,8884.0
2026-08-17 14:48:15,SBILIFE,1789.3
2026-08-17 14:48:15,EICHERMOT,8067.5
2026-08-17 14:48:15,GRASIM,3251.6
2026-08-17 14:48:15,APOLLOHOSP,8888.0
2026-08-17 14:48:16,NESTLEIND,1474.4
2026-08-17 14:48:16,SBILIFE,1788.8
2026-08-17 14:48:16,APOLLOHOSP,8887.0
2026-08-17 14:48:17,NESTLEIND,1474.0
2026-08-17 14:48:17,EICHERMOT,8071.0
2026-08-17 14:48:17,NTPC,336.9
2026-08-17 14:48:17,EICHERMOT,8067.5
2026-08-17 14:48:17,NTPC,336.75
2026-08-17 14:48:18,NTPC,336.9
2026-08-17 14:48:19,SBILIFE,1788.5
2026-08-17 14:48:19,APOLLOHOSP,8887.5
2026-08-17 14:48:20,SBILIFE,1788.8
2026-08-17 14:48:20,NTPC,336.75
2026-08-17 14:48:21,SBILIFE,1788.5
2026-08-17 14:48:21,APOLLOHOSP,8884.0
2026-08-17 14:48:21,NESTLEIND,1474.4
2026-08-17 14:48:21,SBILIFE,1789.3
2026-08-17 14:48:21,NTPC,336.9
2026-08-17 14:48:21,GRASIM,3252.1
2026-08-17 14:48:21,APOLLOHOSP,8887.5
2026-08-17 14:48:23,NESTLEIND,1474.1
2026-08-17 14:48:25,SBILIFE,1788.8
2026-08-17 14:48:25,APOLLOHOSP,8884.0
2026-08-17 14:48:26,NESTLEIND,1474.4
2026-08-17 14:48:26,GRASIM,3251.7
2026-08-17 14:48:27,EICHERMOT,8070.5
2026-08-17 14:48:27,NTPC,336.75
2026-08-17 14:48:27,GRASIM,3252.1
2026-08-17 14:48:27,APOLLOHOSP,8887.5
2026-08-17 14:48:27,EICHERMOT,8067.5
2026-08-17 14:48:27,APOLLOHOSP,8884.0
2026-08-17 14:48:28,GRASIM,3251.7
2026-08-17 14:48:29,NESTLEIND,1474.1
2026-08-17 14:48:29,APOLLOHOSP,8886.5
2026-08-17 14:48:29,NTPC,336.9
2026-08-17 14:48:30,GRASIM,3252.1
2026-08-17 14:48:30,NTPC,336.85
2026-08-17 14:48:30,APOLLOHOSP,8885.0
2026-08-17 14:48:31,SBILIFE,1788.5
2026-08-17 14:48:31,NTPC,336.9
2026-08-17 14:48:31,GRASIM,3251.7
2026-08-17 14:48:31,NESTLEIND,1474.4
2026-08-17 14:48:31,NTPC,336.85
2026-08-17 14:48:31,GRASIM,3252.1
2026-08-17 14:48:32,NTPC,336.9
2026-08-17 14:48:32,NTPC,336.95
2026-08-17 14:48:33,NESTLEIND,1474.1
2026-08-17 14:48:33,GRASIM,3251.6
2026-08-17 14:48:34,NTPC,337.0
2026-08-17 14:48:34,APOLLOHOSP,8887.5
2026-08-17 14:48:35,SBILIFE,1789.3
2026-08-17 14:48:35,APOLLOHOSP,8885.0
2026-08-17 14:48:35,EICHERMOT,8067.0
2026-08-17 14:48:35,NTPC,336.95
2026-08-17 14:48:36,SBILIFE,1788.8
2026-08-17 14:48:37,APOLLOHOSP,8888.0
2026-08-17 14:48:37,EICHERMOT,8070.0
2026-08-17 14:48:37,NTPC,337.0
2026-08-17 14:48:38,SBILIFE,1788.6
2026-08-17 14:48:39,EICHERMOT,8070.5
2026-08-17 14:48:40,SBILIFE,1788.8
2026-08-17 14:48:40,APOLLOHOSP,8887.5
2026-08-17 14:48:41,SBILIFE,1788.6
2026-08-17 14:48:41,NESTLEIND,1474.4
2026-08-17 14:48:41,NTPC,336.9
2026-08-17 14:48:41,GRASIM,3251.4
2026-08-17 14:48:43,NESTLEIND,1474.1
2026-08-17 14:48:43,EICHERMOT,8068.0
2026-08-17 14:48:43,APOLLOHOSP,8889.0
2026-08-17 14:48:44,APOLLOHOSP,8887.5
2026-08-17 14:48:44,SBILIFE,1789.3
2026-08-17 14:48:44,NTPC,337.0
2026-08-17 14:48:45,GRASIM,3251.7
2026-08-17 14:48:45,SBILIFE,1788.8
2026-08-17 14:48:45,APOLLOHOSP,8889.0
2026-08-17 14:48:46,NESTLEIND,1474.4
2026-08-17 14:48:46,SBILIFE,1788.7
2026-08-17 14:48:46,EICHERMOT,8070.5
2026-08-17 14:48:46,GRASIM,3253.1
2026-08-17 14:48:47,APOLLOHOSP,8886.0
2026-08-17 14:48:47,EICHERMOT,8070.0
2026-08-17 14:48:48,GRASIM,3252.3
2026-08-17 14:48:49,GRASIM,3253.1
2026-08-17 14:48:49,SBILIFE,1788.8
2026-08-17 14:48:49,APOLLOHOSP,8889.0
2026-08-17 14:48:51,SBILIFE,1788.6
2026-08-17 14:48:51,EICHERMOT,8069.0
2026-08-17 14:48:51,NTPC,336.9
2026-08-17 14:48:52,SBILIFE,1789.3
2026-08-17 14:48:52,NTPC,336.95
2026-08-17 14:48:53,NESTLEIND,1474.1
2026-08-17 14:48:53,EICHERMOT,8067.0
2026-08-17 14:48:53,APOLLOHOSP,8890.5
2026-08-17 14:48:54,APOLLOHOSP,8884.5
2026-08-17 14:48:54,EICHERMOT,8069.0
2026-08-17 14:48:55,APOLLOHOSP,8890.0
2026-08-17 14:48:56,NESTLEIND,1474.4
2026-08-17 14:48:56,SBILIFE,1788.8
2026-08-17 14:48:56,NTPC,336.85
2026-08-17 14:48:56,GRASIM,3251.7
2026-08-17 14:48:57,EICHERMOT,8070.0
2026-08-17 14:48:57,APOLLOHOSP,8888.5
2026-08-17 14:48:57,NTPC,336.95
2026-08-17 14:48:57,APOLLOHOSP,8885.0
2026-08-17 14:48:58,SBILIFE,1788.5
2026-08-17 14:48:58,SBILIFE,1788.8
2026-08-17 14:48:59,NESTLEIND,1474.1
2026-08-17 14:49:00,NESTLEIND,1474.5
2026-08-17 14:49:00,NESTLEIND,1474.1
2026-08-17 14:49:00,NTPC,336.9
2026-08-17 14:49:00,APOLLOHOSP,8887.5
2026-08-17 14:49:01,EICHERMOT,8067.0
2026-08-17 14:49:01,NTPC,336.95
2026-08-17 14:49:01,NESTLEIND,1474.4
2026-08-17 14:49:01,NTPC,337.0
2026-08-17 14:49:01,SBILIFE,1789.1
2026-08-17 14:49:02,APOLLOHOSP,8885.5
2026-08-17 14:49:03,NESTLEIND,1474.1
2026-08-17 14:49:03,EICHERMOT,8066.5
2026-08-17 14:49:05,APOLLOHOSP,8886.0
2026-08-17 14:49:06,SBILIFE,1788.6
2026-08-17 14:49:06,NESTLEIND,1474.4
2026-08-17 14:49:06,EICHERMOT,8070.0
2026-08-17 14:49:07,SBILIFE,1789.1
2026-08-17 14:49:07,NTPC,336.9
2026-08-17 14:49:07,APOLLOHOSP,8886.5
2026-08-17 14:49:07,EICHERMOT,8070.5
2026-08-17 14:49:07,APOLLOHOSP,8889.0
2026-08-17 14:49:08,SBILIFE,1788.5
2026-08-17 14:49:08,NTPC,336.95
2026-08-17 14:49:08,GRASIM,3251.2
2026-08-17 14:49:09,EICHERMOT,8070.0
2026-08-17 14:49:09,GRASIM,3250.9
2026-08-17 14:49:09,NESTLEIND,1474.1
2026-08-17 14:49:09,SBILIFE,1789.1
2026-08-17 14:49:10,NTPC,337.0
2026-08-17 14:49:11,NTPC,336.9
2026-08-17 14:49:11,GRASIM,3251.8
2026-08-17 14:49:11,NESTLEIND,1474.4
2026-08-17 14:49:11,NTPC,336.95
2026-08-17 14:49:12,NTPC,336.9
2026-08-17 14:49:12,GRASIM,3251.7
2026-08-17 14:49:13,APOLLOHOSP,8882.0
2026-08-17 14:49:13,NESTLEIND,1474.1
2026-08-17 14:49:13,EICHERMOT,8067.5
2026-08-17 14:49:13,NTPC,336.95
2026-08-17 14:49:15,NESTLEIND,1474.4
2026-08-17 14:49:15,EICHERMOT,8067.0
2026-08-17 14:49:15,GRASIM,3251.8
2026-08-17 14:49:15,SBILIFE,1788.6
2026-08-17 14:49:15,APOLLOHOSP,8883.5
2026-08-17 14:49:17,SBILIFE,1788.5
2026-08-17 14:49:17,GRASIM,3252.7
2026-08-17 14:49:17,EICHERMOT,8070.0
2026-08-17 14:49:17,GRASIM,3253.3
2026-08-17 14:49:18,NTPC,336.8
2026-08-17 14:49:19,NTPC,336.95
2026-08-17 14:49:19,APOLLOHOSP,8884.5
2026-08-17 14:49:19,EICHERMOT,8070.5
2026-08-17 14:49:19,NTPC,336.85
2026-08-17 14:49:20,SBILIFE,1788.8
2026-08-17 14:49:20,NTPC,336.95
2026-08-17 14:49:21,SBILIFE,1789.4
2026-08-17 14:49:21,APOLLOHOSP,8885.5
2026-08-17 14:49:21,NTPC,336.85
2026-08-17 14:49:22,EICHERMOT,8069.0
2026-08-17 14:49:22,NTPC,336.95
2026-08-17 14:49:23,APOLLOHOSP,8886.5
2026-08-17 14:49:25,SBILIFE,1790.0
2026-08-17 14:49:25,GRASIM,3252.7
2026-08-17 14:49:27,SBILIFE,1789.5
2026-08-17 14:49:27,EICHERMOT,8070.0
2026-08-17 14:49:27,NTPC,336.85
2026-08-17 14:49:27,NTPC,336.95
2026-08-17 14:49:27,GRASIM,3254.9
2026-08-17 14:49:27,APOLLOHOSP,8884.5
2026-08-17 14:49:28,GRASIM,3253.1
2026-08-17 14:49:29,NESTLEIND,1474.1
2026-08-17 14:49:30,EICHERMOT,8068.5
2026-08-17 14:49:30,GRASIM,3254.6
2026-08-17 14:49:31,SBILIFE,1789.1
2026-08-17 14:49:31,NTPC,337.0
2026-08-17 14:49:31,GRASIM,3254.5
2026-08-17 14:49:31,NESTLEIND,1474.4
2026-08-17 14:49:31,NTPC,336.95
2026-08-17 14:49:32,SBILIFE,1789.0
2026-08-17 14:49:32,GRASIM,3254.6
2026-08-17 14:49:33,NESTLEIND,1474.1
2026-08-17 14:49:33,SBILIFE,1790.0
2026-08-17 14:49:33,NTPC,337.0
2026-08-17 14:49:33,GRASIM,3254.8
2026-08-17 14:49:33,NTPC,336.95
2026-08-17 14:49:33,APOLLOHOSP,8887.0
2026-08-17 14:49:34,GRASIM,3255.0
2026-08-17 14:49:34,NTPC,337.0
2026-08-17 14:49:35,SBILIFE,1789.7
2026-08-17 14:49:35,SBILIFE,1789.2
2026-08-17 14:49:36,NESTLEIND,1474.4
2026-08-17 14:49:36,GRASIM,3255.5
2026-08-17 14:49:36,APOLLOHOSP,8887.5
2026-08-17 14:49:37,EICHERMOT,8070.0
2026-08-17 14:49:37,GRASIM,3255.4
2026-08-17 14:49:38,APOLLOHOSP,8888.0
2026-08-17 14:49:39,GRASIM,3253.7
2026-08-17 14:49:39,GRASIM,3255.3
2026-08-17 14:49:40,APOLLOHOSP,8884.0
2026-08-17 14:49:41,EICHERMOT,8068.5
2026-08-17 14:49:41,APOLLOHOSP,8888.0
2026-08-17 14:49:41,NTPC,336.9
2026-08-17 14:49:41,GRASIM,3253.7
2026-08-17 14:49:42,NTPC,336.95
2026-08-17 14:49:43,NESTLEIND,1474.1
2026-08-17 14:49:43,NTPC,336.9
2026-08-17 14:49:43,APOLLOHOSP,8884.0
2026-08-17 14:49:44,APOLLOHOSP,8886.5
2026-08-17 14:49:45,NTPC,336.95
2026-08-17 14:49:45,APOLLOHOSP,8887.0
2026-08-17 14:49:46,EICHERMOT,8070.0
2026-08-17 14:49:46,NESTLEIND,1474.4
2026-08-17 14:49:46,NTPC,337.0
2026-08-17 14:49:46,GRASIM,3254.8
2026-08-17 14:49:46,APOLLOHOSP,8887.5
2026-08-17 14:49:47,NTPC,336.9
2026-08-17 14:49:47,GRASIM,3255.9
2026-08-17 14:49:47,GRASIM,3255.6
2026-08-17 14:49:48,NTPC,337.0
2026-08-17 14:49:48,GRASIM,3253.7
2026-08-17 14:49:49,EICHERMOT,8068.0
2026-08-17 14:49:49,NTPC,336.95
2026-08-17 14:49:49,GRASIM,3255.6
2026-08-17 14:49:49,NTPC,337.0
2026-08-17 14:49:49,GRASIM,3255.7
2026-08-17 14:49:49,APOLLOHOSP,8886.5
2026-08-17 14:49:51,NTPC,336.95
2026-08-17 14:49:51,GRASIM,3255.8
2026-08-17 14:49:51,APOLLOHOSP,8886.0
2026-08-17 14:49:52,NTPC,337.0
2026-08-17 14:49:52,NESTLEIND,1474.1
2026-08-17 14:49:53,GRASIM,3258.2
2026-08-17 14:49:54,GRASIM,3257.7
2026-08-17 14:49:55,SBILIFE,1789.1
2026-08-17 14:49:55,SBILIFE,1788.7
2026-08-17 14:49:55,GRASIM,3257.4
2026-08-17 14:49:56,NESTLEIND,1474.4
2026-08-17 14:49:56,SBILIFE,1789.2
2026-08-17 14:49:56,GRASIM,3255.7
2026-08-17 14:49:57,EICHERMOT,8070.0
2026-08-17 14:49:57,APOLLOHOSP,8886.5
2026-08-17 14:49:57,NESTLEIND,1474.1
2026-08-17 14:49:57,APOLLOHOSP,8884.0
2026-08-17 14:49:59,EICHERMOT,8067.5
2026-08-17 14:50:01,SBILIFE,1788.6
2026-08-17 14:50:01,APOLLOHOSP,8886.5
2026-08-17 14:50:01,NESTLEIND,1474.4
2026-08-17 14:50:01,NTPC,336.95
2026-08-17 14:50:02,SBILIFE,1789.2
2026-08-17 14:50:02,NTPC,337.0
2026-08-17 14:50:03,NESTLEIND,1474.1
2026-08-17 14:50:05,NESTLEIND,1474.4
2026-08-17 14:50:05,APOLLOHOSP,8881.0
2026-08-17 14:50:06,SBILIFE,1788.7
2026-08-17 14:50:06,APOLLOHOSP,8885.0
2026-08-17 14:50:07,NESTLEIND,1474.5
2026-08-17 14:50:07,SBILIFE,1789.2
2026-08-17 14:50:07,EICHERMOT,8070.0
2026-08-17 14:50:07,NTPC,336.95
2026-08-17 14:50:07,GRASIM,3255.9
2026-08-17 14:50:07,APOLLOHOSP,8883.0
2026-08-17 14:50:07,GRASIM,3257.5
2026-08-17 14:50:08,GRASIM,3255.8
2026-08-17 14:50:08,NTPC,337.0
2026-08-17 14:50:09,GRASIM,3257.6
2026-08-17 14:50:09,NESTLEIND,1474.8
2026-08-17 14:50:09,NTPC,336.95
2026-08-17 14:50:11,NTPC,336.9
2026-08-17 14:50:11,GRASIM,3256.4
2026-08-17 14:50:12,NTPC,336.95
2026-08-17 14:50:12,APOLLOHOSP,8885.0
2026-08-17 14:50:13,EICHERMOT,8067.5
2026-08-17 14:50:13,SBILIFE,1789.4
2026-08-17 14:50:13,NTPC,336.9
2026-08-17 14:50:13,APOLLOHOSP,8884.0
2026-08-17 14:50:13,NTPC,336.95
2026-08-17 14:50:14,NESTLEIND,1474.3
2026-08-17 14:50:14,SBILIFE,1788.9
2026-08-17 14:50:15,GRASIM,3257.8
2026-08-17 14:50:15,NTPC,336.9
2026-08-17 14:50:15,APOLLOHOSP,8883.5
2026-08-17 14:50:16,GRASIM,3257.9
2026-08-17 14:50:16,NESTLEIND,1474.8
2026-08-17 14:50:16,SBILIFE,1789.4
2026-08-17 14:50:16,NTPC,337.0
2026-08-17 14:50:17,GRASIM,3257.8
2026-08-17 14:50:17,EICHERMOT,8070.0
2026-08-17 14:50:19,GRASIM,3256.2
2026-08-17 14:50:19,APOLLOHOSP,8884.0
2026-08-17 14:50:21,GRASIM,3257.8
2026-08-17 14:50:21,APOLLOHOSP,8885.0
2026-08-17 14:50:23,NESTLEIND,1474.4
2026-08-17 14:50:23,EICHERMOT,8068.0
2026-08-17 14:50:23,NESTLEIND,1474.3
2026-08-17 14:50:25,APOLLOHOSP,8886.5
2026-08-17 14:50:26,SBILIFE,1789.0
2026-08-17 14:50:26,EICHERMOT,8072.0
2026-08-17 14:50:27,SBILIFE,1789.2
2026-08-17 14:50:27,GRASIM,3256.4
2026-08-17 14:50:27,APOLLOHOSP,8887.5
2026-08-17 14:50:27,EICHERMOT,8074.5
2026-08-17 14:50:27,GRASIM,3258.7
2026-08-17 14:50:27,APOLLOHOSP,8886.5
2026-08-17 14:50:28,NTPC,336.9
2026-08-17 14:50:29,GRASIM,3256.9
2026-08-17 14:50:29,EICHERMOT,8072.0
2026-08-17 14:50:29,GRASIM,3256.4
2026-08-17 14:50:30,NTPC,337.0
2026-08-17 14:50:30,GRASIM,3258.1
2026-08-17 14:50:31,NESTLEIND,1474.4
2026-08-17 14:50:31,EICHERMOT,8071.5
2026-08-17 14:50:31,NTPC,336.9
2026-08-17 14:50:32,SBILIFE,1789.4
2026-08-17 14:50:33,NESTLEIND,1474.3
2026-08-17 14:50:33,APOLLOHOSP,8887.0
2026-08-17 14:50:33,EICHERMOT,8074.5
2026-08-17 14:50:34,SBILIFE,1789.0
2026-08-17 14:50:34,EICHERMOT,8071.5
2026-08-17 14:50:34,NTPC,337.1
2026-08-17 14:50:35,APOLLOHOSP,8888.0
2026-08-17 14:50:35,SBILIFE,1789.1
2026-08-17 14:50:35,SBILIFE,1789.7
2026-08-17 14:50:35,NTPC,336.95
2026-08-17 14:50:35,APOLLOHOSP,8887.5
2026-08-17 14:50:36,NESTLEIND,1474.4
2026-08-17 14:50:36,SBILIFE,1789.2
2026-08-17 14:50:36,NTPC,337.0
2026-08-17 14:50:37,SBILIFE,1789.7
2026-08-17 14:50:37,EICHERMOT,8071.0
2026-08-17 14:50:37,NESTLEIND,1474.3
2026-08-17 14:50:40,NESTLEIND,1474.4
2026-08-17 14:50:40,APOLLOHOSP,8890.0
2026-08-17 14:50:41,EICHERMOT,8071.5
2026-08-17 14:50:41,GRASIM,3256.5
2026-08-17 14:50:41,NTPC,336.95
2026-08-17 14:50:42,SBILIFE,1789.1
2026-08-17 14:50:42,NTPC,337.0
2026-08-17 14:50:43,EICHERMOT,8070.5
2026-08-17 14:50:43,NTPC,336.95
2026-08-17 14:50:43,GRASIM,3255.7
2026-08-17 14:50:43,APOLLOHOSP,8884.5
2026-08-17 14:50:43,NESTLEIND,1474.5
2026-08-17 14:50:43,SBILIFE,1789.7
2026-08-17 14:50:43,EICHERMOT,8071.5
2026-08-17 14:50:44,GRASIM,3256.5
2026-08-17 14:50:44,NESTLEIND,1474.6
2026-08-17 14:50:44,NTPC,337.0
2026-08-17 14:50:45,SBILIFE,1789.1
2026-08-17 14:50:45,EICHERMOT,8070.5
2026-08-17 14:50:45,APOLLOHOSP,8889.0
2026-08-17 14:50:46,NESTLEIND,1474.4
2026-08-17 14:50:46,SBILIFE,1789.2
2026-08-17 14:50:46,EICHERMOT,8071.5
2026-08-17 14:50:46,NESTLEIND,1474.6
2026-08-17 14:50:47,SBILIFE,1789.7
2026-08-17 14:50:47,NTPC,336.9
2026-08-17 14:50:47,GRASIM,3256.4
2026-08-17 14:50:47,EICHERMOT,8074.0
2026-08-17 14:50:47,GRASIM,3258.8
2026-08-17 14:50:48,EICHERMOT,8071.0
2026-08-17 14:50:48,GRASIM,3258.4
2026-08-17 14:50:49,GRASIM,3257.9
2026-08-17 14:50:50,NESTLEIND,1474.4
2026-08-17 14:50:50,EICHERMOT,8074.0
2026-08-17 14:50:50,APOLLOHOSP,8885.5
2026-08-17 14:50:51,GRASIM,3257.8
2026-08-17 14:50:51,APOLLOHOSP,8885.0
2026-08-17 14:50:51,NESTLEIND,1474.8
2026-08-17 14:50:51,SBILIFE,1789.2
2026-08-17 14:50:51,NTPC,336.85
2026-08-17 14:50:53,NESTLEIND,1474.4
2026-08-17 14:50:53,EICHERMOT,8070.5
2026-08-17 14:50:53,NTPC,337.0
2026-08-17 14:50:53,NESTLEIND,1474.8
2026-08-17 14:50:54,NESTLEIND,1474.4
2026-08-17 14:50:56,NESTLEIND,1474.8
2026-08-17 14:50:57,EICHERMOT,8073.5
2026-08-17 14:50:57,GRASIM,3256.5
2026-08-17 14:50:57,APOLLOHOSP,8884.0
2026-08-17 14:50:59,NESTLEIND,1474.4
2026-08-17 14:50:59,EICHERMOT,8071.0
2026-08-17 14:50:59,GRASIM,3255.7
2026-08-17 14:51:00,NTPC,336.95
2026-08-17 14:51:00,GRASIM,3256.5
2026-08-17 14:51:01,SBILIFE,1789.7
2026-08-17 14:51:01,APOLLOHOSP,8886.5
2026-08-17 14:51:01,NESTLEIND,1474.8
2026-08-17 14:51:01,SBILIFE,1789.4
2026-08-17 14:51:02,GRASIM,3258.9
2026-08-17 14:51:03,NESTLEIND,1474.4
2026-08-17 14:51:03,GRASIM,3258.2
2026-08-17 14:51:04,GRASIM,3258.0
2026-08-17 14:51:04,NESTLEIND,1474.5
2026-08-17 14:51:04,NTPC,337.0
2026-08-17 14:51:05,APOLLOHOSP,8887.5
2026-08-17 14:51:05,NTPC,336.95
2026-08-17 14:51:05,APOLLOHOSP,8887.0
2026-08-17 14:51:06,SBILIFE,1789.2
2026-08-17 14:51:06,NESTLEIND,1474.8
2026-08-17 14:51:06,EICHERMOT,8073.5
2026-08-17 14:51:06,GRASIM,3257.2
2026-08-17 14:51:07,SBILIFE,1789.7
2026-08-17 14:51:07,NTPC,336.9
2026-08-17 14:51:07,GRASIM,3258.2
2026-08-17 14:51:08,NTPC,337.0
2026-08-17 14:51:08,GRASIM,3257.1
2026-08-17 14:51:09,NESTLEIND,1474.5
2026-08-17 14:51:09,GRASIM,3257.9
2026-08-17 14:51:11,SBILIFE,1789.2
2026-08-17 14:51:11,NESTLEIND,1474.8
2026-08-17 14:51:11,EICHERMOT,8071.0
2026-08-17 14:51:11,NTPC,336.9
2026-08-17 14:51:11,GRASIM,3257.2
2026-08-17 14:51:12,NTPC,337.0
2026-08-17 14:51:13,NESTLEIND,1474.5
2026-08-17 14:51:13,APOLLOHOSP,8885.0
2026-08-17 14:51:14,SBILIFE,1789.7
2026-08-17 14:51:15,EICHERMOT,8071.5
2026-08-17 14:51:16,SBILIFE,1789.2
2026-08-17 14:51:16,NTPC,336.9
2026-08-17 14:51:16,NESTLEIND,1474.4
2026-08-17 14:51:16,NTPC,336.95
2026-08-17 14:51:16,GRASIM,3256.4
2026-08-17 14:51:16,APOLLOHOSP,8888.5
2026-08-17 14:51:17,SBILIFE,1789.7
2026-08-17 14:51:17,NTPC,337.0
2026-08-17 14:51:17,NESTLEIND,1474.2
2026-08-17 14:51:17,EICHERMOT,8073.0
2026-08-17 14:51:18,NESTLEIND,1474.4
2026-08-17 14:51:18,APOLLOHOSP,8887.5
2026-08-17 14:51:19,APOLLOHOSP,8885.0
2026-08-17 14:51:19,APOLLOHOSP,8887.5
2026-08-17 14:51:21,APOLLOHOSP,8888.0
2026-08-17 14:51:21,NTPC,336.9
2026-08-17 14:51:21,EICHERMOT,8071.0
2026-08-17 14:51:21,GRASIM,3257.3
2026-08-17 14:51:21,APOLLOHOSP,8884.0
2026-08-17 14:51:22,SBILIFE,1789.0
2026-08-17 14:51:22,NTPC,337.0
2026-08-17 14:51:23,NESTLEIND,1474.2
2026-08-17 14:51:23,NTPC,336.9
2026-08-17 14:51:23,GRASIM,3257.1
2026-08-17 14:51:23,GRASIM,3257.2
2026-08-17 14:51:23,APOLLOHOSP,8887.0
2026-08-17 14:51:24,NTPC,337.0
2026-08-17 14:51:24,NESTLEIND,1474.4
2026-08-17 14:51:24,APOLLOHOSP,8880.5
2026-08-17 14:51:25,SBILIFE,1789.2
2026-08-17 14:51:26,SBILIFE,1789.7
2026-08-17 14:51:26,NESTLEIND,1474.5
2026-08-17 14:51:26,GRASIM,3255.5
2026-08-17 14:51:27,NTPC,336.9
2026-08-17 14:51:27,APOLLOHOSP,8886.0
2026-08-17 14:51:27,EICHERMOT,8072.5
2026-08-17 14:51:27,EICHERMOT,8071.0
2026-08-17 14:51:28,GRASIM,3255.3
2026-08-17 14:51:28,APOLLOHOSP,8882.5
2026-08-17 14:51:28,NESTLEIND,1474.3
2026-08-17 14:51:29,NESTLEIND,1474.0
2026-08-17 14:51:29,NTPC,336.95
2026-08-17 14:51:29,GRASIM,3255.5
2026-08-17 14:51:30,NESTLEIND,1474.1
2026-08-17 14:51:30,NTPC,337.0
2026-08-17 14:51:31,SBILIFE,1789.2
2026-08-17 14:51:31,EICHERMOT,8071.5
2026-08-17 14:51:31,NTPC,336.9
2026-08-17 14:51:31,APOLLOHOSP,8887.5
2026-08-17 14:51:31,GRASIM,3255.9
2026-08-17 14:51:32,NTPC,337.0
2026-08-17 14:51:33,NESTLEIND,1473.5
2026-08-17 14:51:33,SBILIFE,1789.7
2026-08-17 14:51:33,GRASIM,3257.2
2026-08-17 14:51:33,EICHERMOT,8071.0
2026-08-17 14:51:33,GRASIM,3256.9
2026-08-17 14:51:33,NESTLEIND,1474.3
2026-08-17 14:51:34,NESTLEIND,1474.0
2026-08-17 14:51:34,SBILIFE,1789.2
2026-08-17 14:51:34,GRASIM,3256.8
2026-08-17 14:51:34,APOLLOHOSP,8887.0
2026-08-17 14:51:35,GRASIM,3256.9
2026-08-17 14:51:35,APOLLOHOSP,8887.5
2026-08-17 14:51:35,EICHERMOT,8071.5
2026-08-17 14:51:36,NESTLEIND,1474.3
2026-08-17 14:51:36,SBILIFE,1789.6
2026-08-17 14:51:36,EICHERMOT,8072.5
2026-08-17 14:51:36,GRASIM,3257.0
2026-08-17 14:51:36,APOLLOHOSP,8887.0
2026-08-17 14:51:37,SBILIFE,1789.7
2026-08-17 14:51:37,EICHERMOT,8071.5
2026-08-17 14:51:37,NTPC,336.9
2026-08-17 14:51:37,APOLLOHOSP,8888.0
2026-08-17 14:51:38,NTPC,337.0
2026-08-17 14:51:39,EICHERMOT,8072.5
2026-08-17 14:51:39,NESTLEIND,1474.0
2026-08-17 14:51:40,NESTLEIND,1473.9
2026-08-17 14:51:41,APOLLOHOSP,8885.5
2026-08-17 14:51:41,NESTLEIND,1474.3
2026-08-17 14:51:41,EICHERMOT,8070.5
2026-08-17 14:51:41,NTPC,336.9
2026-08-17 14:51:41,GRASIM,3255.6
2026-08-17 14:51:42,NTPC,336.95
2026-08-17 14:51:42,APOLLOHOSP,8885.0
2026-08-17 14:51:43,NESTLEIND,1473.9
2026-08-17 14:51:43,GRASIM,3256.1
2026-08-17 14:51:43,GRASIM,3257.9
2026-08-17 14:51:44,GRASIM,3257.8
2026-08-17 14:51:45,APOLLOHOSP,8884.5
2026-08-17 14:51:45,APOLLOHOSP,8885.0
2026-08-17 14:51:46,SBILIFE,1789.2
2026-08-17 14:51:46,APOLLOHOSP,8887.0
2026-08-17 14:51:46,NESTLEIND,1474.3
2026-08-17 14:51:46,EICHERMOT,8072.5
2026-08-17 14:51:47,SBILIFE,1789.7
2026-08-17 14:51:47,NTPC,336.9
2026-08-17 14:51:47,GRASIM,3257.9
2026-08-17 14:51:47,EICHERMOT,8070.5
2026-08-17 14:51:47,NTPC,336.95
2026-08-17 14:51:48,GRASIM,3256.4
2026-08-17 14:51:49,GRASIM,3258.3
2026-08-17 14:51:49,GRASIM,3256.1
2026-08-17 14:51:49,APOLLOHOSP,8888.5
2026-08-17 14:51:50,SBILIFE,1789.2
2026-08-17 14:51:50,NTPC,336.9
2026-08-17 14:51:51,EICHERMOT,8072.5
2026-08-17 14:51:51,NTPC,336.85
2026-08-17 14:51:51,GRASIM,3257.8
2026-08-17 14:51:51,APOLLOHOSP,8888.0
2026-08-17 14:51:52,GRASIM,3257.5
2026-08-17 14:51:52,APOLLOHOSP,8888.5
2026-08-17 14:51:53,EICHERMOT,8070.5
2026-08-17 14:51:53,NESTLEIND,1473.9
2026-08-17 14:51:54,EICHERMOT,8071.0
2026-08-17 14:51:55,APOLLOHOSP,8888.0
2026-08-17 14:51:56,NESTLEIND,1474.3
2026-08-17 14:51:57,SBILIFE,1789.6
2026-08-17 14:51:57,GRASIM,3255.8
2026-08-17 14:51:57,APOLLOHOSP,8884.5
2026-08-17 14:51:57,APOLLOHOSP,8885.0
2026-08-17 14:51:59,NESTLEIND,1473.9
2026-08-17 14:52:01,SBILIFE,1789.2
2026-08-17 14:52:01,EICHERMOT,8070.5
2026-08-17 14:52:01,APOLLOHOSP,8887.5
2026-08-17 14:52:01,EICHERMOT,8071.0
2026-08-17 14:52:01,NTPC,336.8
2026-08-17 14:52:01,GRASIM,3257.0
2026-08-17 14:52:02,NTPC,336.85
2026-08-17 14:52:03,SBILIFE,1789.6
2026-08-17 14:52:03,EICHERMOT,8070.5
2026-08-17 14:52:03,GRASIM,3257.1
2026-08-17 14:52:04,GRASIM,3257.2
2026-08-17 14:52:05,GRASIM,3257.3
2026-08-17 14:52:05,APOLLOHOSP,8888.5
2026-08-17 14:52:05,SBILIFE,1789.2
2026-08-17 14:52:06,NESTLEIND,1474.3
2026-08-17 14:52:06,SBILIFE,1789.5
2026-08-17 14:52:06,APOLLOHOSP,8889.0
2026-08-17 14:52:07,EICHERMOT,8072.5
2026-08-17 14:52:08,NESTLEIND,1473.9
2026-08-17 14:52:09,SBILIFE,1789.4
2026-08-17 14:52:09,APOLLOHOSP,8887.5
2026-08-17 14:52:10,EICHERMOT,8070.5
2026-08-17 14:52:11,NTPC,336.9
2026-08-17 14:52:11,GRASIM,3255.9
2026-08-17 14:52:12,SBILIFE,1788.5
2026-08-17 14:52:12,SBILIFE,1789.4
2026-08-17 14:52:12,GRASIM,3258.8
2026-08-17 14:52:12,APOLLOHOSP,8884.0
2026-08-17 14:52:13,NTPC,336.85
2026-08-17 14:52:13,GRASIM,3258.3
2026-08-17 14:52:13,NTPC,337.0
2026-08-17 14:52:14,GRASIM,3257.9
2026-08-17 14:52:15,EICHERMOT,8071.0
2026-08-17 14:52:15,SBILIFE,1788.8
2026-08-17 14:52:16,NESTLEIND,1474.3
2026-08-17 14:52:16,NTPC,336.9
2026-08-17 14:52:17,NTPC,337.0
2026-08-17 14:52:17,APOLLOHOSP,8888.0
2026-08-17 14:52:19,NTPC,336.85
2026-08-17 14:52:19,APOLLOHOSP,8887.5
2026-08-17 14:52:20,EICHERMOT,8072.5
2026-08-17 14:52:22,SBILIFE,1788.3
2026-08-17 14:52:22,SBILIFE,1788.9
2026-08-17 14:52:22,NTPC,337.0
2026-08-17 14:52:22,APOLLOHOSP,8888.0
2026-08-17 14:52:23,NESTLEIND,1473.9
2026-08-17 14:52:24,APOLLOHOSP,8888.5
2026-08-17 14:52:25,SBILIFE,1788.4
2026-08-17 14:52:25,APOLLOHOSP,8888.0
2026-08-17 14:52:26,NESTLEIND,1474.3
2026-08-17 14:52:26,SBILIFE,1788.2
2026-08-17 14:52:26,APOLLOHOSP,8888.5
2026-08-17 14:52:27,NTPC,336.85
2026-08-17 14:52:27,GRASIM,3256.5
2026-08-17 14:52:27,APOLLOHOSP,8884.5
2026-08-17 14:52:28,SBILIFE,1788.9
2026-08-17 14:52:28,NTPC,337.0
2026-08-17 14:52:28,GRASIM,3256.3
2026-08-17 14:52:29,SBILIFE,1788.2
2026-08-17 14:52:29,GRASIM,3256.5
2026-08-17 14:52:29,NESTLEIND,1473.9
2026-08-17 14:52:29,EICHERMOT,8071.5
2026-08-17 14:52:30,APOLLOHOSP,8887.0
2026-08-17 14:52:31,NTPC,336.85
2026-08-17 14:52:31,GRASIM,3257.6
2026-08-17 14:52:31,APOLLOHOSP,8885.0
2026-08-17 14:52:32,EICHERMOT,8072.5
2026-08-17 14:52:32,NTPC,337.0
2026-08-17 14:52:32,GRASIM,3258.5
2026-08-17 14:52:32,APOLLOHOSP,8888.5
2026-08-17 14:52:33,NESTLEIND,1474.3
2026-08-17 14:52:33,EICHERMOT,8071.5
2026-08-17 14:52:33,GRASIM,3258.0
2026-08-17 14:52:33,APOLLOHOSP,8884.5
2026-08-17 14:52:34,SBILIFE,1788.9
2026-08-17 14:52:34,NESTLEIND,1473.9
2026-08-17 14:52:34,APOLLOHOSP,8888.5
2026-08-17 14:52:35,EICHERMOT,8072.5
2026-08-17 14:52:35,GRASIM,3257.5
2026-08-17 14:52:35,GRASIM,3257.6
2026-08-17 14:52:36,NESTLEIND,1474.3
2026-08-17 14:52:36,SBILIFE,1788.7
2026-08-17 14:52:36,APOLLOHOSP,8890.0
2026-08-17 14:52:37,GRASIM,3257.2
2026-08-17 14:52:37,APOLLOHOSP,8889.5
2026-08-17 14:52:38,EICHERMOT,8071.5
2026-08-17 14:52:40,SBILIFE,1789.2
2026-08-17 14:52:41,NTPC,336.9
2026-08-17 14:52:41,GRASIM,3255.5
2026-08-17 14:52:42,NTPC,336.8
2026-08-17 14:52:42,APOLLOHOSP,8885.5
2026-08-17 14:52:43,NESTLEIND,1473.9
2026-08-17 14:52:44,GRASIM,3255.3
2026-08-17 14:52:45,NTPC,336.9
2026-08-17 14:52:45,GRASIM,3255.5
2026-08-17 14:52:45,SBILIFE,1788.6
2026-08-17 14:52:45,EICHERMOT,8073.5
2026-08-17 14:52:46,NTPC,336.85
2026-08-17 14:52:46,NESTLEIND,1474.3
2026-08-17 14:52:46,SBILIFE,1788.7
2026-08-17 14:52:46,NTPC,337.0
2026-08-17 14:52:47,NTPC,336.85
2026-08-17 14:52:47,GRASIM,3257.4
2026-08-17 14:52:47,GRASIM,3257.3
2026-08-17 14:52:48,NTPC,337.0
2026-08-17 14:52:48,APOLLOHOSP,8888.5
2026-08-17 14:52:49,GRASIM,3257.2
2026-08-17 14:52:49,APOLLOHOSP,8889.0
2026-08-17 14:52:50,SBILIFE,1789.1
2026-08-17 14:52:50,EICHERMOT,8071.5
2026-08-17 14:52:50,APOLLOHOSP,8889.5
2026-08-17 14:52:51,SBILIFE,1788.5
2026-08-17 14:52:52,SBILIFE,1789.1
2026-08-17 14:52:52,GRASIM,3257.1
2026-08-17 14:52:52,APOLLOHOSP,8888.0
2026-08-17 14:52:53,NESTLEIND,1474.0
2026-08-17 14:52:54,NESTLEIND,1474.3
2026-08-17 14:52:55,SBILIFE,1788.6
2026-08-17 14:52:55,EICHERMOT,8072.0
2026-08-17 14:52:55,APOLLOHOSP,8889.0
2026-08-17 14:52:56,SBILIFE,1788.5
2026-08-17 14:52:56,EICHERMOT,8070.5
2026-08-17 14:52:57,EICHERMOT,8072.5
2026-08-17 14:52:57,GRASIM,3255.6
2026-08-17 14:52:57,APOLLOHOSP,8886.5
2026-08-17 14:52:58,SBILIFE,1789.1
2026-08-17 14:52:59,NESTLEIND,1474.0
2026-08-17 14:52:59,GRASIM,3255.3
2026-08-17 14:53:00,NTPC,336.9
2026-08-17 14:53:01,SBILIFE,1788.5
2026-08-17 14:53:01,EICHERMOT,8071.0
2026-08-17 14:53:01,GRASIM,3255.1
2026-08-17 14:53:01,NESTLEIND,1474.3
2026-08-17 14:53:01,SBILIFE,1789.1
2026-08-17 14:53:02,APOLLOHOSP,8888.0
2026-08-17 14:53:02,NESTLEIND,1474.0
2026-08-17 14:53:02,NTPC,336.8
2026-08-17 14:53:03,EICHERMOT,8070.5
2026-08-17 14:53:03,APOLLOHOSP,8884.0
2026-08-17 14:53:04,NTPC,336.9
2026-08-17 14:53:04,EICHERMOT,8071.0
2026-08-17 14:53:04,APOLLOHOSP,8888.5
2026-08-17 14:53:05,NESTLEIND,1474.3
2026-08-17 14:53:05,SBILIFE,1788.6
2026-08-17 14:53:05,NTPC,336.85
2026-08-17 14:53:06,NTPC,336.8
2026-08-17 14:53:06,APOLLOHOSP,8889.0
2026-08-17 14:53:07,SBILIFE,1789.1
2026-08-17 14:53:07,GRASIM,3257.1
2026-08-17 14:53:07,APOLLOHOSP,8889.5
2026-08-17 14:53:07,NTPC,336.95
2026-08-17 14:53:07,GRASIM,3256.8
2026-08-17 14:53:08,NTPC,336.85
2026-08-17 14:53:08,GRASIM,3256.9
2026-08-17 14:53:08,APOLLOHOSP,8890.0
2026-08-17 14:53:09,EICHERMOT,8070.5
2026-08-17 14:53:09,EICHERMOT,8071.0
2026-08-17 14:53:10,NTPC,336.95
2026-08-17 14:53:10,GRASIM,3256.8
2026-08-17 14:53:10,APOLLOHOSP,8885.0
2026-08-17 14:53:11,NTPC,336.8
2026-08-17 14:53:11,GRASIM,3255.2
2026-08-17 14:53:12,SBILIFE,1789.2
2026-08-17 14:53:12,APOLLOHOSP,8888.5
2026-08-17 14:53:12,APOLLOHOSP,8886.5
2026-08-17 14:53:13,NESTLEIND,1474.0
2026-08-17 14:53:13,EICHERMOT,8070.5
2026-08-17 14:53:15,NESTLEIND,1474.3
2026-08-17 14:53:15,NTPC,336.95
2026-08-17 14:53:15,APOLLOHOSP,8886.0
2026-08-17 14:53:16,SBILIFE,1789.4
2026-08-17 14:53:16,GRASIM,3255.0
2026-08-17 14:53:17,EICHERMOT,8071.0
2026-08-17 14:53:17,GRASIM,3256.7
2026-08-17 14:53:19,APOLLOHOSP,8889.0
2026-08-17 14:53:19,NESTLEIND,1474.0
2026-08-17 14:53:19,EICHERMOT,8070.5
2026-08-17 14:53:20,NTPC,336.9
2026-08-17 14:53:21,NESTLEIND,1474.3
2026-08-17 14:53:21,NTPC,336.95
2026-08-17 14:53:21,NTPC,336.85
2026-08-17 14:53:22,SBILIFE,1788.7
2026-08-17 14:53:22,EICHERMOT,8070.0
2026-08-17 14:53:22,NTPC,336.95
2026-08-17 14:53:23,NESTLEIND,1474.0
2026-08-17 14:53:23,NESTLEIND,1474.2
2026-08-17 14:53:23,EICHERMOT,8071.0
2026-08-17 14:53:23,GRASIM,3254.9
2026-08-17 14:53:25,GRASIM,3256.6
2026-08-17 14:53:25,SBILIFE,1788.9
2026-08-17 14:53:25,GRASIM,3256.7
2026-08-17 14:53:26,GRASIM,3255.3
2026-08-17 14:53:27,EICHERMOT,8070.5
2026-08-17 14:53:27,NTPC,336.85
2026-08-17 14:53:27,NESTLEIND,1474.1
2026-08-17 14:53:27,EICHERMOT,8071.0
2026-08-17 14:53:27,NTPC,336.95
2026-08-17 14:53:28,NTPC,336.85
2026-08-17 14:53:28,APOLLOHOSP,8888.5
2026-08-17 14:53:29,NESTLEIND,1474.2
2026-08-17 14:53:29,SBILIFE,1789.5
2026-08-17 14:53:29,NTPC,336.95
2026-08-17 14:53:29,NESTLEIND,1474.1
2026-08-17 14:53:29,NTPC,336.85
2026-08-17 14:53:30,SBILIFE,1788.7
2026-08-17 14:53:30,NTPC,336.95
2026-08-17 14:53:30,APOLLOHOSP,8888.0
2026-08-17 14:53:31,EICHERMOT,8070.5
2026-08-17 14:53:31,EICHERMOT,8071.0
2026-08-17 14:53:31,NTPC,336.85
2026-08-17 14:53:31,GRASIM,3255.0
2026-08-17 14:53:33,EICHERMOT,8070.5
2026-08-17 14:53:33,NTPC,336.95
2026-08-17 14:53:33,NESTLEIND,1474.2
2026-08-17 14:53:33,EICHERMOT,8071.0
2026-08-17 14:53:33,GRASIM,3254.8
2026-08-17 14:53:34,EICHERMOT,8070.5
2026-08-17 14:53:34,NTPC,336.8
2026-08-17 14:53:34,GRASIM,3255.0
2026-08-17 14:53:35,NTPC,336.9
2026-08-17 14:53:35,SBILIFE,1788.9
2026-08-17 14:53:35,NESTLEIND,1474.3
2026-08-17 14:53:36,SBILIFE,1789.4
2026-08-17 14:53:36,GRASIM,3254.8
2026-08-17 14:53:36,APOLLOHOSP,8888.5
2026-08-17 14:53:37,EICHERMOT,8071.0
2026-08-17 14:53:37,APOLLOHOSP,8889.0
2026-08-17 14:53:39,EICHERMOT,8070.5
2026-08-17 14:53:39,NTPC,336.75
2026-08-17 14:53:39,GRASIM,3257.4
2026-08-17 14:53:39,GRASIM,3257.1
2026-08-17 14:53:40,NTPC,336.9
2026-08-17 14:53:41,SBILIFE,1788.7
2026-08-17 14:53:41,NTPC,336.95
2026-08-17 14:53:41,GRASIM,3257.0
2026-08-17 14:53:41,GRASIM,3255.6
2026-08-17 14:53:42,SBILIFE,1789.4
2026-08-17 14:53:42,NTPC,336.8
2026-08-17 14:53:42,APOLLOHOSP,8886.0
2026-08-17 14:53:43,NTPC,336.95
2026-08-17 14:53:44,NTPC,336.85
2026-08-17 14:53:44,APOLLOHOSP,8889.0
2026-08-17 14:53:45,SBILIFE,1788.9
2026-08-17 14:53:45,APOLLOHOSP,8886.0
2026-08-17 14:53:45,NESTLEIND,1474.2
2026-08-17 14:53:45,NTPC,336.95
2026-08-17 14:53:46,NESTLEIND,1474.4
2026-08-17 14:53:46,GRASIM,3255.0
2026-08-17 14:53:47,APOLLOHOSP,8889.0
2026-08-17 14:53:47,NESTLEIND,1474.2
2026-08-17 14:53:47,EICHERMOT,8071.0
2026-08-17 14:53:48,GRASIM,3254.8
2026-08-17 14:53:49,GRASIM,3255.0
2026-08-17 14:53:51,SBILIFE,1788.7
2026-08-17 14:53:51,EICHERMOT,8070.5
2026-08-17 14:53:51,NTPC,336.85
2026-08-17 14:53:51,GRASIM,3254.8
2026-08-17 14:53:52,NTPC,336.8
2026-08-17 14:53:52,NTPC,336.95
2026-08-17 14:53:52,APOLLOHOSP,8889.5
2026-08-17 14:53:53,NTPC,336.9
2026-08-17 14:53:53,EICHERMOT,8071.0
2026-08-17 14:53:54,EICHERMOT,8070.5
2026-08-17 14:53:54,NESTLEIND,1474.1
2026-08-17 14:53:54,NTPC,336.95
2026-08-17 14:53:54,APOLLOHOSP,8890.0
2026-08-17 14:53:55,NESTLEIND,1474.3
2026-08-17 14:53:55,SBILIFE,1788.9
2026-08-17 14:53:56,NESTLEIND,1474.2
2026-08-17 14:53:56,GRASIM,3254.4
2026-08-17 14:53:56,EICHERMOT,8071.0
2026-08-17 14:53:56,APOLLOHOSP,8889.5
2026-08-17 14:53:57,GRASIM,3257.9
2026-08-17 14:53:57,NESTLEIND,1474.1
2026-08-17 14:53:57,EICHERMOT,8070.5
2026-08-17 14:53:57,APOLLOHOSP,8887.0
2026-08-17 14:53:58,APOLLOHOSP,8889.5
2026-08-17 14:53:58,GRASIM,3257.8
2026-08-17 14:53:59,GRASIM,3257.3
2026-08-17 14:54:00,SBILIFE,1788.7
2026-08-17 14:54:00,SBILIFE,1788.9
2026-08-17 14:54:00,GRASIM,3255.8
2026-08-17 14:54:00,APOLLOHOSP,8887.0
2026-08-17 14:54:01,GRASIM,3257.5
2026-08-17 14:54:02,NESTLEIND,1474.0
2026-08-17 14:54:02,GRASIM,3257.6
2026-08-17 14:54:03,EICHERMOT,8071.0
2026-08-17 14:54:03,GRASIM,3257.5
2026-08-17 14:54:03,EICHERMOT,8070.5
2026-08-17 14:54:04,NESTLEIND,1474.1
2026-08-17 14:54:04,NESTLEIND,1474.0
2026-08-17 14:54:04,APOLLOHOSP,8890.0
2026-08-17 14:54:05,NESTLEIND,1473.9
2026-08-17 14:54:05,SBILIFE,1788.7
2026-08-17 14:54:05,APOLLOHOSP,8889.0
2026-08-17 14:54:06,NESTLEIND,1474.0
2026-08-17 14:54:06,EICHERMOT,8071.0
2026-08-17 14:54:06,NTPC,336.8
2026-08-17 14:54:07,SBILIFE,1788.9
2026-08-17 14:54:08,NTPC,336.95
2026-08-17 14:54:08,GRASIM,3256.1
2026-08-17 14:54:08,GRASIM,3257.5
2026-08-17 14:54:09,NESTLEIND,1473.9
2026-08-17 14:54:09,EICHERMOT,8072.5
2026-08-17 14:54:10,NESTLEIND,1474.0
2026-08-17 14:54:10,EICHERMOT,8071.0
2026-08-17 14:54:11,SBILIFE,1788.7
2026-08-17 14:54:11,NTPC,336.8
2026-08-17 14:54:11,GRASIM,3256.1
2026-08-17 14:54:11,APOLLOHOSP,8888.0
2026-08-17 14:54:12,GRASIM,3256.3
2026-08-17 14:54:13,NESTLEIND,1473.7
2026-08-17 14:54:13,EICHERMOT,8072.5
2026-08-17 14:54:13,EICHERMOT,8071.0
2026-08-17 14:54:14,EICHERMOT,8071.5
2026-08-17 14:54:14,NTPC,336.95
2026-08-17 14:54:15,APOLLOHOSP,8889.0
2026-08-17 14:54:15,SBILIFE,1788.9
2026-08-17 14:54:15,APOLLOHOSP,8888.0
2026-08-17 14:54:16,NESTLEIND,1473.6
2026-08-17 14:54:16,SBILIFE,1789.5
2026-08-17 14:54:16,EICHERMOT,8071.0
2026-08-17 14:54:16,NTPC,336.8
2026-08-17 14:54:16,GRASIM,3256.1
2026-08-17 14:54:17,NTPC,336.95
2026-08-17 14:54:17,EICHERMOT,8072.0
2026-08-17 14:54:18,NESTLEIND,1474.0
2026-08-17 14:54:19,EICHERMOT,8071.0
2026-08-17 14:54:19,APOLLOHOSP,8889.0
2026-08-17 14:54:20,APOLLOHOSP,8888.5
2026-08-17 14:54:21,SBILIFE,1788.9
2026-08-17 14:54:21,NTPC,336.8
2026-08-17 14:54:21,GRASIM,3256.0
2026-08-17 14:54:21,APOLLOHOSP,8887.0
2026-08-17 14:54:22,SBILIFE,1789.4
2026-08-17 14:54:22,NESTLEIND,1473.7
2026-08-17 14:54:23,NTPC,336.95
2026-08-17 14:54:23,NTPC,336.8
2026-08-17 14:54:24,NTPC,336.95
2026-08-17 14:54:24,GRASIM,3257.0
2026-08-17 14:54:25,SBILIFE,1788.9
2026-08-17 14:54:26,NESTLEIND,1474.0
2026-08-17 14:54:26,SBILIFE,1789.4
2026-08-17 14:54:26,EICHERMOT,8072.0
2026-08-17 14:54:26,NTPC,336.8
2026-08-17 14:54:26,GRASIM,3256.1
2026-08-17 14:54:26,APOLLOHOSP,8890.0
2026-08-17 14:54:27,APOLLOHOSP,8889.0
2026-08-17 14:54:28,NTPC,336.9
2026-08-17 14:54:28,EICHERMOT,8071.0
2026-08-17 14:54:29,NESTLEIND,1473.6
2026-08-17 14:54:30,SBILIFE,1788.9
2026-08-17 14:54:30,GRASIM,3255.9
2026-08-17 14:54:30,APOLLOHOSP,8889.5
2026-08-17 14:54:31,GRASIM,3256.1
2026-08-17 14:54:31,NTPC,336.8
2026-08-17 14:54:32,NESTLEIND,1473.7
2026-08-17 14:54:32,GRASIM,3256.6
2026-08-17 14:54:32,APOLLOHOSP,8887.5
2026-08-17 14:54:33,NTPC,336.9
2026-08-17 14:54:33,GRASIM,3258.6
2026-08-17 14:54:34,NESTLEIND,1473.6
2026-08-17 14:54:34,EICHERMOT,8071.5
2026-08-17 14:54:34,APOLLOHOSP,8891.5
2026-08-17 14:54:35,EICHERMOT,8071.0
2026-08-17 14:54:36,SBILIFE,1789.2
2026-08-17 14:54:36,NESTLEIND,1473.7
2026-08-17 14:54:36,EICHERMOT,8071.5
2026-08-17 14:54:36,GRASIM,3256.9
2026-08-17 14:54:37,SBILIFE,1789.4
2026-08-17 14:54:37,GRASIM,3257.1
2026-08-17 14:54:38,SBILIFE,1789.2
2026-08-17 14:54:38,SBILIFE,1789.4
2026-08-17 14:54:38,NESTLEIND,1474.0
2026-08-17 14:54:38,GRASIM,3258.6
2026-08-17 14:54:40,EICHERMOT,8071.0
2026-08-17 14:54:41,SBILIFE,1789.2
2026-08-17 14:54:41,NTPC,336.8
2026-08-17 14:54:41,GRASIM,3257.0
2026-08-17 14:54:41,APOLLOHOSP,8890.0
2026-08-17 14:54:41,NESTLEIND,1474.1
2026-08-17 14:54:42,NESTLEIND,1474.0
2026-08-17 14:54:42,SBILIFE,1790.0
2026-08-17 14:54:42,EICHERMOT,8070.5
2026-08-17 14:54:42,APOLLOHOSP,8887.5
2026-08-17 14:54:43,NTPC,336.85
2026-08-17 14:54:44,SBILIFE,1789.0
2026-08-17 14:54:45,SBILIFE,1789.4
2026-08-17 14:54:45,NESTLEIND,1474.2
2026-08-17 14:54:45,SBILIFE,1790.4
2026-08-17 14:54:45,EICHERMOT,8071.0
2026-08-17 14:54:46,SBILIFE,1790.1
2026-08-17 14:54:46,APOLLOHOSP,8890.5
2026-08-17 14:54:46,NTPC,336.8
2026-08-17 14:54:46,GRASIM,3259.0
2026-08-17 14:54:47,SBILIFE,1790.0
2026-08-17 14:54:47,GRASIM,3258.8
2026-08-17 14:54:48,GRASIM,3259.0
2026-08-17 14:54:49,SBILIFE,1790.1
2026-08-17 14:54:49,EICHERMOT,8070.5
2026-08-17 14:54:49,APOLLOHOSP,8891.0
2026-08-17 14:54:50,EICHERMOT,8071.0
2026-08-17 14:54:50,APOLLOHOSP,8890.5
2026-08-17 14:54:51,NTPC,336.75
2026-08-17 14:54:51,NESTLEIND,1474.1
2026-08-17 14:54:52,NTPC,336.8
2026-08-17 14:54:52,SBILIFE,1790.0
2026-08-17 14:54:52,EICHERMOT,8070.5
2026-08-17 14:54:53,EICHERMOT,8071.0
2026-08-17 14:54:55,SBILIFE,1789.7
2026-08-17 14:54:55,APOLLOHOSP,8887.5
2026-08-17 14:54:56,SBILIFE,1790.2
2026-08-17 14:54:56,GRASIM,3257.4
2026-08-17 14:54:56,APOLLOHOSP,8890.5
2026-08-17 14:54:57,APOLLOHOSP,8890.0
2026-08-17 14:54:59,NTPC,336.85
2026-08-17 14:55:00,SBILIFE,1789.7
2026-08-17 14:55:00,EICHERMOT,8070.5
2026-08-17 14:55:00,NTPC,336.8
2026-08-17 14:55:00,GRASIM,3257.1
2026-08-17 14:55:01,SBILIFE,1790.1
2026-08-17 14:55:01,NTPC,336.85
2026-08-17 14:55:01,NESTLEIND,1474.3
2026-08-17 14:55:01,GRASIM,3259.9
2026-08-17 14:55:02,NESTLEIND,1474.1
2026-08-17 14:55:02,GRASIM,3259.6
2026-08-17 14:55:03,NESTLEIND,1474.3
2026-08-17 14:55:03,SBILIFE,1789.9
2026-08-17 14:55:03,NTPC,336.8
2026-08-17 14:55:03,GRASIM,3259.2
2026-08-17 14:55:04,SBILIFE,1790.2
2026-08-17 14:55:04,APOLLOHOSP,8887.5
2026-08-17 14:55:05,SBILIFE,1789.7
2026-08-17 14:55:05,NESTLEIND,1474.1
2026-08-17 14:55:05,NTPC,336.85
2026-08-17 14:55:05,APOLLOHOSP,8887.0
2026-08-17 14:55:06,SBILIFE,1790.0
2026-08-17 14:55:06,NESTLEIND,1474.3
2026-08-17 14:55:06,EICHERMOT,8071.0
2026-08-17 14:55:06,NTPC,336.8
2026-08-17 14:55:07,NESTLEIND,1474.1
2026-08-17 14:55:07,NTPC,336.85
2026-08-17 14:55:09,NESTLEIND,1474.3
2026-08-17 14:55:10,SBILIFE,1790.3
2026-08-17 14:55:10,APOLLOHOSP,8884.5
2026-08-17 14:55:11,NTPC,336.8
2026-08-17 14:55:11,GRASIM,3257.8
2026-08-17 14:55:12,NESTLEIND,1474.1
2026-08-17 14:55:12,EICHERMOT,8070.5
2026-08-17 14:55:12,GRASIM,3257.4
2026-08-17 14:55:12,APOLLOHOSP,8885.5
2026-08-17 14:55:13,NTPC,336.85
2026-08-17 14:55:13,GRASIM,3257.8
2026-08-17 14:55:14,NTPC,336.8
2026-08-17 14:55:15,SBILIFE,1789.8
2026-08-17 14:55:15,NTPC,336.85
2026-08-17 14:55:15,APOLLOHOSP,8887.5
2026-08-17 14:55:16,SBILIFE,1790.3
2026-08-17 14:55:16,NESTLEIND,1474.2
2026-08-17 14:55:16,NTPC,336.8
2026-08-17 14:55:16,GRASIM,3257.4
2026-08-17 14:55:17,NTPC,336.85
2026-08-17 14:55:17,EICHERMOT,8071.0
2026-08-17 14:55:19,APOLLOHOSP,8885.5
2026-08-17 14:55:19,EICHERMOT,8071.5
2026-08-17 14:55:19,APOLLOHOSP,8887.5
2026-08-17 14:55:20,NESTLEIND,1474.1
2026-08-17 14:55:21,NESTLEIND,1474.2
2026-08-17 14:55:21,NTPC,336.8
2026-08-17 14:55:21,GRASIM,3257.2
2026-08-17 14:55:22,EICHERMOT,8071.0
2026-08-17 14:55:22,NTPC,336.85
2026-08-17 14:55:23,SBILIFE,1790.2
2026-08-17 14:55:25,SBILIFE,1789.9
2026-08-17 14:55:25,APOLLOHOSP,8888.5
2026-08-17 14:55:26,SBILIFE,1790.0
2026-08-17 14:55:26,EICHERMOT,8070.5
2026-08-17 14:55:26,NTPC,336.8
2026-08-17 14:55:26,GRASIM,3257.1
2026-08-17 14:55:27,APOLLOHOSP,8886.5
2026-08-17 14:55:27,EICHERMOT,8070.0
2026-08-17 14:55:27,APOLLOHOSP,8883.5
2026-08-17 14:55:28,SBILIFE,1789.9
2026-08-17 14:55:28,GRASIM,3256.7
2026-08-17 14:55:28,APOLLOHOSP,8882.0
2026-08-17 14:55:28,GRASIM,3257.1
2026-08-17 14:55:29,NTPC,336.85
2026-08-17 14:55:30,SBILIFE,1789.3
2026-08-17 14:55:30,NESTLEIND,1474.3
2026-08-17 14:55:30,EICHERMOT,8071.5
2026-08-17 14:55:30,GRASIM,3256.5
2026-08-17 14:55:30,APOLLOHOSP,8885.5
2026-08-17 14:55:31,SBILIFE,1789.6
2026-08-17 14:55:31,NTPC,336.8
2026-08-17 14:55:31,GRASIM,3256.8
2026-08-17 14:55:32,EICHERMOT,8070.5
2026-08-17 14:55:32,APOLLOHOSP,8881.5
2026-08-17 14:55:33,NTPC,336.85
2026-08-17 14:55:34,SBILIFE,1790.2
2026-08-17 14:55:34,GRASIM,3257.5
2026-08-17 14:55:34,APOLLOHOSP,8885.5
2026-08-17 14:55:35,SBILIFE,1789.4
2026-08-17 14:55:35,EICHERMOT,8071.5
2026-08-17 14:55:35,GRASIM,3259.1
2026-08-17 14:55:36,SBILIFE,1790.1
2026-08-17 14:55:36,GRASIM,3258.8
2026-08-17 14:55:36,NESTLEIND,1474.4
2026-08-17 14:55:36,APOLLOHOSP,8887.0
2026-08-17 14:55:37,NESTLEIND,1474.3
2026-08-17 14:55:38,GRASIM,3258.0
2026-08-17 14:55:38,GRASIM,3258.9
2026-08-17 14:55:39,EICHERMOT,8070.5
2026-08-17 14:55:40,NESTLEIND,1474.4
2026-08-17 14:55:40,SBILIFE,1789.7
2026-08-17 14:55:40,NTPC,336.9
2026-08-17 14:55:40,GRASIM,3258.8
2026-08-17 14:55:40,APOLLOHOSP,8888.0
2026-08-17 14:55:41,GRASIM,3257.2
2026-08-17 14:55:41,NTPC,336.75
2026-08-17 14:55:42,NESTLEIND,1474.3
2026-08-17 14:55:42,NTPC,336.7
2026-08-17 14:55:42,APOLLOHOSP,8883.5
2026-08-17 14:55:43,NTPC,336.75
2026-08-17 14:55:43,GRASIM,3258.8
2026-08-17 14:55:44,NESTLEIND,1474.4
2026-08-17 14:55:44,GRASIM,3258.9
2026-08-17 14:55:45,SBILIFE,1789.3
2026-08-17 14:55:45,APOLLOHOSP,8885.5
2026-08-17 14:55:45,EICHERMOT,8072.0
2026-08-17 14:55:45,GRASIM,3258.8
2026-08-17 14:55:46,SBILIFE,1789.7
2026-08-17 14:55:46,NESTLEIND,1474.3
2026-08-17 14:55:46,EICHERMOT,8070.5
2026-08-17 14:55:46,NTPC,336.7
2026-08-17 14:55:46,NESTLEIND,1474.4
2026-08-17 14:55:47,EICHERMOT,8072.0
2026-08-17 14:55:48,GRASIM,3257.5
2026-08-17 14:55:48,GRASIM,3258.8
2026-08-17 14:55:50,NTPC,336.75
2026-08-17 14:55:51,SBILIFE,1790.0
2026-08-17 14:55:51,GRASIM,3258.3
2026-08-17 14:55:52,NESTLEIND,1474.3
2026-08-17 14:55:52,SBILIFE,1789.6
2026-08-17 14:55:52,EICHERMOT,8070.5
2026-08-17 14:55:52,APOLLOHOSP,8888.0
2026-08-17 14:55:52,GRASIM,3258.7
2026-08-17 14:55:53,GRASIM,3258.6
2026-08-17 14:55:53,APOLLOHOSP,8884.0
2026-08-17 14:55:54,SBILIFE,1789.9
2026-08-17 14:55:55,SBILIFE,1789.3
2026-08-17 14:55:55,NESTLEIND,1474.2
2026-08-17 14:55:56,SBILIFE,1789.4
2026-08-17 14:55:56,EICHERMOT,8072.0
2026-08-17 14:55:56,GRASIM,3257.0
2026-08-17 14:55:56,APOLLOHOSP,8887.0
2026-08-17 14:55:59,NESTLEIND,1474.1
2026-08-17 14:55:59,SBILIFE,1789.8
2026-08-17 14:55:59,EICHERMOT,8070.5
2026-08-17 14:56:00,SBILIFE,1789.4
2026-08-17 14:56:00,GRASIM,3256.8
2026-08-17 14:56:00,APOLLOHOSP,8884.5
2026-08-17 14:56:01,NTPC,336.7
2026-08-17 14:56:02,SBILIFE,1789.8
2026-08-17 14:56:02,NTPC,336.6
2026-08-17 14:56:03,NTPC,336.7
2026-08-17 14:56:03,NESTLEIND,1474.2
2026-08-17 14:56:03,NTPC,336.6
2026-08-17 14:56:04,APOLLOHOSP,8888.0
2026-08-17 14:56:04,EICHERMOT,8072.0
2026-08-17 14:56:05,SBILIFE,1789.4
2026-08-17 14:56:05,APOLLOHOSP,8882.5
2026-08-17 14:56:06,SBILIFE,1789.9
2026-08-17 14:56:06,GRASIM,3256.5
2026-08-17 14:56:06,APOLLOHOSP,8886.0
2026-08-17 14:56:07,NTPC,336.7
2026-08-17 14:56:07,GRASIM,3256.3
2026-08-17 14:56:08,SBILIFE,1789.4
2026-08-17 14:56:08,NESTLEIND,1474.1
2026-08-17 14:56:08,EICHERMOT,8070.5
2026-08-17 14:56:08,NTPC,336.55
2026-08-17 14:56:08,GRASIM,3256.5
2026-08-17 14:56:09,NTPC,336.7
2026-08-17 14:56:09,GRASIM,3256.4
2026-08-17 14:56:10,SBILIFE,1790.0
2026-08-17 14:56:10,EICHERMOT,8072.0
2026-08-17 14:56:10,GRASIM,3256.5
2026-08-17 14:56:10,APOLLOHOSP,8883.0
2026-08-17 14:56:11,GRASIM,3256.2
2026-08-17 14:56:11,APOLLOHOSP,8886.0
2026-08-17 14:56:11,NESTLEIND,1474.2
2026-08-17 14:56:11,NTPC,336.65
2026-08-17 14:56:12,NESTLEIND,1474.1
2026-08-17 14:56:12,EICHERMOT,8070.0
2026-08-17 14:56:12,NTPC,336.6
2026-08-17 14:56:12,APOLLOHOSP,8883.5
2026-08-17 14:56:13,NTPC,336.65
2026-08-17 14:56:13,NTPC,336.7
2026-08-17 14:56:13,APOLLOHOSP,8886.0
2026-08-17 14:56:14,SBILIFE,1789.7
2026-08-17 14:56:14,NESTLEIND,1474.2
2026-08-17 14:56:15,NESTLEIND,1474.1
2026-08-17 14:56:15,SBILIFE,1789.4
2026-08-17 14:56:15,EICHERMOT,8072.0
2026-08-17 14:56:15,APOLLOHOSP,8887.0
2026-08-17 14:56:16,NESTLEIND,1474.2
2026-08-17 14:56:16,SBILIFE,1789.7
2026-08-17 14:56:16,NTPC,336.65
2026-08-17 14:56:16,GRASIM,3255.3
2026-08-17 14:56:17,GRASIM,3255.6
2026-08-17 14:56:18,SBILIFE,1789.5
2026-08-17 14:56:19,EICHERMOT,8070.0
2026-08-17 14:56:19,NTPC,336.6
2026-08-17 14:56:20,EICHERMOT,8071.5
2026-08-17 14:56:20,NTPC,336.75
2026-08-17 14:56:21,SBILIFE,1789.4
2026-08-17 14:56:21,APOLLOHOSP,8886.5
2026-08-17 14:56:22,NESTLEIND,1473.7
2026-08-17 14:56:22,EICHERMOT,8070.5
2026-08-17 14:56:23,NTPC,336.85
2026-08-17 14:56:23,NESTLEIND,1474.3
2026-08-17 14:56:24,SBILIFE,1789.9
2026-08-17 14:56:24,APOLLOHOSP,8883.0
2026-08-17 14:56:25,NESTLEIND,1474.1
2026-08-17 14:56:25,SBILIFE,1789.5
2026-08-17 14:56:26,NESTLEIND,1474.2
2026-08-17 14:56:26,EICHERMOT,8072.0
2026-08-17 14:56:26,NTPC,336.75
2026-08-17 14:56:26,GRASIM,3255.9
2026-08-17 14:56:26,APOLLOHOSP,8886.5
2026-08-17 14:56:27,GRASIM,3258.2
2026-08-17 14:56:27,APOLLOHOSP,8883.5
2026-08-17 14:56:28,SBILIFE,1789.9
2026-08-17 14:56:28,GRASIM,3257.9
2026-08-17 14:56:29,EICHERMOT,8072.5
2026-08-17 14:56:29,GRASIM,3257.3
2026-08-17 14:56:29,NESTLEIND,1473.8
2026-08-17 14:56:30,SBILIFE,1789.5
2026-08-17 14:56:30,EICHERMOT,8071.5
2026-08-17 14:56:30,EICHERMOT,8072.0
2026-08-17 14:56:30,NTPC,336.8
2026-08-17 14:56:30,GRASIM,3256.0
2026-08-17 14:56:30,APOLLOHOSP,8886.0
2026-08-17 14:56:31,SBILIFE,1789.3
2026-08-17 14:56:31,NTPC,336.7
2026-08-17 14:56:31,GRASIM,3257.5
2026-08-17 14:56:31,SBILIFE,1789.5
2026-08-17 14:56:32,EICHERMOT,8071.5
2026-08-17 14:56:32,GRASIM,3257.4
2026-08-17 14:56:32,EICHERMOT,8071.0
2026-08-17 14:56:32,APOLLOHOSP,8886.5
2026-08-17 14:56:33,EICHERMOT,8071.5
2026-08-17 14:56:33,NTPC,336.65
2026-08-17 14:56:33,GRASIM,3257.3
2026-08-17 14:56:34,NTPC,336.7
2026-08-17 14:56:35,SBILIFE,1789.3
2026-08-17 14:56:36,SBILIFE,1789.5
2026-08-17 14:56:36,NESTLEIND,1474.2
2026-08-17 14:56:36,APOLLOHOSP,8886.0
2026-08-17 14:56:37,APOLLOHOSP,8883.0
2026-08-17 14:56:39,SBILIFE,1789.7
2026-08-17 14:56:39,EICHERMOT,8072.5
2026-08-17 14:56:39,NESTLEIND,1473.8
2026-08-17 14:56:40,NESTLEIND,1474.2
2026-08-17 14:56:40,NTPC,336.75
2026-08-17 14:56:41,SBILIFE,1789.4
2026-08-17 14:56:41,NTPC,336.7
2026-08-17 14:56:41,GRASIM,3255.7
2026-08-17 14:56:41,SBILIFE,1789.5
2026-08-17 14:56:41,NTPC,336.8
2026-08-17 14:56:42,NESTLEIND,1473.8
2026-08-17 14:56:42,EICHERMOT,8071.0
2026-08-17 14:56:42,APOLLOHOSP,8882.0
2026-08-17 14:56:43,SBILIFE,1789.8
2026-08-17 14:56:44,APOLLOHOSP,8883.0
2026-08-17 14:56:45,SBILIFE,1789.5
2026-08-17 14:56:45,EICHERMOT,8073.0
2026-08-17 14:56:45,APOLLOHOSP,8884.0
2026-08-17 14:56:46,SBILIFE,1789.7
2026-08-17 14:56:46,NESTLEIND,1474.1
2026-08-17 14:56:46,NTPC,336.7
2026-08-17 14:56:46,GRASIM,3258.0
2026-08-17 14:56:47,NTPC,336.75
2026-08-17 14:56:47,GRASIM,3257.6
2026-08-17 14:56:48,SBILIFE,1789.5
2026-08-17 14:56:49,SBILIFE,1789.8
2026-08-17 14:56:49,NTPC,336.7
2026-08-17 14:56:50,EICHERMOT,8071.0
2026-08-17 14:56:50,APOLLOHOSP,8885.0
2026-08-17 14:56:51,SBILIFE,1790.0
2026-08-17 14:56:52,APOLLOHOSP,8886.0
2026-08-17 14:56:52,NESTLEIND,1473.8
2026-08-17 14:56:52,NTPC,336.75
2026-08-17 14:56:52,GRASIM,3258.0
2026-08-17 14:56:53,GRASIM,3257.8
2026-08-17 14:56:54,NESTLEIND,1474.1
2026-08-17 14:56:55,SBILIFE,1789.5
2026-08-17 14:56:56,SBILIFE,1789.6
2026-08-17 14:56:56,EICHERMOT,8073.0
2026-08-17 14:56:56,GRASIM,3256.0
2026-08-17 14:56:57,SBILIFE,1790.0
2026-08-17 14:56:57,NESTLEIND,1473.8
2026-08-17 14:56:58,NTPC,336.7
2026-08-17 14:56:58,GRASIM,3255.5
2026-08-17 14:56:58,APOLLOHOSP,8885.5
2026-08-17 14:56:59,NESTLEIND,1474.1
2026-08-17 14:56:59,GRASIM,3256.0
2026-08-17 14:57:00,SBILIFE,1789.5
2026-08-17 14:57:00,EICHERMOT,8071.0
2026-08-17 14:57:00,NESTLEIND,1473.9
2026-08-17 14:57:00,NTPC,336.75
2026-08-17 14:57:00,APOLLOHOSP,8884.0
2026-08-17 14:57:01,NESTLEIND,1474.2
2026-08-17 14:57:01,SBILIFE,1790.0
2026-08-17 14:57:01,GRASIM,3255.5
2026-08-17 14:57:01,APOLLOHOSP,8882.0
2026-08-17 14:57:01,NTPC,336.7
2026-08-17 14:57:01,GRASIM,3258.2
2026-08-17 14:57:02,EICHERMOT,8071.5
2026-08-17 14:57:02,NESTLEIND,1473.9
2026-08-17 14:57:02,NTPC,336.75
2026-08-17 14:57:02,APOLLOHOSP,8885.5
2026-08-17 14:57:03,GRASIM,3258.1
2026-08-17 14:57:04,NESTLEIND,1474.2
2026-08-17 14:57:04,SBILIFE,1789.7
2026-08-17 14:57:04,APOLLOHOSP,8884.5
2026-08-17 14:57:04,GRASIM,3257.9
2026-08-17 14:57:06,EICHERMOT,8073.0
2026-08-17 14:57:06,NTPC,336.7
2026-08-17 14:57:07,NTPC,336.5
2026-08-17 14:57:08,NESTLEIND,1474.1
2026-08-17 14:57:08,NTPC,336.45
2026-08-17 14:57:08,NTPC,336.5
2026-08-17 14:57:10,EICHERMOT,8072.0
2026-08-17 14:57:10,GRASIM,3257.8
2026-08-17 14:57:11,NESTLEIND,1473.9
2026-08-17 14:57:11,EICHERMOT,8072.5
2026-08-17 14:57:11,APOLLOHOSP,8880.5
2026-08-17 14:57:11,NESTLEIND,1474.2
2026-08-17 14:57:12,GRASIM,3256.1
2026-08-17 14:57:13,NESTLEIND,1473.9
2026-08-17 14:57:13,EICHERMOT,8072.0
2026-08-17 14:57:13,APOLLOHOSP,8882.5
2026-08-17 14:57:13,EICHERMOT,8072.5
2026-08-17 14:57:14,NESTLEIND,1474.1
2026-08-17 14:57:15,NESTLEIND,1473.5
2026-08-17 14:57:15,EICHERMOT,8072.0
2026-08-17 14:57:16,EICHERMOT,8072.5
2026-08-17 14:57:16,APOLLOHOSP,8884.5
2026-08-17 14:57:16,SBILIFE,1790.0
2026-08-17 14:57:17,NESTLEIND,1474.1
2026-08-17 14:57:17,NTPC,336.45
2026-08-17 14:57:17,GRASIM,3258.1
2026-08-17 14:57:17,NTPC,336.5
2026-08-17 14:57:17,GRASIM,3257.2
2026-08-17 14:57:17,APOLLOHOSP,8885.5
2026-08-17 14:57:18,EICHERMOT,8073.0
2026-08-17 14:57:18,NTPC,336.65
2026-08-17 14:57:18,GRASIM,3258.2
2026-08-17 14:57:19,EICHERMOT,8072.0
2026-08-17 14:57:19,NTPC,336.5
2026-08-17 14:57:20,GRASIM,3257.9
2026-08-17 14:57:20,NTPC,336.7
2026-08-17 14:57:21,SBILIFE,1789.8
2026-08-17 14:57:22,GRASIM,3257.8
2026-08-17 14:57:22,APOLLOHOSP,8882.0
2026-08-17 14:57:22,APOLLOHOSP,8885.5
2026-08-17 14:57:23,NESTLEIND,1473.9
2026-08-17 14:57:23,SBILIFE,1790.0
2026-08-17 14:57:23,NTPC,336.5
2026-08-17 14:57:24,NTPC,336.65
2026-08-17 14:57:25,SBILIFE,1789.8
2026-08-17 14:57:25,NTPC,336.7
2026-08-17 14:57:26,NTPC,336.75
2026-08-17 14:57:26,APOLLOHOSP,8884.0
2026-08-17 14:57:26,NTPC,336.6
2026-08-17 14:57:27,NESTLEIND,1474.1
2026-08-17 14:57:27,EICHERMOT,8073.0
2026-08-17 14:57:27,NTPC,336.5
2026-08-17 14:57:27,GRASIM,3256.1
2026-08-17 14:57:27,APOLLOHOSP,8885.5
2026-08-17 14:57:27,SBILIFE,1789.9
2026-08-17 14:57:28,APOLLOHOSP,8884.0
2026-08-17 14:57:28,NTPC,336.45
2026-08-17 14:57:28,GRASIM,3256.0
2026-08-17 14:57:29,NESTLEIND,1473.8
2026-08-17 14:57:29,NTPC,336.65
2026-08-17 14:57:29,GRASIM,3256.1
2026-08-17 14:57:29,NESTLEIND,1473.6
2026-08-17 14:57:29,APOLLOHOSP,8883.5
2026-08-17 14:57:30,NTPC,336.5
2026-08-17 14:57:30,SBILIFE,1789.8
2026-08-17 14:57:30,NTPC,336.65
2026-08-17 14:57:31,NESTLEIND,1473.9
2026-08-17 14:57:31,EICHERMOT,8072.0
2026-08-17 14:57:31,GRASIM,3255.9
2026-08-17 14:57:31,NESTLEIND,1473.8
2026-08-17 14:57:31,NTPC,336.5
2026-08-17 14:57:32,EICHERMOT,8071.5
2026-08-17 14:57:32,GRASIM,3258.4
2026-08-17 14:57:32,APOLLOHOSP,8885.0
2026-08-17 14:57:33,NESTLEIND,1473.6
2026-08-17 14:57:33,EICHERMOT,8071.0
2026-08-17 14:57:34,NTPC,336.65
2026-08-17 14:57:34,GRASIM,3258.2
2026-08-17 14:57:35,NESTLEIND,1473.8
2026-08-17 14:57:35,GRASIM,3256.2
2026-08-17 14:57:35,GRASIM,3256.4
2026-08-17 14:57:36,NESTLEIND,1473.6
2026-08-17 14:57:36,SBILIFE,1789.9
2026-08-17 14:57:36,GRASIM,3257.9
2026-08-17 14:57:37,NESTLEIND,1473.8
2026-08-17 14:57:37,EICHERMOT,8071.5
2026-08-17 14:57:37,APOLLOHOSP,8884.5
2026-08-17 14:57:37,NESTLEIND,1473.6
2026-08-17 14:57:38,NESTLEIND,1473.8
2026-08-17 14:57:38,NTPC,336.5
2026-08-17 14:57:38,NTPC,336.65
2026-08-17 14:57:38,GRASIM,3256.2
2026-08-17 14:57:39,SBILIFE,1789.8
2026-08-17 14:57:39,EICHERMOT,8071.0
2026-08-17 14:57:39,GRASIM,3257.8
2026-08-17 14:57:40,SBILIFE,1789.9
2026-08-17 14:57:40,APOLLOHOSP,8879.5
2026-08-17 14:57:41,NESTLEIND,1473.7
2026-08-17 14:57:41,APOLLOHOSP,8883.5
2026-08-17 14:57:41,NTPC,336.5
2026-08-17 14:57:42,NESTLEIND,1473.6
2026-08-17 14:57:42,NTPC,336.65
2026-08-17 14:57:42,GRASIM,3255.4
2026-08-17 14:57:43,NTPC,336.55
2026-08-17 14:57:43,GRASIM,3256.2
2026-08-17 14:57:43,APOLLOHOSP,8881.0
2026-08-17 14:57:43,EICHERMOT,8071.5
2026-08-17 14:57:43,NTPC,336.65
2026-08-17 14:57:44,EICHERMOT,8071.0
2026-08-17 14:57:45,SBILIFE,1789.8
2026-08-17 14:57:46,NESTLEIND,1473.1
2026-08-17 14:57:46,EICHERMOT,8071.5
2026-08-17 14:57:46,SBILIFE,1789.9
2026-08-17 14:57:46,GRASIM,3257.8
2026-08-17 14:57:47,NESTLEIND,1473.6
2026-08-17 14:57:47,NTPC,336.5
2026-08-17 14:57:47,GRASIM,3258.8
2026-08-17 14:57:48,NTPC,336.65
2026-08-17 14:57:48,NESTLEIND,1473.8
2026-08-17 14:57:48,GRASIM,3256.5
2026-08-17 14:57:49,GRASIM,3258.3
2026-08-17 14:57:49,APOLLOHOSP,8884.0
2026-08-17 14:57:49,SBILIFE,1789.8
2026-08-17 14:57:50,GRASIM,3258.2
2026-08-17 14:57:51,SBILIFE,1789.2
2026-08-17 14:57:51,GRASIM,3258.0
2026-08-17 14:57:51,APOLLOHOSP,8883.5
2026-08-17 14:57:51,SBILIFE,1790.0
2026-08-17 14:57:52,NESTLEIND,1473.6
2026-08-17 14:57:52,NTPC,336.5
2026-08-17 14:57:53,EICHERMOT,8074.0
2026-08-17 14:57:53,NTPC,336.65
2026-08-17 14:57:53,NESTLEIND,1473.5
2026-08-17 14:57:54,EICHERMOT,8073.0
2026-08-17 14:57:54,APOLLOHOSP,8884.0
2026-08-17 14:57:55,EICHERMOT,8072.5
2026-08-17 14:57:55,APOLLOHOSP,8883.0
2026-08-17 14:57:55,SBILIFE,1789.5
2026-08-17 14:57:56,SBILIFE,1789.3
2026-08-17 14:57:56,APOLLOHOSP,8884.0
2026-08-17 14:57:57,NESTLEIND,1473.8
2026-08-17 14:57:57,SBILIFE,1790.0
2026-08-17 14:57:57,NTPC,336.6
2026-08-17 14:57:57,GRASIM,3256.4
2026-08-17 14:57:57,SBILIFE,1789.6
2026-08-17 14:57:57,APOLLOHOSP,8883.0
2026-08-17 14:57:58,EICHERMOT,8073.0
2026-08-17 14:57:59,NESTLEIND,1473.5
2026-08-17 14:57:59,SBILIFE,1789.5
2026-08-17 14:57:59,EICHERMOT,8072.5
2026-08-17 14:58:01,NESTLEIND,1473.8
2026-08-17 14:58:01,GRASIM,3255.9
2026-08-17 14:58:01,APOLLOHOSP,8883.5
2026-08-17 14:58:01,NTPC,336.45
2026-08-17 14:58:02,GRASIM,3256.0
2026-08-17 14:58:03,NESTLEIND,1473.5
2026-08-17 14:58:03,EICHERMOT,8076.5
2026-08-17 14:58:03,NTPC,336.6
2026-08-17 14:58:04,EICHERMOT,8075.0
2026-08-17 14:58:05,EICHERMOT,8078.0
2026-08-17 14:58:06,GRASIM,3257.8
2026-08-17 14:58:06,APOLLOHOSP,8884.5
2026-08-17 14:58:06,NESTLEIND,1473.8
2026-08-17 14:58:06,SBILIFE,1790.0
2026-08-17 14:58:06,NTPC,336.5
2026-08-17 14:58:06,GRASIM,3258.0
2026-08-17 14:58:07,EICHERMOT,8076.5
2026-08-17 14:58:07,GRASIM,3257.9
2026-08-17 14:58:08,NTPC,336.55
2026-08-17 14:58:08,GRASIM,3256.0
2026-08-17 14:58:08,APOLLOHOSP,8883.5
2026-08-17 14:58:09,NTPC,336.6
2026-08-17 14:58:09,GRASIM,3257.7
2026-08-17 14:58:11,NTPC,336.65
2026-08-17 14:58:11,SBILIFE,1789.3
2026-08-17 14:58:11,NTPC,336.55
2026-08-17 14:58:11,GRASIM,3256.0
2026-08-17 14:58:12,GRASIM,3258.2
2026-08-17 14:58:12,SBILIFE,1789.8
2026-08-17 14:58:12,EICHERMOT,8075.0
2026-08-17 14:58:13,NESTLEIND,1473.1
2026-08-17 14:58:13,EICHERMOT,8073.5
2026-08-17 14:58:13,GRASIM,3256.4
2026-08-17 14:58:13,NESTLEIND,1473.5
2026-08-17 14:58:13,NTPC,336.65
2026-08-17 14:58:14,GRASIM,3257.9
2026-08-17 14:58:14,APOLLOHOSP,8883.0
2026-08-17 14:58:15,GRASIM,3257.8
2026-08-17 14:58:15,SBILIFE,1789.3
2026-08-17 14:58:15,APOLLOHOSP,8883.5
2026-08-17 14:58:16,GRASIM,3257.6
2026-08-17 14:58:16,SBILIFE,1789.8
2026-08-17 14:58:17,NESTLEIND,1473.8
2026-08-17 14:58:17,NTPC,336.55
2026-08-17 14:58:17,SBILIFE,1789.3
2026-08-17 14:58:17,EICHERMOT,8075.0
2026-08-17 14:58:19,NESTLEIND,1473.5
2026-08-17 14:58:19,EICHERMOT,8073.5
2026-08-17 14:58:19,NTPC,336.65
2026-08-17 14:58:19,SBILIFE,1789.7
2026-08-17 14:58:19,EICHERMOT,8073.0
2026-08-17 14:58:20,GRASIM,3256.2
2026-08-17 14:58:20,APOLLOHOSP,8884.0
2026-08-17 14:58:20,SBILIFE,1789.3
2026-08-17 14:58:21,GRASIM,3257.6
2026-08-17 14:58:21,NESTLEIND,1473.8
2026-08-17 14:58:21,SBILIFE,1789.8
2026-08-17 14:58:21,NTPC,336.6
2026-08-17 14:58:22,EICHERMOT,8072.5
2026-08-17 14:58:23,NESTLEIND,1473.5
2026-08-17 14:58:23,SBILIFE,1789.5
2026-08-17 14:58:23,EICHERMOT,8071.5
2026-08-17 14:58:23,APOLLOHOSP,8885.0
2026-08-17 14:58:24,EICHERMOT,8073.5
2026-08-17 14:58:25,NTPC,336.5
2026-08-17 14:58:25,SBILIFE,1790.1
2026-08-17 14:58:25,NTPC,336.6
2026-08-17 14:58:26,EICHERMOT,8071.5
2026-08-17 14:58:27,NESTLEIND,1473.8
2026-08-17 14:58:27,NTPC,336.55
2026-08-17 14:58:27,GRASIM,3256.2
2026-08-17 14:58:27,EICHERMOT,8073.5
2026-08-17 14:58:27,NTPC,336.5
2026-08-17 14:58:28,EICHERMOT,8071.5
2026-08-17 14:58:28,APOLLOHOSP,8884.0
2026-08-17 14:58:28,SBILIFE,1789.7
2026-08-17 14:58:28,EICHERMOT,8070.5
2026-08-17 14:58:29,GRASIM,3256.1
2026-08-17 14:58:29,NESTLEIND,1473.5
2026-08-17 14:58:29,NTPC,336.6
2026-08-17 14:58:30,GRASIM,3256.2
2026-08-17 14:58:30,NTPC,336.5
2026-08-17 14:58:31,NESTLEIND,1473.8
2026-08-17 14:58:31,SBILIFE,1790.0
2026-08-17 14:58:31,NTPC,336.65
2026-08-17 14:58:31,GRASIM,3255.9
2026-08-17 14:58:31,GRASIM,3255.8
2026-08-17 14:58:32,SBILIFE,1790.1
2026-08-17 14:58:33,NESTLEIND,1473.5
2026-08-17 14:58:33,NTPC,336.6
2026-08-17 14:58:33,APOLLOHOSP,8885.5
2026-08-17 14:58:34,EICHERMOT,8070.0
2026-08-17 14:58:34,NTPC,336.65
2026-08-17 14:58:34,SBILIFE,1789.8
2026-08-17 14:58:35,SBILIFE,1789.9
2026-08-17 14:58:35,SBILIFE,1789.7
2026-08-17 14:58:36,NESTLEIND,1473.9
2026-08-17 14:58:36,SBILIFE,1790.3
2026-08-17 14:58:37,GRASIM,3255.7
2026-08-17 14:58:37,EICHERMOT,8071.5
2026-08-17 14:58:37,NTPC,336.7
2026-08-17 14:58:38,EICHERMOT,8070.0
2026-08-17 14:58:39,NTPC,336.65
2026-08-17 14:58:39,NESTLEIND,1473.5
2026-08-17 14:58:39,NTPC,336.7
2026-08-17 14:58:40,APOLLOHOSP,8882.0
2026-08-17 14:58:41,SBILIFE,1789.7
2026-08-17 14:58:41,NTPC,336.6
2026-08-17 14:58:41,GRASIM,3255.4
2026-08-17 14:58:43,EICHERMOT,8069.5
2026-08-17 14:58:43,NTPC,336.7
2026-08-17 14:58:43,APOLLOHOSP,8884.0
2026-08-17 14:58:44,EICHERMOT,8070.0
2026-08-17 14:58:45,EICHERMOT,8069.5
2026-08-17 14:58:45,APOLLOHOSP,8885.5
2026-08-17 14:58:46,EICHERMOT,8070.0
2026-08-17 14:58:47,NTPC,336.6
2026-08-17 14:58:47,GRASIM,3258.0
2026-08-17 14:58:47,SBILIFE,1790.2
2026-08-17 14:58:47,NTPC,336.7
2026-08-17 14:58:47,GRASIM,3255.8
2026-08-17 14:58:48,GRASIM,3257.7
2026-08-17 14:58:48,NTPC,336.65
2026-08-17 14:58:50,GRASIM,3256.1
2026-08-17 14:58:50,NTPC,336.7
2026-08-17 14:58:51,GRASIM,3257.6
2026-08-17 14:58:52,NTPC,336.65
2026-08-17 14:58:52,NESTLEIND,1473.9
2026-08-17 14:58:52,GRASIM,3255.9
2026-08-17 14:58:53,EICHERMOT,8069.5
2026-08-17 14:58:53,NTPC,336.6
2026-08-17 14:58:53,GRASIM,3257.6
2026-08-17 14:58:53,SBILIFE,1790.0
2026-08-17 14:58:53,NTPC,336.7
2026-08-17 14:58:54,NTPC,336.65
2026-08-17 14:58:55,NESTLEIND,1473.5
2026-08-17 14:58:55,NTPC,336.6
2026-08-17 14:58:55,GRASIM,3257.5
2026-08-17 14:58:55,APOLLOHOSP,8884.0
2026-08-17 14:58:55,SBILIFE,1789.7
2026-08-17 14:58:55,NTPC,336.7
2026-08-17 14:58:57,NESTLEIND,1473.9
2026-08-17 14:58:57,EICHERMOT,8070.0
2026-08-17 14:58:57,GRASIM,3256.0
2026-08-17 14:58:57,APOLLOHOSP,8881.5
2026-08-17 14:58:57,NTPC,336.65
2026-08-17 14:58:59,APOLLOHOSP,8880.5
2026-08-17 14:58:59,NESTLEIND,1473.5
2026-08-17 14:59:00,APOLLOHOSP,8878.5
2026-08-17 14:59:01,SBILIFE,1790.6
2026-08-17 14:59:01,NTPC,336.7
2026-08-17 14:59:01,APOLLOHOSP,8881.5
2026-08-17 14:59:01,NESTLEIND,1473.9
2026-08-17 14:59:01,NTPC,336.65
2026-08-17 14:59:02,GRASIM,3255.5
2026-08-17 14:59:02,NESTLEIND,1473.5
2026-08-17 14:59:03,NTPC,336.6
2026-08-17 14:59:03,GRASIM,3255.9
2026-08-17 14:59:03,NTPC,336.65
2026-08-17 14:59:03,SBILIFE,1790.0
2026-08-17 14:59:03,APOLLOHOSP,8881.0
2026-08-17 14:59:04,APOLLOHOSP,8882.0
2026-08-17 14:59:05,APOLLOHOSP,8881.5
2026-08-17 14:59:05,GRASIM,3257.5
2026-08-17 14:59:05,SBILIFE,1789.7
2026-08-17 14:59:06,SBILIFE,1790.2
2026-08-17 14:59:06,NTPC,336.6
2026-08-17 14:59:07,APOLLOHOSP,8881.0
2026-08-17 14:59:08,SBILIFE,1789.7
2026-08-17 14:59:08,NTPC,336.65
2026-08-17 14:59:08,GRASIM,3256.1
2026-08-17 14:59:09,NTPC,336.6
2026-08-17 14:59:09,GRASIM,3257.5
2026-08-17 14:59:09,APOLLOHOSP,8879.0
2026-08-17 14:59:09,NTPC,336.65
2026-08-17 14:59:09,APOLLOHOSP,8875.5
2026-08-17 14:59:09,SBILIFE,1789.9
2026-08-17 14:59:10,NTPC,336.6
2026-08-17 14:59:11,EICHERMOT,8069.5
2026-08-17 14:59:11,GRASIM,3257.4
2026-08-17 14:59:11,APOLLOHOSP,8878.5
2026-08-17 14:59:11,NTPC,336.65
2026-08-17 14:59:12,NTPC,336.6
2026-08-17 14:59:12,GRASIM,3256.0
2026-08-17 14:59:13,EICHERMOT,8068.0
2026-08-17 14:59:13,APOLLOHOSP,8877.5
2026-08-17 14:59:13,SBILIFE,1790.0
2026-08-17 14:59:14,APOLLOHOSP,8876.5
2026-08-17 14:59:15,APOLLOHOSP,8877.5
2026-08-17 14:59:15,NESTLEIND,1473.9
2026-08-17 14:59:15,SBILIFE,1789.9
2026-08-17 14:59:15,NTPC,336.65
2026-08-17 14:59:16,APOLLOHOSP,8878.5
2026-08-17 14:59:16,NTPC,336.6
2026-08-17 14:59:16,GRASIM,3255.9
2026-08-17 14:59:17,NTPC,336.65
2026-08-17 14:59:17,APOLLOHOSP,8878.0
2026-08-17 14:59:18,EICHERMOT,8069.5
2026-08-17 14:59:19,NESTLEIND,1473.5
2026-08-17 14:59:21,EICHERMOT,8068.0
2026-08-17 14:59:22,SBILIFE,1790.0
2026-08-17 14:59:22,NTPC,336.6
2026-08-17 14:59:22,GRASIM,3255.7
2026-08-17 14:59:22,APOLLOHOSP,8879.0
2026-08-17 14:59:23,NTPC,336.65
2026-08-17 14:59:23,APOLLOHOSP,8877.5
2026-08-17 14:59:23,EICHERMOT,8069.5
2026-08-17 14:59:24,APOLLOHOSP,8878.0
2026-08-17 14:59:25,NESTLEIND,1473.9
2026-08-17 14:59:25,GRASIM,3255.6
2026-08-17 14:59:25,SBILIFE,1789.9
2026-08-17 14:59:25,NTPC,336.6
2026-08-17 14:59:25,GRASIM,3256.0
2026-08-17 14:59:26,APOLLOHOSP,8879.0
2026-08-17 14:59:26,EICHERMOT,8068.0
2026-08-17 14:59:27,EICHERMOT,8069.5
2026-08-17 14:59:27,APOLLOHOSP,8877.5
2026-08-17 14:59:27,NESTLEIND,1473.5
2026-08-17 14:59:27,SBILIFE,1790.0
2026-08-17 14:59:27,NTPC,336.65
2026-08-17 14:59:28,NTPC,336.7
2026-08-17 14:59:28,APOLLOHOSP,8876.0
2026-08-17 14:59:28,GRASIM,3255.7
2026-08-17 14:59:29,GRASIM,3256.0
2026-08-17 14:59:29,APOLLOHOSP,8877.5
2026-08-17 14:59:30,SBILIFE,1790.4
2026-08-17 14:59:30,NTPC,336.6
2026-08-17 14:59:30,SBILIFE,1790.0
2026-08-17 14:59:30,APOLLOHOSP,8877.0
2026-08-17 14:59:31,EICHERMOT,8068.0
2026-08-17 14:59:31,NTPC,336.7
2026-08-17 14:59:32,GRASIM,3255.9
2026-08-17 14:59:32,SBILIFE,1790.4
2026-08-17 14:59:33,NESTLEIND,1473.9
2026-08-17 14:59:34,SBILIFE,1790.3
2026-08-17 14:59:35,NESTLEIND,1473.6
2026-08-17 14:59:35,APOLLOHOSP,8877.5
2026-08-17 14:59:35,GRASIM,3255.5
2026-08-17 14:59:36,APOLLOHOSP,8879.0
2026-08-17 14:59:36,NESTLEIND,1473.9
2026-08-17 14:59:37,GRASIM,3257.4
2026-08-17 14:59:37,APOLLOHOSP,8877.5
2026-08-17 14:59:37,APOLLOHOSP,8879.0
2026-08-17 14:59:38,SBILIFE,1790.4
2026-08-17 14:59:38,EICHERMOT,8069.5
2026-08-17 14:59:38,SBILIFE,1790.3
2026-08-17 14:59:39,SBILIFE,1790.4
2026-08-17 14:59:39,GRASIM,3257.5
2026-08-17 14:59:39,APOLLOHOSP,8875.0
2026-08-17 14:59:39,NESTLEIND,1473.8
2026-08-17 14:59:39,NTPC,336.65
2026-08-17 14:59:40,GRASIM,3257.3
2026-08-17 14:59:40,SBILIFE,1790.3
2026-08-17 14:59:41,GRASIM,3257.2
2026-08-17 14:59:41,NESTLEIND,1473.9
2026-08-17 14:59:41,SBILIFE,1790.4
2026-08-17 14:59:41,NTPC,336.6
2026-08-17 14:59:42,GRASIM,3255.9
2026-08-17 14:59:42,NTPC,336.7
2026-08-17 14:59:43,NESTLEIND,1473.6
2026-08-17 14:59:43,EICHERMOT,8068.0
2026-08-17 14:59:43,NTPC,336.6
2026-08-17 14:59:43,SBILIFE,1790.2
2026-08-17 14:59:43,NTPC,336.65
2026-08-17 14:59:45,NESTLEIND,1473.7
2026-08-17 14:59:45,SBILIFE,1789.9
2026-08-17 14:59:46,EICHERMOT,8069.5
2026-08-17 14:59:46,APOLLOHOSP,8877.5
2026-08-17 14:59:46,NESTLEIND,1473.6
2026-08-17 14:59:46,GRASIM,3255.2
2026-08-17 14:59:47,NTPC,336.6
2026-08-17 14:59:47,NTPC,336.65
2026-08-17 14:59:48,GRASIM,3255.6
2026-08-17 14:59:48,NESTLEIND,1473.7
2026-08-17 14:59:49,EICHERMOT,8068.0
2026-08-17 14:59:49,GRASIM,3257.6
2026-08-17 14:59:49,SBILIFE,1790.1
2026-08-17 14:59:49,EICHERMOT,8069.5
2026-08-17 14:59:49,APOLLOHOSP,8878.0
2026-08-17 14:59:50,GRASIM,3255.6
2026-08-17 14:59:51,NESTLEIND,1473.8
2026-08-17 14:59:51,GRASIM,3257.3
2026-08-17 14:59:51,GRASIM,3257.2
2026-08-17 14:59:52,APOLLOHOSP,8879.0
2026-08-17 14:59:52,NTPC,336.7
2026-08-17 14:59:53,NESTLEIND,1473.6
2026-08-17 14:59:53,EICHERMOT,8068.0
2026-08-17 14:59:53,APOLLOHOSP,8878.0
2026-08-17 14:59:53,NESTLEIND,1473.9
2026-08-17 14:59:54,NESTLEIND,1473.6
2026-08-17 14:59:54,SBILIFE,1790.2
2026-08-17 14:59:54,GRASIM,3255.6
2026-08-17 14:59:55,EICHERMOT,8069.5
2026-08-17 14:59:55,NTPC,336.6
2026-08-17 14:59:55,GRASIM,3257.2
2026-08-17 14:59:55,NESTLEIND,1473.9
2026-08-17 14:59:55,SBILIFE,1790.1
2026-08-17 14:59:56,SBILIFE,1790.4
2026-08-17 14:59:56,NTPC,336.65
2026-08-17 14:59:56,APOLLOHOSP,8879.0
2026-08-17 14:59:57,GRASIM,3255.8
2026-08-17 14:59:57,NTPC,336.55
2026-08-17 14:59:57,APOLLOHOSP,8877.5
2026-08-17 14:59:58,SBILIFE,1790.1
2026-08-17 14:59:59,NESTLEIND,1473.7
2026-08-17 14:59:59,SBILIFE,1790.4
2026-08-17 15:00:00,NTPC,336.6
2026-08-17 15:00:01,NESTLEIND,1473.5
2026-08-17 15:00:01,APOLLOHOSP,8879.5
2026-08-17 15:00:01,NESTLEIND,1473.0
2026-08-17 15:00:01,SBILIFE,1790.1
2026-08-17 15:00:01,GRASIM,3255.1
2026-08-17 15:00:02,APOLLOHOSP,8880.0
2026-08-17 15:00:02,EICHERMOT,8071.0
2026-08-17 15:00:02,NTPC,336.55
2026-08-17 15:00:03,EICHERMOT,8069.0
2026-08-17 15:00:03,NTPC,336.6
2026-08-17 15:00:03,GRASIM,3255.8
2026-08-17 15:00:04,EICHERMOT,8072.0
2026-08-17 15:00:04,NTPC,336.55
2026-08-17 15:00:04,APOLLOHOSP,8874.0
2026-08-17 15:00:04,GRASIM,3255.0
2026-08-17 15:00:05,EICHERMOT,8070.5
2026-08-17 15:00:05,NTPC,336.6
2026-08-17 15:00:05,GRASIM,3255.8
2026-08-17 15:00:05,APOLLOHOSP,8879.5
2026-08-17 15:00:05,NESTLEIND,1473.5
2026-08-17 15:00:05,NTPC,336.55
2026-08-17 15:00:06,EICHERMOT,8073.0
2026-08-17 15:00:06,NTPC,336.6
2026-08-17 15:00:06,SBILIFE,1790.6
2026-08-17 15:00:06,APOLLOHOSP,8880.0
2026-08-17 15:00:07,NTPC,336.55
2026-08-17 15:00:07,EICHERMOT,8072.0
2026-08-17 15:00:07,SBILIFE,1790.1
2026-08-17 15:00:07,EICHERMOT,8073.0
2026-08-17 15:00:07,NTPC,336.6
2026-08-17 15:00:08,GRASIM,3255.5
2026-08-17 15:00:08,GRASIM,3255.8
2026-08-17 15:00:08,APOLLOHOSP,8878.0
2026-08-17 15:00:09,NESTLEIND,1473.1
2026-08-17 15:00:09,EICHERMOT,8072.5
2026-08-17 15:00:09,NTPC,336.55
2026-08-17 15:00:09,GRASIM,3255.0
2026-08-17 15:00:10,GRASIM,3255.1
2026-08-17 15:00:10,NESTLEIND,1473.4
2026-08-17 15:00:10,SBILIFE,1790.2
2026-08-17 15:00:10,NTPC,336.6
2026-08-17 15:00:10,GRASIM,3255.0
2026-08-17 15:00:11,SBILIFE,1790.1
2026-08-17 15:00:11,NTPC,336.55
2026-08-17 15:00:11,GRASIM,3252.9
2026-08-17 15:00:12,APOLLOHOSP,8874.5
2026-08-17 15:00:12,NESTLEIND,1473.1
2026-08-17 15:00:12,EICHERMOT,8072.0
2026-08-17 15:00:12,GRASIM,3253.1
2026-08-17 15:00:12,APOLLOHOSP,8878.0
2026-08-17 15:00:13,GRASIM,3253.5
2026-08-17 15:00:13,NTPC,336.6
2026-08-17 15:00:14,NTPC,336.65
2026-08-17 15:00:14,NTPC,336.6
2026-08-17 15:00:14,GRASIM,3253.2
2026-08-17 15:00:15,EICHERMOT,8072.5
2026-08-17 15:00:15,GRASIM,3252.8
2026-08-17 15:00:15,SBILIFE,1790.2
2026-08-17 15:00:15,NTPC,336.65
2026-08-17 15:00:15,APOLLOHOSP,8880.0
2026-08-17 15:00:16,EICHERMOT,8072.0
2026-08-17 15:00:16,GRASIM,3252.6
2026-08-17 15:00:16,GRASIM,3251.5
2026-08-17 15:00:17,NESTLEIND,1473.4
2026-08-17 15:00:17,EICHERMOT,8072.5
2026-08-17 15:00:18,SBILIFE,1790.1
2026-08-17 15:00:18,EICHERMOT,8072.0
2026-08-17 15:00:19,NESTLEIND,1473.0
2026-08-17 15:00:19,GRASIM,3251.4
2026-08-17 15:00:20,EICHERMOT,8071.5
2026-08-17 15:00:20,APOLLOHOSP,8877.0
2026-08-17 15:00:20,GRASIM,3251.5
2026-08-17 15:00:21,EICHERMOT,8072.0
2026-08-17 15:00:21,NTPC,336.6
2026-08-17 15:00:21,SBILIFE,1790.2
2026-08-17 15:00:21,GRASIM,3251.3
2026-08-17 15:00:22,APOLLOHOSP,8874.5
2026-08-17 15:00:22,NESTLEIND,1472.6
2026-08-17 15:00:22,SBILIFE,1790.1
2026-08-17 15:00:22,NTPC,336.55
2026-08-17 15:00:23,SBILIFE,1790.2
2026-08-17 15:00:23,EICHERMOT,8070.5
2026-08-17 15:00:23,GRASIM,3251.2
2026-08-17 15:00:23,NTPC,336.6
2026-08-17 15:00:23,NTPC,336.65
2026-08-17 15:00:24,NESTLEIND,1473.1
2026-08-17 15:00:24,EICHERMOT,8072.0
2026-08-17 15:00:24,NESTLEIND,1472.6
2026-08-17 15:00:24,GRASIM,3251.1
2026-08-17 15:00:25,EICHERMOT,8070.0
2026-08-17 15:00:25,NESTLEIND,1473.0
2026-08-17 15:00:25,SBILIFE,1789.7
2026-08-17 15:00:26,GRASIM,3251.2
2026-08-17 15:00:27,EICHERMOT,8071.0
2026-08-17 15:00:27,NTPC,336.6
2026-08-17 15:00:27,GRASIM,3251.0
2026-08-17 15:00:27,APOLLOHOSP,8877.5
2026-08-17 15:00:27,NESTLEIND,1473.1
2026-08-17 15:00:28,GRASIM,3250.9
2026-08-17 15:00:28,APOLLOHOSP,8875.0
2026-08-17 15:00:28,EICHERMOT,8067.0
2026-08-17 15:00:28,NTPC,336.65
2026-08-17 15:00:29,NTPC,336.7
2026-08-17 15:00:29,GRASIM,3250.5
2026-08-17 15:00:29,GRASIM,3250.9
2026-08-17 15:00:30,APOLLOHOSP,8877.5
2026-08-17 15:00:30,NESTLEIND,1473.0
2026-08-17 15:00:30,GRASIM,3250.5
2026-08-17 15:00:31,NTPC,336.65
2026-08-17 15:00:31,APOLLOHOSP,8875.0
2026-08-17 15:00:31,GRASIM,3251.0
2026-08-17 15:00:32,EICHERMOT,8070.0
2026-08-17 15:00:32,EICHERMOT,8069.5
2026-08-17 15:00:32,GRASIM,3253.8
2026-08-17 15:00:32,APOLLOHOSP,8877.5
2026-08-17 15:00:33,GRASIM,3251.6
2026-08-17 15:00:33,NESTLEIND,1472.6
2026-08-17 15:00:33,APOLLOHOSP,8875.0
2026-08-17 15:00:34,GRASIM,3253.8
2026-08-17 15:00:34,NTPC,336.7
2026-08-17 15:00:34,GRASIM,3251.8
2026-08-17 15:00:34,APOLLOHOSP,8877.5
2026-08-17 15:00:36,GRASIM,3253.1
2026-08-17 15:00:36,SBILIFE,1790.2
2026-08-17 15:00:37,NESTLEIND,1473.1
2026-08-17 15:00:37,EICHERMOT,8070.0
2026-08-17 15:00:37,GRASIM,3252.1
2026-08-17 15:00:39,NESTLEIND,1472.7
2026-08-17 15:00:39,GRASIM,3253.0
2026-08-17 15:00:39,GRASIM,3252.9
2026-08-17 15:00:40,EICHERMOT,8073.0
2026-08-17 15:00:40,GRASIM,3251.6
2026-08-17 15:00:40,APOLLOHOSP,8875.5
2026-08-17 15:00:40,GRASIM,3253.1
2026-08-17 15:00:41,SBILIFE,1790.4
2026-08-17 15:00:41,GRASIM,3251.4
2026-08-17 15:00:41,NTPC,336.65
2026-08-17 15:00:42,EICHERMOT,8070.0
2026-08-17 15:00:42,GRASIM,3250.5
2026-08-17 15:00:42,EICHERMOT,8070.5
2026-08-17 15:00:42,GRASIM,3251.4
2026-08-17 15:00:42,APOLLOHOSP,8876.0
2026-08-17 15:00:43,GRASIM,3251.5
2026-08-17 15:00:43,SBILIFE,1790.0
2026-08-17 15:00:43,NTPC,336.75
2026-08-17 15:00:44,EICHERMOT,8070.0
2026-08-17 15:00:44,GRASIM,3253.3
2026-08-17 15:00:44,EICHERMOT,8072.5
2026-08-17 15:00:44,NTPC,336.7
2026-08-17 15:00:44,GRASIM,3254.0
2026-08-17 15:00:44,APOLLOHOSP,8877.5
2026-08-17 15:00:45,NESTLEIND,1473.0
2026-08-17 15:00:45,SBILIFE,1790.4
2026-08-17 15:00:45,EICHERMOT,8073.0
2026-08-17 15:00:46,NESTLEIND,1472.7
2026-08-17 15:00:46,EICHERMOT,8072.5
2026-08-17 15:00:46,GRASIM,3253.8
2026-08-17 15:00:46,EICHERMOT,8073.0
2026-08-17 15:00:46,NTPC,336.65
2026-08-17 15:00:46,GRASIM,3252.2
2026-08-17 15:00:47,NESTLEIND,1473.0
2026-08-17 15:00:47,EICHERMOT,8070.0
2026-08-17 15:00:47,NTPC,336.7
2026-08-17 15:00:47,GRASIM,3252.3
2026-08-17 15:00:48,GRASIM,3252.1
2026-08-17 15:00:48,GRASIM,3251.9
2026-08-17 15:00:50,GRASIM,3251.5
2026-08-17 15:00:50,EICHERMOT,8070.5
2026-08-17 15:00:50,EICHERMOT,8073.5
2026-08-17 15:00:50,GRASIM,3253.2
2026-08-17 15:00:51,GRASIM,3250.4
2026-08-17 15:00:51,NTPC,336.65
2026-08-17 15:00:52,GRASIM,3250.6
2026-08-17 15:00:52,NESTLEIND,1472.8
2026-08-17 15:00:52,EICHERMOT,8071.0
2026-08-17 15:00:52,GRASIM,3250.5
2026-08-17 15:00:52,APOLLOHOSP,8878.0
2026-08-17 15:00:53,APOLLOHOSP,8879.5
2026-08-17 15:00:53,SBILIFE,1790.1
2026-08-17 15:00:53,NTPC,336.7
2026-08-17 15:00:54,GRASIM,3250.3
2026-08-17 15:00:54,APOLLOHOSP,8878.0
2026-08-17 15:00:54,NTPC,336.65
2026-08-17 15:00:54,GRASIM,3250.1
2026-08-17 15:00:54,APOLLOHOSP,8875.0
2026-08-17 15:00:55,APOLLOHOSP,8874.5
2026-08-17 15:00:55,NESTLEIND,1472.7
2026-08-17 15:00:55,SBILIFE,1790.3
2026-08-17 15:00:55,NTPC,336.7
2026-08-17 15:00:56,GRASIM,3252.9
2026-08-17 15:00:56,APOLLOHOSP,8874.0
2026-08-17 15:00:56,NESTLEIND,1473.0
2026-08-17 15:00:56,EICHERMOT,8073.5
2026-08-17 15:00:56,NTPC,336.65
2026-08-17 15:00:56,GRASIM,3253.0
2026-08-17 15:00:56,APOLLOHOSP,8877.0
2026-08-17 15:00:57,NESTLEIND,1472.4
2026-08-17 15:00:57,NTPC,336.7
2026-08-17 15:00:58,EICHERMOT,8071.0
2026-08-17 15:00:58,GRASIM,3252.3
2026-08-17 15:00:58,APOLLOHOSP,8875.5
2026-08-17 15:00:58,NESTLEIND,1473.0
2026-08-17 15:00:58,GRASIM,3252.2
2026-08-17 15:00:59,NTPC,336.65
2026-08-17 15:00:59,NESTLEIND,1472.4
2026-08-17 15:00:59,NTPC,336.7
2026-08-17 15:01:00,GRASIM,3252.8
2026-08-17 15:01:00,NESTLEIND,1472.9
2026-08-17 15:01:00,SBILIFE,1790.1
2026-08-17 15:01:00,EICHERMOT,8073.5
2026-08-17 15:01:00,NTPC,336.65
2026-08-17 15:01:00,GRASIM,3252.2
2026-08-17 15:01:01,GRASIM,3252.8
2026-08-17 15:01:01,SBILIFE,1790.5
2026-08-17 15:01:01,APOLLOHOSP,8877.0
2026-08-17 15:01:02,GRASIM,3251.8
2026-08-17 15:01:02,APOLLOHOSP,8877.5
2026-08-17 15:01:02,NESTLEIND,1472.4
2026-08-17 15:01:02,EICHERMOT,8071.0
2026-08-17 15:01:05,SBILIFE,1790.1
2026-08-17 15:01:05,NTPC,336.7
2026-08-17 15:01:06,NESTLEIND,1472.9
2026-08-17 15:01:06,SBILIFE,1790.5
2026-08-17 15:01:06,EICHERMOT,8073.0
2026-08-17 15:01:06,NTPC,336.65
2026-08-17 15:01:06,GRASIM,3251.4
2026-08-17 15:01:06,APOLLOHOSP,8877.0
2026-08-17 15:01:07,NTPC,336.7
2026-08-17 15:01:08,EICHERMOT,8071.0
2026-08-17 15:01:08,NTPC,336.65
2026-08-17 15:01:08,GRASIM,3252.9
2026-08-17 15:01:08,NESTLEIND,1473.0
2026-08-17 15:01:08,NTPC,336.6
2026-08-17 15:01:10,APOLLOHOSP,8875.5
2026-08-17 15:01:10,SBILIFE,1790.1
2026-08-17 15:01:10,EICHERMOT,8070.5
2026-08-17 15:01:10,NTPC,336.65
2026-08-17 15:01:11,APOLLOHOSP,8876.0
2026-08-17 15:01:11,NTPC,336.6
2026-08-17 15:01:12,GRASIM,3251.8
2026-08-17 15:01:12,SBILIFE,1790.5
2026-08-17 15:01:12,NESTLEIND,1472.4
2026-08-17 15:01:12,APOLLOHOSP,8875.5
2026-08-17 15:01:13,EICHERMOT,8072.0
2026-08-17 15:01:13,NTPC,336.65
2026-08-17 15:01:14,APOLLOHOSP,8876.0
2026-08-17 15:01:14,NESTLEIND,1472.0
2026-08-17 15:01:14,EICHERMOT,8070.5
2026-08-17 15:01:15,SBILIFE,1790.1
2026-08-17 15:01:15,NESTLEIND,1472.9
2026-08-17 15:01:16,EICHERMOT,8072.0
2026-08-17 15:01:16,SBILIFE,1790.3
2026-08-17 15:01:16,GRASIM,3251.7
2026-08-17 15:01:16,APOLLOHOSP,8875.5
2026-08-17 15:01:17,NESTLEIND,1472.3
2026-08-17 15:01:17,NTPC,336.6
2026-08-17 15:01:17,APOLLOHOSP,8876.0
2026-08-17 15:01:18,EICHERMOT,8073.0
2026-08-17 15:01:18,GRASIM,3252.9
2026-08-17 15:01:18,NESTLEIND,1472.7
2026-08-17 15:01:18,NTPC,336.65
2026-08-17 15:01:18,APOLLOHOSP,8876.5
2026-08-17 15:01:19,APOLLOHOSP,8876.0
2026-08-17 15:01:20,NESTLEIND,1472.3
2026-08-17 15:01:20,NTPC,336.6
2026-08-17 15:01:20,NESTLEIND,1472.7
2026-08-17 15:01:20,SBILIFE,1790.4
2026-08-17 15:01:20,EICHERMOT,8070.5
2026-08-17 15:01:20,NTPC,336.65
2026-08-17 15:01:21,NTPC,336.6
2026-08-17 15:01:22,NESTLEIND,1472.2
2026-08-17 15:01:22,GRASIM,3253.6
2026-08-17 15:01:22,APOLLOHOSP,8877.0
2026-08-17 15:01:23,NESTLEIND,1472.7
2026-08-17 15:01:23,SBILIFE,1790.3
2026-08-17 15:01:23,NTPC,336.65
2026-08-17 15:01:23,GRASIM,3253.5
2026-08-17 15:01:24,EICHERMOT,8073.0
2026-08-17 15:01:24,NTPC,336.6
2026-08-17 15:01:25,SBILIFE,1790.4
2026-08-17 15:01:25,SBILIFE,1790.3
2026-08-17 15:01:25,NTPC,336.65
2026-08-17 15:01:25,APOLLOHOSP,8871.0
2026-08-17 15:01:26,APOLLOHOSP,8870.5
2026-08-17 15:01:26,EICHERMOT,8070.5
2026-08-17 15:01:26,NTPC,336.6
2026-08-17 15:01:26,GRASIM,3251.9
2026-08-17 15:01:26,APOLLOHOSP,8871.5
2026-08-17 15:01:27,NTPC,336.65
2026-08-17 15:01:28,EICHERMOT,8072.5
2026-08-17 15:01:28,GRASIM,3251.5
2026-08-17 15:01:28,APOLLOHOSP,8871.0
2026-08-17 15:01:28,SBILIFE,1790.1
2026-08-17 15:01:28,GRASIM,3251.9
2026-08-17 15:01:29,APOLLOHOSP,8870.5
2026-08-17 15:01:29,NESTLEIND,1472.2
2026-08-17 15:01:30,NESTLEIND,1473.3
2026-08-17 15:01:30,EICHERMOT,8070.5
2026-08-17 15:01:30,NTPC,336.6
2026-08-17 15:01:30,GRASIM,3251.5
2026-08-17 15:01:30,APOLLOHOSP,8873.0
2026-08-17 15:01:31,APOLLOHOSP,8873.5
2026-08-17 15:01:31,GRASIM,3254.4
2026-08-17 15:01:32,SBILIFE,1790.4
2026-08-17 15:01:32,NESTLEIND,1473.0
2026-08-17 15:01:32,GRASIM,3254.7
2026-08-17 15:01:32,APOLLOHOSP,8873.0
2026-08-17 15:01:33,NTPC,336.65
2026-08-17 15:01:34,GRASIM,3254.5
2026-08-17 15:01:34,NESTLEIND,1472.6
2026-08-17 15:01:34,NTPC,336.6
2026-08-17 15:01:35,NESTLEIND,1473.3
2026-08-17 15:01:35,SBILIFE,1790.1
2026-08-17 15:01:35,NTPC,336.65
2026-08-17 15:01:36,GRASIM,3253.9
2026-08-17 15:01:36,NESTLEIND,1472.7
2026-08-17 15:01:36,SBILIFE,1790.4
2026-08-17 15:01:36,EICHERMOT,8072.5
2026-08-17 15:01:36,APOLLOHOSP,8875.0
2026-08-17 15:01:37,NTPC,336.6
2026-08-17 15:01:37,APOLLOHOSP,8873.5
2026-08-17 15:01:38,NTPC,336.65
2026-08-17 15:01:38,GRASIM,3254.5
2026-08-17 15:01:38,APOLLOHOSP,8871.5
2026-08-17 15:01:38,GRASIM,3254.3
2026-08-17 15:01:38,APOLLOHOSP,8873.0
2026-08-17 15:01:39,SBILIFE,1790.2
2026-08-17 15:01:40,APOLLOHOSP,8871.5
2026-08-17 15:01:40,NESTLEIND,1473.0
2026-08-17 15:01:40,EICHERMOT,8071.0
2026-08-17 15:01:40,GRASIM,3254.6
2026-08-17 15:01:40,NTPC,336.7
2026-08-17 15:01:41,APOLLOHOSP,8874.5
2026-08-17 15:01:41,SBILIFE,1790.7
2026-08-17 15:01:41,EICHERMOT,8072.5
2026-08-17 15:01:41,NTPC,336.6
2026-08-17 15:01:41,GRASIM,3253.3
2026-08-17 15:01:42,EICHERMOT,8071.0
2026-08-17 15:01:42,GRASIM,3252.2
2026-08-17 15:01:42,APOLLOHOSP,8872.0
2026-08-17 15:01:42,NESTLEIND,1472.5
2026-08-17 15:01:43,SBILIFE,1790.1
2026-08-17 15:01:43,NTPC,336.7
2026-08-17 15:01:43,GRASIM,3253.3
2026-08-17 15:01:43,APOLLOHOSP,8871.5
2026-08-17 15:01:44,APOLLOHOSP,8871.0
2026-08-17 15:01:45,NTPC,336.65
2026-08-17 15:01:45,APOLLOHOSP,8873.5
2026-08-17 15:01:46,EICHERMOT,8072.5
2026-08-17 15:01:46,APOLLOHOSP,8874.5
2026-08-17 15:01:46,NESTLEIND,1472.7
2026-08-17 15:01:46,NTPC,336.7
2026-08-17 15:01:46,GRASIM,3252.4
2026-08-17 15:01:47,EICHERMOT,8070.5
2026-08-17 15:01:48,NESTLEIND,1472.5
2026-08-17 15:01:48,GRASIM,3252.7
2026-08-17 15:01:48,NTPC,336.6
2026-08-17 15:01:48,GRASIM,3254.1
2026-08-17 15:01:49,NTPC,336.7
2026-08-17 15:01:50,NTPC,336.75
2026-08-17 15:01:50,APOLLOHOSP,8873.5
2026-08-17 15:01:51,NTPC,336.7
2026-08-17 15:01:51,SBILIFE,1790.6
2026-08-17 15:01:51,NTPC,336.6
2026-08-17 15:01:52,SBILIFE,1790.7
2026-08-17 15:01:52,EICHERMOT,8069.0
2026-08-17 15:01:52,GRASIM,3253.3
2026-08-17 15:01:53,NTPC,336.7
2026-08-17 15:01:53,GRASIM,3253.7
2026-08-17 15:01:54,NTPC,336.6
2026-08-17 15:01:54,GRASIM,3253.3
2026-08-17 15:01:54,APOLLOHOSP,8871.5
2026-08-17 15:01:55,SBILIFE,1790.5
2026-08-17 15:01:55,GRASIM,3253.1
2026-08-17 15:01:55,NESTLEIND,1472.9
2026-08-17 15:01:55,SBILIFE,1790.1
2026-08-17 15:01:55,NTPC,336.7
2026-08-17 15:01:55,APOLLOHOSP,8874.0
2026-08-17 15:01:56,EICHERMOT,8072.0
2026-08-17 15:01:56,APOLLOHOSP,8872.0
2026-08-17 15:01:58,APOLLOHOSP,8871.5
2026-08-17 15:01:59,NESTLEIND,1472.5
2026-08-17 15:02:00,EICHERMOT,8069.5
2026-08-17 15:02:00,GRASIM,3253.0
2026-08-17 15:02:00,APOLLOHOSP,8872.0
2026-08-17 15:02:00,NTPC,336.65
2026-08-17 15:02:01,NESTLEIND,1472.9
2026-08-17 15:02:01,GRASIM,3252.2
2026-08-17 15:02:02,APOLLOHOSP,8873.0
2026-08-17 15:02:02,NESTLEIND,1472.5
2026-08-17 15:02:02,EICHERMOT,8070.0
2026-08-17 15:02:02,APOLLOHOSP,8872.5
2026-08-17 15:02:03,APOLLOHOSP,8871.5
2026-08-17 15:02:04,APOLLOHOSP,8872.5
2026-08-17 15:02:05,NTPC,336.7
2026-08-17 15:02:06,NESTLEIND,1472.9
2026-08-17 15:02:06,SBILIFE,1790.6
2026-08-17 15:02:06,EICHERMOT,8072.5
2026-08-17 15:02:06,NTPC,336.65
2026-08-17 15:02:06,GRASIM,3254.4
2026-08-17 15:02:06,APOLLOHOSP,8873.5
2026-08-17 15:02:07,APOLLOHOSP,8874.5
2026-08-17 15:02:07,EICHERMOT,8074.5
2026-08-17 15:02:07,NTPC,336.7
2026-08-17 15:02:07,GRASIM,3254.3
2026-08-17 15:02:08,GRASIM,3252.6
2026-08-17 15:02:08,EICHERMOT,8073.0
2026-08-17 15:02:08,GRASIM,3254.2
2026-08-17 15:02:10,APOLLOHOSP,8875.0
2026-08-17 15:02:10,SBILIFE,1790.9
2026-08-17 15:02:11,SBILIFE,1790.4
2026-08-17 15:02:11,GRASIM,3252.9
2026-08-17 15:02:12,SBILIFE,1790.1
2026-08-17 15:02:12,EICHERMOT,8073.5
2026-08-17 15:02:12,NESTLEIND,1472.8
2026-08-17 15:02:12,NTPC,336.65
2026-08-17 15:02:12,APOLLOHOSP,8874.0
2026-08-17 15:02:13,NTPC,336.7
2026-08-17 15:02:14,APOLLOHOSP,8875.5
2026-08-17 15:02:15,APOLLOHOSP,8876.5
2026-08-17 15:02:15,EICHERMOT,8074.5
2026-08-17 15:02:15,NTPC,336.65
2026-08-17 15:02:16,NESTLEIND,1472.9
2026-08-17 15:02:16,EICHERMOT,8073.0
2026-08-17 15:02:16,NESTLEIND,1472.8
2026-08-17 15:02:16,GRASIM,3252.4
2026-08-17 15:02:17,NESTLEIND,1472.9
2026-08-17 15:02:17,SBILIFE,1790.3
2026-08-17 15:02:17,EICHERMOT,8074.5
2026-08-17 15:02:17,GRASIM,3254.1
2026-08-17 15:02:17,NTPC,336.7
2026-08-17 15:02:18,SBILIFE,1790.5
2026-08-17 15:02:18,NTPC,336.65
2026-08-17 15:02:18,GRASIM,3254.4
2026-08-17 15:02:19,SBILIFE,1790.2
2026-08-17 15:02:19,NTPC,336.7
2026-08-17 15:02:20,APOLLOHOSP,8876.0
2026-08-17 15:02:20,GRASIM,3254.0
2026-08-17 15:02:22,SBILIFE,1790.1
2026-08-17 15:02:22,EICHERMOT,8073.0
2026-08-17 15:02:22,NESTLEIND,1472.8
2026-08-17 15:02:22,APOLLOHOSP,8876.5
2026-08-17 15:02:23,EICHERMOT,8074.5
2026-08-17 15:02:23,NESTLEIND,1472.9
2026-08-17 15:02:23,APOLLOHOSP,8878.5
2026-08-17 15:02:24,SBILIFE,1790.2
2026-08-17 15:02:24,APOLLOHOSP,8877.0
2026-08-17 15:02:24,NESTLEIND,1472.8
2026-08-17 15:02:25,NESTLEIND,1472.9
2026-08-17 15:02:26,SBILIFE,1789.9
2026-08-17 15:02:26,NTPC,336.65
2026-08-17 15:02:26,GRASIM,3253.0
2026-08-17 15:02:27,SBILIFE,1790.4
2026-08-17 15:02:27,GRASIM,3253.1
2026-08-17 15:02:28,GRASIM,3252.4
2026-08-17 15:02:28,APOLLOHOSP,8876.0
2026-08-17 15:02:28,EICHERMOT,8072.0
2026-08-17 15:02:28,GRASIM,3253.1
2026-08-17 15:02:28,APOLLOHOSP,8874.0
2026-08-17 15:02:29,NTPC,336.7
2026-08-17 15:02:29,NESTLEIND,1472.8
2026-08-17 15:02:29,NTPC,336.65
2026-08-17 15:02:30,EICHERMOT,8074.5
2026-08-17 15:02:30,EICHERMOT,8072.0
2026-08-17 15:02:30,GRASIM,3253.2
2026-08-17 15:02:31,APOLLOHOSP,8873.5
2026-08-17 15:02:32,GRASIM,3254.0
2026-08-17 15:02:32,EICHERMOT,8071.5
2026-08-17 15:02:33,NESTLEIND,1472.9
2026-08-17 15:02:33,APOLLOHOSP,8873.0
2026-08-17 15:02:34,GRASIM,3253.9
2026-08-17 15:02:34,NESTLEIND,1472.8
2026-08-17 15:02:34,NTPC,336.7
2026-08-17 15:02:34,GRASIM,3254.0
2026-08-17 15:02:34,APOLLOHOSP,8874.0
2026-08-17 15:02:35,NESTLEIND,1472.9
2026-08-17 15:02:35,APOLLOHOSP,8876.0
2026-08-17 15:02:36,SBILIFE,1790.0
2026-08-17 15:02:36,EICHERMOT,8074.5
2026-08-17 15:02:36,GRASIM,3253.9
2026-08-17 15:02:37,SBILIFE,1790.1
2026-08-17 15:02:37,GRASIM,3253.7
2026-08-17 15:02:38,GRASIM,3253.9
2026-08-17 15:02:39,APOLLOHOSP,8877.5
2026-08-17 15:02:40,GRASIM,3253.8
2026-08-17 15:02:41,EICHERMOT,8072.5
2026-08-17 15:02:41,NTPC,336.65
2026-08-17 15:02:42,GRASIM,3252.1
2026-08-17 15:02:42,NESTLEIND,1472.8
2026-08-17 15:02:42,APOLLOHOSP,8876.0
2026-08-17 15:02:44,NTPC,336.7
2026-08-17 15:02:45,SBILIFE,1790.0
2026-08-17 15:02:45,APOLLOHOSP,8878.5
2026-08-17 15:02:46,EICHERMOT,8074.5
2026-08-17 15:02:46,APOLLOHOSP,8876.0
2026-08-17 15:02:46,SBILIFE,1790.4
2026-08-17 15:02:46,NTPC,336.65
2026-08-17 15:02:46,GRASIM,3252.0
2026-08-17 15:02:47,NTPC,336.85
2026-08-17 15:02:47,NESTLEIND,1472.9
2026-08-17 15:02:48,GRASIM,3251.2
2026-08-17 15:02:48,EICHERMOT,8072.5
2026-08-17 15:02:48,NTPC,336.65
2026-08-17 15:02:48,GRASIM,3252.0
2026-08-17 15:02:49,NTPC,336.75
2026-08-17 15:02:49,APOLLOHOSP,8879.5
2026-08-17 15:02:50,EICHERMOT,8074.5
2026-08-17 15:02:50,SBILIFE,1790.0
2026-08-17 15:02:50,EICHERMOT,8074.0
2026-08-17 15:02:51,APOLLOHOSP,8877.0
2026-08-17 15:02:51,SBILIFE,1790.4
2026-08-17 15:02:52,GRASIM,3253.8
2026-08-17 15:02:52,NESTLEIND,1472.8
2026-08-17 15:02:52,EICHERMOT,8073.0
2026-08-17 15:02:52,GRASIM,3251.7
2026-08-17 15:02:53,NTPC,336.65
2026-08-17 15:02:53,GRASIM,3253.2
2026-08-17 15:02:54,NTPC,336.75
2026-08-17 15:02:54,GRASIM,3253.5
2026-08-17 15:02:54,APOLLOHOSP,8873.5
2026-08-17 15:02:55,SBILIFE,1790.0
2026-08-17 15:02:55,NESTLEIND,1472.9
2026-08-17 15:02:55,APOLLOHOSP,8874.5
2026-08-17 15:02:55,GRASIM,3253.3
2026-08-17 15:02:56,GRASIM,3251.3
2026-08-17 15:02:57,GRASIM,3251.9
2026-08-17 15:02:57,NTPC,336.65
2026-08-17 15:02:57,NESTLEIND,1472.8
2026-08-17 15:02:58,EICHERMOT,8074.0
2026-08-17 15:02:58,NTPC,336.75
2026-08-17 15:03:00,GRASIM,3251.4
2026-08-17 15:03:01,NESTLEIND,1472.9
2026-08-17 15:03:01,SBILIFE,1790.2
2026-08-17 15:03:01,EICHERMOT,8073.0
2026-08-17 15:03:01,NTPC,336.7
2026-08-17 15:03:01,GRASIM,3251.6
2026-08-17 15:03:02,NESTLEIND,1472.8
2026-08-17 15:03:02,SBILIFE,1790.4
2026-08-17 15:03:02,GRASIM,3253.9
2026-08-17 15:03:03,GRASIM,3253.7
2026-08-17 15:03:04,NTPC,336.75
2026-08-17 15:03:04,GRASIM,3253.4
2026-08-17 15:03:04,APOLLOHOSP,8875.5
2026-08-17 15:03:05,SBILIFE,1790.0
2026-08-17 15:03:05,GRASIM,3253.0
2026-08-17 15:03:05,NESTLEIND,1472.9
2026-08-17 15:03:06,SBILIFE,1790.5
2026-08-17 15:03:06,EICHERMOT,8074.0
2026-08-17 15:03:06,APOLLOHOSP,8877.5
2026-08-17 15:03:07,SBILIFE,1790.1
2026-08-17 15:03:07,GRASIM,3252.9
2026-08-17 15:03:07,SBILIFE,1790.5
2026-08-17 15:03:07,APOLLOHOSP,8875.5
2026-08-17 15:03:08,EICHERMOT,8074.5
2026-08-17 15:03:08,GRASIM,3251.8
2026-08-17 15:03:08,GRASIM,3252.9
2026-08-17 15:03:11,NESTLEIND,1472.8
2026-08-17 15:03:11,NTPC,336.7
2026-08-17 15:03:11,GRASIM,3251.8
2026-08-17 15:03:12,EICHERMOT,8070.5
2026-08-17 15:03:12,NTPC,336.65
2026-08-17 15:03:12,APOLLOHOSP,8874.0
2026-08-17 15:03:13,NTPC,336.7
2026-08-17 15:03:13,GRASIM,3253.9
2026-08-17 15:03:13,APOLLOHOSP,8875.5
2026-08-17 15:03:14,GRASIM,3254.1
2026-08-17 15:03:15,SBILIFE,1790.1
2026-08-17 15:03:15,APOLLOHOSP,8878.0
2026-08-17 15:03:15,NESTLEIND,1472.9
2026-08-17 15:03:16,EICHERMOT,8072.5
2026-08-17 15:03:16,NTPC,336.65
2026-08-17 15:03:16,EICHERMOT,8073.5
2026-08-17 15:03:16,NTPC,336.7
2026-08-17 15:03:16,GRASIM,3252.7
2026-08-17 15:03:17,APOLLOHOSP,8876.0
2026-08-17 15:03:18,GRASIM,3253.8
2026-08-17 15:03:18,EICHERMOT,8070.5
2026-08-17 15:03:18,GRASIM,3254.3
2026-08-17 15:03:19,SBILIFE,1790.7
2026-08-17 15:03:19,NTPC,336.75
2026-08-17 15:03:20,GRASIM,3253.9
2026-08-17 15:03:20,GRASIM,3252.5
2026-08-17 15:03:21,SBILIFE,1790.5
2026-08-17 15:03:21,GRASIM,3253.7
2026-08-17 15:03:22,NESTLEIND,1472.8
2026-08-17 15:03:22,EICHERMOT,8070.0
2026-08-17 15:03:22,APOLLOHOSP,8871.5
2026-08-17 15:03:23,SBILIFE,1790.1
2026-08-17 15:03:23,APOLLOHOSP,8871.0
2026-08-17 15:03:24,NESTLEIND,1472.9
2026-08-17 15:03:24,SBILIFE,1790.5
2026-08-17 15:03:24,APOLLOHOSP,8871.5
2026-08-17 15:03:25,SBILIFE,1790.3
2026-08-17 15:03:25,APOLLOHOSP,8871.0
2026-08-17 15:03:26,EICHERMOT,8072.0
2026-08-17 15:03:26,GRASIM,3252.6
2026-08-17 15:03:26,APOLLOHOSP,8871.5
2026-08-17 15:03:27,NESTLEIND,1472.8
2026-08-17 15:03:27,EICHERMOT,8070.0
2026-08-17 15:03:27,NTPC,336.7
2026-08-17 15:03:27,APOLLOHOSP,8871.0
2026-08-17 15:03:28,NTPC,336.75
2026-08-17 15:03:29,APOLLOHOSP,8871.5
2026-08-17 15:03:30,EICHERMOT,8069.5
2026-08-17 15:03:30,APOLLOHOSP,8872.0
2026-08-17 15:03:30,EICHERMOT,8072.0
2026-08-17 15:03:31,NESTLEIND,1472.9
2026-08-17 15:03:31,EICHERMOT,8070.0
2026-08-17 15:03:31,SBILIFE,1790.7
2026-08-17 15:03:31,NTPC,336.7
2026-08-17 15:03:31,GRASIM,3252.4
2026-08-17 15:03:32,NESTLEIND,1472.8
2026-08-17 15:03:32,SBILIFE,1790.6
2026-08-17 15:03:32,EICHERMOT,8069.5
2026-08-17 15:03:32,NTPC,336.75
2026-08-17 15:03:32,GRASIM,3255.6
2026-08-17 15:03:32,APOLLOHOSP,8871.0
2026-08-17 15:03:33,NESTLEIND,1472.9
2026-08-17 15:03:33,APOLLOHOSP,8872.0
2026-08-17 15:03:34,GRASIM,3257.7
2026-08-17 15:03:34,NESTLEIND,1472.8
2026-08-17 15:03:34,SBILIFE,1790.3
2026-08-17 15:03:34,APOLLOHOSP,8871.0
2026-08-17 15:03:34,GRASIM,3257.3
2026-08-17 15:03:35,GRASIM,3256.0
2026-08-17 15:03:35,NESTLEIND,1472.9
2026-08-17 15:03:36,GRASIM,3257.1
2026-08-17 15:03:36,SBILIFE,1790.5
2026-08-17 15:03:36,EICHERMOT,8070.0
2026-08-17 15:03:36,GRASIM,3257.2
2026-08-17 15:03:36,APOLLOHOSP,8870.0
2026-08-17 15:03:37,SBILIFE,1790.3
2026-08-17 15:03:37,SBILIFE,1790.5
2026-08-17 15:03:38,GRASIM,3258.0
2026-08-17 15:03:38,NESTLEIND,1473.0
2026-08-17 15:03:38,EICHERMOT,8069.5
2026-08-17 15:03:38,GRASIM,3257.7
2026-08-17 15:03:39,GRASIM,3257.2
2026-08-17 15:03:40,GRASIM,3257.3
2026-08-17 15:03:41,NTPC,336.7
2026-08-17 15:03:41,GRASIM,3255.5
2026-08-17 15:03:42,NESTLEIND,1472.9
2026-08-17 15:03:42,NTPC,336.75
2026-08-17 15:03:43,NTPC,336.7
2026-08-17 15:03:43,NESTLEIND,1473.0
2026-08-17 15:03:43,NTPC,336.75
2026-08-17 15:03:44,EICHERMOT,8070.0
2026-08-17 15:03:44,NESTLEIND,1472.9
2026-08-17 15:03:44,EICHERMOT,8069.5
2026-08-17 15:03:45,SBILIFE,1790.0
2026-08-17 15:03:45,APOLLOHOSP,8871.0
2026-08-17 15:03:45,NESTLEIND,1473.3
2026-08-17 15:03:45,EICHERMOT,8070.0
2026-08-17 15:03:46,EICHERMOT,8069.5
2026-08-17 15:03:46,EICHERMOT,8072.5
2026-08-17 15:03:46,GRASIM,3255.2
2026-08-17 15:03:47,SBILIFE,1790.2
2026-08-17 15:03:48,GRASIM,3255.3
2026-08-17 15:03:48,EICHERMOT,8071.0
2026-08-17 15:03:48,GRASIM,3256.7
2026-08-17 15:03:49,EICHERMOT,8068.5
2026-08-17 15:03:49,SBILIFE,1790.5
2026-08-17 15:03:49,GRASIM,3256.8
2026-08-17 15:03:49,APOLLOHOSP,8872.5
2026-08-17 15:03:50,GRASIM,3257.2
2026-08-17 15:03:50,SBILIFE,1789.9
2026-08-17 15:03:50,GRASIM,3257.0
2026-08-17 15:03:51,NESTLEIND,1473.4
2026-08-17 15:03:51,SBILIFE,1790.7
2026-08-17 15:03:51,APOLLOHOSP,8873.0
2026-08-17 15:03:52,GRASIM,3257.1
2026-08-17 15:03:52,NESTLEIND,1473.3
2026-08-17 15:03:52,EICHERMOT,8069.5
2026-08-17 15:03:52,GRASIM,3257.3
2026-08-17 15:03:52,APOLLOHOSP,8872.5
2026-08-17 15:03:53,NESTLEIND,1473.4
2026-08-17 15:03:53,APOLLOHOSP,8870.0
2026-08-17 15:03:54,GRASIM,3255.9
2026-08-17 15:03:54,NESTLEIND,1473.3
2026-08-17 15:03:54,SBILIFE,1790.8
2026-08-17 15:03:54,GRASIM,3257.7
2026-08-17 15:03:55,NESTLEIND,1473.4
2026-08-17 15:03:55,SBILIFE,1790.3
2026-08-17 15:03:55,NTPC,336.7
2026-08-17 15:03:56,SBILIFE,1790.7
2026-08-17 15:03:56,EICHERMOT,8072.5
2026-08-17 15:03:56,NTPC,336.75
2026-08-17 15:03:56,GRASIM,3255.9
2026-08-17 15:03:56,APOLLOHOSP,8871.0
2026-08-17 15:03:57,SBILIFE,1790.1
2026-08-17 15:03:57,APOLLOHOSP,8870.0
2026-08-17 15:03:57,SBILIFE,1790.3
2026-08-17 15:03:58,EICHERMOT,8070.0
2026-08-17 15:03:58,NTPC,336.7
2026-08-17 15:03:59,NTPC,336.75
2026-08-17 15:03:59,APOLLOHOSP,8869.5
2026-08-17 15:04:00,GRASIM,3257.9
2026-08-17 15:04:00,NESTLEIND,1473.3
2026-08-17 15:04:00,APOLLOHOSP,8870.0
2026-08-17 15:04:01,SBILIFE,1790.2
2026-08-17 15:04:01,NTPC,336.7
2026-08-17 15:04:01,APOLLOHOSP,8869.5
2026-08-17 15:04:02,GRASIM,3257.5
2026-08-17 15:04:02,SBILIFE,1790.1
2026-08-17 15:04:02,APOLLOHOSP,8867.5
2026-08-17 15:04:03,NESTLEIND,1473.4
2026-08-17 15:04:03,APOLLOHOSP,8867.0
2026-08-17 15:04:03,APOLLOHOSP,8866.5
2026-08-17 15:04:04,SBILIFE,1790.3
2026-08-17 15:04:04,GRASIM,3257.3
2026-08-17 15:04:04,APOLLOHOSP,8867.5
2026-08-17 15:04:05,SBILIFE,1790.1
2026-08-17 15:04:05,APOLLOHOSP,8868.0
2026-08-17 15:04:05,NTPC,336.8
2026-08-17 15:04:06,NESTLEIND,1473.3
2026-08-17 15:04:06,EICHERMOT,8070.5
2026-08-17 15:04:06,NTPC,336.7
2026-08-17 15:04:06,APOLLOHOSP,8870.0
2026-08-17 15:04:06,SBILIFE,1790.7
2026-08-17 15:04:07,NTPC,336.8
2026-08-17 15:04:07,NESTLEIND,1473.4
2026-08-17 15:04:07,SBILIFE,1790.8
2026-08-17 15:04:08,GRASIM,3255.8
2026-08-17 15:04:08,GRASIM,3257.3
2026-08-17 15:04:08,SBILIFE,1790.5
2026-08-17 15:04:10,EICHERMOT,8072.0
2026-08-17 15:04:10,EICHERMOT,8073.0
2026-08-17 15:04:11,GRASIM,3255.7
2026-08-17 15:04:11,SBILIFE,1790.8
2026-08-17 15:04:11,NTPC,336.75
2026-08-17 15:04:12,EICHERMOT,8070.5
2026-08-17 15:04:12,GRASIM,3255.3
2026-08-17 15:04:12,NESTLEIND,1473.3
2026-08-17 15:04:12,SBILIFE,1790.1
2026-08-17 15:04:12,NTPC,336.7
2026-08-17 15:04:12,GRASIM,3255.8
2026-08-17 15:04:13,NESTLEIND,1473.4
2026-08-17 15:04:14,NESTLEIND,1473.3
2026-08-17 15:04:14,NTPC,336.75
2026-08-17 15:04:15,NESTLEIND,1473.4
2026-08-17 15:04:15,APOLLOHOSP,8871.0
2026-08-17 15:04:16,SBILIFE,1790.3
2026-08-17 15:04:16,NTPC,336.8
2026-08-17 15:04:16,GRASIM,3255.3
2026-08-17 15:04:17,EICHERMOT,8072.5
2026-08-17 15:04:17,SBILIFE,1790.6
2026-08-17 15:04:18,SBILIFE,1790.8
2026-08-17 15:04:18,EICHERMOT,8071.5
2026-08-17 15:04:18,NTPC,336.65
2026-08-17 15:04:19,NTPC,336.7
2026-08-17 15:04:19,NESTLEIND,1473.3
2026-08-17 15:04:19,APOLLOHOSP,8870.0
2026-08-17 15:04:20,EICHERMOT,8072.5
2026-08-17 15:04:20,APOLLOHOSP,8871.5
2026-08-17 15:04:21,APOLLOHOSP,8872.0
2026-08-17 15:04:22,GRASIM,3255.2
2026-08-17 15:04:22,SBILIFE,1790.2
2026-08-17 15:04:22,EICHERMOT,8071.5
2026-08-17 15:04:22,NTPC,336.8
2026-08-17 15:04:22,GRASIM,3256.2
2026-08-17 15:04:22,APOLLOHOSP,8871.0
2026-08-17 15:04:23,EICHERMOT,8072.0
2026-08-17 15:04:23,APOLLOHOSP,8870.5
2026-08-17 15:04:24,SBILIFE,1790.7
2026-08-17 15:04:24,GRASIM,3256.5
2026-08-17 15:04:24,EICHERMOT,8071.5
2026-08-17 15:04:24,NTPC,336.75
2026-08-17 15:04:24,NESTLEIND,1473.5
2026-08-17 15:04:24,GRASIM,3256.6
2026-08-17 15:04:25,NTPC,336.8
2026-08-17 15:04:25,NESTLEIND,1473.6
2026-08-17 15:04:25,SBILIFE,1790.8
2026-08-17 15:04:25,NTPC,336.75
2026-08-17 15:04:26,GRASIM,3255.4
2026-08-17 15:04:26,NESTLEIND,1473.4
2026-08-17 15:04:26,EICHERMOT,8073.0
2026-08-17 15:04:26,NTPC,336.65
2026-08-17 15:04:26,APOLLOHOSP,8872.0
2026-08-17 15:04:27,NTPC,336.8
2026-08-17 15:04:27,NESTLEIND,1473.7
2026-08-17 15:04:27,NTPC,336.75
2026-08-17 15:04:27,GRASIM,3255.2
2026-08-17 15:04:27,APOLLOHOSP,8870.5
2026-08-17 15:04:28,EICHERMOT,8072.0
2026-08-17 15:04:28,GRASIM,3255.1
2026-08-17 15:04:28,NESTLEIND,1473.3
2026-08-17 15:04:28,GRASIM,3255.4
2026-08-17 15:04:29,SBILIFE,1790.6
2026-08-17 15:04:29,NESTLEIND,1473.4
2026-08-17 15:04:29,SBILIFE,1790.4
2026-08-17 15:04:30,EICHERMOT,8073.0
2026-08-17 15:04:30,GRASIM,3255.1
2026-08-17 15:04:30,SBILIFE,1790.8
2026-08-17 15:04:30,EICHERMOT,8072.0
2026-08-17 15:04:30,NTPC,336.8
2026-08-17 15:04:30,GRASIM,3255.4
2026-08-17 15:04:31,GRASIM,3255.0
2026-08-17 15:04:31,NTPC,336.7
2026-08-17 15:04:32,GRASIM,3256.9
2026-08-17 15:04:32,NESTLEIND,1473.3
2026-08-17 15:04:32,SBILIFE,1790.7
2026-08-17 15:04:32,GRASIM,3256.5
2026-08-17 15:04:33,NESTLEIND,1473.4
2026-08-17 15:04:33,NTPC,336.8
2026-08-17 15:04:34,NESTLEIND,1473.3
2026-08-17 15:04:34,SBILIFE,1790.5
2026-08-17 15:04:34,NTPC,336.75
2026-08-17 15:04:34,GRASIM,3256.6
2026-08-17 15:04:34,APOLLOHOSP,8872.0
2026-08-17 15:04:35,NTPC,336.8
2026-08-17 15:04:35,NESTLEIND,1473.4
2026-08-17 15:04:35,NTPC,336.75
2026-08-17 15:04:36,NTPC,336.8
2026-08-17 15:04:36,GRASIM,3256.9
2026-08-17 15:04:36,EICHERMOT,8073.0
2026-08-17 15:04:36,GRASIM,3255.2
2026-08-17 15:04:36,APOLLOHOSP,8871.5
2026-08-17 15:04:37,SBILIFE,1790.6
2026-08-17 15:04:37,GRASIM,3256.8
2026-08-17 15:04:37,NESTLEIND,1473.3
2026-08-17 15:04:37,NTPC,336.75
2026-08-17 15:04:38,EICHERMOT,8072.0
2026-08-17 15:04:38,GRASIM,3256.9
2026-08-17 15:04:40,NESTLEIND,1473.4
2026-08-17 15:04:40,SBILIFE,1790.4
2026-08-17 15:04:40,EICHERMOT,8073.0
2026-08-17 15:04:41,NESTLEIND,1473.2
2026-08-17 15:04:41,EICHERMOT,8072.0
2026-08-17 15:04:41,APOLLOHOSP,8870.0
2026-08-17 15:04:42,GRASIM,3255.3
2026-08-17 15:04:42,NTPC,336.7
2026-08-17 15:04:42,GRASIM,3255.1
2026-08-17 15:04:43,NESTLEIND,1473.4
2026-08-17 15:04:43,NESTLEIND,1473.2
2026-08-17 15:04:43,GRASIM,3255.3
2026-08-17 15:04:44,NESTLEIND,1472.9
2026-08-17 15:04:44,NTPC,336.75
2026-08-17 15:04:44,APOLLOHOSP,8870.5
2026-08-17 15:04:45,SBILIFE,1790.1
2026-08-17 15:04:45,APOLLOHOSP,8871.5
2026-08-17 15:04:46,EICHERMOT,8073.0
2026-08-17 15:04:46,EICHERMOT,8072.0
2026-08-17 15:04:46,GRASIM,3257.1
2026-08-17 15:04:47,SBILIFE,1790.0
2026-08-17 15:04:47,APOLLOHOSP,8873.0
2026-08-17 15:04:48,APOLLOHOSP,8870.5
2026-08-17 15:04:48,GRASIM,3255.3
2026-08-17 15:04:48,GRASIM,3256.8
2026-08-17 15:04:49,NESTLEIND,1473.0
2026-08-17 15:04:49,EICHERMOT,8073.0
2026-08-17 15:04:49,APOLLOHOSP,8873.0
2026-08-17 15:04:50,NESTLEIND,1473.3
2026-08-17 15:04:50,SBILIFE,1790.1
2026-08-17 15:04:51,NTPC,336.7
2026-08-17 15:04:52,NESTLEIND,1473.0
2026-08-17 15:04:52,EICHERMOT,8071.5
2026-08-17 15:04:52,NTPC,336.75
2026-08-17 15:04:52,GRASIM,3257.0
2026-08-17 15:04:53,EICHERMOT,8073.0
2026-08-17 15:04:54,SBILIFE,1790.4
2026-08-17 15:04:54,NESTLEIND,1473.3
2026-08-17 15:04:54,APOLLOHOSP,8870.5
2026-08-17 15:04:55,APOLLOHOSP,8870.0
2026-08-17 15:04:55,SBILIFE,1790.0
2026-08-17 15:04:56,EICHERMOT,8071.5
2026-08-17 15:04:56,GRASIM,3255.3
2026-08-17 15:04:56,APOLLOHOSP,8870.5
2026-08-17 15:04:58,NESTLEIND,1473.1
2026-08-17 15:04:58,NTPC,336.7
2026-08-17 15:05:00,SBILIFE,1790.5
2026-08-17 15:05:00,SBILIFE,1790.0
2026-08-17 15:05:01,NTPC,336.8
2026-08-17 15:05:01,SBILIFE,1790.5
2026-08-17 15:05:01,NTPC,336.7
2026-08-17 15:05:01,APOLLOHOSP,8871.0
2026-08-17 15:05:02,GRASIM,3255.0
2026-08-17 15:05:02,NESTLEIND,1473.0
2026-08-17 15:05:02,NTPC,336.75
2026-08-17 15:05:02,GRASIM,3255.1
2026-08-17 15:05:02,APOLLOHOSP,8870.5
2026-08-17 15:05:03,NTPC,336.85
2026-08-17 15:05:03,APOLLOHOSP,8870.0
2026-08-17 15:05:03,NESTLEIND,1473.1
2026-08-17 15:05:03,SBILIFE,1790.2
2026-08-17 15:05:03,GRASIM,3255.0
2026-08-17 15:05:04,NTPC,336.8
2026-08-17 15:05:04,NESTLEIND,1472.9
2026-08-17 15:05:04,NTPC,336.85
2026-08-17 15:05:04,GRASIM,3255.1
2026-08-17 15:05:04,APOLLOHOSP,8870.5
2026-08-17 15:05:05,SBILIFE,1790.9
2026-08-17 15:05:05,NESTLEIND,1473.0
2026-08-17 15:05:05,NTPC,336.7
2026-08-17 15:05:05,GRASIM,3255.3
2026-08-17 15:05:06,EICHERMOT,8073.0
2026-08-17 15:05:06,APOLLOHOSP,8871.0
2026-08-17 15:05:07,SBILIFE,1790.4
2026-08-17 15:05:07,GRASIM,3255.1
2026-08-17 15:05:07,SBILIFE,1790.8
2026-08-17 15:05:07,EICHERMOT,8072.0
2026-08-17 15:05:07,NTPC,336.85
2026-08-17 15:05:08,NESTLEIND,1472.9
2026-08-17 15:05:08,EICHERMOT,8072.5
2026-08-17 15:05:08,NTPC,336.8
2026-08-17 15:05:09,NTPC,336.85
2026-08-17 15:05:10,APOLLOHOSP,8871.5
2026-08-17 15:05:11,EICHERMOT,8071.5
2026-08-17 15:05:11,NTPC,336.8
2026-08-17 15:05:11,NTPC,336.65
2026-08-17 15:05:11,GRASIM,3254.2
2026-08-17 15:05:12,GRASIM,3255.3
2026-08-17 15:05:12,APOLLOHOSP,8871.0
2026-08-17 15:05:13,SBILIFE,1790.3
2026-08-17 15:05:13,NTPC,336.7
2026-08-17 15:05:13,NESTLEIND,1472.7
2026-08-17 15:05:13,SBILIFE,1790.9
2026-08-17 15:05:13,NTPC,336.8
2026-08-17 15:05:13,GRASIM,3255.9
2026-08-17 15:05:14,NTPC,336.7
2026-08-17 15:05:14,APOLLOHOSP,8870.0
2026-08-17 15:05:14,SBILIFE,1790.2
2026-08-17 15:05:14,EICHERMOT,8072.5
2026-08-17 15:05:14,GRASIM,3258.7
2026-08-17 15:05:15,SBILIFE,1790.0
2026-08-17 15:05:15,EICHERMOT,8073.5
2026-08-17 15:05:15,NTPC,336.8
2026-08-17 15:05:15,GRASIM,3258.8
2026-08-17 15:05:16,NESTLEIND,1472.9
2026-08-17 15:05:16,SBILIFE,1790.8
2026-08-17 15:05:16,EICHERMOT,8071.5
2026-08-17 15:05:16,NTPC,336.65
2026-08-17 15:05:17,SBILIFE,1790.0
2026-08-17 15:05:17,EICHERMOT,8072.5
2026-08-17 15:05:17,GRASIM,3258.3
2026-08-17 15:05:18,NESTLEIND,1472.7
2026-08-17 15:05:18,SBILIFE,1790.3
2026-08-17 15:05:18,NTPC,336.7
2026-08-17 15:05:18,GRASIM,3258.1
2026-08-17 15:05:18,APOLLOHOSP,8870.5
2026-08-17 15:05:19,NESTLEIND,1472.8
2026-08-17 15:05:19,NESTLEIND,1472.7
2026-08-17 15:05:19,NTPC,336.8
2026-08-17 15:05:19,GRASIM,3257.9
2026-08-17 15:05:19,APOLLOHOSP,8871.5
2026-08-17 15:05:20,SBILIFE,1790.0
2026-08-17 15:05:21,SBILIFE,1790.7
2026-08-17 15:05:21,APOLLOHOSP,8871.0
2026-08-17 15:05:21,NESTLEIND,1472.8
2026-08-17 15:05:21,NTPC,336.75
2026-08-17 15:05:22,NTPC,336.8
2026-08-17 15:05:22,NESTLEIND,1472.7
2026-08-17 15:05:22,SBILIFE,1790.0
2026-08-17 15:05:22,EICHERMOT,8074.5
2026-08-17 15:05:22,APOLLOHOSP,8871.5
2026-08-17 15:05:23,APOLLOHOSP,8870.0
2026-08-17 15:05:24,NESTLEIND,1472.8
2026-08-17 15:05:24,EICHERMOT,8072.5
2026-08-17 15:05:24,NTPC,336.75
2026-08-17 15:05:24,GRASIM,3257.8
2026-08-17 15:05:24,APOLLOHOSP,8871.0
2026-08-17 15:05:25,SBILIFE,1790.1
2026-08-17 15:05:25,SBILIFE,1790.0
2026-08-17 15:05:26,GRASIM,3256.2
2026-08-17 15:05:26,NESTLEIND,1472.7
2026-08-17 15:05:26,EICHERMOT,8074.5
2026-08-17 15:05:26,GRASIM,3256.1
2026-08-17 15:05:26,APOLLOHOSP,8870.0
2026-08-17 15:05:27,EICHERMOT,8072.5
2026-08-17 15:05:28,SBILIFE,1790.1
2026-08-17 15:05:28,GRASIM,3256.2
2026-08-17 15:05:28,EICHERMOT,8074.0
2026-08-17 15:05:28,GRASIM,3258.9
2026-08-17 15:05:28,APOLLOHOSP,8871.0
2026-08-17 15:05:29,SBILIFE,1790.0
2026-08-17 15:05:29,SBILIFE,1790.1
2026-08-17 15:05:29,GRASIM,3258.8
2026-08-17 15:05:30,EICHERMOT,8072.5
2026-08-17 15:05:30,SBILIFE,1789.9
2026-08-17 15:05:30,GRASIM,3258.3
2026-08-17 15:05:31,GRASIM,3258.4
2026-08-17 15:05:32,EICHERMOT,8074.0
2026-08-17 15:05:32,GRASIM,3256.7
2026-08-17 15:05:32,APOLLOHOSP,8870.0
2026-08-17 15:05:33,APOLLOHOSP,8872.0
2026-08-17 15:05:33,SBILIFE,1789.6
2026-08-17 15:05:33,GRASIM,3258.2
2026-08-17 15:05:33,APOLLOHOSP,8871.0
2026-08-17 15:05:34,NESTLEIND,1472.4
2026-08-17 15:05:34,APOLLOHOSP,8873.0
2026-08-17 15:05:35,NESTLEIND,1472.3
2026-08-17 15:05:35,SBILIFE,1789.5
2026-08-17 15:05:35,EICHERMOT,8073.0
2026-08-17 15:05:35,NTPC,336.7
2026-08-17 15:05:35,APOLLOHOSP,8871.0
2026-08-17 15:05:36,SBILIFE,1789.6
2026-08-17 15:05:36,APOLLOHOSP,8872.0
2026-08-17 15:05:37,NTPC,336.75
2026-08-17 15:05:37,EICHERMOT,8074.5
2026-08-17 15:05:37,APOLLOHOSP,8871.0
2026-08-17 15:05:38,APOLLOHOSP,8872.0
2026-08-17 15:05:39,EICHERMOT,8073.0
2026-08-17 15:05:39,NESTLEIND,1472.6
2026-08-17 15:05:39,NTPC,336.7
2026-08-17 15:05:40,SBILIFE,1789.2
2026-08-17 15:05:40,NTPC,336.75
2026-08-17 15:05:40,APOLLOHOSP,8871.0
2026-08-17 15:05:41,SBILIFE,1789.6
2026-08-17 15:05:41,EICHERMOT,8072.5
2026-08-17 15:05:41,NTPC,336.65
2026-08-17 15:05:41,GRASIM,3256.6
2026-08-17 15:05:42,NTPC,336.7
2026-08-17 15:05:42,NESTLEIND,1472.5
2026-08-17 15:05:42,NTPC,336.65
2026-08-17 15:05:42,GRASIM,3258.9
2026-08-17 15:05:42,APOLLOHOSP,8872.5
2026-08-17 15:05:43,GRASIM,3256.6
2026-08-17 15:05:43,NESTLEIND,1472.6
2026-08-17 15:05:43,NTPC,336.7
2026-08-17 15:05:43,GRASIM,3258.4
2026-08-17 15:05:44,NESTLEIND,1472.5
2026-08-17 15:05:44,GRASIM,3258.7
2026-08-17 15:05:44,APOLLOHOSP,8871.5
2026-08-17 15:05:45,NESTLEIND,1472.6
2026-08-17 15:05:45,GRASIM,3256.7
2026-08-17 15:05:45,NESTLEIND,1472.5
2026-08-17 15:05:45,SBILIFE,1789.4
2026-08-17 15:05:45,EICHERMOT,8074.5
2026-08-17 15:05:45,NTPC,336.65
2026-08-17 15:05:45,GRASIM,3258.3
2026-08-17 15:05:45,APOLLOHOSP,8873.0
2026-08-17 15:05:46,EICHERMOT,8072.5
2026-08-17 15:05:46,GRASIM,3257.2
2026-08-17 15:05:46,APOLLOHOSP,8871.0
2026-08-17 15:05:47,NESTLEIND,1472.6
2026-08-17 15:05:47,EICHERMOT,8074.5
2026-08-17 15:05:47,NTPC,336.6
2026-08-17 15:05:47,APOLLOHOSP,8873.0
2026-08-17 15:05:48,NESTLEIND,1472.5
2026-08-17 15:05:48,NTPC,336.65
2026-08-17 15:05:48,GRASIM,3258.0
2026-08-17 15:05:48,APOLLOHOSP,8874.5
2026-08-17 15:05:51,APOLLOHOSP,8874.0
2026-08-17 15:05:51,GRASIM,3256.9
2026-08-17 15:05:51,NESTLEIND,1472.6
2026-08-17 15:05:52,SBILIFE,1789.6
2026-08-17 15:05:52,NESTLEIND,1472.5
2026-08-17 15:05:52,EICHERMOT,8073.0
2026-08-17 15:05:53,NESTLEIND,1472.6
2026-08-17 15:05:54,NESTLEIND,1472.5
2026-08-17 15:05:54,EICHERMOT,8074.0
2026-08-17 15:05:54,APOLLOHOSP,8873.5
2026-08-17 15:05:55,NESTLEIND,1472.6
2026-08-17 15:05:55,SBILIFE,1789.4
2026-08-17 15:05:55,APOLLOHOSP,8870.0
2026-08-17 15:05:56,NESTLEIND,1472.5
2026-08-17 15:05:56,EICHERMOT,8073.0
2026-08-17 15:05:56,NTPC,336.6
2026-08-17 15:05:56,GRASIM,3256.4
2026-08-17 15:05:56,APOLLOHOSP,8873.5
2026-08-17 15:05:57,EICHERMOT,8074.0
2026-08-17 15:05:57,GRASIM,3256.0
2026-08-17 15:05:57,APOLLOHOSP,8873.0
2026-08-17 15:05:58,SBILIFE,1789.6
2026-08-17 15:05:58,NTPC,336.65
2026-08-17 15:05:58,APOLLOHOSP,8870.0
2026-08-17 15:05:59,EICHERMOT,8074.5
2026-08-17 15:05:59,NTPC,336.6
2026-08-17 15:05:59,GRASIM,3255.9
2026-08-17 15:06:00,NTPC,336.65
2026-08-17 15:06:00,SBILIFE,1789.5
2026-08-17 15:06:00,EICHERMOT,8072.0
2026-08-17 15:06:00,GRASIM,3256.4
2026-08-17 15:06:01,GRASIM,3256.0
2026-08-17 15:06:01,NTPC,336.6
2026-08-17 15:06:01,APOLLOHOSP,8873.0
2026-08-17 15:06:02,SBILIFE,1789.6
2026-08-17 15:06:02,EICHERMOT,8070.0
2026-08-17 15:06:02,NTPC,336.65
2026-08-17 15:06:02,APOLLOHOSP,8870.0
2026-08-17 15:06:03,SBILIFE,1789.5
2026-08-17 15:06:03,SBILIFE,1789.6
2026-08-17 15:06:03,NTPC,336.6
2026-08-17 15:06:04,NTPC,336.65
2026-08-17 15:06:04,APOLLOHOSP,8873.0
2026-08-17 15:06:05,EICHERMOT,8070.5
2026-08-17 15:06:05,NESTLEIND,1472.6
2026-08-17 15:06:05,GRASIM,3255.9
2026-08-17 15:06:06,SBILIFE,1789.5
2026-08-17 15:06:06,EICHERMOT,8072.0
2026-08-17 15:06:07,SBILIFE,1789.6
2026-08-17 15:06:07,EICHERMOT,8070.5
2026-08-17 15:06:08,NTPC,336.6
2026-08-17 15:06:09,GRASIM,3255.6
2026-08-17 15:06:09,APOLLOHOSP,8872.0
2026-08-17 15:06:09,APOLLOHOSP,8870.0
2026-08-17 15:06:09,EICHERMOT,8072.0
2026-08-17 15:06:10,NTPC,336.65
2026-08-17 15:06:10,GRASIM,3255.9
2026-08-17 15:06:10,SBILIFE,1789.5
2026-08-17 15:06:10,GRASIM,3255.6
2026-08-17 15:06:10,APOLLOHOSP,8872.0
2026-08-17 15:06:11,EICHERMOT,8070.5
2026-08-17 15:06:11,NTPC,336.6
2026-08-17 15:06:11,APOLLOHOSP,8871.0
2026-08-17 15:06:12,NESTLEIND,1472.5
2026-08-17 15:06:13,NTPC,336.75
2026-08-17 15:06:14,NTPC,336.7
2026-08-17 15:06:14,APOLLOHOSP,8872.5
2026-08-17 15:06:15,NTPC,336.75
2026-08-17 15:06:15,SBILIFE,1789.6
2026-08-17 15:06:15,EICHERMOT,8070.0
2026-08-17 15:06:16,EICHERMOT,8071.0
2026-08-17 15:06:16,APOLLOHOSP,8874.5
2026-08-17 15:06:17,NESTLEIND,1472.6
2026-08-17 15:06:17,SBILIFE,1789.0
2026-08-17 15:06:17,EICHERMOT,8066.5
2026-08-17 15:06:17,GRASIM,3257.3
2026-08-17 15:06:17,APOLLOHOSP,8871.5
2026-08-17 15:06:17,SBILIFE,1789.5
2026-08-17 15:06:17,EICHERMOT,8070.5
2026-08-17 15:06:18,NTPC,336.9
2026-08-17 15:06:18,GRASIM,3255.2
2026-08-17 15:06:18,SBILIFE,1789.3
2026-08-17 15:06:18,NTPC,336.7
2026-08-17 15:06:19,NESTLEIND,1472.5
2026-08-17 15:06:19,GRASIM,3257.5
2026-08-17 15:06:19,GRASIM,3257.3
2026-08-17 15:06:19,APOLLOHOSP,8870.0
2026-08-17 15:06:20,EICHERMOT,8070.0
2026-08-17 15:06:20,NTPC,336.8
2026-08-17 15:06:21,SBILIFE,1789.4
2026-08-17 15:06:21,NESTLEIND,1472.6
2026-08-17 15:06:22,SBILIFE,1789.2
2026-08-17 15:06:22,EICHERMOT,8068.5
2026-08-17 15:06:22,NTPC,336.65
2026-08-17 15:06:23,NESTLEIND,1472.5
2026-08-17 15:06:23,NTPC,336.7
2026-08-17 15:06:23,NTPC,336.6
2026-08-17 15:06:23,SBILIFE,1788.6
2026-08-17 15:06:24,SBILIFE,1789.3
2026-08-17 15:06:24,GRASIM,3255.7
2026-08-17 15:06:25,NTPC,336.7
2026-08-17 15:06:25,APOLLOHOSP,8871.0
2026-08-17 15:06:26,NTPC,336.6
2026-08-17 15:06:26,NTPC,336.7
2026-08-17 15:06:27,NESTLEIND,1472.6
2026-08-17 15:06:27,NTPC,336.65
2026-08-17 15:06:27,GRASIM,3257.2
2026-08-17 15:06:28,EICHERMOT,8070.5
2026-08-17 15:06:28,GRASIM,3254.8
2026-08-17 15:06:28,APOLLOHOSP,8870.0
2026-08-17 15:06:29,NTPC,336.7
2026-08-17 15:06:29,GRASIM,3257.2
2026-08-17 15:06:29,APOLLOHOSP,8871.0
2026-08-17 15:06:30,NTPC,336.55
2026-08-17 15:06:30,NESTLEIND,1472.5
2026-08-17 15:06:30,APOLLOHOSP,8870.0
2026-08-17 15:06:30,GRASIM,3256.0
2026-08-17 15:06:31,SBILIFE,1788.5
2026-08-17 15:06:31,EICHERMOT,8068.5
2026-08-17 15:06:31,GRASIM,3257.5
2026-08-17 15:06:32,NTPC,336.6
2026-08-17 15:06:32,GRASIM,3257.9
2026-08-17 15:06:32,APOLLOHOSP,8871.0
2026-08-17 15:06:32,NESTLEIND,1472.6
2026-08-17 15:06:32,GRASIM,3257.7
2026-08-17 15:06:33,NESTLEIND,1472.5
2026-08-17 15:06:33,EICHERMOT,8069.5
2026-08-17 15:06:33,NTPC,336.65
2026-08-17 15:06:33,NESTLEIND,1472.6
2026-08-17 15:06:33,SBILIFE,1788.6
2026-08-17 15:06:33,NTPC,336.55
2026-08-17 15:06:34,NESTLEIND,1472.5
2026-08-17 15:06:34,GRASIM,3255.7
2026-08-17 15:06:34,APOLLOHOSP,8870.5
2026-08-17 15:06:34,NESTLEIND,1472.6
2026-08-17 15:06:34,NTPC,336.6
2026-08-17 15:06:35,NESTLEIND,1472.5
2026-08-17 15:06:35,SBILIFE,1789.4
2026-08-17 15:06:35,GRASIM,3255.6
2026-08-17 15:06:35,APOLLOHOSP,8874.0
2026-08-17 15:06:35,SBILIFE,1788.9
2026-08-17 15:06:35,APOLLOHOSP,8872.5
2026-08-17 15:06:36,NESTLEIND,1472.6
2026-08-17 15:06:36,GRASIM,3258.1
2026-08-17 15:06:36,EICHERMOT,8068.5
2026-08-17 15:06:36,NTPC,336.55
2026-08-17 15:06:37,EICHERMOT,8069.5
2026-08-17 15:06:37,NTPC,336.6
2026-08-17 15:06:37,GRASIM,3255.3
2026-08-17 15:06:37,APOLLOHOSP,8870.0
2026-08-17 15:06:37,SBILIFE,1788.7
2026-08-17 15:06:37,GRASIM,3255.4
2026-08-17 15:06:39,NTPC,336.5
2026-08-17 15:06:39,GRASIM,3257.6
2026-08-17 15:06:39,NESTLEIND,1472.5
2026-08-17 15:06:41,SBILIFE,1788.8
2026-08-17 15:06:41,NTPC,336.55
2026-08-17 15:06:42,NTPC,336.6
2026-08-17 15:06:42,GRASIM,3255.7
2026-08-17 15:06:42,NESTLEIND,1472.6
2026-08-17 15:06:43,NESTLEIND,1472.5
2026-08-17 15:06:43,EICHERMOT,8067.0
2026-08-17 15:06:43,NTPC,336.55
2026-08-17 15:06:44,NTPC,336.65
2026-08-17 15:06:44,NESTLEIND,1472.6
2026-08-17 15:06:45,EICHERMOT,8068.5
2026-08-17 15:06:45,NTPC,336.55
2026-08-17 15:06:45,GRASIM,3255.3
2026-08-17 15:06:45,SBILIFE,1789.1
2026-08-17 15:06:45,APOLLOHOSP,8872.0
2026-08-17 15:06:46,NESTLEIND,1472.5
2026-08-17 15:06:46,EICHERMOT,8069.5
2026-08-17 15:06:46,NTPC,336.65
2026-08-17 15:06:46,GRASIM,3255.7
2026-08-17 15:06:47,NTPC,336.5
2026-08-17 15:06:47,GRASIM,3255.0
2026-08-17 15:06:47,APOLLOHOSP,8872.5
2026-08-17 15:06:48,EICHERMOT,8068.5
2026-08-17 15:06:48,GRASIM,3254.7
2026-08-17 15:06:48,SBILIFE,1788.9
2026-08-17 15:06:48,APOLLOHOSP,8870.0
2026-08-17 15:06:49,NESTLEIND,1472.6
2026-08-17 15:06:49,NTPC,336.6
2026-08-17 15:06:49,GRASIM,3255.0
2026-08-17 15:06:51,APOLLOHOSP,8875.0
2026-08-17 15:06:51,SBILIFE,1789.1
2026-08-17 15:06:51,NTPC,336.55
2026-08-17 15:06:52,EICHERMOT,8069.5
2026-08-17 15:06:52,NTPC,336.6
2026-08-17 15:06:52,GRASIM,3258.5
2026-08-17 15:06:52,APOLLOHOSP,8870.5
2026-08-17 15:06:53,NESTLEIND,1472.5
2026-08-17 15:06:53,EICHERMOT,8068.5
2026-08-17 15:06:53,GRASIM,3258.4
2026-08-17 15:06:53,APOLLOHOSP,8870.0
2026-08-17 15:06:54,NESTLEIND,1472.6
2026-08-17 15:06:54,NTPC,336.65
2026-08-17 15:06:54,GRASIM,3257.6
2026-08-17 15:06:55,NESTLEIND,1472.5
2026-08-17 15:06:55,APOLLOHOSP,8873.5
2026-08-17 15:06:55,APOLLOHOSP,8870.5
2026-08-17 15:06:56,NESTLEIND,1472.6
2026-08-17 15:06:56,GRASIM,3257.7
2026-08-17 15:06:57,SBILIFE,1789.0
2026-08-17 15:06:57,EICHERMOT,8069.5
2026-08-17 15:06:57,NTPC,336.6
2026-08-17 15:06:57,GRASIM,3255.5
2026-08-17 15:06:57,APOLLOHOSP,8873.5
2026-08-17 15:06:58,NTPC,336.5
2026-08-17 15:06:58,APOLLOHOSP,8871.0
2026-08-17 15:06:59,SBILIFE,1789.1
2026-08-17 15:06:59,GRASIM,3255.3
2026-08-17 15:06:59,NESTLEIND,1472.5
2026-08-17 15:07:00,NTPC,336.65
2026-08-17 15:07:00,GRASIM,3255.5
2026-08-17 15:07:00,APOLLOHOSP,8873.5
2026-08-17 15:07:00,NESTLEIND,1472.6
2026-08-17 15:07:00,EICHERMOT,8068.5
2026-08-17 15:07:01,NESTLEIND,1472.5
2026-08-17 15:07:01,SBILIFE,1789.0
2026-08-17 15:07:01,EICHERMOT,8069.5
2026-08-17 15:07:01,NTPC,336.6
2026-08-17 15:07:01,GRASIM,3255.2
2026-08-17 15:07:01,APOLLOHOSP,8870.5
2026-08-17 15:07:01,SBILIFE,1788.9
2026-08-17 15:07:02,NESTLEIND,1472.6
2026-08-17 15:07:02,EICHERMOT,8067.5
2026-08-17 15:07:03,SBILIFE,1789.0
2026-08-17 15:07:03,EICHERMOT,8067.0
2026-08-17 15:07:03,NESTLEIND,1472.5
2026-08-17 15:07:04,EICHERMOT,8070.5
2026-08-17 15:07:04,GRASIM,3258.2
2026-08-17 15:07:04,NTPC,336.7
2026-08-17 15:07:05,GRASIM,3258.9
2026-08-17 15:07:05,GRASIM,3257.3
2026-08-17 15:07:06,NESTLEIND,1472.6
2026-08-17 15:07:06,EICHERMOT,8068.5
2026-08-17 15:07:06,NTPC,336.6
2026-08-17 15:07:06,GRASIM,3258.5
2026-08-17 15:07:06,SBILIFE,1789.3
2026-08-17 15:07:06,GRASIM,3258.2
2026-08-17 15:07:07,NTPC,336.65
2026-08-17 15:07:07,APOLLOHOSP,8871.5
2026-08-17 15:07:07,EICHERMOT,8073.0
2026-08-17 15:07:07,APOLLOHOSP,8870.0
2026-08-17 15:07:08,GRASIM,3258.9
2026-08-17 15:07:09,EICHERMOT,8066.5
2026-08-17 15:07:09,NTPC,336.6
2026-08-17 15:07:09,GRASIM,3258.3
2026-08-17 15:07:09,NTPC,336.65
2026-08-17 15:07:10,EICHERMOT,8071.5
2026-08-17 15:07:11,GRASIM,3258.9
2026-08-17 15:07:11,APOLLOHOSP,8871.5
2026-08-17 15:07:11,NTPC,336.6
2026-08-17 15:07:12,NTPC,336.65
2026-08-17 15:07:12,GRASIM,3258.2
2026-08-17 15:07:12,NTPC,336.55
2026-08-17 15:07:13,NESTLEIND,1472.5
2026-08-17 15:07:13,EICHERMOT,8070.0
2026-08-17 15:07:13,APOLLOHOSP,8871.0
2026-08-17 15:07:13,GRASIM,3256.9
2026-08-17 15:07:14,EICHERMOT,8071.5
2026-08-17 15:07:14,NTPC,336.6
2026-08-17 15:07:14,GRASIM,3258.2
2026-08-17 15:07:14,APOLLOHOSP,8870.5
2026-08-17 15:07:14,APOLLOHOSP,8870.0
2026-08-17 15:07:15,NESTLEIND,1472.6
2026-08-17 15:07:15,SBILIFE,1789.2
2026-08-17 15:07:15,EICHERMOT,8069.5
2026-08-17 15:07:15,NTPC,336.65
2026-08-17 15:07:15,APOLLOHOSP,8870.5
2026-08-17 15:07:15,SBILIFE,1789.3
2026-08-17 15:07:16,EICHERMOT,8070.0
2026-08-17 15:07:16,APOLLOHOSP,8870.0
2026-08-17 15:07:16,GRASIM,3257.3
2026-08-17 15:07:17,EICHERMOT,8071.5
2026-08-17 15:07:19,EICHERMOT,8068.5
2026-08-17 15:07:19,APOLLOHOSP,8870.5
2026-08-17 15:07:20,EICHERMOT,8070.0
2026-08-17 15:07:21,EICHERMOT,8071.5
2026-08-17 15:07:22,GRASIM,3257.1
2026-08-17 15:07:22,APOLLOHOSP,8873.0
2026-08-17 15:07:22,APOLLOHOSP,8871.0
2026-08-17 15:07:23,NESTLEIND,1472.5
2026-08-17 15:07:23,EICHERMOT,8068.5
2026-08-17 15:07:23,GRASIM,3256.9
2026-08-17 15:07:23,SBILIFE,1789.2
2026-08-17 15:07:24,NTPC,336.6
2026-08-17 15:07:24,GRASIM,3257.1
2026-08-17 15:07:25,NTPC,336.65
2026-08-17 15:07:25,GRASIM,3257.0
2026-08-17 15:07:25,NESTLEIND,1472.6
2026-08-17 15:07:25,EICHERMOT,8071.5
2026-08-17 15:07:25,GRASIM,3257.1
2026-08-17 15:07:27,NESTLEIND,1472.5
2026-08-17 15:07:27,GRASIM,3256.9
2026-08-17 15:07:27,APOLLOHOSP,8873.0
2026-08-17 15:07:27,EICHERMOT,8068.5
2026-08-17 15:07:27,NTPC,336.6
2026-08-17 15:07:28,NESTLEIND,1472.6
2026-08-17 15:07:28,EICHERMOT,8070.0
2026-08-17 15:07:28,NTPC,336.65
2026-08-17 15:07:28,APOLLOHOSP,8870.0
2026-08-17 15:07:28,SBILIFE,1789.3
2026-08-17 15:07:29,EICHERMOT,8068.5
2026-08-17 15:07:29,GRASIM,3257.0
2026-08-17 15:07:30,NTPC,336.6
2026-08-17 15:07:31,EICHERMOT,8071.5
2026-08-17 15:07:31,NTPC,336.65
2026-08-17 15:07:31,APOLLOHOSP,8873.0
2026-08-17 15:07:31,GRASIM,3256.6
2026-08-17 15:07:32,EICHERMOT,8070.0
2026-08-17 15:07:32,NTPC,336.6
2026-08-17 15:07:33,NESTLEIND,1472.5
2026-08-17 15:07:33,EICHERMOT,8069.5
2026-08-17 15:07:33,NTPC,336.65
2026-08-17 15:07:33,SBILIFE,1789.2
2026-08-17 15:07:33,GRASIM,3256.5
2026-08-17 15:07:34,GRASIM,3256.6
2026-08-17 15:07:35,SBILIFE,1789.3
2026-08-17 15:07:35,EICHERMOT,8070.0
2026-08-17 15:07:35,APOLLOHOSP,8872.5
2026-08-17 15:07:35,NESTLEIND,1472.6
2026-08-17 15:07:35,SBILIFE,1789.2
2026-08-17 15:07:36,GRASIM,3259.6
2026-08-17 15:07:36,EICHERMOT,8071.5
2026-08-17 15:07:37,APOLLOHOSP,8870.0
2026-08-17 15:07:37,GRASIM,3259.5
2026-08-17 15:07:37,SBILIFE,1789.3
2026-08-17 15:07:38,GRASIM,3259.3
2026-08-17 15:07:38,APOLLOHOSP,8870.5
2026-08-17 15:07:39,EICHERMOT,8070.0
2026-08-17 15:07:39,GRASIM,3259.8
2026-08-17 15:07:39,SBILIFE,1789.1
2026-08-17 15:07:40,GRASIM,3258.4
2026-08-17 15:07:40,APOLLOHOSP,8870.0
2026-08-17 15:07:40,NESTLEIND,1472.5
2026-08-17 15:07:40,NTPC,336.6
2026-08-17 15:07:41,SBILIFE,1789.2
2026-08-17 15:07:41,NTPC,336.65
2026-08-17 15:07:41,GRASIM,3258.0
2026-08-17 15:07:41,GRASIM,3257.7
2026-08-17 15:07:42,EICHERMOT,8071.5
2026-08-17 15:07:43,EICHERMOT,8070.5
2026-08-17 15:07:43,NTPC,336.6
2026-08-17 15:07:43,GRASIM,3257.5
2026-08-17 15:07:44,NTPC,336.65
2026-08-17 15:07:44,GRASIM,3257.7
2026-08-17 15:07:44,APOLLOHOSP,8870.5
2026-08-17 15:07:46,APOLLOHOSP,8870.0
2026-08-17 15:07:46,NTPC,336.6
2026-08-17 15:07:47,NTPC,336.65
2026-08-17 15:07:47,GRASIM,3257.2
2026-08-17 15:07:48,EICHERMOT,8072.0
2026-08-17 15:07:48,APOLLOHOSP,8874.0
2026-08-17 15:07:48,NESTLEIND,1472.6
2026-08-17 15:07:49,GRASIM,3257.5
2026-08-17 15:07:51,SBILIFE,1789.5
2026-08-17 15:07:51,EICHERMOT,8071.0
2026-08-17 15:07:51,GRASIM,3257.1
2026-08-17 15:07:52,NTPC,336.6
2026-08-17 15:07:52,EICHERMOT,8070.5
2026-08-17 15:07:52,NTPC,336.65
2026-08-17 15:07:52,NESTLEIND,1472.5
2026-08-17 15:07:53,NESTLEIND,1472.6
2026-08-17 15:07:53,SBILIFE,1789.1
2026-08-17 15:07:53,NTPC,336.6
2026-08-17 15:07:54,GRASIM,3259.6
2026-08-17 15:07:54,APOLLOHOSP,8871.0
2026-08-17 15:07:54,NESTLEIND,1472.5
2026-08-17 15:07:54,NTPC,336.65
2026-08-17 15:07:55,GRASIM,3259.8
2026-08-17 15:07:55,NESTLEIND,1472.6
2026-08-17 15:07:55,SBILIFE,1789.2
2026-08-17 15:07:56,GRASIM,3259.6
2026-08-17 15:07:56,APOLLOHOSP,8874.0
2026-08-17 15:07:57,EICHERMOT,8072.0
2026-08-17 15:07:57,GRASIM,3259.1
2026-08-17 15:07:58,NESTLEIND,1472.5
2026-08-17 15:07:58,APOLLOHOSP,8871.0
2026-08-17 15:07:58,NESTLEIND,1472.6
2026-08-17 15:07:58,SBILIFE,1789.5
2026-08-17 15:07:58,APOLLOHOSP,8874.5
2026-08-17 15:07:59,EICHERMOT,8073.0
2026-08-17 15:07:59,NTPC,336.6
2026-08-17 15:08:00,EICHERMOT,8070.5
2026-08-17 15:08:00,NTPC,336.65
2026-08-17 15:08:00,GRASIM,3257.7
2026-08-17 15:08:00,SBILIFE,1789.1
2026-08-17 15:08:00,NESTLEIND,1472.5
2026-08-17 15:08:00,GRASIM,3257.9
2026-08-17 15:08:00,APOLLOHOSP,8871.0
2026-08-17 15:08:01,GRASIM,3259.1
2026-08-17 15:08:01,GRASIM,3257.9
2026-08-17 15:08:02,NTPC,336.6
2026-08-17 15:08:02,NTPC,336.65
2026-08-17 15:08:03,GRASIM,3257.7
2026-08-17 15:08:03,SBILIFE,1789.3
2026-08-17 15:08:03,NTPC,336.6
2026-08-17 15:08:04,NTPC,336.65
2026-08-17 15:08:04,GRASIM,3257.8
2026-08-17 15:08:04,APOLLOHOSP,8874.5
2026-08-17 15:08:04,NESTLEIND,1472.6
2026-08-17 15:08:06,GRASIM,3257.7
2026-08-17 15:08:06,APOLLOHOSP,8870.0
2026-08-17 15:08:06,SBILIFE,1789.5
2026-08-17 15:08:06,NTPC,336.6
2026-08-17 15:08:07,EICHERMOT,8072.0
2026-08-17 15:08:07,NTPC,336.65
2026-08-17 15:08:07,APOLLOHOSP,8870.5
2026-08-17 15:08:08,EICHERMOT,8070.5
2026-08-17 15:08:08,GRASIM,3257.1
2026-08-17 15:08:08,NTPC,336.6
2026-08-17 15:08:09,GRASIM,3257.6
2026-08-17 15:08:10,NTPC,336.65
2026-08-17 15:08:10,APOLLOHOSP,8871.0
2026-08-17 15:08:11,EICHERMOT,8071.5
2026-08-17 15:08:11,GRASIM,3257.7
2026-08-17 15:08:11,NESTLEIND,1472.5
2026-08-17 15:08:11,NTPC,336.6
2026-08-17 15:08:12,GRASIM,3257.3
2026-08-17 15:08:12,NTPC,336.65
2026-08-17 15:08:13,NTPC,336.6
2026-08-17 15:08:14,GRASIM,3257.2
2026-08-17 15:08:14,SBILIFE,1789.4
2026-08-17 15:08:14,NTPC,336.65
2026-08-17 15:08:14,APOLLOHOSP,8872.0
2026-08-17 15:08:15,GRASIM,3257.3
2026-08-17 15:08:15,SBILIFE,1789.5
2026-08-17 15:08:16,NESTLEIND,1472.6
2026-08-17 15:08:16,SBILIFE,1789.4
2026-08-17 15:08:16,NESTLEIND,1472.5
2026-08-17 15:08:16,GRASIM,3257.2
2026-08-17 15:08:17,EICHERMOT,8072.0
2026-08-17 15:08:18,APOLLOHOSP,8870.0
2026-08-17 15:08:18,EICHERMOT,8071.5
2026-08-17 15:08:18,NTPC,336.6
2026-08-17 15:08:19,GRASIM,3257.0
2026-08-17 15:08:19,APOLLOHOSP,8872.0
2026-08-17 15:08:20,NTPC,336.65
2026-08-17 15:08:20,GRASIM,3258.9
2026-08-17 15:08:20,NESTLEIND,1472.6
2026-08-17 15:08:21,SBILIFE,1789.5
2026-08-17 15:08:21,GRASIM,3259.0
2026-08-17 15:08:21,APOLLOHOSP,8873.0
2026-08-17 15:08:21,NTPC,336.75
2026-08-17 15:08:22,NTPC,336.65
2026-08-17 15:08:22,GRASIM,3259.9
2026-08-17 15:08:22,NESTLEIND,1472.5
2026-08-17 15:08:22,SBILIFE,1789.0
2026-08-17 15:08:22,NTPC,336.7
2026-08-17 15:08:23,EICHERMOT,8071.0
2026-08-17 15:08:23,GRASIM,3259.3
2026-08-17 15:08:23,NTPC,336.6
2026-08-17 15:08:24,NESTLEIND,1472.6
2026-08-17 15:08:24,GRASIM,3258.4
2026-08-17 15:08:24,APOLLOHOSP,8872.0
2026-08-17 15:08:24,NESTLEIND,1472.5
2026-08-17 15:08:25,NTPC,336.7
2026-08-17 15:08:25,SBILIFE,1789.5
2026-08-17 15:08:26,NESTLEIND,1472.6
2026-08-17 15:08:26,GRASIM,3257.8
2026-08-17 15:08:27,EICHERMOT,8071.5
2026-08-17 15:08:28,NTPC,336.65
2026-08-17 15:08:28,GRASIM,3257.4
2026-08-17 15:08:28,APOLLOHOSP,8870.5
2026-08-17 15:08:28,NESTLEIND,1472.7
2026-08-17 15:08:28,NTPC,336.7
2026-08-17 15:08:29,EICHERMOT,8071.0
2026-08-17 15:08:29,NTPC,336.65
2026-08-17 15:08:30,NTPC,336.6
2026-08-17 15:08:30,NESTLEIND,1472.6
2026-08-17 15:08:30,SBILIFE,1789.4
2026-08-17 15:08:30,EICHERMOT,8071.5
2026-08-17 15:08:30,NTPC,336.55
2026-08-17 15:08:31,GRASIM,3257.0
2026-08-17 15:08:31,NTPC,336.5
2026-08-17 15:08:32,EICHERMOT,8071.0
2026-08-17 15:08:32,NTPC,336.6
2026-08-17 15:08:32,NTPC,336.55
2026-08-17 15:08:32,APOLLOHOSP,8873.5
2026-08-17 15:08:33,NESTLEIND,1472.7
2026-08-17 15:08:33,SBILIFE,1789.1
2026-08-17 15:08:33,GRASIM,3257.2
2026-08-17 15:08:34,NESTLEIND,1472.6
2026-08-17 15:08:35,APOLLOHOSP,8872.0
2026-08-17 15:08:35,GRASIM,3257.0
2026-08-17 15:08:36,NTPC,336.5
2026-08-17 15:08:36,NESTLEIND,1472.7
2026-08-17 15:08:36,SBILIFE,1789.3
2026-08-17 15:08:36,NTPC,336.55
2026-08-17 15:08:36,GRASIM,3256.9
2026-08-17 15:08:37,GRASIM,3256.8
2026-08-17 15:08:37,GRASIM,3256.9
2026-08-17 15:08:38,NTPC,336.65
2026-08-17 15:08:38,APOLLOHOSP,8870.0
2026-08-17 15:08:38,NESTLEIND,1472.6
2026-08-17 15:08:38,NTPC,336.7
2026-08-17 15:08:39,NTPC,336.65
2026-08-17 15:08:40,EICHERMOT,8070.5
2026-08-17 15:08:40,APOLLOHOSP,8870.5
2026-08-17 15:08:40,EICHERMOT,8072.0
2026-08-17 15:08:41,NTPC,336.55
2026-08-17 15:08:42,GRASIM,3257.2
2026-08-17 15:08:42,NTPC,336.5
2026-08-17 15:08:42,GRASIM,3260.9
2026-08-17 15:08:42,APOLLOHOSP,8870.0
2026-08-17 15:08:43,NESTLEIND,1472.7
2026-08-17 15:08:43,EICHERMOT,8070.5
2026-08-17 15:08:43,NTPC,336.7
2026-08-17 15:08:43,GRASIM,3261.8
2026-08-17 15:08:44,NESTLEIND,1472.6
2026-08-17 15:08:44,GRASIM,3261.3
2026-08-17 15:08:44,NESTLEIND,1472.8
2026-08-17 15:08:44,NTPC,336.65
2026-08-17 15:08:45,NESTLEIND,1472.6
2026-08-17 15:08:45,EICHERMOT,8071.5
2026-08-17 15:08:45,GRASIM,3260.0
2026-08-17 15:08:45,GRASIM,3261.2
2026-08-17 15:08:45,APOLLOHOSP,8870.5
2026-08-17 15:08:46,EICHERMOT,8072.0
2026-08-17 15:08:46,NTPC,336.7
2026-08-17 15:08:46,GRASIM,3261.4
2026-08-17 15:08:46,NTPC,336.5
2026-08-17 15:08:46,APOLLOHOSP,8872.0
2026-08-17 15:08:47,EICHERMOT,8071.5
2026-08-17 15:08:47,NESTLEIND,1473.0
2026-08-17 15:08:47,NTPC,336.6
2026-08-17 15:08:48,EICHERMOT,8072.0
2026-08-17 15:08:48,GRASIM,3260.1
2026-08-17 15:08:48,APOLLOHOSP,8870.0
2026-08-17 15:08:48,NESTLEIND,1472.6
2026-08-17 15:08:48,SBILIFE,1789.2
2026-08-17 15:08:48,NTPC,336.65
2026-08-17 15:08:48,GRASIM,3260.5
2026-08-17 15:08:49,NTPC,336.7
2026-08-17 15:08:50,EICHERMOT,8071.5
2026-08-17 15:08:50,APOLLOHOSP,8872.0
2026-08-17 15:08:50,EICHERMOT,8072.0
2026-08-17 15:08:51,NESTLEIND,1473.0
2026-08-17 15:08:51,NTPC,336.75
2026-08-17 15:08:51,APOLLOHOSP,8870.0
2026-08-17 15:08:52,NESTLEIND,1472.6
2026-08-17 15:08:52,EICHERMOT,8071.0
2026-08-17 15:08:53,EICHERMOT,8070.0
2026-08-17 15:08:53,NTPC,336.6
2026-08-17 15:08:54,NESTLEIND,1472.7
2026-08-17 15:08:54,NTPC,336.7
2026-08-17 15:08:54,NTPC,336.75
2026-08-17 15:08:54,SBILIFE,1789.3
2026-08-17 15:08:55,GRASIM,3262.0
2026-08-17 15:08:55,SBILIFE,1789.2
2026-08-17 15:08:55,EICHERMOT,8072.0
2026-08-17 15:08:56,NESTLEIND,1473.0
2026-08-17 15:08:56,NTPC,336.7
2026-08-17 15:08:56,APOLLOHOSP,8872.5
2026-08-17 15:08:57,GRASIM,3261.2
2026-08-17 15:08:57,NTPC,336.8
2026-08-17 15:08:57,APOLLOHOSP,8870.0
2026-08-17 15:08:58,EICHERMOT,8071.0
2026-08-17 15:08:58,GRASIM,3261.4
2026-08-17 15:08:58,SBILIFE,1789.1
2026-08-17 15:08:59,EICHERMOT,8070.5
2026-08-17 15:08:59,APOLLOHOSP,8873.5
2026-08-17 15:08:59,NESTLEIND,1472.7
2026-08-17 15:08:59,NTPC,336.85
2026-08-17 15:09:00,GRASIM,3262.0
2026-08-17 15:09:00,EICHERMOT,8071.0
2026-08-17 15:09:00,GRASIM,3261.4
2026-08-17 15:09:00,APOLLOHOSP,8870.0
2026-08-17 15:09:01,APOLLOHOSP,8872.0
2026-08-17 15:09:01,GRASIM,3261.8
2026-08-17 15:09:02,APOLLOHOSP,8870.5
2026-08-17 15:09:02,SBILIFE,1789.0
2026-08-17 15:09:02,NTPC,336.9
2026-08-17 15:09:03,EICHERMOT,8070.5
2026-08-17 15:09:03,SBILIFE,1789.2
2026-08-17 15:09:04,NTPC,336.85
2026-08-17 15:09:04,NTPC,336.8
2026-08-17 15:09:05,EICHERMOT,8069.0
2026-08-17 15:09:05,APOLLOHOSP,8870.0
2026-08-17 15:09:05,SBILIFE,1788.9
2026-08-17 15:09:06,EICHERMOT,8063.5
2026-08-17 15:09:06,NTPC,336.85
2026-08-17 15:09:06,NESTLEIND,1473.1
2026-08-17 15:09:06,SBILIFE,1789.3
2026-08-17 15:09:06,NTPC,336.75
2026-08-17 15:09:06,APOLLOHOSP,8871.5
2026-08-17 15:09:07,EICHERMOT,8069.5
2026-08-17 15:09:07,APOLLOHOSP,8870.0
2026-08-17 15:09:07,NESTLEIND,1473.2
2026-08-17 15:09:07,SBILIFE,1788.9
2026-08-17 15:09:08,EICHERMOT,8070.0
2026-08-17 15:09:08,GRASIM,3261.9
2026-08-17 15:09:08,APOLLOHOSP,8871.0
2026-08-17 15:09:08,NTPC,336.6
2026-08-17 15:09:09,SBILIFE,1789.5
2026-08-17 15:09:10,EICHERMOT,8065.5
2026-08-17 15:09:11,NESTLEIND,1473.1
2026-08-17 15:09:11,SBILIFE,1789.3
2026-08-17 15:09:11,NTPC,336.55
2026-08-17 15:09:11,GRASIM,3261.2
2026-08-17 15:09:11,APOLLOHOSP,8866.5
2026-08-17 15:09:11,SBILIFE,1789.1
2026-08-17 15:09:11,EICHERMOT,8070.0
2026-08-17 15:09:11,APOLLOHOSP,8870.5
2026-08-17 15:09:12,NTPC,336.6
2026-08-17 15:09:12,GRASIM,3260.5
2026-08-17 15:09:13,EICHERMOT,8067.5
2026-08-17 15:09:14,NESTLEIND,1473.2
2026-08-17 15:09:14,SBILIFE,1789.5
2026-08-17 15:09:14,EICHERMOT,8070.0
2026-08-17 15:09:14,NTPC,336.65
2026-08-17 15:09:15,GRASIM,3261.2
2026-08-17 15:09:15,APOLLOHOSP,8872.0
2026-08-17 15:09:15,NESTLEIND,1473.5
2026-08-17 15:09:15,NTPC,336.55
2026-08-17 15:09:16,APOLLOHOSP,8870.0
2026-08-17 15:09:16,NESTLEIND,1473.1
2026-08-17 15:09:16,NTPC,336.65
2026-08-17 15:09:17,GRASIM,3260.5
2026-08-17 15:09:17,APOLLOHOSP,8872.0
2026-08-17 15:09:18,NESTLEIND,1473.4
2026-08-17 15:09:18,SBILIFE,1789.2
2026-08-17 15:09:18,NTPC,336.75
2026-08-17 15:09:20,NESTLEIND,1473.7
2026-08-17 15:09:20,GRASIM,3260.4
2026-08-17 15:09:21,APOLLOHOSP,8871.5
2026-08-17 15:09:21,GRASIM,3260.1
2026-08-17 15:09:22,NESTLEIND,1473.4
2026-08-17 15:09:22,APOLLOHOSP,8872.5
2026-08-17 15:09:22,NESTLEIND,1473.1
2026-08-17 15:09:22,SBILIFE,1789.5
2026-08-17 15:09:22,NTPC,336.5
2026-08-17 15:09:23,EICHERMOT,8068.5
2026-08-17 15:09:23,SBILIFE,1789.3
2026-08-17 15:09:23,GRASIM,3260.0
2026-08-17 15:09:24,NESTLEIND,1473.6
2026-08-17 15:09:24,SBILIFE,1789.5
2026-08-17 15:09:24,NTPC,336.55
2026-08-17 15:09:24,NESTLEIND,1473.5
2026-08-17 15:09:24,SBILIFE,1789.3
2026-08-17 15:09:25,NTPC,336.65
2026-08-17 15:09:26,EICHERMOT,8074.5
2026-08-17 15:09:26,NESTLEIND,1473.1
2026-08-17 15:09:26,SBILIFE,1789.5
2026-08-17 15:09:26,NTPC,336.5
2026-08-17 15:09:26,APOLLOHOSP,8873.5
2026-08-17 15:09:26,EICHERMOT,8074.0
2026-08-17 15:09:27,GRASIM,3259.5
2026-08-17 15:09:27,NTPC,336.75
2026-08-17 15:09:27,APOLLOHOSP,8870.0
2026-08-17 15:09:28,EICHERMOT,8074.5
2026-08-17 15:09:28,NESTLEIND,1473.4
2026-08-17 15:09:28,SBILIFE,1789.3
2026-08-17 15:09:28,EICHERMOT,8073.0
2026-08-17 15:09:28,NTPC,336.6
2026-08-17 15:09:30,APOLLOHOSP,8871.5
2026-08-17 15:09:30,NESTLEIND,1473.2
2026-08-17 15:09:30,EICHERMOT,8073.5
2026-08-17 15:09:30,GRASIM,3259.9
2026-08-17 15:09:31,APOLLOHOSP,8870.0
2026-08-17 15:09:31,EICHERMOT,8075.0
2026-08-17 15:09:32,EICHERMOT,8073.5
2026-08-17 15:09:32,NTPC,336.65
2026-08-17 15:09:32,GRASIM,3260.0
2026-08-17 15:09:33,EICHERMOT,8074.0
2026-08-17 15:09:33,SBILIFE,1789.4
2026-08-17 15:09:33,NTPC,336.55
2026-08-17 15:09:34,EICHERMOT,8074.5
2026-08-17 15:09:34,NTPC,336.5
2026-08-17 15:09:35,EICHERMOT,8074.0
2026-08-17 15:09:35,SBILIFE,1789.3
2026-08-17 15:09:35,NTPC,336.65
2026-08-17 15:09:36,NESTLEIND,1473.3
2026-08-17 15:09:36,SBILIFE,1789.5
2026-08-17 15:09:36,EICHERMOT,8074.5
2026-08-17 15:09:37,NESTLEIND,1473.2
2026-08-17 15:09:37,NTPC,336.55
2026-08-17 15:09:37,SBILIFE,1789.3
2026-08-17 15:09:37,EICHERMOT,8074.0
2026-08-17 15:09:38,NTPC,336.65
2026-08-17 15:09:38,GRASIM,3260.4
2026-08-17 15:09:38,NESTLEIND,1473.3
2026-08-17 15:09:39,EICHERMOT,8077.0
2026-08-17 15:09:40,NESTLEIND,1473.2
2026-08-17 15:09:40,EICHERMOT,8075.0
2026-08-17 15:09:40,NTPC,336.7
2026-08-17 15:09:40,NESTLEIND,1473.3
2026-08-17 15:09:40,SBILIFE,1789.5
2026-08-17 15:09:40,NTPC,336.65
2026-08-17 15:09:41,EICHERMOT,8074.0
2026-08-17 15:09:42,EICHERMOT,8075.5
2026-08-17 15:09:42,NTPC,336.6
2026-08-17 15:09:42,GRASIM,3260.1
2026-08-17 15:09:42,NESTLEIND,1473.2
2026-08-17 15:09:42,NTPC,336.7
2026-08-17 15:09:43,EICHERMOT,8073.0
2026-08-17 15:09:43,NTPC,336.65
2026-08-17 15:09:44,NTPC,336.7
2026-08-17 15:09:44,APOLLOHOSP,8870.5
2026-08-17 15:09:44,EICHERMOT,8072.0
2026-08-17 15:09:45,NESTLEIND,1473.3
2026-08-17 15:09:45,SBILIFE,1789.3
2026-08-17 15:09:45,NTPC,336.65
2026-08-17 15:09:45,GRASIM,3260.0
2026-08-17 15:09:45,APOLLOHOSP,8872.0
2026-08-17 15:09:46,EICHERMOT,8075.0
2026-08-17 15:09:46,NTPC,336.7
2026-08-17 15:09:46,EICHERMOT,8071.5
2026-08-17 15:09:46,NTPC,336.65
2026-08-17 15:09:47,EICHERMOT,8075.0
2026-08-17 15:09:48,NESTLEIND,1473.2
2026-08-17 15:09:48,EICHERMOT,8073.5
2026-08-17 15:09:48,GRASIM,3259.5
2026-08-17 15:09:50,APOLLOHOSP,8870.5
2026-08-17 15:09:51,EICHERMOT,8071.5
2026-08-17 15:09:52,NESTLEIND,1473.3
2026-08-17 15:09:52,EICHERMOT,8074.0
2026-08-17 15:09:52,NESTLEIND,1473.2
2026-08-17 15:09:52,APOLLOHOSP,8870.0
2026-08-17 15:09:53,EICHERMOT,8071.5
2026-08-17 15:09:54,NESTLEIND,1473.4
2026-08-17 15:09:55,SBILIFE,1789.7
2026-08-17 15:09:55,NESTLEIND,1473.5
2026-08-17 15:09:55,SBILIFE,1790.0
2026-08-17 15:09:56,NESTLEIND,1473.6
2026-08-17 15:09:56,GRASIM,3258.6
2026-08-17 15:09:57,GRASIM,3260.8
2026-08-17 15:09:57,SBILIFE,1790.3
2026-08-17 15:09:58,GRASIM,3260.4
2026-08-17 15:09:58,SBILIFE,1791.0
2026-08-17 15:10:00,GRASIM,3258.0
2026-08-17 15:10:00,NESTLEIND,1473.5
2026-08-17 15:10:00,SBILIFE,1790.3
2026-08-17 15:10:00,APOLLOHOSP,8869.0
2026-08-17 15:10:01,GRASIM,3260.2
2026-08-17 15:10:01,SBILIFE,1790.9
2026-08-17 15:10:01,NTPC,336.6
2026-08-17 15:10:01,NESTLEIND,1473.4
2026-08-17 15:10:02,NESTLEIND,1473.2
2026-08-17 15:10:02,APOLLOHOSP,8868.5
2026-08-17 15:10:02,NESTLEIND,1473.1
2026-08-17 15:10:02,SBILIFE,1791.0
2026-08-17 15:10:02,EICHERMOT,8074.0
2026-08-17 15:10:02,NTPC,336.55
2026-08-17 15:10:03,SBILIFE,1790.9
2026-08-17 15:10:03,GRASIM,3260.1
2026-08-17 15:10:03,SBILIFE,1791.0
2026-08-17 15:10:04,EICHERMOT,8072.5
2026-08-17 15:10:04,NESTLEIND,1472.9
2026-08-17 15:10:04,NTPC,336.6
2026-08-17 15:10:04,APOLLOHOSP,8868.0
2026-08-17 15:10:05,NESTLEIND,1472.5
2026-08-17 15:10:05,SBILIFE,1790.8
2026-08-17 15:10:05,APOLLOHOSP,8866.5
2026-08-17 15:10:05,SBILIFE,1790.9
2026-08-17 15:10:06,NESTLEIND,1472.9
2026-08-17 15:10:06,NTPC,336.55
2026-08-17 15:10:06,GRASIM,3260.2
2026-08-17 15:10:06,SBILIFE,1790.7
2026-08-17 15:10:06,NTPC,336.6
2026-08-17 15:10:06,GRASIM,3260.7
2026-08-17 15:10:06,APOLLOHOSP,8870.0
2026-08-17 15:10:07,GRASIM,3260.6
2026-08-17 15:10:07,APOLLOHOSP,8870.5
2026-08-17 15:10:08,NESTLEIND,1472.7
2026-08-17 15:10:08,GRASIM,3260.3
2026-08-17 15:10:08,APOLLOHOSP,8867.0
2026-08-17 15:10:08,NESTLEIND,1472.5
2026-08-17 15:10:09,APOLLOHOSP,8867.5
2026-08-17 15:10:09,SBILIFE,1790.3
2026-08-17 15:10:10,NESTLEIND,1472.7
2026-08-17 15:10:10,NTPC,336.55
2026-08-17 15:10:10,GRASIM,3260.4
2026-08-17 15:10:10,EICHERMOT,8073.0
2026-08-17 15:10:10,NESTLEIND,1472.5
2026-08-17 15:10:10,NTPC,336.6
2026-08-17 15:10:11,NESTLEIND,1472.8
2026-08-17 15:10:12,GRASIM,3260.1
2026-08-17 15:10:12,NESTLEIND,1472.6
2026-08-17 15:10:12,EICHERMOT,8072.5
2026-08-17 15:10:13,NTPC,336.55
2026-08-17 15:10:13,APOLLOHOSP,8868.0
2026-08-17 15:10:13,GRASIM,3260.2
2026-08-17 15:10:14,SBILIFE,1790.4
2026-08-17 15:10:14,EICHERMOT,8073.5
2026-08-17 15:10:14,NTPC,336.6
2026-08-17 15:10:14,APOLLOHOSP,8870.5
2026-08-17 15:10:14,EICHERMOT,8073.0
2026-08-17 15:10:14,NTPC,336.55
2026-08-17 15:10:15,NTPC,336.6
2026-08-17 15:10:15,SBILIFE,1790.3
2026-08-17 15:10:16,NESTLEIND,1472.5
2026-08-17 15:10:16,NTPC,336.75
2026-08-17 15:10:16,GRASIM,3260.0
2026-08-17 15:10:16,NESTLEIND,1472.3
2026-08-17 15:10:16,SBILIFE,1790.2
2026-08-17 15:10:16,GRASIM,3260.1
2026-08-17 15:10:16,APOLLOHOSP,8869.0
2026-08-17 15:10:16,NTPC,336.7
2026-08-17 15:10:17,NESTLEIND,1472.0
2026-08-17 15:10:17,SBILIFE,1790.3
2026-08-17 15:10:17,GRASIM,3260.0
2026-08-17 15:10:18,EICHERMOT,8073.5
2026-08-17 15:10:18,NTPC,336.75
2026-08-17 15:10:18,GRASIM,3260.1
2026-08-17 15:10:18,APOLLOHOSP,8858.5
2026-08-17 15:10:18,SBILIFE,1790.2
2026-08-17 15:10:18,NESTLEIND,1472.2
2026-08-17 15:10:18,NTPC,336.65
2026-08-17 15:10:19,APOLLOHOSP,8859.0
2026-08-17 15:10:19,NTPC,336.75
2026-08-17 15:10:20,NESTLEIND,1474.2
2026-08-17 15:10:20,APOLLOHOSP,8860.0
2026-08-17 15:10:20,NESTLEIND,1473.6
2026-08-17 15:10:20,SBILIFE,1790.1
2026-08-17 15:10:21,APOLLOHOSP,8859.5
2026-08-17 15:10:21,NESTLEIND,1473.5
2026-08-17 15:10:21,NTPC,336.7
2026-08-17 15:10:22,GRASIM,3260.0
2026-08-17 15:10:22,NTPC,336.75
2026-08-17 15:10:22,GRASIM,3261.9
2026-08-17 15:10:23,APOLLOHOSP,8856.0
2026-08-17 15:10:23,NESTLEIND,1473.2
2026-08-17 15:10:23,SBILIFE,1790.2
2026-08-17 15:10:23,EICHERMOT,8074.5
2026-08-17 15:10:23,GRASIM,3260.1
2026-08-17 15:10:23,APOLLOHOSP,8860.0
2026-08-17 15:10:24,EICHERMOT,8073.0
2026-08-17 15:10:24,NESTLEIND,1473.4
2026-08-17 15:10:24,SBILIFE,1790.3
2026-08-17 15:10:24,NTPC,336.65
2026-08-17 15:10:25,NESTLEIND,1473.1
2026-08-17 15:10:25,SBILIFE,1790.2
2026-08-17 15:10:26,APOLLOHOSP,8859.5
2026-08-17 15:10:26,GRASIM,3260.6
2026-08-17 15:10:28,NESTLEIND,1473.2
2026-08-17 15:10:28,NTPC,336.75
2026-08-17 15:10:28,APOLLOHOSP,8860.0
2026-08-17 15:10:28,GRASIM,3260.2
2026-08-17 15:10:28,NESTLEIND,1473.4
2026-08-17 15:10:28,SBILIFE,1790.3
2026-08-17 15:10:28,NTPC,336.6
2026-08-17 15:10:28,APOLLOHOSP,8864.5
2026-08-17 15:10:29,EICHERMOT,8074.0
2026-08-17 15:10:29,GRASIM,3260.1
2026-08-17 15:10:29,SBILIFE,1790.2
2026-08-17 15:10:29,NTPC,336.55
2026-08-17 15:10:30,NESTLEIND,1473.2
2026-08-17 15:10:30,EICHERMOT,8073.0
2026-08-17 15:10:30,GRASIM,3260.4
2026-08-17 15:10:30,APOLLOHOSP,8860.5
2026-08-17 15:10:30,EICHERMOT,8075.5
2026-08-17 15:10:30,NTPC,336.75
2026-08-17 15:10:30,GRASIM,3260.2
2026-08-17 15:10:30,APOLLOHOSP,8862.5
2026-08-17 15:10:31,EICHERMOT,8074.5
2026-08-17 15:10:31,APOLLOHOSP,8870.0
2026-08-17 15:10:31,NTPC,336.7
2026-08-17 15:10:31,GRASIM,3260.0
2026-08-17 15:10:32,EICHERMOT,8075.5
2026-08-17 15:10:32,EICHERMOT,8073.0
2026-08-17 15:10:32,NTPC,336.65
2026-08-17 15:10:32,SBILIFE,1790.3
2026-08-17 15:10:33,SBILIFE,1790.2
2026-08-17 15:10:34,NTPC,336.55
2026-08-17 15:10:34,NTPC,336.7
2026-08-17 15:10:34,GRASIM,3260.4
2026-08-17 15:10:35,EICHERMOT,8074.5
2026-08-17 15:10:35,GRASIM,3260.0
2026-08-17 15:10:35,APOLLOHOSP,8871.0
2026-08-17 15:10:36,NESTLEIND,1473.1
2026-08-17 15:10:36,NESTLEIND,1473.2
2026-08-17 15:10:36,SBILIFE,1790.3
2026-08-17 15:10:37,EICHERMOT,8073.0
2026-08-17 15:10:37,NTPC,336.65
2026-08-17 15:10:38,NTPC,336.7
2026-08-17 15:10:38,APOLLOHOSP,8870.0
2026-08-17 15:10:38,GRASIM,3260.6
2026-08-17 15:10:39,APOLLOHOSP,8866.5
2026-08-17 15:10:40,GRASIM,3260.0
2026-08-17 15:10:41,NTPC,336.65
2026-08-17 15:10:41,NESTLEIND,1473.1
2026-08-17 15:10:41,SBILIFE,1790.2
2026-08-17 15:10:42,NESTLEIND,1473.0
2026-08-17 15:10:42,NTPC,336.6
2026-08-17 15:10:42,GRASIM,3259.7
2026-08-17 15:10:42,APOLLOHOSP,8867.0
2026-08-17 15:10:42,EICHERMOT,8071.5
2026-08-17 15:10:42,NTPC,336.7
2026-08-17 15:10:42,NESTLEIND,1472.7
2026-08-17 15:10:43,SBILIFE,1790.1
2026-08-17 15:10:43,SBILIFE,1790.3
2026-08-17 15:10:44,NESTLEIND,1473.1
2026-08-17 15:10:44,EICHERMOT,8073.0
2026-08-17 15:10:45,EICHERMOT,8070.5
2026-08-17 15:10:45,APOLLOHOSP,8864.5
2026-08-17 15:10:45,APOLLOHOSP,8867.0
2026-08-17 15:10:46,NTPC,336.75
2026-08-17 15:10:46,GRASIM,3261.0
2026-08-17 15:10:46,NESTLEIND,1472.7
2026-08-17 15:10:46,NTPC,336.7
2026-08-17 15:10:47,GRASIM,3259.4
2026-08-17 15:10:47,APOLLOHOSP,8864.5
2026-08-17 15:10:47,NESTLEIND,1473.0
2026-08-17 15:10:48,SBILIFE,1790.2
2026-08-17 15:10:48,EICHERMOT,8073.0
2026-08-17 15:10:48,GRASIM,3258.4
2026-08-17 15:10:49,APOLLOHOSP,8863.5
2026-08-17 15:10:49,SBILIFE,1790.3
2026-08-17 15:10:49,NTPC,336.65
2026-08-17 15:10:49,GRASIM,3259.2
2026-08-17 15:10:50,EICHERMOT,8070.5
2026-08-17 15:10:50,APOLLOHOSP,8869.0
2026-08-17 15:10:50,NTPC,336.7
2026-08-17 15:10:50,GRASIM,3260.6
2026-08-17 15:10:50,APOLLOHOSP,8870.0
2026-08-17 15:10:51,NESTLEIND,1473.6
2026-08-17 15:10:51,EICHERMOT,8074.5
2026-08-17 15:10:51,SBILIFE,1790.2
2026-08-17 15:10:51,EICHERMOT,8070.5
2026-08-17 15:10:52,NTPC,336.65
2026-08-17 15:10:52,SBILIFE,1790.1
2026-08-17 15:10:52,NESTLEIND,1473.0
2026-08-17 15:10:52,NTPC,336.7
2026-08-17 15:10:52,APOLLOHOSP,8864.5
2026-08-17 15:10:53,EICHERMOT,8073.5
2026-08-17 15:10:53,GRASIM,3260.7
2026-08-17 15:10:53,SBILIFE,1790.3
2026-08-17 15:10:54,NESTLEIND,1472.9
2026-08-17 15:10:54,EICHERMOT,8073.0
2026-08-17 15:10:54,APOLLOHOSP,8868.5
2026-08-17 15:10:54,NESTLEIND,1473.6
2026-08-17 15:10:54,SBILIFE,1790.2
2026-08-17 15:10:54,NTPC,336.65
2026-08-17 15:10:55,EICHERMOT,8074.5
2026-08-17 15:10:55,GRASIM,3260.6
2026-08-17 15:10:55,APOLLOHOSP,8865.0
2026-08-17 15:10:55,NTPC,336.6
2026-08-17 15:10:56,EICHERMOT,8073.0
2026-08-17 15:10:56,GRASIM,3260.7
2026-08-17 15:10:57,NESTLEIND,1473.1
2026-08-17 15:10:58,APOLLOHOSP,8865.5
2026-08-17 15:10:58,NESTLEIND,1473.6
2026-08-17 15:10:58,SBILIFE,1790.3
2026-08-17 15:10:58,APOLLOHOSP,8869.0
2026-08-17 15:10:59,NTPC,336.55
2026-08-17 15:10:59,GRASIM,3260.6
2026-08-17 15:11:00,NESTLEIND,1473.4
2026-08-17 15:11:00,EICHERMOT,8074.5
2026-08-17 15:11:00,NTPC,336.65
2026-08-17 15:11:00,GRASIM,3260.7
2026-08-17 15:11:00,NESTLEIND,1473.9
2026-08-17 15:11:00,EICHERMOT,8073.0
2026-08-17 15:11:00,NTPC,336.7
2026-08-17 15:11:00,SBILIFE,1790.2
2026-08-17 15:11:00,APOLLOHOSP,8866.0
2026-08-17 15:11:01,NESTLEIND,1474.0
2026-08-17 15:11:01,APOLLOHOSP,8870.0
2026-08-17 15:11:01,APOLLOHOSP,8867.0
2026-08-17 15:11:02,EICHERMOT,8074.5
2026-08-17 15:11:02,APOLLOHOSP,8869.5
2026-08-17 15:11:02,NTPC,336.65
2026-08-17 15:11:02,NESTLEIND,1473.3
2026-08-17 15:11:02,SBILIFE,1790.0
2026-08-17 15:11:02,EICHERMOT,8073.0
2026-08-17 15:11:03,GRASIM,3260.6
2026-08-17 15:11:04,SBILIFE,1790.1
2026-08-17 15:11:04,GRASIM,3260.7
2026-08-17 15:11:04,NESTLEIND,1473.4
2026-08-17 15:11:05,APOLLOHOSP,8867.5
2026-08-17 15:11:05,NTPC,336.6
2026-08-17 15:11:06,SBILIFE,1790.2
2026-08-17 15:11:06,SBILIFE,1790.1
2026-08-17 15:11:06,NTPC,336.55
2026-08-17 15:11:06,NESTLEIND,1473.9
2026-08-17 15:11:07,NESTLEIND,1473.6
2026-08-17 15:11:07,SBILIFE,1790.2
2026-08-17 15:11:07,NTPC,336.6
2026-08-17 15:11:08,NESTLEIND,1473.3
2026-08-17 15:11:08,GRASIM,3261.3
2026-08-17 15:11:08,APOLLOHOSP,8868.5
2026-08-17 15:11:08,SBILIFE,1790.0
2026-08-17 15:11:08,EICHERMOT,8074.5
2026-08-17 15:11:09,APOLLOHOSP,8862.5
2026-08-17 15:11:09,GRASIM,3262.9
2026-08-17 15:11:10,NESTLEIND,1473.6
2026-08-17 15:11:10,EICHERMOT,8073.5
2026-08-17 15:11:11,GRASIM,3260.9
2026-08-17 15:11:11,EICHERMOT,8075.5
2026-08-17 15:11:11,GRASIM,3262.8
2026-08-17 15:11:11,APOLLOHOSP,8870.0
2026-08-17 15:11:12,NESTLEIND,1473.3
2026-08-17 15:11:12,NTPC,336.65
2026-08-17 15:11:12,APOLLOHOSP,8868.5
2026-08-17 15:11:13,EICHERMOT,8077.0
2026-08-17 15:11:13,APOLLOHOSP,8870.0
2026-08-17 15:11:14,NESTLEIND,1473.6
2026-08-17 15:11:14,GRASIM,3262.6
2026-08-17 15:11:14,NESTLEIND,1473.3
2026-08-17 15:11:14,NTPC,336.7
2026-08-17 15:11:15,EICHERMOT,8074.5
2026-08-17 15:11:15,NESTLEIND,1473.5
2026-08-17 15:11:16,NESTLEIND,1473.4
2026-08-17 15:11:17,APOLLOHOSP,8869.5
2026-08-17 15:11:17,NESTLEIND,1473.5
2026-08-17 15:11:18,NESTLEIND,1473.4
2026-08-17 15:11:18,GRASIM,3260.9
2026-08-17 15:11:18,SBILIFE,1789.6
2026-08-17 15:11:18,NESTLEIND,1473.5
2026-08-17 15:11:19,NESTLEIND,1473.4
2026-08-17 15:11:19,GRASIM,3262.6
2026-08-17 15:11:19,APOLLOHOSP,8870.0
2026-08-17 15:11:19,SBILIFE,1790.0
2026-08-17 15:11:20,SBILIFE,1789.9
2026-08-17 15:11:20,EICHERMOT,8074.0
2026-08-17 15:11:20,NESTLEIND,1473.3
2026-08-17 15:11:20,NTPC,336.6
2026-08-17 15:11:21,NTPC,336.7
2026-08-17 15:11:21,GRASIM,3262.2
2026-08-17 15:11:21,APOLLOHOSP,8869.5
2026-08-17 15:11:21,EICHERMOT,8074.5
2026-08-17 15:11:22,NESTLEIND,1473.4
2026-08-17 15:11:22,NTPC,336.55
2026-08-17 15:11:22,APOLLOHOSP,8870.0
2026-08-17 15:11:23,EICHERMOT,8074.0
2026-08-17 15:11:23,GRASIM,3261.2
2026-08-17 15:11:23,SBILIFE,1789.7
2026-08-17 15:11:23,EICHERMOT,8078.0
2026-08-17 15:11:24,SBILIFE,1789.9
2026-08-17 15:11:24,EICHERMOT,8076.0
2026-08-17 15:11:24,NTPC,336.7
2026-08-17 15:11:24,GRASIM,3263.0
2026-08-17 15:11:24,APOLLOHOSP,8869.5
2026-08-17 15:11:24,NTPC,336.6
2026-08-17 15:11:24,GRASIM,3262.6
2026-08-17 15:11:24,APOLLOHOSP,8870.0
2026-08-17 15:11:25,EICHERMOT,8079.0
2026-08-17 15:11:26,EICHERMOT,8077.0
2026-08-17 15:11:26,GRASIM,3263.0
2026-08-17 15:11:26,NTPC,336.55
2026-08-17 15:11:27,NESTLEIND,1473.3
2026-08-17 15:11:27,EICHERMOT,8074.0
2026-08-17 15:11:27,APOLLOHOSP,8869.5
2026-08-17 15:11:27,NTPC,336.75
2026-08-17 15:11:28,NESTLEIND,1473.4
2026-08-17 15:11:28,SBILIFE,1789.4
2026-08-17 15:11:28,EICHERMOT,8078.5
2026-08-17 15:11:28,NTPC,336.7
2026-08-17 15:11:28,GRASIM,3262.4
2026-08-17 15:11:28,APOLLOHOSP,8870.0
2026-08-17 15:11:28,SBILIFE,1790.0
2026-08-17 15:11:28,EICHERMOT,8073.5
2026-08-17 15:11:29,SBILIFE,1789.2
2026-08-17 15:11:29,NTPC,336.65
2026-08-17 15:11:29,GRASIM,3261.2
2026-08-17 15:11:29,APOLLOHOSP,8868.5
2026-08-17 15:11:30,NESTLEIND,1473.3
2026-08-17 15:11:30,APOLLOHOSP,8870.0
2026-08-17 15:11:30,NESTLEIND,1473.4
2026-08-17 15:11:30,NTPC,336.75
2026-08-17 15:11:30,APOLLOHOSP,8868.5
2026-08-17 15:11:31,EICHERMOT,8077.0
2026-08-17 15:11:32,EICHERMOT,8072.5
2026-08-17 15:11:32,NESTLEIND,1473.3
2026-08-17 15:11:32,NTPC,336.7
2026-08-17 15:11:32,GRASIM,3262.0
2026-08-17 15:11:32,NTPC,336.75
2026-08-17 15:11:32,APOLLOHOSP,8870.0
2026-08-17 15:11:33,EICHERMOT,8073.0
2026-08-17 15:11:33,NESTLEIND,1473.4
2026-08-17 15:11:33,SBILIFE,1789.5
2026-08-17 15:11:33,GRASIM,3260.7
2026-08-17 15:11:33,APOLLOHOSP,8868.5
2026-08-17 15:11:34,NTPC,336.7
2026-08-17 15:11:34,APOLLOHOSP,8870.0
2026-08-17 15:11:34,SBILIFE,1789.8
2026-08-17 15:11:35,EICHERMOT,8073.5
2026-08-17 15:11:35,APOLLOHOSP,8869.0
2026-08-17 15:11:35,SBILIFE,1789.5
2026-08-17 15:11:35,NTPC,336.75
2026-08-17 15:11:36,APOLLOHOSP,8868.5
2026-08-17 15:11:36,SBILIFE,1789.9
2026-08-17 15:11:37,GRASIM,3261.3
2026-08-17 15:11:37,SBILIFE,1790.0
2026-08-17 15:11:39,APOLLOHOSP,8870.0
2026-08-17 15:11:39,EICHERMOT,8074.5
2026-08-17 15:11:40,EICHERMOT,8074.0
2026-08-17 15:11:40,GRASIM,3261.9
2026-08-17 15:11:41,EICHERMOT,8078.5
2026-08-17 15:11:41,NESTLEIND,1473.3
2026-08-17 15:11:42,EICHERMOT,8078.0
2026-08-17 15:11:42,GRASIM,3261.3
2026-08-17 15:11:42,SBILIFE,1790.1
2026-08-17 15:11:42,NTPC,336.65
2026-08-17 15:11:43,SBILIFE,1790.0
2026-08-17 15:11:43,APOLLOHOSP,8868.5
2026-08-17 15:11:43,NESTLEIND,1473.4
2026-08-17 15:11:43,SBILIFE,1790.2
2026-08-17 15:11:43,NTPC,336.75
2026-08-17 15:11:43,GRASIM,3261.8
2026-08-17 15:11:44,NESTLEIND,1473.3
2026-08-17 15:11:44,EICHERMOT,8078.5
2026-08-17 15:11:44,APOLLOHOSP,8870.0
2026-08-17 15:11:44,NESTLEIND,1473.4
2026-08-17 15:11:44,NTPC,336.7
2026-08-17 15:11:45,NTPC,336.75
2026-08-17 15:11:46,EICHERMOT,8077.5
2026-08-17 15:11:46,GRASIM,3261.2
2026-08-17 15:11:46,SBILIFE,1790.1
2026-08-17 15:11:46,NTPC,336.65
2026-08-17 15:11:47,NESTLEIND,1473.3
2026-08-17 15:11:47,SBILIFE,1790.0
2026-08-17 15:11:47,EICHERMOT,8074.5
2026-08-17 15:11:47,APOLLOHOSP,8868.5
2026-08-17 15:11:48,NESTLEIND,1473.4
2026-08-17 15:11:48,NTPC,336.7
2026-08-17 15:11:49,GRASIM,3261.0
2026-08-17 15:11:49,SBILIFE,1790.2
2026-08-17 15:11:49,EICHERMOT,8077.0
2026-08-17 15:11:50,SBILIFE,1790.1
2026-08-17 15:11:50,APOLLOHOSP,8870.0
2026-08-17 15:11:50,NTPC,336.75
2026-08-17 15:11:52,NTPC,336.7
2026-08-17 15:11:52,SBILIFE,1790.0
2026-08-17 15:11:52,NTPC,336.8
2026-08-17 15:11:53,EICHERMOT,8073.5
2026-08-17 15:11:53,GRASIM,3260.6
2026-08-17 15:11:53,SBILIFE,1789.9
2026-08-17 15:11:53,GRASIM,3261.0
2026-08-17 15:11:53,APOLLOHOSP,8869.5
2026-08-17 15:11:54,NTPC,336.75
2026-08-17 15:11:54,GRASIM,3260.6
2026-08-17 15:11:54,APOLLOHOSP,8866.0
2026-08-17 15:11:56,NTPC,336.7
2026-08-17 15:11:56,APOLLOHOSP,8868.5
2026-08-17 15:11:56,NESTLEIND,1473.3
2026-08-17 15:11:56,SBILIFE,1790.1
2026-08-17 15:11:56,NTPC,336.75
2026-08-17 15:11:57,SBILIFE,1789.9
2026-08-17 15:11:57,GRASIM,3261.0
2026-08-17 15:11:57,SBILIFE,1790.0
2026-08-17 15:11:57,EICHERMOT,8070.0
2026-08-17 15:11:58,EICHERMOT,8076.0
2026-08-17 15:11:58,GRASIM,3260.6
2026-08-17 15:11:58,NESTLEIND,1473.4
2026-08-17 15:11:58,SBILIFE,1790.1
2026-08-17 15:11:59,NTPC,336.7
2026-08-17 15:11:59,GRASIM,3261.0
2026-08-17 15:11:59,APOLLOHOSP,8870.0
2026-08-17 15:12:00,NESTLEIND,1473.3
2026-08-17 15:12:00,EICHERMOT,8072.5
2026-08-17 15:12:00,GRASIM,3260.6
2026-08-17 15:12:00,APOLLOHOSP,8868.5
2026-08-17 15:12:00,NESTLEIND,1473.4
2026-08-17 15:12:00,SBILIFE,1789.9
2026-08-17 15:12:00,NTPC,336.85
2026-08-17 15:12:00,GRASIM,3261.0
2026-08-17 15:12:01,GRASIM,3260.6
2026-08-17 15:12:01,NESTLEIND,1473.3
2026-08-17 15:12:02,NESTLEIND,1473.4
2026-08-17 15:12:02,EICHERMOT,8077.0
2026-08-17 15:12:02,NTPC,336.75
2026-08-17 15:12:02,NESTLEIND,1473.3
2026-08-17 15:12:02,NTPC,336.85
2026-08-17 15:12:03,EICHERMOT,8076.0
2026-08-17 15:12:03,APOLLOHOSP,8869.0
2026-08-17 15:12:03,SBILIFE,1790.1
2026-08-17 15:12:03,APOLLOHOSP,8870.0
2026-08-17 15:12:04,SBILIFE,1789.8
2026-08-17 15:12:04,EICHERMOT,8077.0
2026-08-17 15:12:04,NTPC,336.8
2026-08-17 15:12:04,GRASIM,3261.0
2026-08-17 15:12:04,NTPC,336.7
2026-08-17 15:12:04,NESTLEIND,1473.4
2026-08-17 15:12:05,SBILIFE,1788.7
2026-08-17 15:12:05,NTPC,336.8
2026-08-17 15:12:05,GRASIM,3260.6
2026-08-17 15:12:05,EICHERMOT,8076.0
2026-08-17 15:12:06,SBILIFE,1789.6
2026-08-17 15:12:06,APOLLOHOSP,8869.0
2026-08-17 15:12:06,EICHERMOT,8077.5
2026-08-17 15:12:07,SBILIFE,1788.3
2026-08-17 15:12:07,APOLLOHOSP,8870.0
2026-08-17 15:12:07,SBILIFE,1789.7
2026-08-17 15:12:07,EICHERMOT,8076.5
2026-08-17 15:12:08,EICHERMOT,8077.5
2026-08-17 15:12:08,NTPC,336.85
2026-08-17 15:12:08,APOLLOHOSP,8869.0
2026-08-17 15:12:08,NESTLEIND,1473.3
2026-08-17 15:12:08,NTPC,336.8
2026-08-17 15:12:08,APOLLOHOSP,8864.0
2026-08-17 15:12:09,EICHERMOT,8072.5
2026-08-17 15:12:09,GRASIM,3261.0
2026-08-17 15:12:09,NESTLEIND,1473.4
2026-08-17 15:12:10,EICHERMOT,8077.5
2026-08-17 15:12:10,NTPC,336.85
2026-08-17 15:12:10,APOLLOHOSP,8870.0
2026-08-17 15:12:10,SBILIFE,1789.3
2026-08-17 15:12:10,NTPC,336.8
2026-08-17 15:12:10,GRASIM,3260.6
2026-08-17 15:12:10,APOLLOHOSP,8864.5
2026-08-17 15:12:11,EICHERMOT,8073.5
2026-08-17 15:12:11,NESTLEIND,1473.3
2026-08-17 15:12:11,NTPC,336.75
2026-08-17 15:12:11,GRASIM,3261.1
2026-08-17 15:12:11,SBILIFE,1790.4
2026-08-17 15:12:12,SBILIFE,1789.9
2026-08-17 15:12:12,EICHERMOT,8071.0
2026-08-17 15:12:12,GRASIM,3260.6
2026-08-17 15:12:12,APOLLOHOSP,8866.5
2026-08-17 15:12:12,NESTLEIND,1473.4
2026-08-17 15:12:12,EICHERMOT,8071.5
2026-08-17 15:12:12,NTPC,336.8
2026-08-17 15:12:13,EICHERMOT,8079.5
2026-08-17 15:12:13,GRASIM,3260.9
2026-08-17 15:12:13,SBILIFE,1790.9
2026-08-17 15:12:13,GRASIM,3260.6
2026-08-17 15:12:14,NESTLEIND,1473.3
2026-08-17 15:12:14,EICHERMOT,8076.5
2026-08-17 15:12:14,APOLLOHOSP,8861.0
2026-08-17 15:12:14,EICHERMOT,8078.0
2026-08-17 15:12:15,EICHERMOT,8083.5
2026-08-17 15:12:15,GRASIM,3261.0
2026-08-17 15:12:15,EICHERMOT,8078.0
2026-08-17 15:12:16,NESTLEIND,1473.4
2026-08-17 15:12:16,EICHERMOT,8077.0
2026-08-17 15:12:16,GRASIM,3261.1
2026-08-17 15:12:16,APOLLOHOSP,8868.0
2026-08-17 15:12:16,NESTLEIND,1473.3
2026-08-17 15:12:16,NTPC,336.75
2026-08-17 15:12:17,GRASIM,3261.0
2026-08-17 15:12:17,EICHERMOT,8074.0
2026-08-17 15:12:18,EICHERMOT,8079.5
2026-08-17 15:12:18,NTPC,336.8
2026-08-17 15:12:18,GRASIM,3261.1
2026-08-17 15:12:18,NESTLEIND,1473.4
2026-08-17 15:12:18,SBILIFE,1790.8
2026-08-17 15:12:18,NTPC,336.85
2026-08-17 15:12:18,GRASIM,3260.6
2026-08-17 15:12:18,APOLLOHOSP,8870.0
2026-08-17 15:12:19,EICHERMOT,8079.0
2026-08-17 15:12:19,GRASIM,3261.1
2026-08-17 15:12:19,NESTLEIND,1473.3
2026-08-17 15:12:19,SBILIFE,1791.1
2026-08-17 15:12:19,GRASIM,3260.6
2026-08-17 15:12:19,APOLLOHOSP,8871.0
2026-08-17 15:12:20,NESTLEIND,1473.4
2026-08-17 15:12:20,GRASIM,3261.1
2026-08-17 15:12:20,NTPC,336.8
2026-08-17 15:12:20,APOLLOHOSP,8870.0
2026-08-17 15:12:21,EICHERMOT,8074.5
2026-08-17 15:12:21,APOLLOHOSP,8871.0
2026-08-17 15:12:22,EICHERMOT,8079.0
2026-08-17 15:12:22,NTPC,336.85
2026-08-17 15:12:22,EICHERMOT,8073.5
2026-08-17 15:12:23,SBILIFE,1790.6
2026-08-17 15:12:23,EICHERMOT,8078.0
2026-08-17 15:12:23,NTPC,336.8
2026-08-17 15:12:23,GRASIM,3260.6
2026-08-17 15:12:23,EICHERMOT,8073.5
2026-08-17 15:12:24,NESTLEIND,1473.3
2026-08-17 15:12:24,SBILIFE,1791.1
2026-08-17 15:12:24,APOLLOHOSP,8871.5
2026-08-17 15:12:24,NTPC,336.65
2026-08-17 15:12:24,NESTLEIND,1473.4
2026-08-17 15:12:25,NTPC,336.75
2026-08-17 15:12:26,EICHERMOT,8074.5
2026-08-17 15:12:26,GRASIM,3260.9
2026-08-17 15:12:26,SBILIFE,1790.8
2026-08-17 15:12:26,NTPC,336.8
2026-08-17 15:12:26,GRASIM,3261.3
2026-08-17 15:12:27,EICHERMOT,8073.5
2026-08-17 15:12:27,NESTLEIND,1473.3
2026-08-17 15:12:28,NTPC,336.75
2026-08-17 15:12:28,GRASIM,3260.7
2026-08-17 15:12:28,APOLLOHOSP,8872.0
2026-08-17 15:12:28,NESTLEIND,1473.4
2026-08-17 15:12:28,NTPC,336.8
2026-08-17 15:12:28,GRASIM,3260.9
2026-08-17 15:12:28,APOLLOHOSP,8871.5
2026-08-17 15:12:29,GRASIM,3261.2
2026-08-17 15:12:29,NESTLEIND,1473.3
2026-08-17 15:12:29,NTPC,336.75
2026-08-17 15:12:29,GRASIM,3261.0
2026-08-17 15:12:30,SBILIFE,1790.6
2026-08-17 15:12:30,NESTLEIND,1473.4
2026-08-17 15:12:30,EICHERMOT,8078.0
2026-08-17 15:12:30,APOLLOHOSP,8870.0
2026-08-17 15:12:30,NTPC,336.65
2026-08-17 15:12:31,EICHERMOT,8073.5
2026-08-17 15:12:31,GRASIM,3260.6
2026-08-17 15:12:31,NESTLEIND,1473.3
2026-08-17 15:12:31,NTPC,336.8
2026-08-17 15:12:31,APOLLOHOSP,8871.5
2026-08-17 15:12:32,SBILIFE,1790.7
2026-08-17 15:12:32,EICHERMOT,8078.0
2026-08-17 15:12:32,NTPC,336.7
2026-08-17 15:12:32,APOLLOHOSP,8866.0
2026-08-17 15:12:32,NESTLEIND,1473.4
2026-08-17 15:12:32,SBILIFE,1791.4
2026-08-17 15:12:32,EICHERMOT,8073.5
2026-08-17 15:12:32,NTPC,336.85
2026-08-17 15:12:33,SBILIFE,1790.7
2026-08-17 15:12:33,EICHERMOT,8078.0
2026-08-17 15:12:33,NTPC,336.7
2026-08-17 15:12:33,APOLLOHOSP,8870.0
2026-08-17 15:12:33,SBILIFE,1792.1
2026-08-17 15:12:33,EICHERMOT,8073.5
2026-08-17 15:12:34,EICHERMOT,8073.0
2026-08-17 15:12:34,NTPC,336.75
2026-08-17 15:12:34,GRASIM,3259.0
2026-08-17 15:12:35,SBILIFE,1790.7
2026-08-17 15:12:35,EICHERMOT,8074.0
2026-08-17 15:12:35,APOLLOHOSP,8872.0
2026-08-17 15:12:35,SBILIFE,1792.1
2026-08-17 15:12:35,EICHERMOT,8073.5
2026-08-17 15:12:36,SBILIFE,1791.0
2026-08-17 15:12:36,GRASIM,3258.0
2026-08-17 15:12:36,APOLLOHOSP,8871.0
2026-08-17 15:12:36,NESTLEIND,1473.3
2026-08-17 15:12:36,SBILIFE,1792.1
2026-08-17 15:12:36,NTPC,336.85
2026-08-17 15:12:37,EICHERMOT,8078.0
2026-08-17 15:12:37,APOLLOHOSP,8872.0
2026-08-17 15:12:37,GRASIM,3255.9
2026-08-17 15:12:38,NESTLEIND,1473.4
2026-08-17 15:12:38,EICHERMOT,8073.0
2026-08-17 15:12:38,SBILIFE,1792.2
2026-08-17 15:12:38,GRASIM,3258.3
2026-08-17 15:12:38,APOLLOHOSP,8871.0
2026-08-17 15:12:39,EICHERMOT,8072.0
2026-08-17 15:12:39,GRASIM,3257.5
2026-08-17 15:12:39,NESTLEIND,1472.4
2026-08-17 15:12:39,SBILIFE,1790.9
2026-08-17 15:12:39,NTPC,336.8
2026-08-17 15:12:39,GRASIM,3257.0
2026-08-17 15:12:40,NESTLEIND,1473.2
2026-08-17 15:12:40,SBILIFE,1792.1
2026-08-17 15:12:40,EICHERMOT,8076.0
2026-08-17 15:12:40,NTPC,336.85
2026-08-17 15:12:40,GRASIM,3257.1
2026-08-17 15:12:40,NESTLEIND,1472.4
2026-08-17 15:12:40,EICHERMOT,8077.5
2026-08-17 15:12:41,SBILIFE,1791.0
2026-08-17 15:12:41,GRASIM,3260.1
2026-08-17 15:12:42,SBILIFE,1791.1
2026-08-17 15:12:42,GRASIM,3260.7
2026-08-17 15:12:42,EICHERMOT,8077.0
2026-08-17 15:12:43,SBILIFE,1791.5
2026-08-17 15:12:43,GRASIM,3258.8
2026-08-17 15:12:43,SBILIFE,1791.9
2026-08-17 15:12:43,EICHERMOT,8071.5
2026-08-17 15:12:44,NESTLEIND,1472.3
2026-08-17 15:12:44,EICHERMOT,8077.0
2026-08-17 15:12:44,GRASIM,3259.0
2026-08-17 15:12:44,SBILIFE,1791.1
2026-08-17 15:12:45,EICHERMOT,8078.0
2026-08-17 15:12:45,NESTLEIND,1473.1
2026-08-17 15:12:46,SBILIFE,1791.0
2026-08-17 15:12:46,EICHERMOT,8078.5
2026-08-17 15:12:46,NTPC,336.8
2026-08-17 15:12:46,GRASIM,3261.2
2026-08-17 15:12:46,APOLLOHOSP,8872.0
2026-08-17 15:12:46,NTPC,336.7
2026-08-17 15:12:46,GRASIM,3259.1
2026-08-17 15:12:47,SBILIFE,1790.8
2026-08-17 15:12:47,NTPC,336.75
2026-08-17 15:12:47,GRASIM,3260.7
2026-08-17 15:12:47,APOLLOHOSP,8870.0
2026-08-17 15:12:48,EICHERMOT,8077.5
2026-08-17 15:12:48,GRASIM,3259.1
2026-08-17 15:12:48,SBILIFE,1790.9
2026-08-17 15:12:48,EICHERMOT,8082.0
2026-08-17 15:12:49,NESTLEIND,1473.2
2026-08-17 15:12:49,EICHERMOT,8078.0
2026-08-17 15:12:49,NTPC,336.8
2026-08-17 15:12:49,GRASIM,3260.2
2026-08-17 15:12:49,APOLLOHOSP,8872.0
2026-08-17 15:12:50,SBILIFE,1791.0
2026-08-17 15:12:50,EICHERMOT,8072.0
2026-08-17 15:12:50,APOLLOHOSP,8871.5
2026-08-17 15:12:50,EICHERMOT,8070.5
2026-08-17 15:12:51,NTPC,336.75
2026-08-17 15:12:51,APOLLOHOSP,8872.0
2026-08-17 15:12:51,EICHERMOT,8079.0
2026-08-17 15:12:52,NESTLEIND,1473.1
2026-08-17 15:12:52,EICHERMOT,8074.0
2026-08-17 15:12:52,GRASIM,3258.2
2026-08-17 15:12:52,APOLLOHOSP,8871.5
2026-08-17 15:12:52,SBILIFE,1790.9
2026-08-17 15:12:53,SBILIFE,1790.8
2026-08-17 15:12:53,EICHERMOT,8072.5
2026-08-17 15:12:53,GRASIM,3260.0
2026-08-17 15:12:53,SBILIFE,1791.0
2026-08-17 15:12:53,EICHERMOT,8071.0
2026-08-17 15:12:54,NESTLEIND,1473.2
2026-08-17 15:12:54,SBILIFE,1791.1
2026-08-17 15:12:54,EICHERMOT,8070.0
2026-08-17 15:12:54,NTPC,336.8
2026-08-17 15:12:54,GRASIM,3258.8
2026-08-17 15:12:54,SBILIFE,1790.8
2026-08-17 15:12:54,NTPC,336.75
2026-08-17 15:12:54,GRASIM,3257.3
2026-08-17 15:12:55,EICHERMOT,8071.0
2026-08-17 15:12:55,GRASIM,3257.4
2026-08-17 15:12:55,GRASIM,3260.4
2026-08-17 15:12:55,APOLLOHOSP,8872.0
2026-08-17 15:12:56,NESTLEIND,1473.1
2026-08-17 15:12:56,EICHERMOT,8079.0
2026-08-17 15:12:56,GRASIM,3258.1
2026-08-17 15:12:56,GRASIM,3259.6
2026-08-17 15:12:57,EICHERMOT,8074.0
2026-08-17 15:12:57,NTPC,336.85
2026-08-17 15:12:58,EICHERMOT,8075.0
2026-08-17 15:12:58,GRASIM,3258.5
2026-08-17 15:12:58,NESTLEIND,1473.2
2026-08-17 15:12:58,NTPC,336.9
2026-08-17 15:12:59,NESTLEIND,1473.1
2026-08-17 15:12:59,SBILIFE,1791.8
2026-08-17 15:12:59,GRASIM,3260.0
2026-08-17 15:12:59,SBILIFE,1790.8
2026-08-17 15:13:00,SBILIFE,1790.6
2026-08-17 15:13:00,SBILIFE,1790.8
2026-08-17 15:13:01,SBILIFE,1790.6
2026-08-17 15:13:01,EICHERMOT,8074.0
2026-08-17 15:13:01,APOLLOHOSP,8876.0
2026-08-17 15:13:01,NTPC,336.85
2026-08-17 15:13:01,EICHERMOT,8075.0
2026-08-17 15:13:02,NTPC,336.9
2026-08-17 15:13:02,GRASIM,3261.5
2026-08-17 15:13:02,EICHERMOT,8074.5
2026-08-17 15:13:02,GRASIM,3260.0
2026-08-17 15:13:02,APOLLOHOSP,8872.0
2026-08-17 15:13:03,EICHERMOT,8077.0
2026-08-17 15:13:03,NESTLEIND,1473.2
2026-08-17 15:13:04,EICHERMOT,8071.0
2026-08-17 15:13:04,NTPC,336.85
2026-08-17 15:13:04,APOLLOHOSP,8874.5
2026-08-17 15:13:04,SBILIFE,1790.2
2026-08-17 15:13:04,NTPC,336.9
2026-08-17 15:13:04,GRASIM,3258.6
2026-08-17 15:13:05,EICHERMOT,8074.5
2026-08-17 15:13:05,GRASIM,3258.9
2026-08-17 15:13:05,NESTLEIND,1473.1
2026-08-17 15:13:06,SBILIFE,1790.5
2026-08-17 15:13:06,NTPC,336.85
2026-08-17 15:13:06,EICHERMOT,8074.0
2026-08-17 15:13:07,NESTLEIND,1473.2
2026-08-17 15:13:08,GRASIM,3260.0
2026-08-17 15:13:08,EICHERMOT,8074.5
2026-08-17 15:13:08,SBILIFE,1790.4
2026-08-17 15:13:08,EICHERMOT,8074.0
2026-08-17 15:13:08,NTPC,336.8
2026-08-17 15:13:09,SBILIFE,1790.5
2026-08-17 15:13:09,EICHERMOT,8074.5
2026-08-17 15:13:09,NTPC,336.85
2026-08-17 15:13:09,EICHERMOT,8074.0
2026-08-17 15:13:10,SBILIFE,1791.4
2026-08-17 15:13:10,NTPC,336.8
2026-08-17 15:13:11,NTPC,336.85
2026-08-17 15:13:11,APOLLOHOSP,8876.0
2026-08-17 15:13:11,SBILIFE,1790.3
2026-08-17 15:13:11,EICHERMOT,8074.5
2026-08-17 15:13:12,SBILIFE,1791.4
2026-08-17 15:13:12,EICHERMOT,8074.0
2026-08-17 15:13:12,NESTLEIND,1473.1
2026-08-17 15:13:12,NTPC,336.8
2026-08-17 15:13:12,GRASIM,3260.7
2026-08-17 15:13:12,APOLLOHOSP,8875.0
2026-08-17 15:13:12,NTPC,336.75
2026-08-17 15:13:12,GRASIM,3260.0
2026-08-17 15:13:13,EICHERMOT,8070.5
2026-08-17 15:13:13,NESTLEIND,1473.2
2026-08-17 15:13:13,APOLLOHOSP,8874.5
2026-08-17 15:13:14,NESTLEIND,1473.1
2026-08-17 15:13:14,EICHERMOT,8074.0
2026-08-17 15:13:14,GRASIM,3260.6
2026-08-17 15:13:14,NTPC,336.9
2026-08-17 15:13:14,NESTLEIND,1473.2
2026-08-17 15:13:14,NTPC,336.7
2026-08-17 15:13:15,EICHERMOT,8075.0
2026-08-17 15:13:15,SBILIFE,1790.6
2026-08-17 15:13:15,NTPC,336.85
2026-08-17 15:13:15,GRASIM,3260.7
2026-08-17 15:13:15,APOLLOHOSP,8875.5
2026-08-17 15:13:16,EICHERMOT,8074.0
2026-08-17 15:13:16,GRASIM,3258.7
2026-08-17 15:13:16,APOLLOHOSP,8876.0
2026-08-17 15:13:16,NESTLEIND,1473.1
2026-08-17 15:13:16,SBILIFE,1790.9
2026-08-17 15:13:17,NESTLEIND,1473.2
2026-08-17 15:13:17,NTPC,336.9
2026-08-17 15:13:18,NESTLEIND,1473.1
2026-08-17 15:13:18,SBILIFE,1790.5
2026-08-17 15:13:18,NTPC,336.8
2026-08-17 15:13:18,GRASIM,3258.8
2026-08-17 15:13:18,APOLLOHOSP,8874.0
2026-08-17 15:13:18,NESTLEIND,1473.2
2026-08-17 15:13:19,SBILIFE,1791.4
2026-08-17 15:13:19,EICHERMOT,8070.5
2026-08-17 15:13:19,GRASIM,3260.0
2026-08-17 15:13:19,APOLLOHOSP,8871.0
2026-08-17 15:13:19,SBILIFE,1790.6
2026-08-17 15:13:19,EICHERMOT,8074.0
2026-08-17 15:13:20,NTPC,336.7
2026-08-17 15:13:20,APOLLOHOSP,8874.0
2026-08-17 15:13:20,NTPC,336.9
2026-08-17 15:13:21,SBILIFE,1791.4
2026-08-17 15:13:21,EICHERMOT,8073.5
2026-08-17 15:13:22,EICHERMOT,8070.5
2026-08-17 15:13:22,NESTLEIND,1473.1
2026-08-17 15:13:23,NTPC,336.85
2026-08-17 15:13:23,APOLLOHOSP,8873.5
2026-08-17 15:13:24,NESTLEIND,1473.2
2026-08-17 15:13:24,EICHERMOT,8074.0
2026-08-17 15:13:24,NESTLEIND,1473.1
2026-08-17 15:13:25,NESTLEIND,1473.2
2026-08-17 15:13:25,EICHERMOT,8070.0
2026-08-17 15:13:25,SBILIFE,1791.0
2026-08-17 15:13:26,SBILIFE,1790.4
2026-08-17 15:13:26,EICHERMOT,8070.5
2026-08-17 15:13:26,NTPC,336.75
2026-08-17 15:13:26,NESTLEIND,1473.1
2026-08-17 15:13:27,GRASIM,3260.9
2026-08-17 15:13:27,APOLLOHOSP,8879.0
2026-08-17 15:13:27,NTPC,336.8
2026-08-17 15:13:27,SBILIFE,1791.3
2026-08-17 15:13:28,SBILIFE,1790.8
2026-08-17 15:13:28,GRASIM,3259.5
2026-08-17 15:13:28,APOLLOHOSP,8873.5
2026-08-17 15:13:28,NESTLEIND,1473.2
2026-08-17 15:13:28,SBILIFE,1791.3
2026-08-17 15:13:28,EICHERMOT,8074.0
2026-08-17 15:13:28,GRASIM,3260.1
2026-08-17 15:13:29,SBILIFE,1791.5
2026-08-17 15:13:30,SBILIFE,1790.5
2026-08-17 15:13:30,EICHERMOT,8070.5
2026-08-17 15:13:30,NTPC,336.85
2026-08-17 15:13:30,NESTLEIND,1473.1
2026-08-17 15:13:30,NTPC,336.7
2026-08-17 15:13:30,GRASIM,3259.5
2026-08-17 15:13:30,APOLLOHOSP,8871.0
2026-08-17 15:13:31,EICHERMOT,8075.0
2026-08-17 15:13:31,NESTLEIND,1473.2
2026-08-17 15:13:31,GRASIM,3260.0
2026-08-17 15:13:32,NESTLEIND,1473.1
2026-08-17 15:13:32,EICHERMOT,8074.0
2026-08-17 15:13:32,NTPC,336.85
2026-08-17 15:13:32,GRASIM,3260.1
2026-08-17 15:13:33,EICHERMOT,8071.5
2026-08-17 15:13:33,SBILIFE,1790.4
2026-08-17 15:13:33,NESTLEIND,1473.2
2026-08-17 15:13:33,NTPC,336.75
2026-08-17 15:13:34,NESTLEIND,1473.1
2026-08-17 15:13:34,APOLLOHOSP,8876.0
2026-08-17 15:13:34,SBILIFE,1791.0
2026-08-17 15:13:34,EICHERMOT,8070.5
2026-08-17 15:13:34,NTPC,336.85
2026-08-17 15:13:35,NTPC,336.9
2026-08-17 15:13:36,NESTLEIND,1473.6
2026-08-17 15:13:36,APOLLOHOSP,8875.0
2026-08-17 15:13:36,NESTLEIND,1473.1
2026-08-17 15:13:36,GRASIM,3260.0
2026-08-17 15:13:37,SBILIFE,1791.1
2026-08-17 15:13:37,EICHERMOT,8070.0
2026-08-17 15:13:38,SBILIFE,1790.7
2026-08-17 15:13:38,EICHERMOT,8074.0
2026-08-17 15:13:38,NESTLEIND,1473.6
2026-08-17 15:13:38,NTPC,336.8
2026-08-17 15:13:39,SBILIFE,1790.8
2026-08-17 15:13:39,EICHERMOT,8070.5
2026-08-17 15:13:39,NTPC,336.9
2026-08-17 15:13:40,GRASIM,3260.1
2026-08-17 15:13:40,APOLLOHOSP,8874.0
2026-08-17 15:13:40,NTPC,336.8
2026-08-17 15:13:41,NESTLEIND,1473.5
2026-08-17 15:13:41,SBILIFE,1791.2
2026-08-17 15:13:41,NTPC,336.85
2026-08-17 15:13:41,GRASIM,3260.9
2026-08-17 15:13:42,NESTLEIND,1473.4
2026-08-17 15:13:42,NTPC,336.9
2026-08-17 15:13:42,APOLLOHOSP,8866.5
2026-08-17 15:13:42,NESTLEIND,1473.5
2026-08-17 15:13:43,EICHERMOT,8074.0
2026-08-17 15:13:43,GRASIM,3259.6
2026-08-17 15:13:44,NESTLEIND,1473.4
2026-08-17 15:13:44,EICHERMOT,8070.5
2026-08-17 15:13:44,NTPC,336.85
2026-08-17 15:13:44,GRASIM,3259.8
2026-08-17 15:13:44,APOLLOHOSP,8874.0
2026-08-17 15:13:44,EICHERMOT,8070.0
2026-08-17 15:13:44,SBILIFE,1790.7
2026-08-17 15:13:45,APOLLOHOSP,8866.5
2026-08-17 15:13:45,NTPC,336.9
2026-08-17 15:13:46,SBILIFE,1791.1
2026-08-17 15:13:46,EICHERMOT,8076.5
2026-08-17 15:13:46,APOLLOHOSP,8873.0
2026-08-17 15:13:46,EICHERMOT,8070.0
2026-08-17 15:13:46,GRASIM,3260.1
2026-08-17 15:13:46,NESTLEIND,1473.5
2026-08-17 15:13:47,NESTLEIND,1473.4
2026-08-17 15:13:47,NTPC,336.85
2026-08-17 15:13:47,APOLLOHOSP,8869.0
2026-08-17 15:13:48,NESTLEIND,1473.5
2026-08-17 15:13:48,NTPC,336.7
2026-08-17 15:13:49,NESTLEIND,1473.6
2026-08-17 15:13:49,NTPC,336.65
2026-08-17 15:13:49,GRASIM,3261.5
2026-08-17 15:13:49,APOLLOHOSP,8873.0
2026-08-17 15:13:50,APOLLOHOSP,8875.0
2026-08-17 15:13:51,NTPC,336.7
2026-08-17 15:13:51,EICHERMOT,8076.0
2026-08-17 15:13:51,GRASIM,3260.3
2026-08-17 15:13:52,NTPC,336.75
2026-08-17 15:13:52,EICHERMOT,8077.5
2026-08-17 15:13:52,NESTLEIND,1473.5
2026-08-17 15:13:52,GRASIM,3261.6
2026-08-17 15:13:52,NESTLEIND,1473.6
2026-08-17 15:13:53,GRASIM,3261.7
2026-08-17 15:13:53,APOLLOHOSP,8864.0
2026-08-17 15:13:54,SBILIFE,1790.5
2026-08-17 15:13:54,EICHERMOT,8076.0
2026-08-17 15:13:54,NTPC,336.5
2026-08-17 15:13:54,NESTLEIND,1473.7
2026-08-17 15:13:54,EICHERMOT,8072.0
2026-08-17 15:13:54,APOLLOHOSP,8865.0
2026-08-17 15:13:55,NTPC,336.7
2026-08-17 15:13:55,GRASIM,3260.2
2026-08-17 15:13:56,SBILIFE,1790.4
2026-08-17 15:13:56,NESTLEIND,1474.0
2026-08-17 15:13:56,NTPC,336.8
2026-08-17 15:13:56,NTPC,336.6
2026-08-17 15:13:56,APOLLOHOSP,8868.0
2026-08-17 15:13:57,SBILIFE,1791.1
2026-08-17 15:13:57,GRASIM,3260.4
2026-08-17 15:13:58,SBILIFE,1791.0
2026-08-17 15:13:58,APOLLOHOSP,8874.0
2026-08-17 15:13:58,NESTLEIND,1473.7
2026-08-17 15:13:59,GRASIM,3265.0
2026-08-17 15:13:59,NTPC,336.85
2026-08-17 15:14:00,NESTLEIND,1474.0
2026-08-17 15:14:00,NTPC,336.8
2026-08-17 15:14:00,GRASIM,3265.1
2026-08-17 15:14:00,NESTLEIND,1472.4
2026-08-17 15:14:00,GRASIM,3265.0
2026-08-17 15:14:01,NTPC,336.75
2026-08-17 15:14:01,GRASIM,3265.2
2026-08-17 15:14:01,NESTLEIND,1471.9
2026-08-17 15:14:01,EICHERMOT,8073.5
2026-08-17 15:14:01,GRASIM,3253.2
2026-08-17 15:14:01,APOLLOHOSP,8871.5
2026-08-17 15:14:02,SBILIFE,1791.2
2026-08-17 15:14:02,NTPC,336.7
2026-08-17 15:14:02,GRASIM,3263.2
2026-08-17 15:14:02,NESTLEIND,1470.5
2026-08-17 15:14:02,EICHERMOT,8072.0
2026-08-17 15:14:02,GRASIM,3264.9
2026-08-17 15:14:02,APOLLOHOSP,8865.5
2026-08-17 15:14:03,NESTLEIND,1470.4
2026-08-17 15:14:03,SBILIFE,1793.1
2026-08-17 15:14:03,NTPC,336.65
2026-08-17 15:14:03,GRASIM,3265.0
2026-08-17 15:14:04,SBILIFE,1791.6
2026-08-17 15:14:04,NESTLEIND,1471.7
2026-08-17 15:14:04,SBILIFE,1791.9
2026-08-17 15:14:04,NTPC,336.6
2026-08-17 15:14:05,NESTLEIND,1471.8
2026-08-17 15:14:05,SBILIFE,1792.3
2026-08-17 15:14:05,EICHERMOT,8073.5
2026-08-17 15:14:05,NTPC,336.7
2026-08-17 15:14:05,APOLLOHOSP,8874.0
2026-08-17 15:14:05,SBILIFE,1793.5
2026-08-17 15:14:05,EICHERMOT,8072.5
2026-08-17 15:14:05,GRASIM,3261.4
2026-08-17 15:14:06,APOLLOHOSP,8866.5
2026-08-17 15:14:06,NESTLEIND,1471.7
2026-08-17 15:14:06,EICHERMOT,8073.0
2026-08-17 15:14:06,NTPC,336.65
2026-08-17 15:14:06,GRASIM,3265.0
2026-08-17 15:14:07,NTPC,336.9
2026-08-17 15:14:07,GRASIM,3264.8
2026-08-17 15:14:07,SBILIFE,1791.9
2026-08-17 15:14:07,APOLLOHOSP,8863.0
2026-08-17 15:14:08,GRASIM,3265.0
2026-08-17 15:14:09,NESTLEIND,1472.4
2026-08-17 15:14:09,SBILIFE,1792.9
2026-08-17 15:14:09,GRASIM,3264.5
2026-08-17 15:14:10,NESTLEIND,1471.8
2026-08-17 15:14:10,SBILIFE,1791.0
2026-08-17 15:14:10,NTPC,336.75
2026-08-17 15:14:10,GRASIM,3265.0
2026-08-17 15:14:10,NESTLEIND,1473.2
2026-08-17 15:14:11,NESTLEIND,1472.8
2026-08-17 15:14:11,GRASIM,3261.8
2026-08-17 15:14:12,SBILIFE,1792.8
2026-08-17 15:14:12,NTPC,336.55
2026-08-17 15:14:12,GRASIM,3265.0
2026-08-17 15:14:12,NESTLEIND,1474.3
2026-08-17 15:14:12,NTPC,336.6
2026-08-17 15:14:13,EICHERMOT,8074.0
2026-08-17 15:14:13,NTPC,336.85
2026-08-17 15:14:13,APOLLOHOSP,8869.5
2026-08-17 15:14:13,SBILIFE,1793.2
2026-08-17 15:14:13,NESTLEIND,1472.7
2026-08-17 15:14:13,GRASIM,3263.0
2026-08-17 15:14:14,SBILIFE,1791.7
2026-08-17 15:14:14,NESTLEIND,1473.3
2026-08-17 15:14:14,SBILIFE,1791.4
2026-08-17 15:14:14,NTPC,336.6
2026-08-17 15:14:14,GRASIM,3264.9
2026-08-17 15:14:15,NESTLEIND,1474.3
2026-08-17 15:14:15,NTPC,336.9
2026-08-17 15:14:15,APOLLOHOSP,8866.0
2026-08-17 15:14:16,NESTLEIND,1472.6
2026-08-17 15:14:16,GRASIM,3261.7
2026-08-17 15:14:16,APOLLOHOSP,8862.5
2026-08-17 15:14:17,NESTLEIND,1472.8
2026-08-17 15:14:17,GRASIM,3264.7
2026-08-17 15:14:17,APOLLOHOSP,8866.0
2026-08-17 15:14:18,NESTLEIND,1472.1
2026-08-17 15:14:18,NTPC,336.75
2026-08-17 15:14:18,APOLLOHOSP,8869.5
2026-08-17 15:14:19,NESTLEIND,1473.7
2026-08-17 15:14:19,NTPC,336.8
2026-08-17 15:14:19,GRASIM,3263.3
2026-08-17 15:14:19,APOLLOHOSP,8872.5
2026-08-17 15:14:20,NESTLEIND,1472.7
2026-08-17 15:14:20,SBILIFE,1791.3
2026-08-17 15:14:20,GRASIM,3261.7
2026-08-17 15:14:20,NESTLEIND,1472.8
2026-08-17 15:14:20,GRASIM,3264.4
2026-08-17 15:14:21,SBILIFE,1792.3
2026-08-17 15:14:21,NESTLEIND,1472.4
2026-08-17 15:14:21,GRASIM,3261.7
2026-08-17 15:14:22,NESTLEIND,1472.2
2026-08-17 15:14:22,SBILIFE,1792.9
2026-08-17 15:14:22,SBILIFE,1792.3
2026-08-17 15:14:22,GRASIM,3264.1
2026-08-17 15:14:23,NESTLEIND,1473.1
2026-08-17 15:14:23,EICHERMOT,8073.5
2026-08-17 15:14:23,SBILIFE,1791.0
2026-08-17 15:14:23,APOLLOHOSP,8869.5
2026-08-17 15:14:24,GRASIM,3259.3
2026-08-17 15:14:24,SBILIFE,1792.0
2026-08-17 15:14:25,NESTLEIND,1472.1
2026-08-17 15:14:25,GRASIM,3263.9
2026-08-17 15:14:25,SBILIFE,1791.0
2026-08-17 15:14:26,NESTLEIND,1472.2
2026-08-17 15:14:26,SBILIFE,1790.3
2026-08-17 15:14:26,GRASIM,3264.0
2026-08-17 15:14:27,SBILIFE,1790.2
2026-08-17 15:14:27,NTPC,336.7
2026-08-17 15:14:27,APOLLOHOSP,8873.5
2026-08-17 15:14:28,NESTLEIND,1472.1
2026-08-17 15:14:28,SBILIFE,1791.9
2026-08-17 15:14:28,EICHERMOT,8074.0
2026-08-17 15:14:28,NTPC,336.8
2026-08-17 15:14:28,GRASIM,3263.9
2026-08-17 15:14:28,APOLLOHOSP,8869.5
2026-08-17 15:14:28,NESTLEIND,1471.9
2026-08-17 15:14:28,EICHERMOT,8073.5
2026-08-17 15:14:29,SBILIFE,1791.0
2026-08-17 15:14:30,NESTLEIND,1471.6
2026-08-17 15:14:30,SBILIFE,1790.0
2026-08-17 15:14:30,NTPC,336.75
2026-08-17 15:14:30,GRASIM,3259.9
2026-08-17 15:14:30,APOLLOHOSP,8873.5
2026-08-17 15:14:30,NESTLEIND,1472.7
2026-08-17 15:14:30,SBILIFE,1791.8
2026-08-17 15:14:30,GRASIM,3263.3
2026-08-17 15:14:30,NTPC,336.8
2026-08-17 15:14:31,NTPC,336.75
2026-08-17 15:14:31,NESTLEIND,1471.5
2026-08-17 15:14:32,NESTLEIND,1472.8
2026-08-17 15:14:32,SBILIFE,1794.4
2026-08-17 15:14:32,SBILIFE,1794.5
2026-08-17 15:14:33,NESTLEIND,1471.8
2026-08-17 15:14:33,SBILIFE,1794.7
2026-08-17 15:14:33,SBILIFE,1794.9
2026-08-17 15:14:33,GRASIM,3256.7
2026-08-17 15:14:34,NESTLEIND,1473.0
2026-08-17 15:14:34,EICHERMOT,8074.0
2026-08-17 15:14:34,GRASIM,3253.3
2026-08-17 15:14:35,NESTLEIND,1472.8
2026-08-17 15:14:35,NTPC,336.8
2026-08-17 15:14:35,GRASIM,3263.1
2026-08-17 15:14:35,APOLLOHOSP,8874.0
2026-08-17 15:14:36,NESTLEIND,1471.8
2026-08-17 15:14:36,SBILIFE,1794.8
2026-08-17 15:14:37,NESTLEIND,1471.5
2026-08-17 15:14:37,EICHERMOT,8073.5
2026-08-17 15:14:37,GRASIM,3263.2
2026-08-17 15:14:38,NESTLEIND,1473.0
2026-08-17 15:14:38,EICHERMOT,8074.0
2026-08-17 15:14:38,GRASIM,3254.3
2026-08-17 15:14:38,APOLLOHOSP,8875.0
2026-08-17 15:14:38,NESTLEIND,1472.8
2026-08-17 15:14:39,SBILIFE,1791.1
2026-08-17 15:14:39,NESTLEIND,1473.8
2026-08-17 15:14:39,APOLLOHOSP,8874.0
2026-08-17 15:14:40,NESTLEIND,1471.6
2026-08-17 15:14:40,SBILIFE,1794.8
2026-08-17 15:14:40,GRASIM,3256.8
2026-08-17 15:14:40,SBILIFE,1791.1
2026-08-17 15:14:41,NESTLEIND,1470.5
2026-08-17 15:14:41,NESTLEIND,1471.2
2026-08-17 15:14:41,GRASIM,3253.1
2026-08-17 15:14:41,APOLLOHOSP,8875.0
2026-08-17 15:14:42,NESTLEIND,1470.6
2026-08-17 15:14:42,NTPC,336.75
2026-08-17 15:14:42,GRASIM,3261.6
2026-08-17 15:14:42,SBILIFE,1793.9
2026-08-17 15:14:42,SBILIFE,1794.7
2026-08-17 15:14:42,NTPC,336.8
2026-08-17 15:14:43,NESTLEIND,1473.4
2026-08-17 15:14:43,APOLLOHOSP,8873.5
2026-08-17 15:14:43,EICHERMOT,8073.5
2026-08-17 15:14:44,NESTLEIND,1470.5
2026-08-17 15:14:44,SBILIFE,1793.8
2026-08-17 15:14:44,GRASIM,3263.0
2026-08-17 15:14:45,NESTLEIND,1472.9
2026-08-17 15:14:45,GRASIM,3253.1
2026-08-17 15:14:45,APOLLOHOSP,8875.0
2026-08-17 15:14:45,EICHERMOT,8074.0
2026-08-17 15:14:46,NESTLEIND,1471.5
2026-08-17 15:14:46,SBILIFE,1790.4
2026-08-17 15:14:46,EICHERMOT,8073.5
2026-08-17 15:14:46,APOLLOHOSP,8876.0
2026-08-17 15:14:46,APOLLOHOSP,8875.0
2026-08-17 15:14:47,EICHERMOT,8074.0
2026-08-17 15:14:47,NTPC,336.75
2026-08-17 15:14:47,GRASIM,3253.2
2026-08-17 15:14:48,NTPC,336.8
2026-08-17 15:14:49,NESTLEIND,1471.6
2026-08-17 15:14:49,EICHERMOT,8073.5
2026-08-17 15:14:49,NESTLEIND,1471.2
2026-08-17 15:14:51,NESTLEIND,1471.1
2026-08-17 15:14:51,NTPC,336.75
2026-08-17 15:14:51,GRASIM,3265.0
2026-08-17 15:14:52,NESTLEIND,1470.3
2026-08-17 15:14:52,SBILIFE,1789.0
2026-08-17 15:14:52,EICHERMOT,8070.0
2026-08-17 15:14:52,SBILIFE,1794.7
2026-08-17 15:14:53,NESTLEIND,1469.7
2026-08-17 15:14:53,NTPC,336.8
2026-08-17 15:14:54,NESTLEIND,1473.4
2026-08-17 15:14:54,NTPC,336.75
2026-08-17 15:14:55,EICHERMOT,8065.0
2026-08-17 15:14:56,EICHERMOT,8074.0
2026-08-17 15:14:56,GRASIM,3250.0
2026-08-17 15:14:56,SBILIFE,1788.0
2026-08-17 15:14:56,APOLLOHOSP,8880.0
2026-08-17 15:14:57,NESTLEIND,1469.0
2026-08-17 15:14:57,NESTLEIND,1469.4
2026-08-17 15:14:57,GRASIM,3261.9
2026-08-17 15:14:58,NESTLEIND,1469.2
2026-08-17 15:14:58,SBILIFE,1794.7
2026-08-17 15:14:58,EICHERMOT,8064.5
2026-08-17 15:14:58,NTPC,336.8
2026-08-17 15:14:58,GRASIM,3250.0
2026-08-17 15:14:58,NESTLEIND,1468.8
2026-08-17 15:14:59,NESTLEIND,1469.0
2026-08-17 15:14:59,APOLLOHOSP,8875.0
2026-08-17 15:14:59,NESTLEIND,1468.6
2026-08-17 15:15:00,NESTLEIND,1469.7
2026-08-17 15:15:00,EICHERMOT,8060.0
2026-08-17 15:28:15,NESTLEIND,1470.0
2026-08-17 15:28:15,SBILIFE,1790.4
2026-08-17 15:28:15,EICHERMOT,8050.0
2026-08-17 15:28:15,NTPC,337.0
2026-08-17 15:28:15,GRASIM,3250.5
2026-08-17 15:28:15,APOLLOHOSP,8825.5
