run_id,strategy,stock,entry_date,exit_date,direction,entry_price,exit_price,quantity,holding_days,pnl,return_pct,exit_reason
RUN_20260806_095127,ChecklistStrategy,ADANIENT,2024-03-15,2024-03-18,LONG,3111.0,3111.0,0,3,-974.4,0.0,SIGNAL
RUN_20260806_095127,ChecklistStrategy,ADANIENT,2024-04-08,2024-04-16,LONG,3240.95,3240.95,0,8,-2099.25,0.0,SIGNAL
RUN_20260806_095127,ChecklistStrategy,ADANIENT,2024-05-13,2024-05-17,LONG,2803.0,2803.0,0,4,4046.85,0.0,SIGNAL
RUN_20260806_095127,ChecklistStrategy,ADANIENT,2024-06-06,2024-06-26,LONG,3184.0,3184.0,0,20,-239.2,0.0,SIGNAL
RUN_20260806_095127,ChecklistStrategy,ADANIENT,2024-07-24,2024-08-07,LONG,2995.35,2995.35,0,14,1962.4,0.0,SIGNAL
RUN_20260806_095127,ChecklistStrategy,ADANIENT,2024-08-22,2024-08-28,LONG,3130.75,3130.75,0,6,-844.0,0.0,SIGNAL
RUN_20260806_095127,ChecklistStrategy,ADANIENT,2024-09-27,2024-09-30,LONG,3122.0,3122.0,0,3,112.0,0.0,SIGNAL
RUN_20260806_095127,ChecklistStrategy,ADANIENT,2024-10-29,2024-11-01,LONG,2803.0,2803.0,0,3,2826.0,0.0,SIGNAL
RUN_20260806_095127,ChecklistStrategy,ADANIENT,2025-01-08,2025-01-13,LONG,2520.55,2520.55,0,5,-3111.0,0.0,SIGNAL
RUN_20260806_095127,ChecklistStrategy,ADANIENT,2025-01-21,2025-01-22,LONG,2441.75,2441.75,0,1,-855.0,0.0,SIGNAL
RUN_20260806_095127,ChecklistStrategy,ADANIENT,2025-02-10,2025-02-11,LONG,2350.0,2350.0,0,1,-798.0,0.0,SIGNAL
RUN_20260806_095127,ChecklistStrategy,ADANIENT,2025-03-03,2025-03-21,LONG,2109.0,2109.0,0,18,5400.4,0.0,SIGNAL
RUN_20260806_095127,ChecklistStrategy,ADANIENT,2025-03-28,2025-04-01,LONG,2376.0,2376.0,0,4,-1408.0,0.0,SIGNAL
RUN_20260806_095127,ChecklistStrategy,ADANIENT,2025-05-30,2025-06-04,LONG,2550.0,2550.0,0,5,-1400.0,0.0,SIGNAL
RUN_20260806_095127,ChecklistStrategy,ADANIENT,2025-06-05,2025-06-20,LONG,2495.0,2495.0,0,15,-1340.0,0.0,SIGNAL
RUN_20260806_095127,ChecklistStrategy,ADANIENT,2025-06-23,2025-06-25,LONG,2438.0,2438.0,0,2,1638.0,0.0,SIGNAL
RUN_20260806_095127,ChecklistStrategy,ADANIENT,2025-07-09,2025-07-29,LONG,2599.0,2599.0,0,20,-1330.0,0.0,SIGNAL
RUN_20260806_095127,ChecklistStrategy,ADANIENT,2025-08-05,2025-08-06,LONG,2370.0,2370.0,0,1,-758.1,0.0,SIGNAL
RUN_20260806_095127,ChecklistStrategy,ADANIENT,2025-10-10,2025-10-28,LONG,2552.0,2552.0,0,18,-1083.0,0.0,SIGNAL
RUN_20260806_095127,ChecklistStrategy,ADANIENT,2025-11-10,2025-11-19,LONG,2308.25,2308.25,0,9,2765.06,0.0,SIGNAL
RUN_20260806_095127,ChecklistStrategy,ADANIENT,2025-12-01,2025-12-03,LONG,2300.0,2300.0,0,2,-1320.0,0.0,SIGNAL
RUN_20260806_095127,ChecklistStrategy,ADANIENT,2026-01-08,2026-01-09,LONG,2275.0,2275.0,0,1,-1339.8,0.0,SIGNAL
RUN_20260806_095127,ChecklistStrategy,ADANIENT,2026-01-13,2026-01-20,LONG,2187.8,2187.8,0,7,-1183.6,0.0,SIGNAL
RUN_20260806_095127,ChecklistStrategy,ADANIENT,2026-01-28,2026-03-20,LONG,1985.0,1985.0,0,51,-850.0,0.0,SIGNAL
RUN_20260806_095127,ChecklistStrategy,ADANIENT,2026-03-27,2026-03-30,LONG,1880.0,1880.0,0,3,-1750.0,0.0,SIGNAL
RUN_20260806_095127,ChecklistStrategy,ADANIENT,2026-05-15,2026-05-18,LONG,2781.1,2781.1,0,3,-1378.7,0.0,SIGNAL
RUN_20260806_095127,ChecklistStrategy,ADANIENT,2026-06-25,2026-06-30,LONG,3086.0,3086.0,0,5,-1590.0,0.0,SIGNAL
RUN_20260806_095127,ChecklistStrategy,ADANIENT,2026-07-10,2026-07-24,LONG,3105.0,3105.0,0,14,-1330.0,0.0,SIGNAL
RUN_20260806_095127,ChecklistStrategy,ADANIPORTS,2024-03-15,2024-03-20,LONG,1273.8,1273.8,0,5,-1006.2,0.0,SIGNAL
RUN_20260806_095127,ChecklistStrategy,ADANIPORTS,2024-04-10,2024-04-16,LONG,1359.0,1359.0,0,6,-2052.0,0.0,SIGNAL
RUN_20260806_095127,ChecklistStrategy,ADANIPORTS,2024-04-26,2024-05-06,LONG,1340.0,1340.0,0,10,-630.0,0.0,SIGNAL
RUN_20260806_095127,ChecklistStrategy,ADANIPORTS,2024-06-06,2024-06-07,LONG,1384.0,1384.0,0,1,-920.5,0.0,SIGNAL
RUN_20260806_095127,ChecklistStrategy,ADANIPORTS,2024-06-10,2024-07-01,LONG,1404.0,1404.0,0,21,2686.0,0.0,SIGNAL
RUN_20260806_095127,ChecklistStrategy,ADANIPORTS,2024-07-11,2024-08-14,LONG,1495.0,1495.0,0,34,-224.0,0.0,SIGNAL
RUN_20260806_095127,ChecklistStrategy,ADANIPORTS,2024-08-30,2024-09-04,LONG,1480.95,1480.95,0,5,-295.35,0.0,SIGNAL
RUN_20260806_095127,ChecklistStrategy,ADANIPORTS,2024-10-03,2024-10-07,LONG,1452.75,1452.75,0,4,-1410.75,0.0,SIGNAL
RUN_20260806_095127,ChecklistStrategy,ADANIPORTS,2024-10-09,2024-10-18,LONG,1424.75,1424.75,0,9,-1179.75,0.0,SIGNAL
RUN_20260806_095127,ChecklistStrategy,ADANIPORTS,2024-10-29,2024-10-30,LONG,1364.7,1364.7,0,1,533.75,0.0,SIGNAL
RUN_20260806_095127,ChecklistStrategy,ADANIPORTS,2024-11-04,2024-11-05,LONG,1394.2,1394.2,0,1,-1502.8,0.0,SIGNAL
RUN_20260806_095127,ChecklistStrategy,ADANIPORTS,2024-11-22,2024-11-29,LONG,1072.6,1072.6,0,7,4300.8,0.0,SIGNAL
RUN_20260806_095127,ChecklistStrategy,ADANIPORTS,2024-12-02,2024-12-11,LONG,1201.9,1201.9,0,9,2140.2,0.0,SIGNAL
RUN_20260806_095127,ChecklistStrategy,ADANIPORTS,2025-01-01,2025-01-03,LONG,1223.0,1223.0,0,2,460.0,0.0,SIGNAL
RUN_20260806_095127,ChecklistStrategy,ADANIPORTS,2025-02-01,2025-02-03,LONG,1105.9,1105.9,0,2,-985.5,0.0,SIGNAL
RUN_20260806_095127,ChecklistStrategy,ADANIPORTS,2025-02-13,2025-02-17,LONG,1133.8,1133.8,0,4,-3293.4,0.0,SIGNAL
RUN_20260806_095127,ChecklistStrategy,ADANIPORTS,2025-03-18,2025-04-08,LONG,1137.15,1137.15,0,21,-90.3,0.0,SIGNAL
RUN_20260806_095127,ChecklistStrategy,ADANIPORTS,2025-04-24,2025-04-28,LONG,1238.0,1238.0,0,4,-1896.2,0.0,SIGNAL
RUN_20260806_095127,ChecklistStrategy,ADANIPORTS,2025-06-03,2025-06-04,LONG,1470.0,1470.0,0,1,-1206.4,0.0,SIGNAL
RUN_20260806_095127,ChecklistStrategy,ADANIPORTS,2025-06-23,2025-06-25,LONG,1341.0,1341.0,0,2,1995.8,0.0,SIGNAL
RUN_20260806_095127,ChecklistStrategy,ADANIPORTS,2025-07-08,2025-07-23,LONG,1438.0,1438.0,0,15,-264.0,0.0,SIGNAL
RUN_20260806_095127,ChecklistStrategy,ADANIPORTS,2025-08-08,2025-08-18,LONG,1345.4,1345.4,0,10,-822.5,0.0,SIGNAL
RUN_20260806_095127,ChecklistStrategy,ADANIPORTS,2025-08-19,2025-08-22,LONG,1332.0,1332.0,0,3,1120.0,0.0,SIGNAL
RUN_20260806_095127,ChecklistStrategy,ADANIPORTS,2025-09-23,2025-09-26,LONG,1453.0,1453.0,0,3,-1465.6,0.0,SIGNAL
RUN_20260806_095127,ChecklistStrategy,ADANIPORTS,2025-11-25,2025-12-09,LONG,1490.0,1490.0,0,14,-406.1,0.0,SIGNAL
RUN_20260806_095127,ChecklistStrategy,ADANIPORTS,2025-12-12,2025-12-24,LONG,1512.0,1512.0,0,12,-270.0,0.0,SIGNAL
RUN_20260806_095127,ChecklistStrategy,ADANIPORTS,2026-01-13,2026-01-19,LONG,1443.5,1443.5,0,6,-720.0,0.0,SIGNAL
RUN_20260806_095127,ChecklistStrategy,ADANIPORTS,2026-01-22,2026-01-27,LONG,1400.0,1400.0,0,5,-2168.1,0.0,SIGNAL
RUN_20260806_095127,ChecklistStrategy,ADANIPORTS,2026-01-28,2026-03-09,LONG,1373.9,1373.9,0,40,995.2,0.0,SIGNAL
RUN_20260806_095127,ChecklistStrategy,ADANIPORTS,2026-03-25,2026-04-01,LONG,1359.7,1359.7,0,7,-280.5,0.0,SIGNAL
RUN_20260806_095127,ChecklistStrategy,ADANIPORTS,2026-06-15,2026-06-18,LONG,1839.0,1839.0,0,3,-144.0,0.0,SIGNAL
RUN_20260806_095127,ChecklistStrategy,ADANIPORTS,2026-06-23,2026-06-24,LONG,1832.6,1832.6,0,1,-1118.4,0.0,SIGNAL
RUN_20260806_095127,ChecklistStrategy,ADANIPORTS,2026-06-25,2026-06-26,LONG,1813.3,1813.3,0,1,-415.2,0.0,SIGNAL
RUN_20260806_095127,ChecklistStrategy,ADANIPORTS,2026-07-20,2026-07-24,LONG,1836.1,1836.1,0,4,-1708.8,0.0,SIGNAL
RUN_20260806_095127,ChecklistStrategy,ADANIPORTS,2026-07-29,2026-07-30,LONG,1785.0,1785.0,0,1,-1399.2,0.0,SIGNAL
RUN_20260806_095127,ChecklistStrategy,APOLLOHOSP,2024-02-01,2024-02-29,LONG,6289.65,6289.65,0,28,720.3,0.0,SIGNAL
RUN_20260806_095127,ChecklistStrategy,APOLLOHOSP,2024-03-04,2024-03-11,LONG,6145.0,6145.0,0,7,-769.6,0.0,SIGNAL
RUN_20260806_095127,ChecklistStrategy,APOLLOHOSP,2024-03-26,2024-03-28,LONG,6398.0,6398.0,0,2,-1165.85,0.0,SIGNAL
RUN_20260806_095127,ChecklistStrategy,APOLLOHOSP,2024-04-01,2024-04-16,LONG,6401.0,6401.0,0,15,-707.35,0.0,SIGNAL
RUN_20260806_095127,ChecklistStrategy,APOLLOHOSP,2024-04-22,2024-04-30,LONG,6154.5,6154.5,0,8,-1081.5,0.0,SIGNAL
RUN_20260806_095127,ChecklistStrategy,APOLLOHOSP,2024-06-06,2024-08-09,LONG,5970.0,5970.0,0,64,4898.0,0.0,SIGNAL
RUN_20260806_095127,ChecklistStrategy,APOLLOHOSP,2024-08-12,2024-08-16,LONG,6550.0,6550.0,0,4,43.4,0.0,SIGNAL
RUN_20260806_095127,ChecklistStrategy,APOLLOHOSP,2024-08-27,2024-10-01,LONG,6780.0,6780.0,0,35,2950.5,0.0,SIGNAL
RUN_20260806_095127,ChecklistStrategy,APOLLOHOSP,2024-10-14,2024-10-22,LONG,6976.85,6976.85,0,8,301.7,0.0,SIGNAL
RUN_20260806_095127,ChecklistStrategy,APOLLOHOSP,2024-10-30,2024-11-05,LONG,6980.6,6980.6,0,6,-424.2,0.0,SIGNAL
RUN_20260806_095127,ChecklistStrategy,APOLLOHOSP,2024-11-06,2024-11-11,LONG,7020.0,7020.0,0,5,2660.0,0.0,SIGNAL
RUN_20260806_095127,ChecklistStrategy,APOLLOHOSP,2024-12-17,2025-01-09,LONG,7227.0,7227.0,0,23,-609.0,0.0,SIGNAL
RUN_20260806_095127,ChecklistStrategy,APOLLOHOSP,2025-01-10,2025-01-14,LONG,7090.0,7090.0,0,4,-1647.8,0.0,SIGNAL
RUN_20260806_095127,ChecklistStrategy,APOLLOHOSP,2025-01-17,2025-01-23,LONG,6819.95,6819.95,0,6,506.1,0.0,SIGNAL
RUN_20260806_095127,ChecklistStrategy,APOLLOHOSP,2025-02-13,2025-02-14,LONG,6372.25,6372.25,0,1,40.0,0.0,SIGNAL
RUN_20260806_095127,ChecklistStrategy,APOLLOHOSP,2025-03-12,2025-03-21,LONG,6134.1,6134.1,0,9,2879.2,0.0,SIGNAL
RUN_20260806_095127,ChecklistStrategy,APOLLOHOSP,2025-04-01,2025-04-15,LONG,6599.0,6599.0,0,14,2928.0,0.0,SIGNAL
RUN_20260806_095127,ChecklistStrategy,APOLLOHOSP,2025-04-17,2025-04-28,LONG,7038.0,7038.0,0,11,-584.5,0.0,SIGNAL
RUN_20260806_095127,ChecklistStrategy,APOLLOHOSP,2025-05-22,2025-06-03,LONG,6984.0,6984.0,0,12,-238.0,0.0,SIGNAL
RUN_20260806_095127,ChecklistStrategy,APOLLOHOSP,2025-06-05,2025-08-04,LONG,6868.5,6868.5,0,60,4148.0,0.0,SIGNAL
RUN_20260806_095127,ChecklistStrategy,APOLLOHOSP,2025-08-08,2025-08-13,LONG,7170.0,7170.0,0,5,1631.0,0.0,SIGNAL
RUN_20260806_095127,ChecklistStrategy,APOLLOHOSP,2025-08-28,2025-09-24,LONG,7755.0,7755.0,0,27,-399.0,0.0,SIGNAL
RUN_20260806_095127,ChecklistStrategy,APOLLOHOSP,2025-10-10,2025-10-20,LONG,7694.5,7694.5,0,10,1788.5,0.0,SIGNAL
RUN_20260806_095127,ChecklistStrategy,APOLLOHOSP,2025-10-28,2025-10-31,LONG,7864.0,7864.0,0,3,-217.0,0.0,SIGNAL
RUN_20260806_095127,ChecklistStrategy,APOLLOHOSP,2026-01-07,2026-01-09,LONG,7349.0,7349.0,0,2,-7.0,0.0,SIGNAL
RUN_20260806_095127,ChecklistStrategy,APOLLOHOSP,2026-01-14,2026-01-15,LONG,7258.0,7258.0,0,1,101.5,0.0,SIGNAL
RUN_20260806_095127,ChecklistStrategy,APOLLOHOSP,2026-01-27,2026-02-03,LONG,6802.0,6802.0,0,7,2144.0,0.0,SIGNAL
RUN_20260806_095127,ChecklistStrategy,APOLLOHOSP,2026-02-06,2026-03-18,LONG,7080.0,7080.0,0,40,3452.0,0.0,SIGNAL
RUN_20260806_095127,ChecklistStrategy,APOLLOHOSP,2026-04-20,2026-06-01,LONG,7705.0,7705.0,0,42,3615.5,0.0,SIGNAL
RUN_20260806_095127,ChecklistStrategy,ASIANPAINT,2024-02-23,2024-02-26,LONG,2999.0,2999.0,0,3,-1264.0,0.0,SIGNAL
RUN_20260806_095127,ChecklistStrategy,ASIANPAINT,2024-03-07,2024-04-19,LONG,2825.0,2825.0,0,43,-595.0,0.0,SIGNAL
RUN_20260806_095127,ChecklistStrategy,ASIANPAINT,2024-04-30,2024-05-10,LONG,2855.0,2855.0,0,10,-2652.0,0.0,SIGNAL
RUN_20260806_095127,ChecklistStrategy,ASIANPAINT,2024-06-05,2024-06-07,LONG,2864.5,2864.5,0,2,644.8,0.0,SIGNAL
RUN_20260806_095127,ChecklistStrategy,ASIANPAINT,2024-06-10,2024-06-26,LONG,2928.0,2928.0,0,16,-1084.8,0.0,SIGNAL
RUN_20260806_095127,ChecklistStrategy,ASIANPAINT,2024-07-11,2024-07-19,LONG,2999.0,2999.0,0,8,-1110.0,0.0,SIGNAL
RUN_20260806_095127,ChecklistStrategy,ASIANPAINT,2024-08-12,2024-09-13,LONG,3020.0,3020.0,0,32,5033.25,0.0,SIGNAL
RUN_20260806_095127,ChecklistStrategy,ASIANPAINT,2024-12-06,2024-12-10,LONG,2468.0,2468.0,0,4,-1362.0,0.0,SIGNAL
RUN_20260806_095127,ChecklistStrategy,ASIANPAINT,2025-01-31,2025-02-07,LONG,2255.0,2255.0,0,7,231.0,0.0,SIGNAL
RUN_20260806_095127,ChecklistStrategy,ASIANPAINT,2025-03-06,2025-03-27,LONG,2189.85,2189.85,0,21,2753.3,0.0,SIGNAL
RUN_20260806_095127,ChecklistStrategy,ASIANPAINT,2025-06-23,2025-07-04,LONG,2261.2,2261.2,0,11,3563.7,0.0,SIGNAL
RUN_20260806_095127,ChecklistStrategy,ASIANPAINT,2025-07-17,2025-07-25,LONG,2404.1,2404.1,0,8,-1346.1,0.0,SIGNAL
RUN_20260806_095127,ChecklistStrategy,ASIANPAINT,2025-08-04,2025-08-05,LONG,2443.2,2443.2,0,1,392.7,0.0,SIGNAL
RUN_20260806_095127,ChecklistStrategy,ASIANPAINT,2025-09-11,2025-09-17,LONG,2541.0,2541.0,0,6,-1180.0,0.0,SIGNAL
RUN_20260806_095127,ChecklistStrategy,ASIANPAINT,2025-12-03,2025-12-10,LONG,2969.0,2969.0,0,7,-2703.0,0.0,SIGNAL
RUN_20260806_095127,ChecklistStrategy,ASIANPAINT,2026-01-29,2026-01-30,LONG,2511.8,2511.8,0,1,-1801.2,0.0,SIGNAL
RUN_20260806_095127,ChecklistStrategy,ASIANPAINT,2026-02-02,2026-03-04,LONG,2374.9,2374.9,0,30,-2169.8,0.0,SIGNAL
RUN_20260806_095127,ChecklistStrategy,ASIANPAINT,2026-04-07,2026-05-12,LONG,2167.7,2167.7,0,35,7948.5,0.0,SIGNAL
RUN_20260806_095127,ChecklistStrategy,ASIANPAINT,2026-07-20,2026-07-30,LONG,2689.0,2689.0,0,10,1312.9,0.0,SIGNAL
RUN_20260806_095127,ChecklistStrategy,AXISBANK,2024-02-01,2024-02-05,LONG,1072.65,1072.65,0,4,-257.6,0.0,SIGNAL
RUN_20260806_095127,ChecklistStrategy,AXISBANK,2024-02-21,2024-03-15,LONG,1093.85,1093.85,0,23,-1692.0,0.0,SIGNAL
RUN_20260806_095127,ChecklistStrategy,AXISBANK,2024-03-27,2024-04-01,LONG,1045.8,1045.8,0,5,307.85,0.0,SIGNAL
RUN_20260806_095127,ChecklistStrategy,AXISBANK,2024-04-04,2024-04-08,LONG,1070.0,1070.0,0,4,-138.0,0.0,SIGNAL
RUN_20260806_095127,ChecklistStrategy,AXISBANK,2024-04-12,2024-04-15,LONG,1079.5,1079.5,0,3,-738.0,0.0,SIGNAL
RUN_20260806_095127,ChecklistStrategy,AXISBANK,2024-05-14,2024-06-05,LONG,1129.95,1129.95,0,22,338.1,0.0,SIGNAL
RUN_20260806_095127,ChecklistStrategy,AXISBANK,2024-06-06,2024-07-16,LONG,1192.1,1192.1,0,40,4729.35,0.0,SIGNAL
RUN_20260806_095127,ChecklistStrategy,AXISBANK,2024-08-28,2024-08-29,LONG,1177.0,1177.0,0,1,-344.0,0.0,SIGNAL
RUN_20260806_095127,ChecklistStrategy,AXISBANK,2024-09-06,2024-09-20,LONG,1176.0,1176.0,0,14,2924.0,0.0,SIGNAL
RUN_20260806_095127,ChecklistStrategy,AXISBANK,2024-09-23,2024-10-03,LONG,1251.5,1251.5,0,10,-1848.0,0.0,SIGNAL
RUN_20260806_095127,ChecklistStrategy,AXISBANK,2024-10-30,2024-11-05,LONG,1178.75,1178.75,0,6,-1711.4,0.0,SIGNAL
RUN_20260806_095127,ChecklistStrategy,AXISBANK,2025-01-17,2025-01-22,LONG,1000.0,1000.0,0,5,-1164.0,0.0,SIGNAL
RUN_20260806_095127,ChecklistStrategy,AXISBANK,2025-02-07,2025-02-17,LONG,1019.5,1019.5,0,10,-1325.45,0.0,SIGNAL
RUN_20260806_095127,ChecklistStrategy,AXISBANK,2025-03-24,2025-04-08,LONG,1082.0,1082.0,0,15,-966.0,0.0,SIGNAL
RUN_20260806_095127,ChecklistStrategy,AXISBANK,2025-04-15,2025-06-04,LONG,1090.0,1090.0,0,50,4131.0,0.0,SIGNAL
RUN_20260806_095127,ChecklistStrategy,AXISBANK,2025-06-09,2025-07-02,LONG,1212.5,1212.5,0,23,-1365.0,0.0,SIGNAL
RUN_20260806_095127,ChecklistStrategy,AXISBANK,2025-12-04,2025-12-17,LONG,1270.7,1270.7,0,13,-1953.9,0.0,SIGNAL
RUN_20260806_095127,ChecklistStrategy,AXISBANK,2026-01-15,2026-01-27,LONG,1298.8,1298.8,0,12,-370.0,0.0,SIGNAL
RUN_20260806_095127,ChecklistStrategy,AXISBANK,2026-01-30,2026-02-03,LONG,1352.0,1352.0,0,4,1785.0,0.0,SIGNAL
RUN_20260806_095127,ChecklistStrategy,AXISBANK,2026-02-09,2026-02-27,LONG,1350.0,1350.0,0,18,1369.0,0.0,SIGNAL
RUN_20260806_095127,ChecklistStrategy,AXISBANK,2026-03-06,2026-03-09,LONG,1347.0,1347.0,0,3,-2397.6,0.0,SIGNAL
RUN_20260806_095127,ChecklistStrategy,AXISBANK,2026-03-10,2026-03-12,LONG,1295.2,1295.2,0,2,-1976.0,0.0,SIGNAL
RUN_20260806_095127,ChecklistStrategy,AXISBANK,2026-03-17,2026-03-23,LONG,1219.7,1219.7,0,6,-1509.3,0.0,SIGNAL
RUN_20260806_095127,ChecklistStrategy,AXISBANK,2026-04-28,2026-05-01,LONG,1312.0,1312.0,0,3,-1529.5,0.0,SIGNAL
RUN_20260806_095127,ChecklistStrategy,AXISBANK,2026-07-20,2026-07-23,LONG,1275.0,1275.0,0,3,-1571.5,0.0,SIGNAL
RUN_20260806_095127,ChecklistStrategy,BAJAJ-AUTO,2024-03-15,2024-03-21,LONG,8384.8,8384.8,0,6,1117.0,0.0,SIGNAL
RUN_20260806_095127,ChecklistStrategy,BAJAJ-AUTO,2024-03-22,2024-04-01,LONG,8700.05,8700.05,0,10,2473.75,0.0,SIGNAL
RUN_20260806_095127,ChecklistStrategy,BAJAJ-AUTO,2024-04-12,2024-04-19,LONG,8949.05,8949.05,0,7,630.0,0.0,SIGNAL
RUN_20260806_095127,ChecklistStrategy,BAJAJ-AUTO,2024-05-02,2024-05-08,LONG,8944.0,8944.0,0,6,-1465.0,0.0,SIGNAL
RUN_20260806_095127,ChecklistStrategy,BAJAJ-AUTO,2024-05-14,2024-05-16,LONG,8952.25,8952.25,0,2,-11.25,0.0,SIGNAL
RUN_20260806_095127,ChecklistStrategy,BAJAJ-AUTO,2024-05-17,2024-07-02,LONG,8891.0,8891.0,0,46,3145.0,0.0,SIGNAL
RUN_20260806_095127,ChecklistStrategy,BAJAJ-AUTO,2024-07-16,2024-07-19,LONG,9715.0,9715.0,0,3,-400.0,0.0,SIGNAL
RUN_20260806_095127,ChecklistStrategy,BAJAJ-AUTO,2024-07-24,2024-09-02,LONG,9360.0,9360.0,0,40,7830.0,0.0,SIGNAL
RUN_20260806_095127,ChecklistStrategy,BAJAJ-AUTO,2024-10-09,2024-10-16,LONG,11944.0,11944.0,0,7,-1624.4,0.0,SIGNAL
RUN_20260806_095127,ChecklistStrategy,BAJAJ-AUTO,2024-10-17,2024-10-18,LONG,11222.2,11222.2,0,1,-4690.6,0.0,SIGNAL
RUN_20260806_095127,ChecklistStrategy,BAJAJ-AUTO,2024-10-24,2024-10-28,LONG,10504.0,10504.0,0,4,-1489.5,0.0,SIGNAL
RUN_20260806_095127,ChecklistStrategy,BAJAJ-AUTO,2024-11-06,2024-11-13,LONG,9883.4,9883.4,0,7,-1023.5,0.0,SIGNAL
RUN_20260806_095127,ChecklistStrategy,BAJAJ-AUTO,2025-01-02,2025-01-13,LONG,8740.5,8740.5,0,11,-180.0,0.0,SIGNAL
RUN_20260806_095127,ChecklistStrategy,BAJAJ-AUTO,2025-03-07,2025-03-26,LONG,7462.25,7462.25,0,19,3312.6,0.0,SIGNAL
RUN_20260806_095127,ChecklistStrategy,BAJAJ-AUTO,2025-04-02,2025-04-04,LONG,7962.0,7962.0,0,2,-492.0,0.0,SIGNAL
RUN_20260806_095127,ChecklistStrategy,BAJAJ-AUTO,2025-04-16,2025-05-05,LONG,7999.0,7999.0,0,19,-777.0,0.0,SIGNAL
RUN_20260806_095127,ChecklistStrategy,BAJAJ-AUTO,2025-05-20,2025-05-21,LONG,8850.0,8850.0,0,1,-1210.0,0.0,SIGNAL
RUN_20260806_095127,ChecklistStrategy,BAJAJ-AUTO,2025-05-22,2025-06-13,LONG,8660.0,8660.0,0,22,-1200.0,0.0,SIGNAL
RUN_20260806_095127,ChecklistStrategy,BAJAJ-AUTO,2025-07-24,2025-07-25,LONG,8409.5,8409.5,0,1,-807.0,0.0,SIGNAL
RUN_20260806_095127,ChecklistStrategy,BAJAJ-AUTO,2025-08-12,2025-08-13,LONG,8275.5,8275.5,0,1,-366.0,0.0,SIGNAL
RUN_20260806_095127,ChecklistStrategy,BAJAJ-AUTO,2025-08-14,2025-08-18,LONG,8250.0,8250.0,0,4,900.0,0.0,SIGNAL
RUN_20260806_095127,ChecklistStrategy,BAJAJ-AUTO,2025-09-19,2025-09-25,LONG,9050.0,9050.0,0,6,-1145.0,0.0,SIGNAL
RUN_20260806_095127,ChecklistStrategy,BAJAJ-AUTO,2025-10-06,2025-10-10,LONG,8698.0,8698.0,0,4,590.0,0.0,SIGNAL
RUN_20260806_095127,ChecklistStrategy,BAJAJ-AUTO,2025-10-27,2025-11-03,LONG,9099.5,9099.5,0,7,-997.5,0.0,SIGNAL
RUN_20260806_095127,ChecklistStrategy,BAJAJ-AUTO,2025-11-17,2025-11-26,LONG,8850.0,8850.0,0,9,1020.0,0.0,SIGNAL
RUN_20260806_095127,ChecklistStrategy,BAJAJ-AUTO,2025-12-05,2025-12-18,LONG,9054.0,9054.0,0,13,-815.0,0.0,SIGNAL
RUN_20260806_095127,ChecklistStrategy,BAJAJ-AUTO,2025-12-22,2026-01-05,LONG,9010.0,9010.0,0,14,2550.0,0.0,SIGNAL
RUN_20260806_095127,ChecklistStrategy,BAJAJ-AUTO,2026-01-14,2026-01-21,LONG,9576.0,9576.0,0,7,-2130.0,0.0,SIGNAL
RUN_20260806_095127,ChecklistStrategy,BAJAJ-AUTO,2026-01-29,2026-01-30,LONG,9475.0,9475.0,0,1,110.0,0.0,SIGNAL
RUN_20260806_095127,ChecklistStrategy,BAJAJ-AUTO,2026-02-25,2026-03-05,LONG,9859.5,9859.5,0,8,-925.0,0.0,SIGNAL
RUN_20260806_095127,ChecklistStrategy,BAJAJ-AUTO,2026-03-23,2026-03-24,LONG,8989.5,8989.5,0,1,-447.5,0.0,SIGNAL
RUN_20260806_095127,ChecklistStrategy,BAJAJ-AUTO,2026-04-24,2026-05-05,LONG,9600.0,9600.0,0,11,2655.0,0.0,SIGNAL
RUN_20260806_095127,ChecklistStrategy,BAJAJ-AUTO,2026-05-20,2026-06-03,LONG,10158.0,10158.0,0,14,615.0,0.0,SIGNAL
RUN_20260806_095127,ChecklistStrategy,BAJAJ-AUTO,2026-06-05,2026-06-10,LONG,10394.0,10394.0,0,5,-825.0,0.0,SIGNAL
RUN_20260806_095127,ChecklistStrategy,BAJAJ-AUTO,2026-07-01,2026-07-15,LONG,9762.0,9762.0,0,14,2190.0,0.0,SIGNAL
RUN_20260806_095127,ChecklistStrategy,BAJAJFINSV,2024-02-01,2024-02-07,LONG,1632.0,1632.0,0,6,-690.0,0.0,SIGNAL
RUN_20260806_095127,ChecklistStrategy,BAJAJFINSV,2024-02-14,2024-03-06,LONG,1560.0,1560.0,0,21,-62.0,0.0,SIGNAL
RUN_20260806_095127,ChecklistStrategy,BAJAJFINSV,2024-03-07,2024-03-26,LONG,1557.15,1557.15,0,19,987.35,0.0,SIGNAL
RUN_20260806_095127,ChecklistStrategy,BAJAJFINSV,2024-05-29,2024-05-31,LONG,1594.15,1594.15,0,2,-1988.65,0.0,SIGNAL
RUN_20260806_095127,ChecklistStrategy,BAJAJFINSV,2024-06-06,2024-07-01,LONG,1521.5,1521.5,0,25,2134.4,0.0,SIGNAL
RUN_20260806_095127,ChecklistStrategy,BAJAJFINSV,2024-09-19,2024-10-09,LONG,1890.0,1890.0,0,20,-1066.0,0.0,SIGNAL
RUN_20260806_095127,ChecklistStrategy,BAJAJFINSV,2024-11-06,2024-11-11,LONG,1732.1,1732.1,0,5,-127.4,0.0,SIGNAL
RUN_20260806_095127,ChecklistStrategy,BAJAJFINSV,2024-11-28,2024-11-29,LONG,1605.0,1605.0,0,1,-693.0,0.0,SIGNAL
RUN_20260806_095127,ChecklistStrategy,BAJAJFINSV,2024-12-16,2024-12-19,LONG,1675.0,1675.0,0,3,-1687.8,0.0,SIGNAL
RUN_20260806_095127,ChecklistStrategy,BAJAJFINSV,2025-01-17,2025-01-31,LONG,1686.1,1686.1,0,14,770.0,0.0,SIGNAL
RUN_20260806_095127,ChecklistStrategy,BAJAJFINSV,2025-02-03,2025-02-05,LONG,1735.0,1735.0,0,2,2052.0,0.0,SIGNAL
RUN_20260806_095127,ChecklistStrategy,BAJAJFINSV,2025-02-13,2025-03-17,LONG,1803.95,1803.95,0,32,433.35,0.0,SIGNAL
RUN_20260806_095127,ChecklistStrategy,BAJAJFINSV,2025-03-21,2025-03-27,LONG,1878.0,1878.0,0,6,1612.0,0.0,SIGNAL
RUN_20260806_095127,ChecklistStrategy,BAJAJFINSV,2025-03-28,2025-04-02,LONG,1995.75,1995.75,0,5,-1236.25,0.0,SIGNAL
RUN_20260806_095127,ChecklistStrategy,BAJAJFINSV,2025-05-16,2025-05-21,LONG,2054.0,2054.0,0,5,-1020.0,0.0,SIGNAL
RUN_20260806_095127,ChecklistStrategy,BAJAJFINSV,2025-05-22,2025-05-23,LONG,2037.3,2037.3,0,1,-753.6,0.0,SIGNAL
RUN_20260806_095127,ChecklistStrategy,BAJAJFINSV,2025-05-26,2025-06-02,LONG,2044.0,2044.0,0,7,-638.4,0.0,SIGNAL
RUN_20260806_095127,ChecklistStrategy,BAJAJFINSV,2025-06-12,2025-06-13,LONG,2016.0,2016.0,0,1,-384.0,0.0,SIGNAL
RUN_20260806_095127,ChecklistStrategy,BAJAJFINSV,2025-07-17,2025-07-28,LONG,2037.6,2037.6,0,11,-1094.8,0.0,SIGNAL
RUN_20260806_095127,ChecklistStrategy,BAJAJFINSV,2025-09-15,2025-09-22,LONG,2078.0,2078.0,0,7,-246.1,0.0,SIGNAL
RUN_20260806_095127,ChecklistStrategy,BAJAJFINSV,2025-09-30,2025-10-01,LONG,2025.0,2025.0,0,1,-370.3,0.0,SIGNAL
RUN_20260806_095127,ChecklistStrategy,BAJAJFINSV,2025-10-07,2025-10-13,LONG,2038.7,2038.7,0,6,-795.8,0.0,SIGNAL
RUN_20260806_095127,ChecklistStrategy,BAJAJFINSV,2025-10-14,2025-10-29,LONG,2024.9,2024.9,0,15,2877.3,0.0,SIGNAL
RUN_20260806_095127,ChecklistStrategy,BAJAJFINSV,2025-11-10,2025-11-12,LONG,2114.7,2114.7,0,2,-2419.6,0.0,SIGNAL
RUN_20260806_095127,ChecklistStrategy,BAJAJFINSV,2025-11-13,2025-11-24,LONG,2045.0,2045.0,0,11,437.0,0.0,SIGNAL
RUN_20260806_095127,ChecklistStrategy,BAJAJFINSV,2025-12-31,2026-01-01,LONG,2030.2,2030.2,0,1,340.4,0.0,SIGNAL
RUN_20260806_095127,ChecklistStrategy,BAJAJFINSV,2026-01-29,2026-03-09,LONG,1927.0,1927.0,0,39,-2109.6,0.0,SIGNAL
RUN_20260806_095127,ChecklistStrategy,BAJAJFINSV,2026-03-10,2026-03-12,LONG,1845.1,1845.1,0,2,-1455.0,0.0,SIGNAL
RUN_20260806_095127,ChecklistStrategy,BAJAJFINSV,2026-03-17,2026-03-20,LONG,1775.6,1775.6,0,3,-1290.0,0.0,SIGNAL
RUN_20260806_095127,ChecklistStrategy,BAJAJFINSV,2026-03-25,2026-04-01,LONG,1720.8,1720.8,0,7,-1086.8,0.0,SIGNAL
RUN_20260806_095127,ChecklistStrategy,BAJAJFINSV,2026-04-06,2026-05-18,LONG,1635.0,1635.0,0,42,2160.0,0.0,SIGNAL
RUN_20260806_095127,ChecklistStrategy,BAJAJFINSV,2026-05-19,2026-05-20,LONG,1745.2,1745.2,0,1,-330.2,0.0,SIGNAL
RUN_20260806_095127,ChecklistStrategy,BAJAJFINSV,2026-06-03,2026-06-08,LONG,1739.0,1739.0,0,5,-1430.0,0.0,SIGNAL
RUN_20260806_095127,ChecklistStrategy,BAJAJFINSV,2026-06-22,2026-06-30,LONG,1768.1,1768.1,0,8,-202.5,0.0,SIGNAL
RUN_20260806_095127,ChecklistStrategy,BAJAJFINSV,2026-07-20,2026-07-27,LONG,1852.1,1852.1,0,7,789.6,0.0,SIGNAL
RUN_20260806_095127,ChecklistStrategy,BAJFINANCE,2024-02-01,2024-02-02,LONG,686.59,686.59,0,1,-798.48,0.0,SIGNAL
RUN_20260806_095127,ChecklistStrategy,BAJFINANCE,2024-03-07,2024-03-15,LONG,635.0,635.0,0,8,195.39,0.0,SIGNAL
RUN_20260806_095127,ChecklistStrategy,BAJFINANCE,2024-03-18,2024-03-19,LONG,651.43,651.43,0,1,-35.34,0.0,SIGNAL
RUN_20260806_095127,ChecklistStrategy,BAJFINANCE,2024-04-22,2024-04-29,LONG,716.73,716.73,0,7,-2603.71,0.0,SIGNAL
RUN_20260806_095127,ChecklistStrategy,BAJFINANCE,2024-04-30,2024-05-10,LONG,682.99,682.99,0,10,-1337.35,0.0,SIGNAL
RUN_20260806_095127,ChecklistStrategy,BAJFINANCE,2024-06-06,2024-06-26,LONG,685.0,685.0,0,20,1518.0,0.0,SIGNAL
RUN_20260806_095127,ChecklistStrategy,BAJFINANCE,2024-06-27,2024-07-05,LONG,715.0,715.0,0,8,-107.2,0.0,SIGNAL
RUN_20260806_095127,ChecklistStrategy,BAJFINANCE,2024-07-08,2024-07-09,LONG,714.49,714.49,0,1,-235.17,0.0,SIGNAL
RUN_20260806_095127,ChecklistStrategy,BAJFINANCE,2024-07-15,2024-07-18,LONG,702.01,702.01,0,3,183.94,0.0,SIGNAL
RUN_20260806_095127,ChecklistStrategy,BAJFINANCE,2024-07-19,2024-07-22,LONG,711.0,711.0,0,3,-1192.6,0.0,SIGNAL
RUN_20260806_095127,ChecklistStrategy,BAJFINANCE,2024-07-31,2024-08-01,LONG,682.7,682.7,0,1,31.4,0.0,SIGNAL
RUN_20260806_095127,ChecklistStrategy,BAJFINANCE,2024-09-09,2024-09-11,LONG,732.4,732.4,0,2,-481.0,0.0,SIGNAL
RUN_20260806_095127,ChecklistStrategy,BAJFINANCE,2024-10-24,2024-10-25,LONG,701.25,701.25,0,1,190.28,0.0,SIGNAL
RUN_20260806_095127,ChecklistStrategy,BAJFINANCE,2024-10-30,2024-10-31,LONG,699.9,699.9,0,1,-335.0,0.0,SIGNAL
RUN_20260806_095127,ChecklistStrategy,BAJFINANCE,2024-11-06,2024-11-08,LONG,693.5,693.5,0,2,-207.4,0.0,SIGNAL
RUN_20260806_095127,ChecklistStrategy,BAJFINANCE,2025-01-02,2025-01-07,LONG,698.0,698.0,0,5,2549.66,0.0,SIGNAL
RUN_20260806_095127,ChecklistStrategy,BAJFINANCE,2025-01-17,2025-01-31,LONG,722.1,722.1,0,14,4646.4,0.0,SIGNAL
RUN_20260806_095127,ChecklistStrategy,BAJFINANCE,2025-02-03,2025-02-05,LONG,792.22,792.22,0,2,3640.14,0.0,SIGNAL
RUN_20260806_095127,ChecklistStrategy,BAJFINANCE,2025-03-07,2025-03-11,LONG,840.99,840.99,0,4,-650.38,0.0,SIGNAL
RUN_20260806_095127,ChecklistStrategy,BAJFINANCE,2025-03-18,2025-03-20,LONG,858.03,858.03,0,2,867.9,0.0,SIGNAL
RUN_20260806_095127,ChecklistStrategy,BAJFINANCE,2025-04-30,2025-05-02,LONG,884.0,884.0,0,2,-1507.65,0.0,SIGNAL
RUN_20260806_095127,ChecklistStrategy,BAJFINANCE,2025-05-05,2025-05-09,LONG,887.75,887.75,0,4,-1319.5,0.0,SIGNAL
RUN_20260806_095127,ChecklistStrategy,BAJFINANCE,2025-05-20,2025-05-21,LONG,929.8,929.8,0,1,-1089.0,0.0,SIGNAL
RUN_20260806_095127,ChecklistStrategy,BAJFINANCE,2025-05-22,2025-06-04,LONG,919.75,919.75,0,13,-1223.75,0.0,SIGNAL
RUN_20260806_095127,ChecklistStrategy,BAJFINANCE,2025-07-09,2025-07-17,LONG,926.5,926.5,0,8,-29.15,0.0,SIGNAL
RUN_20260806_095127,ChecklistStrategy,BAJFINANCE,2025-07-21,2025-07-28,LONG,938.9,938.9,0,7,-1571.45,0.0,SIGNAL
RUN_20260806_095127,ChecklistStrategy,BAJFINANCE,2025-08-14,2025-09-17,LONG,860.0,860.0,0,34,8550.0,0.0,SIGNAL
RUN_20260806_095127,ChecklistStrategy,BAJFINANCE,2025-09-30,2025-10-15,LONG,990.0,990.0,0,15,1908.0,0.0,SIGNAL
RUN_20260806_095127,ChecklistStrategy,BAJFINANCE,2025-11-13,2025-11-20,LONG,1012.5,1012.5,0,7,132.5,0.0,SIGNAL
RUN_20260806_095127,ChecklistStrategy,BAJFINANCE,2025-11-27,2025-12-09,LONG,1015.6,1015.6,0,12,498.2,0.0,SIGNAL
RUN_20260806_095127,ChecklistStrategy,BAJFINANCE,2026-01-05,2026-01-06,LONG,979.7,979.7,0,1,-93.5,0.0,SIGNAL
RUN_20260806_095127,ChecklistStrategy,BAJFINANCE,2026-02-06,2026-02-24,LONG,973.95,973.95,0,18,2931.6,0.0,SIGNAL
RUN_20260806_095127,ChecklistStrategy,BAJFINANCE,2026-03-17,2026-03-18,LONG,878.15,878.15,0,1,-129.15,0.0,SIGNAL
RUN_20260806_095127,ChecklistStrategy,BAJFINANCE,2026-03-24,2026-04-01,LONG,830.0,830.0,0,8,190.4,0.0,SIGNAL
RUN_20260806_095127,ChecklistStrategy,BAJFINANCE,2026-04-27,2026-05-01,LONG,923.05,923.05,0,4,837.0,0.0,SIGNAL
RUN_20260806_095127,ChecklistStrategy,BAJFINANCE,2026-07-08,2026-07-10,LONG,1025.0,1025.0,0,2,-804.6,0.0,SIGNAL
RUN_20260806_095127,ChecklistStrategy,BEL,2024-01-19,2024-01-31,LONG,190.0,190.0,0,12,-477.0,0.0,SIGNAL
RUN_20260806_095127,ChecklistStrategy,BEL,2024-06-06,2024-07-24,LONG,267.0,267.0,0,48,6780.5,0.0,SIGNAL
RUN_20260806_095127,ChecklistStrategy,BEL,2024-08-26,2024-08-28,LONG,308.7,308.7,0,2,-1323.45,0.0,SIGNAL
RUN_20260806_095127,ChecklistStrategy,BEL,2024-09-02,2024-09-06,LONG,301.95,301.95,0,4,-2030.0,0.0,SIGNAL
RUN_20260806_095127,ChecklistStrategy,BEL,2024-09-23,2024-10-01,LONG,280.0,280.0,0,8,943.5,0.0,SIGNAL
RUN_20260806_095127,ChecklistStrategy,BEL,2024-10-21,2024-10-23,LONG,286.3,286.3,0,2,-2754.0,0.0,SIGNAL
RUN_20260806_095127,ChecklistStrategy,BEL,2024-12-02,2024-12-20,LONG,307.8,307.8,0,18,-1597.4,0.0,SIGNAL
RUN_20260806_095127,ChecklistStrategy,BEL,2025-01-01,2025-01-02,LONG,293.15,293.15,0,1,219.7,0.0,SIGNAL
RUN_20260806_095127,ChecklistStrategy,BEL,2025-01-08,2025-01-10,LONG,287.0,287.0,0,2,-1211.0,0.0,SIGNAL
RUN_20260806_095127,ChecklistStrategy,BEL,2025-02-04,2025-02-12,LONG,276.0,276.0,0,8,-1977.95,0.0,SIGNAL
RUN_20260806_095127,ChecklistStrategy,BEL,2025-04-04,2025-04-07,LONG,287.1,287.1,0,3,-5026.7,0.0,SIGNAL
RUN_20260806_095127,ChecklistStrategy,BEL,2025-05-12,2025-05-13,LONG,325.0,325.0,0,1,-187.2,0.0,SIGNAL
RUN_20260806_095127,ChecklistStrategy,BEL,2025-06-16,2025-07-16,LONG,396.15,396.15,0,30,1523.75,0.0,SIGNAL
RUN_20260806_095127,ChecklistStrategy,BEL,2025-07-30,2025-08-01,LONG,390.95,390.95,0,2,-934.15,0.0,SIGNAL
RUN_20260806_095127,ChecklistStrategy,BEL,2025-08-22,2025-08-25,LONG,373.8,373.8,0,3,494.1,0.0,SIGNAL
RUN_20260806_095127,ChecklistStrategy,BEL,2025-09-01,2025-09-05,LONG,369.95,369.95,0,4,502.2,0.0,SIGNAL
RUN_20260806_095127,ChecklistStrategy,BEL,2025-09-15,2025-09-22,LONG,400.0,400.0,0,7,1127.0,0.0,SIGNAL
RUN_20260806_095127,ChecklistStrategy,BEL,2025-09-26,2025-09-30,LONG,403.65,403.65,0,4,156.6,0.0,SIGNAL
RUN_20260806_095127,ChecklistStrategy,BEL,2025-10-03,2025-10-20,LONG,406.8,406.8,0,17,1115.5,0.0,SIGNAL
RUN_20260806_095127,ChecklistStrategy,BEL,2025-11-10,2025-11-25,LONG,415.95,415.95,0,15,-1077.3,0.0,SIGNAL
RUN_20260806_095127,ChecklistStrategy,BEL,2026-02-02,2026-03-02,LONG,432.0,432.0,0,28,1050.4,0.0,SIGNAL
RUN_20260806_095127,ChecklistStrategy,BEL,2026-03-04,2026-03-05,LONG,460.0,460.0,0,1,-1164.8,0.0,SIGNAL
RUN_20260806_095127,ChecklistStrategy,BEL,2026-03-06,2026-03-10,LONG,462.0,462.0,0,4,303.0,0.0,SIGNAL
RUN_20260806_095127,ChecklistStrategy,BEL,2026-05-14,2026-05-20,LONG,431.0,431.0,0,6,-1602.3,0.0,SIGNAL
RUN_20260806_095127,ChecklistStrategy,BEL,2026-06-03,2026-06-24,LONG,408.0,408.0,0,21,1366.4,0.0,SIGNAL
RUN_20260806_095127,ChecklistStrategy,BHARTIARTL,2024-02-23,2024-02-29,LONG,1127.0,1127.0,0,6,-358.6,0.0,SIGNAL
RUN_20260806_095127,ChecklistStrategy,BHARTIARTL,2024-03-15,2024-03-22,LONG,1190.0,1190.0,0,7,1514.95,0.0,SIGNAL
RUN_20260806_095127,ChecklistStrategy,BHARTIARTL,2024-03-26,2024-04-08,LONG,1225.0,1225.0,0,13,-1480.0,0.0,SIGNAL
RUN_20260806_095127,ChecklistStrategy,BHARTIARTL,2024-05-09,2024-06-03,LONG,1283.0,1283.0,0,25,5027.4,0.0,SIGNAL
RUN_20260806_095127,ChecklistStrategy,BHARTIARTL,2024-06-06,2024-07-01,LONG,1359.0,1359.0,0,25,3458.0,0.0,SIGNAL
RUN_20260806_095127,ChecklistStrategy,BHARTIARTL,2024-07-11,2024-09-20,LONG,1450.0,1450.0,0,71,8177.0,0.0,SIGNAL
RUN_20260806_095127,ChecklistStrategy,BHARTIARTL,2024-10-14,2024-10-30,LONG,1686.0,1686.0,0,16,-1978.8,0.0,SIGNAL
RUN_20260806_095127,ChecklistStrategy,BHARTIARTL,2024-12-02,2024-12-04,LONG,1627.15,1627.15,0,2,91.0,0.0,SIGNAL
RUN_20260806_095127,ChecklistStrategy,BHARTIARTL,2024-12-06,2024-12-11,LONG,1618.0,1618.0,0,5,-1050.0,0.0,SIGNAL
RUN_20260806_095127,ChecklistStrategy,BHARTIARTL,2024-12-13,2024-12-23,LONG,1618.0,1618.0,0,10,-1120.0,0.0,SIGNAL
RUN_20260806_095127,ChecklistStrategy,BHARTIARTL,2025-01-23,2025-01-30,LONG,1624.5,1624.5,0,7,-605.2,0.0,SIGNAL
RUN_20260806_095127,ChecklistStrategy,BHARTIARTL,2025-02-04,2025-02-05,LONG,1662.15,1662.15,0,1,259.05,0.0,SIGNAL
RUN_20260806_095127,ChecklistStrategy,BHARTIARTL,2025-02-27,2025-03-03,LONG,1643.4,1643.4,0,4,-2125.2,0.0,SIGNAL
RUN_20260806_095127,ChecklistStrategy,BHARTIARTL,2025-03-04,2025-03-07,LONG,1589.0,1589.0,0,3,1360.0,0.0,SIGNAL
RUN_20260806_095127,ChecklistStrategy,BHARTIARTL,2025-03-12,2025-03-13,LONG,1690.0,1690.0,0,1,-1293.6,0.0,SIGNAL
RUN_20260806_095127,ChecklistStrategy,BHARTIARTL,2025-04-30,2025-05-15,LONG,1837.0,1837.0,0,15,374.1,0.0,SIGNAL
RUN_20260806_095127,ChecklistStrategy,BHARTIARTL,2025-06-12,2025-06-13,LONG,1871.9,1871.9,0,1,-1650.1,0.0,SIGNAL
RUN_20260806_095127,ChecklistStrategy,BHARTIARTL,2025-09-12,2025-09-19,LONG,1925.0,1925.0,0,7,145.6,0.0,SIGNAL
RUN_20260806_095127,ChecklistStrategy,BHARTIARTL,2025-09-22,2025-09-26,LONG,1954.0,1954.0,0,4,-618.3,0.0,SIGNAL
RUN_20260806_095127,ChecklistStrategy,BHARTIARTL,2025-10-06,2025-11-06,LONG,1892.6,1892.6,0,31,6227.2,0.0,SIGNAL
RUN_20260806_095127,ChecklistStrategy,BHARTIARTL,2025-12-03,2025-12-09,LONG,2100.1,2100.1,0,6,-359.1,0.0,SIGNAL
RUN_20260806_095127,ChecklistStrategy,BHARTIARTL,2026-01-30,2026-02-20,LONG,1925.6,1925.6,0,21,1554.0,0.0,SIGNAL
RUN_20260806_095127,ChecklistStrategy,BHARTIARTL,2026-02-27,2026-03-09,LONG,1910.0,1910.0,0,10,-2291.0,0.0,SIGNAL
RUN_20260806_095127,ChecklistStrategy,BHARTIARTL,2026-06-19,2026-08-03,LONG,1874.3,1874.3,0,45,3393.0,0.0,SIGNAL
RUN_20260806_095127,ChecklistStrategy,CIPLA,2024-02-01,2024-03-04,LONG,1359.7,1359.7,0,32,4562.1,0.0,SIGNAL
RUN_20260806_095127,ChecklistStrategy,CIPLA,2024-03-14,2024-03-20,LONG,1467.1,1467.1,0,6,-1095.5,0.0,SIGNAL
RUN_20260806_095127,ChecklistStrategy,CIPLA,2024-05-03,2024-05-08,LONG,1428.0,1428.0,0,5,-1906.2,0.0,SIGNAL
RUN_20260806_095127,ChecklistStrategy,CIPLA,2024-05-16,2024-07-16,LONG,1409.0,1409.0,0,61,3895.2,0.0,SIGNAL
RUN_20260806_095127,ChecklistStrategy,CIPLA,2024-08-01,2024-09-27,LONG,1545.95,1545.95,0,57,2862.8,0.0,SIGNAL
RUN_20260806_095127,ChecklistStrategy,CIPLA,2024-10-03,2024-10-07,LONG,1661.25,1661.25,0,4,-1224.0,0.0,SIGNAL
RUN_20260806_095127,ChecklistStrategy,CIPLA,2024-10-15,2024-10-17,LONG,1601.9,1601.9,0,2,-1310.1,0.0,SIGNAL
RUN_20260806_095127,ChecklistStrategy,CIPLA,2024-12-06,2024-12-09,LONG,1513.25,1513.25,0,3,-1163.75,0.0,SIGNAL
RUN_20260806_095127,ChecklistStrategy,CIPLA,2024-12-27,2025-01-14,LONG,1488.6,1488.6,0,18,-1841.0,0.0,SIGNAL
RUN_20260806_095127,ChecklistStrategy,CIPLA,2025-01-29,2025-02-03,LONG,1440.0,1440.0,0,5,-180.0,0.0,SIGNAL
RUN_20260806_095127,ChecklistStrategy,CIPLA,2025-02-14,2025-02-27,LONG,1478.0,1478.0,0,13,-884.0,0.0,SIGNAL
RUN_20260806_095127,ChecklistStrategy,CIPLA,2025-03-06,2025-04-04,LONG,1424.95,1424.95,0,29,2476.25,0.0,SIGNAL
RUN_20260806_095127,ChecklistStrategy,CIPLA,2025-04-17,2025-05-02,LONG,1498.0,1498.0,0,15,1343.0,0.0,SIGNAL
RUN_20260806_095127,ChecklistStrategy,CIPLA,2025-06-11,2025-07-03,LONG,1512.5,1512.5,0,22,-289.0,0.0,SIGNAL
RUN_20260806_095127,ChecklistStrategy,CIPLA,2025-07-04,2025-07-11,LONG,1508.4,1508.4,0,7,-965.6,0.0,SIGNAL
RUN_20260806_095127,ChecklistStrategy,CIPLA,2025-08-05,2025-08-28,LONG,1513.5,1513.5,0,23,2737.0,0.0,SIGNAL
RUN_20260806_095127,ChecklistStrategy,CIPLA,2025-09-04,2025-09-08,LONG,1599.0,1599.0,0,4,-1468.5,0.0,SIGNAL
RUN_20260806_095127,ChecklistStrategy,CIPLA,2025-09-29,2025-09-30,LONG,1506.9,1506.9,0,1,-658.0,0.0,SIGNAL
RUN_20260806_095127,ChecklistStrategy,CIPLA,2025-10-30,2025-10-31,LONG,1587.0,1587.0,0,1,-2460.8,0.0,SIGNAL
RUN_20260806_095127,ChecklistStrategy,CIPLA,2025-11-18,2025-11-26,LONG,1530.0,1530.0,0,8,-825.0,0.0,SIGNAL
RUN_20260806_095127,ChecklistStrategy,CIPLA,2026-01-01,2026-01-08,LONG,1512.0,1512.0,0,7,-1455.3,0.0,SIGNAL
RUN_20260806_095127,ChecklistStrategy,CIPLA,2026-01-12,2026-01-15,LONG,1464.0,1464.0,0,3,-973.5,0.0,SIGNAL
RUN_20260806_095127,ChecklistStrategy,CIPLA,2026-04-06,2026-04-09,LONG,1190.3,1190.3,0,3,1020.9,0.0,SIGNAL
RUN_20260806_095127,ChecklistStrategy,CIPLA,2026-04-10,2026-04-21,LONG,1225.4,1225.4,0,11,128.0,0.0,SIGNAL
RUN_20260806_095127,ChecklistStrategy,CIPLA,2026-05-14,2026-06-10,LONG,1362.2,1362.2,0,27,436.6,0.0,SIGNAL
RUN_20260806_095127,ChecklistStrategy,CIPLA,2026-07-15,2026-07-23,LONG,1447.0,1447.0,0,8,-1288.6,0.0,SIGNAL
RUN_20260806_095127,ChecklistStrategy,COALINDIA,2024-01-25,2024-02-12,LONG,386.8,386.8,0,18,9126.0,0.0,SIGNAL
RUN_20260806_095127,ChecklistStrategy,COALINDIA,2024-02-14,2024-02-22,LONG,451.65,451.65,0,8,-1638.0,0.0,SIGNAL
RUN_20260806_095127,ChecklistStrategy,COALINDIA,2024-02-23,2024-02-29,LONG,448.0,448.0,0,6,-480.0,0.0,SIGNAL
RUN_20260806_095127,ChecklistStrategy,COALINDIA,2024-03-15,2024-03-18,LONG,427.7,427.7,0,3,-1450.8,0.0,SIGNAL
RUN_20260806_095127,ChecklistStrategy,COALINDIA,2024-04-01,2024-04-19,LONG,436.7,436.7,0,18,-84.7,0.0,SIGNAL
RUN_20260806_095127,ChecklistStrategy,COALINDIA,2024-04-25,2024-05-10,LONG,443.0,443.0,0,15,495.6,0.0,SIGNAL
RUN_20260806_095127,ChecklistStrategy,COALINDIA,2024-06-06,2024-07-24,LONG,470.0,470.0,0,48,1903.8,0.0,SIGNAL
RUN_20260806_095127,ChecklistStrategy,COALINDIA,2024-07-31,2024-08-01,LONG,523.45,523.45,0,1,1189.65,0.0,SIGNAL
RUN_20260806_095127,ChecklistStrategy,COALINDIA,2024-08-12,2024-08-16,LONG,529.0,529.0,0,4,-2172.6,0.0,SIGNAL
RUN_20260806_095127,ChecklistStrategy,COALINDIA,2024-08-19,2024-09-02,LONG,513.8,513.8,0,14,1372.8,0.0,SIGNAL
RUN_20260806_095127,ChecklistStrategy,COALINDIA,2024-09-26,2024-10-04,LONG,506.0,506.0,0,8,-678.4,0.0,SIGNAL
RUN_20260806_095127,ChecklistStrategy,COALINDIA,2024-10-17,2024-10-18,LONG,495.75,495.75,0,1,-837.0,0.0,SIGNAL
RUN_20260806_095127,ChecklistStrategy,COALINDIA,2024-10-24,2024-10-25,LONG,474.1,474.1,0,1,448.0,0.0,SIGNAL
RUN_20260806_095127,ChecklistStrategy,COALINDIA,2024-10-30,2024-11-06,LONG,448.0,448.0,0,7,-1213.8,0.0,SIGNAL
RUN_20260806_095127,ChecklistStrategy,COALINDIA,2024-11-07,2024-11-11,LONG,437.8,437.8,0,4,-1790.8,0.0,SIGNAL
RUN_20260806_095127,ChecklistStrategy,COALINDIA,2024-11-18,2024-12-12,LONG,413.95,413.95,0,24,321.3,0.0,SIGNAL
RUN_20260806_095127,ChecklistStrategy,COALINDIA,2024-12-16,2024-12-19,LONG,410.5,410.5,0,3,-2463.3,0.0,SIGNAL
RUN_20260806_095127,ChecklistStrategy,COALINDIA,2025-01-01,2025-01-07,LONG,383.55,383.55,0,6,-396.0,0.0,SIGNAL
RUN_20260806_095127,ChecklistStrategy,COALINDIA,2025-01-09,2025-01-10,LONG,381.55,381.55,0,1,-1339.8,0.0,SIGNAL
RUN_20260806_095127,ChecklistStrategy,COALINDIA,2025-01-24,2025-01-27,LONG,386.05,386.05,0,3,-664.35,0.0,SIGNAL
RUN_20260806_095127,ChecklistStrategy,COALINDIA,2025-03-24,2025-03-26,LONG,407.95,407.95,0,2,-1152.9,0.0,SIGNAL
RUN_20260806_095127,ChecklistStrategy,COALINDIA,2025-04-17,2025-04-21,LONG,396.9,396.9,0,4,286.7,0.0,SIGNAL
RUN_20260806_095127,ChecklistStrategy,COALINDIA,2025-04-29,2025-04-30,LONG,397.15,397.15,0,1,-990.15,0.0,SIGNAL
RUN_20260806_095127,ChecklistStrategy,COALINDIA,2025-05-26,2025-06-02,LONG,402.55,402.55,0,7,-432.0,0.0,SIGNAL
RUN_20260806_095127,ChecklistStrategy,COALINDIA,2025-07-23,2025-07-28,LONG,389.4,389.4,0,5,-1016.8,0.0,SIGNAL
RUN_20260806_095127,ChecklistStrategy,COALINDIA,2025-07-30,2025-08-04,LONG,384.0,384.0,0,5,-1432.2,0.0,SIGNAL
RUN_20260806_095127,ChecklistStrategy,COALINDIA,2025-08-19,2025-08-22,LONG,388.5,388.5,0,3,-1252.35,0.0,SIGNAL
RUN_20260806_095127,ChecklistStrategy,COALINDIA,2025-09-22,2025-09-29,LONG,394.5,394.5,0,7,-549.9,0.0,SIGNAL
RUN_20260806_095127,ChecklistStrategy,COALINDIA,2025-10-24,2025-10-29,LONG,392.65,392.65,0,5,70.2,0.0,SIGNAL
RUN_20260806_095127,ChecklistStrategy,COALINDIA,2025-10-31,2025-11-03,LONG,389.95,389.95,0,3,71.4,0.0,SIGNAL
RUN_20260806_095127,ChecklistStrategy,COALINDIA,2025-11-17,2025-11-19,LONG,387.0,387.0,0,2,-464.1,0.0,SIGNAL
RUN_20260806_095127,ChecklistStrategy,COALINDIA,2025-12-08,2025-12-09,LONG,380.9,380.9,0,1,-696.0,0.0,SIGNAL
RUN_20260806_095127,ChecklistStrategy,COALINDIA,2025-12-16,2025-12-26,LONG,384.0,384.0,0,10,2336.4,0.0,SIGNAL
RUN_20260806_095127,ChecklistStrategy,COALINDIA,2026-01-28,2026-02-16,LONG,423.5,423.5,0,19,-1705.0,0.0,SIGNAL
RUN_20260806_095127,ChecklistStrategy,COALINDIA,2026-02-17,2026-02-18,LONG,422.25,422.25,0,1,-410.4,0.0,SIGNAL
RUN_20260806_095127,ChecklistStrategy,COALINDIA,2026-02-23,2026-03-12,LONG,426.0,426.0,0,17,2220.25,0.0,SIGNAL
RUN_20260806_095127,ChecklistStrategy,COALINDIA,2026-03-13,2026-03-17,LONG,473.0,473.0,0,4,-1257.3,0.0,SIGNAL
RUN_20260806_095127,ChecklistStrategy,COALINDIA,2026-04-01,2026-04-02,LONG,464.0,464.0,0,1,-1591.2,0.0,SIGNAL
RUN_20260806_095127,ChecklistStrategy,COALINDIA,2026-04-10,2026-04-13,LONG,455.0,455.0,0,3,-1980.0,0.0,SIGNAL
RUN_20260806_095127,ChecklistStrategy,COALINDIA,2026-04-15,2026-04-22,LONG,439.0,439.0,0,7,484.8,0.0,SIGNAL
RUN_20260806_095127,ChecklistStrategy,COALINDIA,2026-05-08,2026-05-14,LONG,461.2,461.2,0,6,266.0,0.0,SIGNAL
RUN_20260806_095127,ChecklistStrategy,COALINDIA,2026-05-18,2026-05-20,LONG,462.0,462.0,0,2,-576.0,0.0,SIGNAL
RUN_20260806_095127,ChecklistStrategy,COALINDIA,2026-06-02,2026-06-09,LONG,469.85,469.85,0,7,-460.35,0.0,SIGNAL
RUN_20260806_095127,ChecklistStrategy,COALINDIA,2026-06-10,2026-06-11,LONG,465.2,465.2,0,1,-1334.8,0.0,SIGNAL
RUN_20260806_095127,ChecklistStrategy,COALINDIA,2026-07-14,2026-07-21,LONG,429.95,429.95,0,7,0.0,0.0,SIGNAL
RUN_20260806_095127,ChecklistStrategy,DRREDDY,2024-02-01,2024-02-02,LONG,1217.89,1217.89,0,1,-588.0,0.0,SIGNAL
RUN_20260806_095127,ChecklistStrategy,DRREDDY,2024-03-05,2024-03-18,LONG,1266.98,1266.98,0,13,-333.84,0.0,SIGNAL
RUN_20260806_095127,ChecklistStrategy,DRREDDY,2024-04-05,2024-04-08,LONG,1228.5,1228.5,0,3,599.6,0.0,SIGNAL
RUN_20260806_095127,ChecklistStrategy,DRREDDY,2024-05-09,2024-05-10,LONG,1214.9,1214.9,0,1,-1635.9,0.0,SIGNAL
RUN_20260806_095127,ChecklistStrategy,DRREDDY,2024-05-28,2024-06-05,LONG,1174.43,1174.43,0,8,-1100.85,0.0,SIGNAL
RUN_20260806_095127,ChecklistStrategy,DRREDDY,2024-06-13,2024-06-19,LONG,1223.98,1223.98,0,6,-998.01,0.0,SIGNAL
RUN_20260806_095127,ChecklistStrategy,DRREDDY,2024-06-26,2024-08-09,LONG,1212.7,1212.7,0,44,7148.7,0.0,SIGNAL
RUN_20260806_095127,ChecklistStrategy,DRREDDY,2024-09-23,2024-09-25,LONG,1320.0,1320.0,0,2,438.75,0.0,SIGNAL
RUN_20260806_095127,ChecklistStrategy,DRREDDY,2024-10-21,2024-10-24,LONG,1354.0,1354.0,0,3,-957.6,0.0,SIGNAL
RUN_20260806_095127,ChecklistStrategy,DRREDDY,2024-11-05,2024-11-11,LONG,1265.1,1265.1,0,6,756.0,0.0,SIGNAL
RUN_20260806_095127,ChecklistStrategy,DRREDDY,2024-12-12,2024-12-18,LONG,1244.8,1244.8,0,6,291.1,0.0,SIGNAL
RUN_20260806_095127,ChecklistStrategy,DRREDDY,2025-03-20,2025-03-26,LONG,1178.95,1178.95,0,6,-46.2,0.0,SIGNAL
RUN_20260806_095127,ChecklistStrategy,DRREDDY,2025-04-02,2025-04-07,LONG,1150.0,1150.0,0,5,-5720.0,0.0,SIGNAL
RUN_20260806_095127,ChecklistStrategy,DRREDDY,2025-04-29,2025-04-30,LONG,1204.4,1204.4,0,1,-1128.0,0.0,SIGNAL
RUN_20260806_095127,ChecklistStrategy,DRREDDY,2025-05-02,2025-05-09,LONG,1176.1,1176.1,0,7,-1344.0,0.0,SIGNAL
RUN_20260806_095127,ChecklistStrategy,DRREDDY,2025-07-08,2025-07-09,LONG,1310.3,1310.3,0,1,-1090.8,0.0,SIGNAL
RUN_20260806_095127,ChecklistStrategy,DRREDDY,2025-07-31,2025-08-04,LONG,1274.5,1274.5,0,4,-1778.4,0.0,SIGNAL
RUN_20260806_095127,ChecklistStrategy,DRREDDY,2025-10-27,2025-10-30,LONG,1283.0,1283.0,0,3,-3045.0,0.0,SIGNAL
RUN_20260806_095127,ChecklistStrategy,DRREDDY,2025-10-31,2025-12-11,LONG,1202.5,1202.5,0,41,1738.8,0.0,SIGNAL
RUN_20260806_095127,ChecklistStrategy,DRREDDY,2025-12-19,2025-12-30,LONG,1277.0,1277.0,0,11,-315.0,0.0,SIGNAL
RUN_20260806_095127,ChecklistStrategy,DRREDDY,2026-01-01,2026-01-06,LONG,1270.0,1270.0,0,5,-700.0,0.0,SIGNAL
RUN_20260806_095127,ChecklistStrategy,DRREDDY,2026-01-12,2026-01-14,LONG,1210.0,1210.0,0,2,-699.3,0.0,SIGNAL
RUN_20260806_095127,ChecklistStrategy,DRREDDY,2026-02-02,2026-03-13,LONG,1189.5,1189.5,0,39,4338.0,0.0,SIGNAL
RUN_20260806_095127,ChecklistStrategy,DRREDDY,2026-04-10,2026-04-16,LONG,1212.8,1212.8,0,6,349.6,0.0,SIGNAL
RUN_20260806_095127,ChecklistStrategy,DRREDDY,2026-04-20,2026-04-21,LONG,1235.0,1235.0,0,1,-88.8,0.0,SIGNAL
RUN_20260806_095127,ChecklistStrategy,DRREDDY,2026-05-20,2026-06-02,LONG,1323.6,1323.6,0,13,-1475.6,0.0,SIGNAL
RUN_20260806_095127,ChecklistStrategy,EICHERMOT,2024-02-06,2024-02-09,LONG,3900.0,3900.0,0,3,-960.0,0.0,SIGNAL
RUN_20260806_095127,ChecklistStrategy,EICHERMOT,2024-02-12,2024-02-22,LONG,3869.9,3869.9,0,10,-61.2,0.0,SIGNAL
RUN_20260806_095127,ChecklistStrategy,EICHERMOT,2024-02-27,2024-02-29,LONG,3950.0,3950.0,0,2,-1044.6,0.0,SIGNAL
RUN_20260806_095127,ChecklistStrategy,EICHERMOT,2024-04-04,2024-04-10,LONG,3957.0,3957.0,0,6,3516.0,0.0,SIGNAL
RUN_20260806_095127,ChecklistStrategy,EICHERMOT,2024-04-18,2024-04-19,LONG,4356.0,4356.0,0,1,-121.0,0.0,SIGNAL
RUN_20260806_095127,ChecklistStrategy,EICHERMOT,2024-09-02,2024-09-05,LONG,4949.75,4949.75,0,3,-997.5,0.0,SIGNAL
RUN_20260806_095127,ChecklistStrategy,EICHERMOT,2024-09-26,2024-10-04,LONG,4915.0,4915.0,0,8,-1330.0,0.0,SIGNAL
RUN_20260806_095127,ChecklistStrategy,EICHERMOT,2024-10-14,2024-10-18,LONG,4749.0,4749.0,0,4,-1351.0,0.0,SIGNAL
RUN_20260806_095127,ChecklistStrategy,EICHERMOT,2024-10-21,2024-10-23,LONG,4765.0,4765.0,0,2,-424.5,0.0,SIGNAL
RUN_20260806_095127,ChecklistStrategy,EICHERMOT,2024-10-29,2024-10-31,LONG,4688.0,4688.0,0,2,1810.0,0.0,SIGNAL
RUN_20260806_095127,ChecklistStrategy,EICHERMOT,2024-11-06,2024-11-11,LONG,4910.95,4910.95,0,5,-1489.5,0.0,SIGNAL
RUN_20260806_095127,ChecklistStrategy,EICHERMOT,2025-01-03,2025-01-08,LONG,5325.0,5325.0,0,5,-1015.2,0.0,SIGNAL
RUN_20260806_095127,ChecklistStrategy,EICHERMOT,2025-01-23,2025-01-31,LONG,4996.6,4996.6,0,8,1515.6,0.0,SIGNAL
RUN_20260806_095127,ChecklistStrategy,EICHERMOT,2025-02-10,2025-02-11,LONG,5400.0,5400.0,0,1,-2350.35,0.0,SIGNAL
RUN_20260806_095127,ChecklistStrategy,EICHERMOT,2025-03-06,2025-04-02,LONG,4995.6,4995.6,0,27,3294.9,0.0,SIGNAL
RUN_20260806_095127,ChecklistStrategy,EICHERMOT,2025-04-29,2025-05-05,LONG,5626.5,5626.5,0,6,-1256.0,0.0,SIGNAL
RUN_20260806_095127,ChecklistStrategy,EICHERMOT,2025-05-07,2025-05-08,LONG,5460.5,5460.5,0,1,24.0,0.0,SIGNAL
RUN_20260806_095127,ChecklistStrategy,EICHERMOT,2025-05-13,2025-05-19,LONG,5506.5,5506.5,0,6,28.0,0.0,SIGNAL
RUN_20260806_095127,ChecklistStrategy,EICHERMOT,2025-05-30,2025-06-02,LONG,5378.0,5378.0,0,3,-342.0,0.0,SIGNAL
RUN_20260806_095127,ChecklistStrategy,EICHERMOT,2025-06-09,2025-06-12,LONG,5422.0,5422.0,0,3,-568.0,0.0,SIGNAL
RUN_20260806_095127,ChecklistStrategy,EICHERMOT,2025-06-19,2025-07-23,LONG,5410.0,5410.0,0,34,176.0,0.0,SIGNAL
RUN_20260806_095127,ChecklistStrategy,EICHERMOT,2025-08-05,2025-08-22,LONG,5625.0,5625.0,0,17,2760.0,0.0,SIGNAL
RUN_20260806_095127,ChecklistStrategy,EICHERMOT,2025-09-02,2025-11-11,LONG,6310.5,6310.5,0,70,3927.0,0.0,SIGNAL
RUN_20260806_095127,ChecklistStrategy,EICHERMOT,2025-11-18,2026-01-19,LONG,6835.0,6835.0,0,62,3255.0,0.0,SIGNAL
RUN_20260806_095127,ChecklistStrategy,EICHERMOT,2026-02-02,2026-03-02,LONG,6805.0,6805.0,0,28,6965.0,0.0,SIGNAL
RUN_20260806_095127,ChecklistStrategy,EICHERMOT,2026-04-13,2026-05-01,LONG,7150.0,7150.0,0,18,-287.0,0.0,SIGNAL
RUN_20260806_095127,ChecklistStrategy,EICHERMOT,2026-05-06,2026-05-08,LONG,7370.0,7370.0,0,2,-493.5,0.0,SIGNAL
RUN_20260806_095127,ChecklistStrategy,EICHERMOT,2026-07-21,2026-07-31,LONG,7590.0,7590.0,0,10,2163.0,0.0,SIGNAL
RUN_20260806_095127,ChecklistStrategy,ETERNAL,2024-01-25,2024-02-22,LONG,135.9,135.9,0,28,8679.55,0.0,SIGNAL
RUN_20260806_095127,ChecklistStrategy,ETERNAL,2024-03-01,2024-03-07,LONG,168.0,168.0,0,6,-2050.0,0.0,SIGNAL
RUN_20260806_095127,ChecklistStrategy,ETERNAL,2024-06-05,2024-06-11,LONG,175.0,175.0,0,6,2348.4,0.0,SIGNAL
RUN_20260806_095127,ChecklistStrategy,ETERNAL,2024-06-18,2024-08-07,LONG,187.5,187.5,0,50,21616.76,0.0,SIGNAL
RUN_20260806_095127,ChecklistStrategy,ETERNAL,2024-09-27,2024-10-04,LONG,275.4,275.4,0,7,-1923.6,0.0,SIGNAL
RUN_20260806_095127,ChecklistStrategy,ETERNAL,2024-10-07,2024-10-08,LONG,278.55,278.55,0,1,-2924.15,0.0,SIGNAL
RUN_20260806_095127,ChecklistStrategy,ETERNAL,2024-10-09,2024-10-18,LONG,279.0,279.0,0,9,-4972.5,0.0,SIGNAL
RUN_20260806_095127,ChecklistStrategy,ETERNAL,2024-10-24,2024-10-25,LONG,267.2,267.2,0,1,-2553.6,0.0,SIGNAL
RUN_20260806_095127,ChecklistStrategy,ETERNAL,2024-10-28,2024-10-31,LONG,252.0,252.0,0,3,-928.0,0.0,SIGNAL
RUN_20260806_095127,ChecklistStrategy,ETERNAL,2024-11-12,2024-11-26,LONG,259.95,259.95,0,14,3130.09,0.0,SIGNAL
RUN_20260806_095127,ChecklistStrategy,ETERNAL,2024-12-31,2025-01-02,LONG,278.0,278.0,0,2,-21.2,0.0,SIGNAL
RUN_20260806_095127,ChecklistStrategy,ETERNAL,2025-02-20,2025-02-25,LONG,231.5,231.5,0,5,-1868.8,0.0,SIGNAL
RUN_20260806_095127,ChecklistStrategy,ETERNAL,2025-03-24,2025-03-25,LONG,228.8,228.8,0,1,-1295.0,0.0,SIGNAL
RUN_20260806_095127,ChecklistStrategy,ETERNAL,2025-05-15,2025-05-21,LONG,236.2,236.2,0,6,-2263.2,0.0,SIGNAL
RUN_20260806_095127,ChecklistStrategy,ETERNAL,2025-05-28,2025-10-21,LONG,225.9,225.9,0,146,29006.8,0.0,SIGNAL
RUN_20260806_095127,ChecklistStrategy,ETERNAL,2026-01-22,2026-01-23,LONG,300.0,300.0,0,1,-5808.6,0.0,SIGNAL
RUN_20260806_095127,ChecklistStrategy,ETERNAL,2026-02-05,2026-02-09,LONG,291.1,291.1,0,4,-1188.3,0.0,SIGNAL
RUN_20260806_095127,ChecklistStrategy,ETERNAL,2026-02-17,2026-02-19,LONG,284.0,284.0,0,2,-1576.05,0.0,SIGNAL
RUN_20260806_095127,ChecklistStrategy,ETERNAL,2026-03-17,2026-03-23,LONG,223.0,223.0,0,6,1484.7,0.0,SIGNAL
RUN_20260806_095127,ChecklistStrategy,ETERNAL,2026-04-06,2026-04-15,LONG,232.8,232.8,0,9,2402.6,0.0,SIGNAL
RUN_20260806_095127,ChecklistStrategy,ETERNAL,2026-04-21,2026-05-01,LONG,254.89,254.89,0,10,-2130.06,0.0,SIGNAL
RUN_20260806_095127,ChecklistStrategy,ETERNAL,2026-06-05,2026-06-10,LONG,253.35,253.35,0,5,-1701.8,0.0,SIGNAL
RUN_20260806_095127,ChecklistStrategy,ETERNAL,2026-06-17,2026-07-09,LONG,254.0,254.0,0,22,8824.5,0.0,SIGNAL
RUN_20260806_095127,ChecklistStrategy,ETERNAL,2026-07-15,2026-07-23,LONG,285.0,285.0,0,8,1212.5,0.0,SIGNAL
RUN_20260806_095127,ChecklistStrategy,GRASIM,2024-02-12,2024-02-14,LONG,2175.0,2175.0,0,2,-2783.0,0.0,SIGNAL
RUN_20260806_095127,ChecklistStrategy,GRASIM,2024-03-01,2024-03-14,LONG,2209.0,2209.0,0,13,-1300.2,0.0,SIGNAL
RUN_20260806_095127,ChecklistStrategy,GRASIM,2024-04-22,2024-05-24,LONG,2275.0,2275.0,0,32,3669.75,0.0,SIGNAL
RUN_20260806_095127,ChecklistStrategy,GRASIM,2024-05-29,2024-05-30,LONG,2440.0,2440.0,0,1,-720.0,0.0,SIGNAL
RUN_20260806_095127,ChecklistStrategy,GRASIM,2024-06-06,2024-06-18,LONG,2306.05,2306.05,0,12,3463.95,0.0,SIGNAL
RUN_20260806_095127,ChecklistStrategy,GRASIM,2024-06-20,2024-07-16,LONG,2447.1,2447.1,0,26,7418.0,0.0,SIGNAL
RUN_20260806_095127,ChecklistStrategy,GRASIM,2024-07-23,2024-07-25,LONG,2811.0,2811.0,0,2,-114.0,0.0,SIGNAL
RUN_20260806_095127,ChecklistStrategy,GRASIM,2024-09-02,2024-09-12,LONG,2706.75,2706.75,0,10,-323.0,0.0,SIGNAL
RUN_20260806_095127,ChecklistStrategy,GRASIM,2024-09-26,2024-10-15,LONG,2674.0,2674.0,0,19,1020.0,0.0,SIGNAL
RUN_20260806_095127,ChecklistStrategy,GRASIM,2024-11-06,2024-11-07,LONG,2650.95,2650.95,0,1,-396.0,0.0,SIGNAL
RUN_20260806_095127,ChecklistStrategy,GRASIM,2024-11-18,2024-11-29,LONG,2497.0,2497.0,0,11,1428.0,0.0,SIGNAL
RUN_20260806_095127,ChecklistStrategy,GRASIM,2024-12-12,2024-12-18,LONG,2683.0,2683.0,0,6,-1520.0,0.0,SIGNAL
RUN_20260806_095127,ChecklistStrategy,GRASIM,2025-01-15,2025-02-14,LONG,2326.9,2326.9,0,30,3958.3,0.0,SIGNAL
RUN_20260806_095127,ChecklistStrategy,GRASIM,2025-02-18,2025-02-25,LONG,2480.0,2480.0,0,7,-2024.0,0.0,SIGNAL
RUN_20260806_095127,ChecklistStrategy,GRASIM,2025-03-12,2025-03-13,LONG,2413.55,2413.55,0,1,-265.65,0.0,SIGNAL
RUN_20260806_095127,ChecklistStrategy,GRASIM,2025-03-18,2025-03-24,LONG,2399.35,2399.35,0,6,1823.9,0.0,SIGNAL
RUN_20260806_095127,ChecklistStrategy,GRASIM,2025-04-28,2025-04-30,LONG,2735.0,2735.0,0,2,0.0,0.0,SIGNAL
RUN_20260806_095127,ChecklistStrategy,GRASIM,2025-05-15,2025-05-23,LONG,2734.3,2734.3,0,8,-1186.0,0.0,SIGNAL
RUN_20260806_095127,ChecklistStrategy,GRASIM,2025-06-19,2025-07-14,LONG,2680.0,2680.0,0,25,1880.0,0.0,SIGNAL
RUN_20260806_095127,ChecklistStrategy,GRASIM,2025-07-25,2025-08-01,LONG,2735.0,2735.0,0,7,260.0,0.0,SIGNAL
RUN_20260806_095127,ChecklistStrategy,GRASIM,2025-08-18,2025-08-29,LONG,2795.0,2795.0,0,11,-214.0,0.0,SIGNAL
RUN_20260806_095127,ChecklistStrategy,GRASIM,2025-09-12,2025-09-23,LONG,2799.0,2799.0,0,11,1198.0,0.0,SIGNAL
RUN_20260806_095127,ChecklistStrategy,GRASIM,2025-10-07,2025-10-09,LONG,2800.0,2800.0,0,2,-372.0,0.0,SIGNAL
RUN_20260806_095127,ChecklistStrategy,GRASIM,2025-10-10,2025-10-15,LONG,2810.6,2810.6,0,5,-612.0,0.0,SIGNAL
RUN_20260806_095127,ChecklistStrategy,GRASIM,2025-10-21,2025-11-07,LONG,2875.9,2875.9,0,17,-3342.1,0.0,SIGNAL
RUN_20260806_095127,ChecklistStrategy,GRASIM,2025-12-22,2025-12-23,LONG,2812.7,2812.7,0,1,-32.3,0.0,SIGNAL
RUN_20260806_095127,ChecklistStrategy,GRASIM,2026-01-07,2026-01-09,LONG,2880.0,2880.0,0,2,-1523.8,0.0,SIGNAL
RUN_20260806_095127,ChecklistStrategy,GRASIM,2026-01-22,2026-02-02,LONG,2742.5,2742.5,0,11,-47.5,0.0,SIGNAL
RUN_20260806_095127,ChecklistStrategy,GRASIM,2026-02-05,2026-02-12,LONG,2830.1,2830.1,0,7,2095.7,0.0,SIGNAL
RUN_20260806_095127,ChecklistStrategy,GRASIM,2026-02-19,2026-02-20,LONG,2928.1,2928.1,0,1,-1137.6,0.0,SIGNAL
RUN_20260806_095127,ChecklistStrategy,GRASIM,2026-03-06,2026-03-09,LONG,2701.5,2701.5,0,3,-850.0,0.0,SIGNAL
RUN_20260806_095127,ChecklistStrategy,GRASIM,2026-03-17,2026-03-23,LONG,2655.1,2655.1,0,6,-1282.0,0.0,SIGNAL
RUN_20260806_095127,ChecklistStrategy,GRASIM,2026-04-20,2026-04-29,LONG,2730.5,2730.5,0,9,1282.5,0.0,SIGNAL
RUN_20260806_095127,ChecklistStrategy,GRASIM,2026-05-14,2026-06-16,LONG,2955.0,2955.0,0,33,4050.0,0.0,SIGNAL
RUN_20260806_095127,ChecklistStrategy,GRASIM,2026-06-25,2026-08-05,LONG,3131.9,3131.9,0,41,307.7,0.0,SIGNAL
RUN_20260806_095127,ChecklistStrategy,HCLTECH,2024-02-01,2024-03-13,LONG,1576.0,1576.0,0,41,1945.25,0.0,SIGNAL
RUN_20260806_095127,ChecklistStrategy,HCLTECH,2024-03-26,2024-03-27,LONG,1562.25,1562.25,0,1,216.0,0.0,SIGNAL
RUN_20260806_095127,ChecklistStrategy,HCLTECH,2024-06-05,2024-07-01,LONG,1320.0,1320.0,0,26,5655.0,0.0,SIGNAL
RUN_20260806_095127,ChecklistStrategy,HCLTECH,2024-08-12,2024-08-28,LONG,1590.0,1590.0,0,16,4044.15,0.0,SIGNAL
RUN_20260806_095127,ChecklistStrategy,HCLTECH,2024-08-29,2024-09-13,LONG,1714.0,1714.0,0,15,2912.0,0.0,SIGNAL
RUN_20260806_095127,ChecklistStrategy,HCLTECH,2024-09-23,2024-09-27,LONG,1764.0,1764.0,0,4,1472.0,0.0,SIGNAL
RUN_20260806_095127,ChecklistStrategy,HCLTECH,2024-10-09,2025-01-08,LONG,1793.05,1793.05,0,91,3624.0,0.0,SIGNAL
RUN_20260806_095127,ChecklistStrategy,HCLTECH,2025-03-06,2025-03-13,LONG,1580.0,1580.0,0,7,-1497.2,0.0,SIGNAL
RUN_20260806_095127,ChecklistStrategy,HCLTECH,2025-03-25,2025-03-26,LONG,1622.0,1622.0,0,1,104.4,0.0,SIGNAL
RUN_20260806_095127,ChecklistStrategy,HCLTECH,2025-04-15,2025-05-28,LONG,1420.0,1420.0,0,43,10248.0,0.0,SIGNAL
RUN_20260806_095127,ChecklistStrategy,HCLTECH,2025-06-03,2025-06-05,LONG,1646.9,1646.9,0,2,-468.0,0.0,SIGNAL
RUN_20260806_095127,ChecklistStrategy,HCLTECH,2025-06-09,2025-07-10,LONG,1648.0,1648.0,0,31,1053.0,0.0,SIGNAL
RUN_20260806_095127,ChecklistStrategy,HCLTECH,2025-07-21,2025-07-25,LONG,1548.8,1548.8,0,4,-1955.7,0.0,SIGNAL
RUN_20260806_095127,ChecklistStrategy,HCLTECH,2025-07-30,2025-08-28,LONG,1480.5,1480.5,0,29,322.5,0.0,SIGNAL
RUN_20260806_095127,ChecklistStrategy,HCLTECH,2025-09-01,2025-09-09,LONG,1446.0,1446.0,0,8,-1539.4,0.0,SIGNAL
RUN_20260806_095127,ChecklistStrategy,HCLTECH,2025-09-16,2025-09-22,LONG,1463.9,1463.9,0,6,-1717.8,0.0,SIGNAL
RUN_20260806_095127,ChecklistStrategy,HCLTECH,2025-10-21,2025-11-17,LONG,1502.7,1502.7,0,27,3743.3,0.0,SIGNAL
RUN_20260806_095127,ChecklistStrategy,HCLTECH,2025-12-23,2025-12-30,LONG,1675.1,1675.1,0,7,-1683.4,0.0,SIGNAL
RUN_20260806_095127,ChecklistStrategy,HCLTECH,2026-01-15,2026-02-05,LONG,1668.5,1668.5,0,21,-2027.6,0.0,SIGNAL
RUN_20260806_095127,ChecklistStrategy,HCLTECH,2026-02-26,2026-03-06,LONG,1391.0,1391.0,0,8,-1540.0,0.0,SIGNAL
RUN_20260806_095127,ChecklistStrategy,HCLTECH,2026-03-24,2026-03-30,LONG,1380.0,1380.0,0,6,-1320.0,0.0,SIGNAL
RUN_20260806_095127,ChecklistStrategy,HCLTECH,2026-04-06,2026-04-23,LONG,1397.0,1397.0,0,17,-4601.0,0.0,SIGNAL
RUN_20260806_095127,ChecklistStrategy,HCLTECH,2026-06-12,2026-06-23,LONG,1120.0,1120.0,0,11,83.2,0.0,SIGNAL
RUN_20260806_095127,ChecklistStrategy,HCLTECH,2026-07-14,2026-07-15,LONG,1200.0,1200.0,0,1,-2021.0,0.0,SIGNAL
RUN_20260806_095127,ChecklistStrategy,HDFCBANK,2024-02-01,2024-02-08,LONG,732.53,732.53,0,7,-1196.8,0.0,SIGNAL
RUN_20260806_095127,ChecklistStrategy,HDFCBANK,2024-02-21,2024-02-23,LONG,732.0,732.0,0,2,-1388.57,0.0,SIGNAL
RUN_20260806_095127,ChecklistStrategy,HDFCBANK,2024-03-20,2024-05-02,LONG,724.53,724.53,0,43,2443.82,0.0,SIGNAL
RUN_20260806_095127,ChecklistStrategy,HDFCBANK,2024-05-07,2024-05-09,LONG,760.97,760.97,0,2,-1527.5,0.0,SIGNAL
RUN_20260806_095127,ChecklistStrategy,HDFCBANK,2024-06-06,2024-06-24,LONG,782.45,782.45,0,18,2586.15,0.0,SIGNAL
RUN_20260806_095127,ChecklistStrategy,HDFCBANK,2024-07-15,2024-07-22,LONG,811.75,811.75,0,7,-201.5,0.0,SIGNAL
RUN_20260806_095127,ChecklistStrategy,HDFCBANK,2024-07-31,2024-10-10,LONG,807.0,807.0,0,71,775.0,0.0,SIGNAL
RUN_20260806_095127,ChecklistStrategy,HDFCBANK,2024-10-17,2024-10-23,LONG,847.47,847.47,0,6,297.95,0.0,SIGNAL
RUN_20260806_095127,ChecklistStrategy,HDFCBANK,2024-10-24,2024-11-05,LONG,869.05,869.05,0,12,-1017.9,0.0,SIGNAL
RUN_20260806_095127,ChecklistStrategy,HDFCBANK,2024-11-06,2024-11-13,LONG,885.75,885.75,0,7,-1560.38,0.0,SIGNAL
RUN_20260806_095127,ChecklistStrategy,HDFCBANK,2024-11-25,2025-01-06,LONG,892.53,892.53,0,42,-1258.6,0.0,SIGNAL
RUN_20260806_095127,ChecklistStrategy,HDFCBANK,2025-01-23,2025-01-27,LONG,843.5,843.5,0,4,-1331.1,0.0,SIGNAL
RUN_20260806_095127,ChecklistStrategy,HDFCBANK,2025-02-13,2025-02-14,LONG,849.5,849.5,0,1,81.2,0.0,SIGNAL
RUN_20260806_095127,ChecklistStrategy,HDFCBANK,2025-02-18,2025-02-25,LONG,856.53,856.53,0,7,-1174.6,0.0,SIGNAL
RUN_20260806_095127,ChecklistStrategy,HDFCBANK,2025-02-27,2025-03-11,LONG,841.28,841.28,0,12,-4.2,0.0,SIGNAL
RUN_20260806_095127,ChecklistStrategy,HDFCBANK,2025-03-28,2025-04-02,LONG,914.5,914.5,0,5,-1515.8,0.0,SIGNAL
RUN_20260806_095127,ChecklistStrategy,HDFCBANK,2025-04-03,2025-04-07,LONG,890.55,890.55,0,4,-475.8,0.0,SIGNAL
RUN_20260806_095127,ChecklistStrategy,HDFCBANK,2025-06-03,2025-06-04,LONG,969.0,969.0,0,1,-408.0,0.0,SIGNAL
RUN_20260806_095127,ChecklistStrategy,HDFCBANK,2025-06-05,2025-06-30,LONG,974.0,974.0,0,25,1492.25,0.0,SIGNAL
RUN_20260806_095127,ChecklistStrategy,HDFCBANK,2025-07-07,2025-08-26,LONG,994.5,994.5,0,50,-705.0,0.0,SIGNAL
RUN_20260806_095127,ChecklistStrategy,HDFCBANK,2025-12-08,2025-12-10,LONG,1000.0,1000.0,0,2,-115.0,0.0,SIGNAL
RUN_20260806_095127,ChecklistStrategy,HDFCBANK,2025-12-22,2026-01-06,LONG,988.0,988.0,0,15,-1189.1,0.0,SIGNAL
RUN_20260806_095127,ChecklistStrategy,HDFCBANK,2026-01-21,2026-02-11,LONG,925.0,925.0,0,21,306.25,0.0,SIGNAL
RUN_20260806_095127,ChecklistStrategy,HDFCBANK,2026-03-17,2026-03-18,LONG,847.7,847.7,0,1,-126.9,0.0,SIGNAL
RUN_20260806_095127,ChecklistStrategy,HDFCBANK,2026-04-13,2026-04-17,LONG,791.5,791.5,0,4,-78.4,0.0,SIGNAL
RUN_20260806_095127,ChecklistStrategy,HDFCBANK,2026-04-22,2026-04-23,LONG,810.0,810.0,0,1,-1008.0,0.0,SIGNAL
RUN_20260806_095127,ChecklistStrategy,HDFCBANK,2026-06-11,2026-06-12,LONG,743.0,743.0,0,1,702.0,0.0,SIGNAL
RUN_20260806_095127,ChecklistStrategy,HDFCBANK,2026-06-17,2026-06-26,LONG,787.65,787.65,0,9,501.7,0.0,SIGNAL
RUN_20260806_095127,ChecklistStrategy,HDFCBANK,2026-07-10,2026-07-21,LONG,824.0,824.0,0,11,-3071.6,0.0,SIGNAL
RUN_20260806_095127,ChecklistStrategy,HDFCLIFE,2024-04-01,2024-04-04,LONG,638.0,638.0,0,3,-1014.0,0.0,SIGNAL
RUN_20260806_095127,ChecklistStrategy,HDFCLIFE,2024-04-08,2024-04-16,LONG,630.0,630.0,0,8,-1634.1,0.0,SIGNAL
RUN_20260806_095127,ChecklistStrategy,HDFCLIFE,2024-04-22,2024-04-29,LONG,601.85,601.85,0,7,-948.0,0.0,SIGNAL
RUN_20260806_095127,ChecklistStrategy,HDFCLIFE,2024-05-02,2024-05-03,LONG,584.3,584.3,0,1,-205.0,0.0,SIGNAL
RUN_20260806_095127,ChecklistStrategy,HDFCLIFE,2024-05-13,2024-05-27,LONG,553.8,553.8,0,14,991.8,0.0,SIGNAL
RUN_20260806_095127,ChecklistStrategy,HDFCLIFE,2024-06-26,2024-07-03,LONG,591.65,591.65,0,7,61.5,0.0,SIGNAL
RUN_20260806_095127,ChecklistStrategy,HDFCLIFE,2024-07-04,2024-09-04,LONG,596.0,596.0,0,62,12611.7,0.0,SIGNAL
RUN_20260806_095127,ChecklistStrategy,HDFCLIFE,2024-09-27,2024-10-01,LONG,729.45,729.45,0,4,-1008.75,0.0,SIGNAL
RUN_20260806_095127,ChecklistStrategy,HDFCLIFE,2024-10-11,2024-10-16,LONG,721.5,721.5,0,5,146.25,0.0,SIGNAL
RUN_20260806_095127,ChecklistStrategy,HDFCLIFE,2024-10-17,2024-10-25,LONG,730.0,730.0,0,8,-888.0,0.0,SIGNAL
RUN_20260806_095127,ChecklistStrategy,HDFCLIFE,2024-12-05,2024-12-06,LONG,650.2,650.2,0,1,-426.4,0.0,SIGNAL
RUN_20260806_095127,ChecklistStrategy,HDFCLIFE,2025-02-05,2025-02-06,LONG,626.0,626.0,0,1,38.25,0.0,SIGNAL
RUN_20260806_095127,ChecklistStrategy,HDFCLIFE,2025-03-04,2025-03-07,LONG,613.1,613.1,0,3,447.2,0.0,SIGNAL
RUN_20260806_095127,ChecklistStrategy,HDFCLIFE,2025-03-18,2025-03-24,LONG,629.8,629.8,0,6,4233.0,0.0,SIGNAL
RUN_20260806_095127,ChecklistStrategy,HDFCLIFE,2025-03-28,2025-04-08,LONG,683.9,683.9,0,11,-770.8,0.0,SIGNAL
RUN_20260806_095127,ChecklistStrategy,HDFCLIFE,2025-05-02,2025-05-07,LONG,743.7,743.7,0,5,-1827.8,0.0,SIGNAL
RUN_20260806_095127,ChecklistStrategy,HDFCLIFE,2025-05-26,2025-05-30,LONG,784.3,784.3,0,4,-238.0,0.0,SIGNAL
RUN_20260806_095127,ChecklistStrategy,HDFCLIFE,2025-06-10,2025-06-13,LONG,764.15,764.15,0,3,-1437.75,0.0,SIGNAL
RUN_20260806_095127,ChecklistStrategy,HDFCLIFE,2025-06-23,2025-07-14,LONG,769.95,769.95,0,21,-1017.75,0.0,SIGNAL
RUN_20260806_095127,ChecklistStrategy,HDFCLIFE,2025-08-12,2025-08-22,LONG,764.75,764.75,0,10,2004.45,0.0,SIGNAL
RUN_20260806_095127,ChecklistStrategy,HDFCLIFE,2025-09-02,2025-09-03,LONG,780.0,780.0,0,1,207.0,0.0,SIGNAL
RUN_20260806_095127,ChecklistStrategy,HDFCLIFE,2025-09-19,2025-09-25,LONG,786.8,786.8,0,6,-1297.2,0.0,SIGNAL
RUN_20260806_095127,ChecklistStrategy,HDFCLIFE,2025-10-28,2025-11-07,LONG,736.0,736.0,0,10,-356.4,0.0,SIGNAL
RUN_20260806_095127,ChecklistStrategy,HDFCLIFE,2025-11-10,2025-12-09,LONG,750.0,750.0,0,29,986.9,0.0,SIGNAL
RUN_20260806_095127,ChecklistStrategy,HDFCLIFE,2025-12-11,2025-12-17,LONG,771.05,771.05,0,6,-462.3,0.0,SIGNAL
RUN_20260806_095127,ChecklistStrategy,HDFCLIFE,2026-01-28,2026-01-30,LONG,722.2,722.2,0,2,-70.3,0.0,SIGNAL
RUN_20260806_095127,ChecklistStrategy,HDFCLIFE,2026-02-02,2026-02-04,LONG,717.3,717.3,0,2,489.1,0.0,SIGNAL
RUN_20260806_095127,ChecklistStrategy,HDFCLIFE,2026-02-10,2026-02-16,LONG,711.25,711.25,0,6,-1387.0,0.0,SIGNAL
RUN_20260806_095127,ChecklistStrategy,HDFCLIFE,2026-02-19,2026-03-04,LONG,726.9,726.9,0,13,-2556.0,0.0,SIGNAL
RUN_20260806_095127,ChecklistStrategy,HDFCLIFE,2026-03-25,2026-04-01,LONG,603.95,603.95,0,7,-339.7,0.0,SIGNAL
RUN_20260806_095127,ChecklistStrategy,HDFCLIFE,2026-04-06,2026-04-09,LONG,563.0,563.0,0,3,2720.9,0.0,SIGNAL
RUN_20260806_095127,ChecklistStrategy,HDFCLIFE,2026-04-28,2026-04-30,LONG,594.2,594.2,0,2,13.2,0.0,SIGNAL
RUN_20260806_095127,ChecklistStrategy,HDFCLIFE,2026-05-22,2026-06-01,LONG,619.0,619.0,0,10,-2085.5,0.0,SIGNAL
RUN_20260806_095127,ChecklistStrategy,HDFCLIFE,2026-06-18,2026-07-02,LONG,583.0,583.0,0,14,-774.3,0.0,SIGNAL
RUN_20260806_095127,ChecklistStrategy,HDFCLIFE,2026-07-16,2026-07-17,LONG,585.0,585.0,0,1,-1503.0,0.0,SIGNAL
RUN_20260806_095127,ChecklistStrategy,HEROMOTOCO,2024-03-01,2024-03-18,LONG,4459.9,4459.9,0,17,1106.6,0.0,SIGNAL
RUN_20260806_095127,ChecklistStrategy,HEROMOTOCO,2024-06-25,2024-06-27,LONG,5565.9,5565.9,0,2,-954.0,0.0,SIGNAL
RUN_20260806_095127,ChecklistStrategy,HEROMOTOCO,2024-06-28,2024-07-02,LONG,5500.0,5500.0,0,4,1530.0,0.0,SIGNAL
RUN_20260806_095127,ChecklistStrategy,HEROMOTOCO,2024-07-08,2024-07-11,LONG,5565.65,5565.65,0,3,-320.85,0.0,SIGNAL
RUN_20260806_095127,ChecklistStrategy,HEROMOTOCO,2024-08-19,2024-08-21,LONG,5149.0,5149.0,0,2,858.6,0.0,SIGNAL
RUN_20260806_095127,ChecklistStrategy,HEROMOTOCO,2024-08-28,2024-09-19,LONG,5365.0,5365.0,0,22,5715.0,0.0,SIGNAL
RUN_20260806_095127,ChecklistStrategy,HEROMOTOCO,2024-09-27,2024-10-01,LONG,6068.1,6068.1,0,4,-2845.6,0.0,SIGNAL
RUN_20260806_095127,ChecklistStrategy,HEROMOTOCO,2024-11-06,2024-11-12,LONG,4858.0,4858.0,0,6,-1005.0,0.0,SIGNAL
RUN_20260806_095127,ChecklistStrategy,HEROMOTOCO,2024-11-18,2024-11-19,LONG,4834.15,4834.15,0,1,-816.2,0.0,SIGNAL
RUN_20260806_095127,ChecklistStrategy,HEROMOTOCO,2024-12-20,2024-12-23,LONG,4406.95,4406.95,0,3,-461.45,0.0,SIGNAL
RUN_20260806_095127,ChecklistStrategy,HEROMOTOCO,2025-02-06,2025-02-07,LONG,4289.0,4289.0,0,1,371.4,0.0,SIGNAL
RUN_20260806_095127,ChecklistStrategy,HEROMOTOCO,2025-02-18,2025-02-28,LONG,3880.0,3880.0,0,10,-1747.2,0.0,SIGNAL
RUN_20260806_095127,ChecklistStrategy,HEROMOTOCO,2025-03-28,2025-04-07,LONG,3779.0,3779.0,0,10,-3900.65,0.0,SIGNAL
RUN_20260806_095127,ChecklistStrategy,HEROMOTOCO,2025-04-08,2025-04-21,LONG,3600.0,3600.0,0,13,2522.0,0.0,SIGNAL
RUN_20260806_095127,ChecklistStrategy,HEROMOTOCO,2025-06-23,2025-07-01,LONG,4320.0,4320.0,0,8,-678.7,0.0,SIGNAL
RUN_20260806_095127,ChecklistStrategy,HEROMOTOCO,2025-07-10,2025-07-14,LONG,4330.1,4330.1,0,4,-1222.1,0.0,SIGNAL
RUN_20260806_095127,ChecklistStrategy,HEROMOTOCO,2025-07-22,2025-07-25,LONG,4418.0,4418.0,0,3,-1540.0,0.0,SIGNAL
RUN_20260806_095127,ChecklistStrategy,HEROMOTOCO,2025-08-08,2025-08-11,LONG,4660.0,4660.0,0,3,-570.0,0.0,SIGNAL
RUN_20260806_095127,ChecklistStrategy,HEROMOTOCO,2025-09-17,2025-09-29,LONG,5344.0,5344.0,0,12,-128.0,0.0,SIGNAL
RUN_20260806_095127,ChecklistStrategy,HEROMOTOCO,2025-11-17,2025-11-19,LONG,5589.0,5589.0,0,2,2096.0,0.0,SIGNAL
RUN_20260806_095127,ChecklistStrategy,HEROMOTOCO,2025-12-19,2025-12-23,LONG,5725.0,5725.0,0,4,-120.0,0.0,SIGNAL
RUN_20260806_095127,ChecklistStrategy,HEROMOTOCO,2026-02-10,2026-02-13,LONG,5785.0,5785.0,0,3,-664.0,0.0,SIGNAL
RUN_20260806_095127,ChecklistStrategy,HEROMOTOCO,2026-03-23,2026-03-24,LONG,5191.0,5191.0,0,1,-54.0,0.0,SIGNAL
RUN_20260806_095127,ChecklistStrategy,HEROMOTOCO,2026-05-12,2026-05-13,LONG,5230.0,5230.0,0,1,-1012.5,0.0,SIGNAL
RUN_20260806_095127,ChecklistStrategy,HEROMOTOCO,2026-06-03,2026-06-05,LONG,4856.0,4856.0,0,2,378.0,0.0,SIGNAL
RUN_20260806_095127,ChecklistStrategy,HEROMOTOCO,2026-07-01,2026-07-03,LONG,4818.9,4818.9,0,2,729.9,0.0,SIGNAL
RUN_20260806_095127,ChecklistStrategy,HEROMOTOCO,2026-07-24,2026-08-03,LONG,5101.2,5101.2,0,10,2914.2,0.0,SIGNAL
RUN_20260806_095127,ChecklistStrategy,HINDALCO,2024-02-01,2024-02-02,LONG,578.0,578.0,0,1,-86.0,0.0,SIGNAL
RUN_20260806_095127,ChecklistStrategy,HINDALCO,2024-02-07,2024-02-14,LONG,590.4,590.4,0,7,-6409.0,0.0,SIGNAL
RUN_20260806_095127,ChecklistStrategy,HINDALCO,2024-02-16,2024-02-27,LONG,519.95,519.95,0,11,-1314.95,0.0,SIGNAL
RUN_20260806_095127,ChecklistStrategy,HINDALCO,2024-03-15,2024-04-18,LONG,522.0,522.0,0,34,8212.8,0.0,SIGNAL
RUN_20260806_095127,ChecklistStrategy,HINDALCO,2024-04-25,2024-05-08,LONG,635.7,635.7,0,13,-1606.8,0.0,SIGNAL
RUN_20260806_095127,ChecklistStrategy,HINDALCO,2024-05-13,2024-05-24,LONG,625.1,625.1,0,11,4223.7,0.0,SIGNAL
RUN_20260806_095127,ChecklistStrategy,HINDALCO,2024-06-10,2024-06-20,LONG,677.05,677.05,0,10,-903.75,0.0,SIGNAL
RUN_20260806_095127,ChecklistStrategy,HINDALCO,2024-06-21,2024-07-22,LONG,680.0,680.0,0,31,-1875.0,0.0,SIGNAL
RUN_20260806_095127,ChecklistStrategy,HINDALCO,2024-09-17,2024-10-24,LONG,689.0,689.0,0,37,1872.0,0.0,SIGNAL
RUN_20260806_095127,ChecklistStrategy,HINDALCO,2024-11-22,2024-11-28,LONG,652.95,652.95,0,6,627.9,0.0,SIGNAL
RUN_20260806_095127,ChecklistStrategy,HINDALCO,2024-12-04,2024-12-05,LONG,667.55,667.55,0,1,-269.8,0.0,SIGNAL
RUN_20260806_095127,ChecklistStrategy,HINDALCO,2024-12-10,2024-12-17,LONG,675.0,675.0,0,7,-1938.0,0.0,SIGNAL
RUN_20260806_095127,ChecklistStrategy,HINDALCO,2025-01-03,2025-01-06,LONG,599.0,599.0,0,3,-531.2,0.0,SIGNAL
RUN_20260806_095127,ChecklistStrategy,HINDALCO,2025-01-23,2025-01-28,LONG,611.0,611.0,0,5,-1692.9,0.0,SIGNAL
RUN_20260806_095127,ChecklistStrategy,HINDALCO,2025-02-04,2025-02-05,LONG,580.5,580.5,0,1,340.0,0.0,SIGNAL
RUN_20260806_095127,ChecklistStrategy,HINDALCO,2025-02-10,2025-02-12,LONG,605.0,605.0,0,2,-476.0,0.0,SIGNAL
RUN_20260806_095127,ChecklistStrategy,HINDALCO,2025-02-14,2025-02-25,LONG,609.0,609.0,0,11,2187.0,0.0,SIGNAL
RUN_20260806_095127,ChecklistStrategy,HINDALCO,2025-02-28,2025-03-11,LONG,630.0,630.0,0,11,4266.0,0.0,SIGNAL
RUN_20260806_095127,ChecklistStrategy,HINDALCO,2025-04-11,2025-04-17,LONG,585.0,585.0,0,6,2198.8,0.0,SIGNAL
RUN_20260806_095127,ChecklistStrategy,HINDALCO,2025-04-29,2025-06-20,LONG,631.05,631.05,0,52,865.2,0.0,SIGNAL
RUN_20260806_095127,ChecklistStrategy,HINDALCO,2025-06-23,2025-07-01,LONG,644.0,644.0,0,8,3968.8,0.0,SIGNAL
RUN_20260806_095127,ChecklistStrategy,HINDALCO,2025-09-19,2025-09-22,LONG,752.0,752.0,0,3,-643.8,0.0,SIGNAL
RUN_20260806_095127,ChecklistStrategy,HINDALCO,2025-11-18,2025-11-24,LONG,804.5,804.5,0,6,-1472.2,0.0,SIGNAL
RUN_20260806_095127,ChecklistStrategy,HINDALCO,2025-12-08,2025-12-30,LONG,825.8,825.8,0,22,2785.2,0.0,SIGNAL
RUN_20260806_095127,ChecklistStrategy,HINDALCO,2025-12-31,2026-01-07,LONG,886.4,886.4,0,7,4072.95,0.0,SIGNAL
RUN_20260806_095127,ChecklistStrategy,HINDALCO,2026-02-12,2026-02-16,LONG,950.0,950.0,0,4,-3245.0,0.0,SIGNAL
RUN_20260806_095127,ChecklistStrategy,HINDALCO,2026-02-27,2026-03-05,LONG,938.95,938.95,0,6,-528.05,0.0,SIGNAL
RUN_20260806_095127,ChecklistStrategy,HINDALCO,2026-03-11,2026-03-16,LONG,959.95,959.95,0,5,-3079.8,0.0,SIGNAL
RUN_20260806_095127,ChecklistStrategy,HINDALCO,2026-04-06,2026-07-01,LONG,917.2,917.2,0,86,2047.3,0.0,SIGNAL
RUN_20260806_095127,ChecklistStrategy,HINDUNILVR,2024-04-25,2024-06-07,LONG,2238.05,2238.05,0,43,6979.5,0.0,SIGNAL
RUN_20260806_095127,ChecklistStrategy,HINDUNILVR,2024-06-10,2024-06-14,LONG,2579.0,2579.0,0,4,-2120.0,0.0,SIGNAL
RUN_20260806_095127,ChecklistStrategy,HINDUNILVR,2024-06-21,2024-06-25,LONG,2475.0,2475.0,0,4,-748.65,0.0,SIGNAL
RUN_20260806_095127,ChecklistStrategy,HINDUNILVR,2024-07-04,2024-07-24,LONG,2515.05,2515.05,0,20,4659.0,0.0,SIGNAL
RUN_20260806_095127,ChecklistStrategy,HINDUNILVR,2024-08-06,2024-09-04,LONG,2720.1,2720.1,0,29,1198.0,0.0,SIGNAL
RUN_20260806_095127,ChecklistStrategy,HINDUNILVR,2024-09-18,2024-09-30,LONG,2874.0,2874.0,0,12,1713.8,0.0,SIGNAL
RUN_20260806_095127,ChecklistStrategy,HINDUNILVR,2024-12-02,2024-12-03,LONG,2485.0,2485.0,0,1,-110.0,0.0,SIGNAL
RUN_20260806_095127,ChecklistStrategy,HINDUNILVR,2024-12-04,2024-12-10,LONG,2481.1,2481.1,0,6,-1592.8,0.0,SIGNAL
RUN_20260806_095127,ChecklistStrategy,HINDUNILVR,2024-12-16,2024-12-23,LONG,2390.3,2390.3,0,7,-1172.6,0.0,SIGNAL
RUN_20260806_095127,ChecklistStrategy,HINDUNILVR,2025-01-08,2025-01-15,LONG,2391.0,2391.0,0,7,-376.2,0.0,SIGNAL
RUN_20260806_095127,ChecklistStrategy,HINDUNILVR,2025-01-23,2025-02-20,LONG,2315.0,2315.0,0,28,-1485.8,0.0,SIGNAL
RUN_20260806_095127,ChecklistStrategy,HINDUNILVR,2025-02-21,2025-03-03,LONG,2248.05,2248.05,0,10,-1128.15,0.0,SIGNAL
RUN_20260806_095127,ChecklistStrategy,HINDUNILVR,2025-04-03,2025-04-25,LONG,2225.45,2225.45,0,22,2448.35,0.0,SIGNAL
RUN_20260806_095127,ChecklistStrategy,HINDUNILVR,2025-04-28,2025-04-29,LONG,2345.0,2345.0,0,1,-391.0,0.0,SIGNAL
RUN_20260806_095127,ChecklistStrategy,HINDUNILVR,2025-05-02,2025-05-21,LONG,2334.1,2334.1,0,19,261.8,0.0,SIGNAL
RUN_20260806_095127,ChecklistStrategy,HINDUNILVR,2025-05-22,2025-05-28,LONG,2355.0,2355.0,0,6,726.0,0.0,SIGNAL
RUN_20260806_095127,ChecklistStrategy,HINDUNILVR,2025-06-03,2025-06-04,LONG,2365.1,2365.1,0,1,-123.2,0.0,SIGNAL
RUN_20260806_095127,ChecklistStrategy,HINDUNILVR,2025-07-29,2025-08-04,LONG,2444.8,2444.8,0,6,2248.4,0.0,SIGNAL
RUN_20260806_095127,ChecklistStrategy,HINDUNILVR,2025-08-12,2025-08-18,LONG,2518.0,2518.0,0,6,441.0,0.0,SIGNAL
RUN_20260806_095127,ChecklistStrategy,HINDUNILVR,2025-08-28,2025-08-29,LONG,2748.0,2748.0,0,1,-1664.0,0.0,SIGNAL
RUN_20260806_095127,ChecklistStrategy,HINDUNILVR,2025-09-10,2025-09-15,LONG,2642.0,2642.0,0,5,-1230.0,0.0,SIGNAL
RUN_20260806_095127,ChecklistStrategy,HINDUNILVR,2025-09-25,2025-09-26,LONG,2546.0,2546.0,0,1,-231.0,0.0,SIGNAL
RUN_20260806_095127,ChecklistStrategy,HINDUNILVR,2025-10-15,2025-10-24,LONG,2502.6,2502.6,0,9,1709.4,0.0,SIGNAL
RUN_20260806_095127,ChecklistStrategy,HINDUNILVR,2026-01-02,2026-02-06,LONG,2326.0,2326.0,0,35,653.2,0.0,SIGNAL
RUN_20260806_095127,ChecklistStrategy,HINDUNILVR,2026-02-09,2026-02-13,LONG,2425.0,2425.0,0,4,-550.0,0.0,SIGNAL
RUN_20260806_095127,ChecklistStrategy,HINDUNILVR,2026-02-17,2026-03-05,LONG,2309.3,2309.3,0,16,-777.4,0.0,SIGNAL
RUN_20260806_095127,ChecklistStrategy,HINDUNILVR,2026-04-13,2026-05-15,LONG,2131.0,2131.0,0,32,2942.5,0.0,SIGNAL
RUN_20260806_095127,ChecklistStrategy,HINDUNILVR,2026-05-18,2026-05-19,LONG,2263.1,2263.1,0,1,-506.4,0.0,SIGNAL
RUN_20260806_095127,ChecklistStrategy,HINDUNILVR,2026-05-27,2026-06-01,LONG,2205.1,2205.1,0,5,-1165.0,0.0,SIGNAL
RUN_20260806_095127,ChecklistStrategy,HINDUNILVR,2026-06-17,2026-06-24,LONG,2201.1,2201.1,0,7,-986.4,0.0,SIGNAL
RUN_20260806_095127,ChecklistStrategy,HINDUNILVR,2026-07-08,2026-07-09,LONG,2199.0,2199.0,0,1,-1440.0,0.0,SIGNAL
RUN_20260806_095127,ChecklistStrategy,ICICIBANK,2024-04-05,2024-04-29,LONG,1070.0,1070.0,0,24,1748.0,0.0,SIGNAL
RUN_20260806_095127,ChecklistStrategy,ICICIBANK,2024-05-06,2024-05-08,LONG,1141.55,1141.55,0,2,-660.0,0.0,SIGNAL
RUN_20260806_095127,ChecklistStrategy,ICICIBANK,2024-05-14,2024-05-30,LONG,1125.9,1125.9,0,16,-1271.6,0.0,SIGNAL
RUN_20260806_095127,ChecklistStrategy,ICICIBANK,2024-06-06,2024-06-12,LONG,1118.0,1118.0,0,6,132.0,0.0,SIGNAL
RUN_20260806_095127,ChecklistStrategy,ICICIBANK,2024-06-21,2024-07-24,LONG,1163.55,1163.55,0,33,2642.35,0.0,SIGNAL
RUN_20260806_095127,ChecklistStrategy,ICICIBANK,2024-07-29,2024-07-31,LONG,1215.15,1215.15,0,2,161.7,0.0,SIGNAL
RUN_20260806_095127,ChecklistStrategy,ICICIBANK,2024-09-04,2024-09-05,LONG,1239.85,1239.85,0,1,-75.85,0.0,SIGNAL
RUN_20260806_095127,ChecklistStrategy,ICICIBANK,2024-09-10,2024-09-30,LONG,1236.95,1236.95,0,20,2261.15,0.0,SIGNAL
RUN_20260806_095127,ChecklistStrategy,ICICIBANK,2024-10-21,2024-10-29,LONG,1264.5,1264.5,0,8,1510.85,0.0,SIGNAL
RUN_20260806_095127,ChecklistStrategy,ICICIBANK,2024-11-06,2024-11-11,LONG,1300.25,1300.25,0,5,-1530.0,0.0,SIGNAL
RUN_20260806_095127,ChecklistStrategy,ICICIBANK,2025-01-31,2025-02-05,LONG,1254.5,1254.5,0,5,643.7,0.0,SIGNAL
RUN_20260806_095127,ChecklistStrategy,ICICIBANK,2025-02-11,2025-02-14,LONG,1255.85,1255.85,0,3,-153.75,0.0,SIGNAL
RUN_20260806_095127,ChecklistStrategy,ICICIBANK,2025-02-20,2025-02-21,LONG,1255.35,1255.35,0,1,-584.25,0.0,SIGNAL
RUN_20260806_095127,ChecklistStrategy,ICICIBANK,2025-04-21,2025-04-23,LONG,1436.0,1436.0,0,2,-259.0,0.0,SIGNAL
RUN_20260806_095127,ChecklistStrategy,ICICIBANK,2025-05-16,2025-05-21,LONG,1453.3,1453.3,0,5,-364.0,0.0,SIGNAL
RUN_20260806_095127,ChecklistStrategy,ICICIBANK,2025-05-23,2025-06-04,LONG,1442.2,1442.2,0,12,-168.0,0.0,SIGNAL
RUN_20260806_095127,ChecklistStrategy,ICICIBANK,2025-06-06,2025-06-10,LONG,1448.6,1448.6,0,4,-336.0,0.0,SIGNAL
RUN_20260806_095127,ChecklistStrategy,ICICIBANK,2025-07-09,2025-08-07,LONG,1436.2,1436.2,0,29,171.5,0.0,SIGNAL
RUN_20260806_095127,ChecklistStrategy,ICICIBANK,2025-10-03,2025-10-06,LONG,1371.9,1371.9,0,3,-33.3,0.0,SIGNAL
RUN_20260806_095127,ChecklistStrategy,ICICIBANK,2025-10-30,2025-10-31,LONG,1362.4,1362.4,0,1,-199.8,0.0,SIGNAL
RUN_20260806_095127,ChecklistStrategy,ICICIBANK,2025-11-14,2025-12-26,LONG,1374.0,1374.0,0,42,-647.5,0.0,SIGNAL
RUN_20260806_095127,ChecklistStrategy,ICICIBANK,2026-02-09,2026-02-25,LONG,1413.5,1413.5,0,16,-781.2,0.0,SIGNAL
RUN_20260806_095127,ChecklistStrategy,ICICIBANK,2026-02-26,2026-03-04,LONG,1405.1,1405.1,0,6,-2847.6,0.0,SIGNAL
RUN_20260806_095127,ChecklistStrategy,ICICIBANK,2026-03-10,2026-03-16,LONG,1287.6,1287.6,0,6,-1238.8,0.0,SIGNAL
RUN_20260806_095127,ChecklistStrategy,ICICIBANK,2026-05-25,2026-05-27,LONG,1271.0,1271.0,0,2,570.0,0.0,SIGNAL
RUN_20260806_095127,ChecklistStrategy,INDUSINDBK,2024-02-14,2024-02-20,LONG,1450.05,1450.05,0,6,1324.3,0.0,SIGNAL
RUN_20260806_095127,ChecklistStrategy,INDUSINDBK,2024-03-01,2024-03-15,LONG,1480.0,1480.0,0,14,-204.0,0.0,SIGNAL
RUN_20260806_095127,ChecklistStrategy,INDUSINDBK,2024-03-21,2024-04-05,LONG,1460.0,1460.0,0,15,3220.0,0.0,SIGNAL
RUN_20260806_095127,ChecklistStrategy,INDUSINDBK,2024-04-08,2024-04-18,LONG,1560.0,1560.0,0,10,-1887.6,0.0,SIGNAL
RUN_20260806_095127,ChecklistStrategy,INDUSINDBK,2024-04-30,2024-05-08,LONG,1497.8,1497.8,0,8,-1455.2,0.0,SIGNAL
RUN_20260806_095127,ChecklistStrategy,INDUSINDBK,2024-05-14,2024-05-17,LONG,1407.0,1407.0,0,3,35.0,0.0,SIGNAL
RUN_20260806_095127,ChecklistStrategy,INDUSINDBK,2024-05-23,2024-07-05,LONG,1408.55,1408.55,0,43,995.75,0.0,SIGNAL
RUN_20260806_095127,ChecklistStrategy,INDUSINDBK,2024-08-13,2024-08-22,LONG,1355.0,1355.0,0,9,1074.85,0.0,SIGNAL
RUN_20260806_095127,ChecklistStrategy,INDUSINDBK,2024-08-28,2024-09-30,LONG,1389.05,1389.05,0,33,2884.15,0.0,SIGNAL
RUN_20260806_095127,ChecklistStrategy,INDUSINDBK,2024-10-29,2024-10-30,LONG,1058.8,1058.8,0,1,-1057.5,0.0,SIGNAL
RUN_20260806_095127,ChecklistStrategy,INDUSINDBK,2024-12-02,2024-12-12,LONG,990.05,990.05,0,10,-210.6,0.0,SIGNAL
RUN_20260806_095127,ChecklistStrategy,INDUSINDBK,2025-01-08,2025-01-13,LONG,985.9,985.9,0,5,-2597.0,0.0,SIGNAL
RUN_20260806_095127,ChecklistStrategy,INDUSINDBK,2025-01-20,2025-01-22,LONG,966.2,966.2,0,2,-91.0,0.0,SIGNAL
RUN_20260806_095127,ChecklistStrategy,INDUSINDBK,2025-01-23,2025-01-28,LONG,965.95,965.95,0,5,-1487.2,0.0,SIGNAL
RUN_20260806_095127,ChecklistStrategy,INDUSINDBK,2025-02-18,2025-02-19,LONG,1045.0,1045.0,0,1,-982.3,0.0,SIGNAL
RUN_20260806_095127,ChecklistStrategy,INDUSINDBK,2025-02-20,2025-03-03,LONG,1029.95,1029.95,0,11,-2397.0,0.0,SIGNAL
RUN_20260806_095127,ChecklistStrategy,INDUSINDBK,2025-03-27,2025-05-09,LONG,655.3,655.3,0,43,10964.6,0.0,SIGNAL
RUN_20260806_095127,ChecklistStrategy,INDUSINDBK,2025-05-23,2025-07-22,LONG,781.1,781.1,0,60,6725.2,0.0,SIGNAL
RUN_20260806_095127,ChecklistStrategy,INDUSINDBK,2025-09-08,2025-09-15,LONG,759.5,759.5,0,7,-1387.5,0.0,SIGNAL
RUN_20260806_095127,ChecklistStrategy,INDUSINDBK,2025-09-30,2025-11-14,LONG,730.0,730.0,0,45,10452.0,0.0,SIGNAL
RUN_20260806_095127,ChecklistStrategy,INDUSINDBK,2025-12-10,2025-12-11,LONG,847.8,847.8,0,1,-974.55,0.0,SIGNAL
RUN_20260806_095127,ChecklistStrategy,INDUSINDBK,2025-12-31,2026-01-14,LONG,841.5,841.5,0,14,5148.0,0.0,SIGNAL
RUN_20260806_095127,ChecklistStrategy,INDUSINDBK,2026-01-29,2026-03-10,LONG,899.9,899.9,0,40,-553.0,0.0,SIGNAL
RUN_20260806_095127,ChecklistStrategy,INDUSINDBK,2026-03-11,2026-03-12,LONG,897.2,897.2,0,1,-1904.0,0.0,SIGNAL
RUN_20260806_095127,ChecklistStrategy,INDUSINDBK,2026-03-19,2026-03-24,LONG,828.2,828.2,0,5,-2837.9,0.0,SIGNAL
RUN_20260806_095127,ChecklistStrategy,INDUSINDBK,2026-03-25,2026-04-01,LONG,802.95,802.95,0,7,-2812.0,0.0,SIGNAL
RUN_20260806_095127,ChecklistStrategy,INDUSINDBK,2026-04-13,2026-04-29,LONG,807.1,807.1,0,16,5956.9,0.0,SIGNAL
RUN_20260806_095127,ChecklistStrategy,INDUSINDBK,2026-06-18,2026-06-24,LONG,937.0,937.0,0,6,-2174.7,0.0,SIGNAL
RUN_20260806_095127,ChecklistStrategy,INFY,2024-02-13,2024-03-05,LONG,1683.0,1683.0,0,21,-1421.0,0.0,SIGNAL
RUN_20260806_095127,ChecklistStrategy,INFY,2024-04-05,2024-04-10,LONG,1480.05,1480.05,0,5,669.9,0.0,SIGNAL
RUN_20260806_095127,ChecklistStrategy,INFY,2024-06-05,2024-08-07,LONG,1400.15,1400.15,0,63,13854.75,0.0,SIGNAL
RUN_20260806_095127,ChecklistStrategy,INFY,2024-08-08,2024-08-09,LONG,1779.95,1779.95,0,1,-269.7,0.0,SIGNAL
RUN_20260806_095127,ChecklistStrategy,INFY,2024-09-23,2024-09-24,LONG,1909.0,1909.0,0,1,-609.0,0.0,SIGNAL
RUN_20260806_095127,ChecklistStrategy,INFY,2024-10-03,2024-10-21,LONG,1889.5,1889.5,0,18,46.4,0.0,SIGNAL
RUN_20260806_095127,ChecklistStrategy,INFY,2024-12-10,2024-12-23,LONG,1939.0,1939.0,0,13,-259.55,0.0,SIGNAL
RUN_20260806_095127,ChecklistStrategy,INFY,2024-12-31,2025-01-06,LONG,1892.3,1892.3,0,6,1731.3,0.0,SIGNAL
RUN_20260806_095127,ChecklistStrategy,INFY,2025-01-09,2025-01-10,LONG,1934.05,1934.05,0,1,85.55,0.0,SIGNAL
RUN_20260806_095127,ChecklistStrategy,INFY,2025-01-16,2025-01-17,LONG,1965.95,1965.95,0,1,-3333.55,0.0,SIGNAL
RUN_20260806_095127,ChecklistStrategy,INFY,2025-03-04,2025-03-13,LONG,1695.0,1695.0,0,9,-3064.0,0.0,SIGNAL
RUN_20260806_095127,ChecklistStrategy,INFY,2025-05-22,2025-05-28,LONG,1555.5,1555.5,0,6,867.0,0.0,SIGNAL
RUN_20260806_095127,ChecklistStrategy,INFY,2025-06-23,2025-06-30,LONG,1601.0,1601.0,0,7,462.0,0.0,SIGNAL
RUN_20260806_095127,ChecklistStrategy,INFY,2025-07-09,2025-07-14,LONG,1637.8,1637.8,0,5,-1518.0,0.0,SIGNAL
RUN_20260806_095127,ChecklistStrategy,INFY,2025-08-08,2025-08-13,LONG,1425.0,1425.0,0,5,0.0,0.0,SIGNAL
RUN_20260806_095127,ChecklistStrategy,INFY,2025-08-14,2025-09-24,LONG,1426.2,1426.2,0,41,2257.0,0.0,SIGNAL
RUN_20260806_095127,ChecklistStrategy,INFY,2025-10-09,2025-10-17,LONG,1502.0,1502.0,0,8,-1695.6,0.0,SIGNAL
RUN_20260806_095127,ChecklistStrategy,INFY,2025-11-10,2025-11-12,LONG,1490.1,1490.1,0,2,1796.4,0.0,SIGNAL
RUN_20260806_095127,ChecklistStrategy,INFY,2025-11-20,2026-01-12,LONG,1555.0,1555.0,0,53,1928.5,0.0,SIGNAL
RUN_20260806_095127,ChecklistStrategy,INFY,2026-01-22,2026-01-28,LONG,1666.0,1666.0,0,6,462.0,0.0,SIGNAL
RUN_20260806_095127,ChecklistStrategy,INFY,2026-02-17,2026-02-19,LONG,1370.0,1370.0,0,2,600.0,0.0,SIGNAL
RUN_20260806_095127,ChecklistStrategy,INFY,2026-04-06,2026-04-23,LONG,1301.4,1301.4,0,17,-2038.2,0.0,SIGNAL
RUN_20260806_095127,ChecklistStrategy,INFY,2026-04-28,2026-05-14,LONG,1162.7,1162.7,0,16,-1973.4,0.0,SIGNAL
RUN_20260806_095127,ChecklistStrategy,INFY,2026-05-18,2026-05-27,LONG,1119.0,1119.0,0,9,2016.0,0.0,SIGNAL
RUN_20260806_095127,ChecklistStrategy,INFY,2026-07-08,2026-07-13,LONG,1071.9,1071.9,0,5,-754.8,0.0,SIGNAL
RUN_20260806_095127,ChecklistStrategy,INFY,2026-07-14,2026-07-16,LONG,1107.8,1107.8,0,2,-1239.7,0.0,SIGNAL
RUN_20260806_095127,ChecklistStrategy,ITC,2024-02-01,2024-02-05,LONG,425.61,425.61,0,4,0.0,0.0,SIGNAL
RUN_20260806_095127,ChecklistStrategy,ITC,2024-03-13,2024-03-14,LONG,418.87,418.87,0,1,-1608.45,0.0,SIGNAL
RUN_20260806_095127,ChecklistStrategy,ITC,2024-03-21,2024-04-01,LONG,403.46,403.46,0,11,1186.5,0.0,SIGNAL
RUN_20260806_095127,ChecklistStrategy,ITC,2024-04-08,2024-04-19,LONG,412.42,412.42,0,11,-1190.16,0.0,SIGNAL
RUN_20260806_095127,ChecklistStrategy,ITC,2024-04-24,2024-05-14,LONG,413.33,413.33,0,20,142.03,0.0,SIGNAL
RUN_20260806_095127,ChecklistStrategy,ITC,2024-05-17,2024-06-05,LONG,416.36,416.36,0,19,-1181.69,0.0,SIGNAL
RUN_20260806_095127,ChecklistStrategy,ITC,2024-06-10,2024-06-14,LONG,423.68,423.68,0,4,-987.95,0.0,SIGNAL
RUN_20260806_095127,ChecklistStrategy,ITC,2024-07-04,2024-07-23,LONG,414.05,414.05,0,19,4082.57,0.0,SIGNAL
RUN_20260806_095127,ChecklistStrategy,ITC,2024-07-24,2024-07-25,LONG,477.61,477.61,0,1,-606.64,0.0,SIGNAL
RUN_20260806_095127,ChecklistStrategy,ITC,2024-09-10,2024-09-12,LONG,492.92,492.92,0,2,311.21,0.0,SIGNAL
RUN_20260806_095127,ChecklistStrategy,ITC,2024-11-07,2024-11-18,LONG,463.88,463.88,0,11,-1622.75,0.0,SIGNAL
RUN_20260806_095127,ChecklistStrategy,ITC,2024-11-25,2024-12-05,LONG,461.24,461.24,0,10,-1179.71,0.0,SIGNAL
RUN_20260806_095127,ChecklistStrategy,ITC,2024-12-16,2024-12-20,LONG,452.81,452.81,0,4,-386.37,0.0,SIGNAL
RUN_20260806_095127,ChecklistStrategy,ITC,2024-12-23,2025-01-06,LONG,453.73,453.73,0,14,200.55,0.0,SIGNAL
RUN_20260806_095127,ChecklistStrategy,ITC,2025-01-31,2025-02-04,LONG,436.5,436.5,0,4,2365.0,0.0,SIGNAL
RUN_20260806_095127,ChecklistStrategy,ITC,2025-03-06,2025-04-22,LONG,409.15,409.15,0,47,2049.6,0.0,SIGNAL
RUN_20260806_095127,ChecklistStrategy,ITC,2025-05-09,2025-05-19,LONG,425.95,425.95,0,10,1058.85,0.0,SIGNAL
RUN_20260806_095127,ChecklistStrategy,ITC,2025-08-01,2025-08-21,LONG,412.4,412.4,0,20,-781.05,0.0,SIGNAL
RUN_20260806_095127,ChecklistStrategy,ITC,2025-09-03,2025-09-09,LONG,408.5,408.5,0,6,0.0,0.0,SIGNAL
RUN_20260806_095127,ChecklistStrategy,ITC,2025-09-19,2025-09-22,LONG,411.55,411.55,0,3,-110.7,0.0,SIGNAL
RUN_20260806_095127,ChecklistStrategy,ITC,2025-09-29,2025-09-30,LONG,406.9,406.9,0,1,-18.6,0.0,SIGNAL
RUN_20260806_095127,ChecklistStrategy,ITC,2025-10-03,2025-10-06,LONG,404.9,404.9,0,3,-235.6,0.0,SIGNAL
RUN_20260806_095127,ChecklistStrategy,ITC,2025-10-16,2025-10-29,LONG,401.0,401.0,0,13,2167.2,0.0,SIGNAL
RUN_20260806_095127,ChecklistStrategy,ITC,2025-11-17,2025-11-25,LONG,409.75,409.75,0,8,-781.2,0.0,SIGNAL
RUN_20260806_095127,ChecklistStrategy,ITC,2026-01-01,2026-01-02,LONG,402.7,402.7,0,1,-5380.2,0.0,SIGNAL
RUN_20260806_095127,ChecklistStrategy,ITC,2026-02-02,2026-03-05,LONG,309.45,309.45,0,31,412.5,0.0,SIGNAL
RUN_20260806_095127,ChecklistStrategy,ITC,2026-03-11,2026-03-16,LONG,309.05,309.05,0,5,-1020.5,0.0,SIGNAL
RUN_20260806_095127,ChecklistStrategy,ITC,2026-03-27,2026-04-01,LONG,294.7,294.7,0,5,-275.4,0.0,SIGNAL
RUN_20260806_095127,ChecklistStrategy,ITC,2026-04-22,2026-04-27,LONG,310.0,310.0,0,5,-977.9,0.0,SIGNAL
RUN_20260806_095127,ChecklistStrategy,ITC,2026-04-28,2026-05-07,LONG,304.4,304.4,0,9,1092.75,0.0,SIGNAL
RUN_20260806_095127,ChecklistStrategy,ITC,2026-06-05,2026-07-01,LONG,280.0,280.0,0,26,1334.5,0.0,SIGNAL
RUN_20260806_095127,ChecklistStrategy,ITC,2026-07-02,2026-07-09,LONG,290.7,290.7,0,7,-1578.15,0.0,SIGNAL
RUN_20260806_095127,ChecklistStrategy,JIOFIN,2024-05-24,2024-05-28,LONG,368.5,368.5,0,4,-1012.5,0.0,SIGNAL
RUN_20260806_095127,ChecklistStrategy,JIOFIN,2024-06-06,2024-07-02,LONG,350.0,350.0,0,26,457.6,0.0,SIGNAL
RUN_20260806_095127,ChecklistStrategy,JIOFIN,2024-09-10,2024-10-01,LONG,343.95,343.95,0,21,1167.25,0.0,SIGNAL
RUN_20260806_095127,ChecklistStrategy,JIOFIN,2024-10-03,2024-10-08,LONG,345.0,345.0,0,5,-1465.75,0.0,SIGNAL
RUN_20260806_095127,ChecklistStrategy,JIOFIN,2024-12-02,2024-12-20,LONG,326.0,326.0,0,18,-1687.5,0.0,SIGNAL
RUN_20260806_095127,ChecklistStrategy,JIOFIN,2025-01-15,2025-01-22,LONG,275.0,275.0,0,7,-2367.4,0.0,SIGNAL
RUN_20260806_095127,ChecklistStrategy,JIOFIN,2025-01-23,2025-01-24,LONG,263.5,263.5,0,1,-1350.0,0.0,SIGNAL
RUN_20260806_095127,ChecklistStrategy,JIOFIN,2025-03-10,2025-03-11,LONG,222.6,222.6,0,1,-1659.0,0.0,SIGNAL
RUN_20260806_095127,ChecklistStrategy,JIOFIN,2025-04-03,2025-04-07,LONG,227.0,227.0,0,4,-4756.1,0.0,SIGNAL
RUN_20260806_095127,ChecklistStrategy,JIOFIN,2025-05-02,2025-05-07,LONG,262.9,262.9,0,5,-2980.95,0.0,SIGNAL
RUN_20260806_095127,ChecklistStrategy,JIOFIN,2025-05-28,2025-05-30,LONG,296.05,296.05,0,2,-1159.2,0.0,SIGNAL
RUN_20260806_095127,ChecklistStrategy,JIOFIN,2025-06-23,2025-07-10,LONG,288.55,288.55,0,17,5873.0,0.0,SIGNAL
RUN_20260806_095127,ChecklistStrategy,JIOFIN,2025-07-16,2025-07-23,LONG,321.0,321.0,0,7,-1297.2,0.0,SIGNAL
RUN_20260806_095127,ChecklistStrategy,JIOFIN,2025-07-30,2025-08-28,LONG,323.0,323.0,0,29,-986.0,0.0,SIGNAL
RUN_20260806_095127,ChecklistStrategy,JIOFIN,2025-09-01,2025-09-11,LONG,311.7,311.7,0,10,-227.7,0.0,SIGNAL
RUN_20260806_095127,ChecklistStrategy,JIOFIN,2025-10-10,2025-10-15,LONG,307.0,307.0,0,5,-196.0,0.0,SIGNAL
RUN_20260806_095127,ChecklistStrategy,JIOFIN,2025-10-16,2025-10-21,LONG,314.05,314.05,0,5,-356.2,0.0,SIGNAL
RUN_20260806_095127,ChecklistStrategy,JIOFIN,2026-01-08,2026-01-09,LONG,303.3,303.3,0,1,-1582.0,0.0,SIGNAL
RUN_20260806_095127,ChecklistStrategy,JIOFIN,2026-01-13,2026-01-14,LONG,289.1,289.1,0,1,-1036.75,0.0,SIGNAL
RUN_20260806_095127,ChecklistStrategy,JIOFIN,2026-01-28,2026-02-03,LONG,257.85,257.85,0,6,354.2,0.0,SIGNAL
RUN_20260806_095127,ChecklistStrategy,JIOFIN,2026-02-11,2026-02-16,LONG,271.0,271.0,0,5,-1369.35,0.0,SIGNAL
RUN_20260806_095127,ChecklistStrategy,JIOFIN,2026-03-06,2026-03-10,LONG,242.2,242.2,0,4,-882.0,0.0,SIGNAL
RUN_20260806_095127,ChecklistStrategy,JIOFIN,2026-03-11,2026-03-12,LONG,237.9,237.9,0,1,-85.5,0.0,SIGNAL
RUN_20260806_095127,ChecklistStrategy,JIOFIN,2026-03-25,2026-04-01,LONG,235.0,235.0,0,7,-339.08,0.0,SIGNAL
RUN_20260806_095127,ChecklistStrategy,JIOFIN,2026-04-02,2026-04-17,LONG,227.85,227.85,0,15,2451.41,0.0,SIGNAL
RUN_20260806_095127,ChecklistStrategy,JIOFIN,2026-04-20,2026-04-21,LONG,242.0,242.0,0,1,-799.37,0.0,SIGNAL
RUN_20260806_095127,ChecklistStrategy,JIOFIN,2026-04-23,2026-05-13,LONG,240.0,240.0,0,20,-1539.0,0.0,SIGNAL
RUN_20260806_095127,ChecklistStrategy,JIOFIN,2026-07-22,2026-07-24,LONG,239.36,239.36,0,2,-1229.12,0.0,SIGNAL
RUN_20260806_095127,ChecklistStrategy,JSWSTEEL,2024-02-01,2024-02-02,LONG,822.0,822.0,0,1,-777.75,0.0,SIGNAL
RUN_20260806_095127,ChecklistStrategy,JSWSTEEL,2024-02-21,2024-02-22,LONG,821.0,821.0,0,1,600.0,0.0,SIGNAL
RUN_20260806_095127,ChecklistStrategy,JSWSTEEL,2024-03-15,2024-03-20,LONG,782.1,782.1,0,5,1266.3,0.0,SIGNAL
RUN_20260806_095127,ChecklistStrategy,JSWSTEEL,2024-04-22,2024-05-06,LONG,867.1,867.1,0,14,730.8,0.0,SIGNAL
RUN_20260806_095127,ChecklistStrategy,JSWSTEEL,2024-05-07,2024-05-08,LONG,880.65,880.65,0,1,-1724.25,0.0,SIGNAL
RUN_20260806_095127,ChecklistStrategy,JSWSTEEL,2024-05-29,2024-06-03,LONG,899.6,899.6,0,5,682.0,0.0,SIGNAL
RUN_20260806_095127,ChecklistStrategy,JSWSTEEL,2024-06-04,2024-06-05,LONG,914.0,914.0,0,1,-3078.0,0.0,SIGNAL
RUN_20260806_095127,ChecklistStrategy,JSWSTEEL,2024-06-13,2024-07-22,LONG,917.55,917.55,0,39,-2228.65,0.0,SIGNAL
RUN_20260806_095127,ChecklistStrategy,JSWSTEEL,2024-08-07,2024-09-12,LONG,899.0,899.0,0,36,1950.4,0.0,SIGNAL
RUN_20260806_095127,ChecklistStrategy,JSWSTEEL,2024-11-06,2024-11-08,LONG,1000.0,1000.0,0,2,-288.0,0.0,SIGNAL
RUN_20260806_095127,ChecklistStrategy,JSWSTEEL,2024-11-11,2024-11-13,LONG,988.0,988.0,0,2,-1656.0,0.0,SIGNAL
RUN_20260806_095127,ChecklistStrategy,JSWSTEEL,2024-12-02,2024-12-04,LONG,965.9,965.9,0,2,1479.8,0.0,SIGNAL
RUN_20260806_095127,ChecklistStrategy,JSWSTEEL,2024-12-06,2024-12-18,LONG,999.9,999.9,0,12,-1576.8,0.0,SIGNAL
RUN_20260806_095127,ChecklistStrategy,JSWSTEEL,2025-01-30,2025-02-01,LONG,937.9,937.9,0,2,497.5,0.0,SIGNAL
RUN_20260806_095127,ChecklistStrategy,JSWSTEEL,2025-02-28,2025-03-07,LONG,968.1,968.1,0,7,2059.2,0.0,SIGNAL
RUN_20260806_095127,ChecklistStrategy,JSWSTEEL,2025-04-29,2025-05-02,LONG,1055.0,1055.0,0,3,-1554.8,0.0,SIGNAL
RUN_20260806_095127,ChecklistStrategy,JSWSTEEL,2025-05-23,2025-06-03,LONG,1011.0,1011.0,0,11,-1454.65,0.0,SIGNAL
RUN_20260806_095127,ChecklistStrategy,JSWSTEEL,2025-06-09,2025-06-13,LONG,1006.3,1006.3,0,4,-993.6,0.0,SIGNAL
RUN_20260806_095127,ChecklistStrategy,JSWSTEEL,2025-07-02,2025-08-11,LONG,1031.0,1031.0,0,40,819.0,0.0,SIGNAL
RUN_20260806_095127,ChecklistStrategy,JSWSTEEL,2025-08-12,2025-09-01,LONG,1054.8,1054.8,0,20,-1240.8,0.0,SIGNAL
RUN_20260806_095127,ChecklistStrategy,JSWSTEEL,2025-09-05,2025-09-26,LONG,1069.0,1069.0,0,21,3698.0,0.0,SIGNAL
RUN_20260806_095127,ChecklistStrategy,JSWSTEEL,2025-10-23,2025-10-24,LONG,1161.0,1161.0,0,1,-861.0,0.0,SIGNAL
RUN_20260806_095127,ChecklistStrategy,JSWSTEEL,2025-11-18,2025-11-19,LONG,1179.9,1179.9,0,1,-496.0,0.0,SIGNAL
RUN_20260806_095127,ChecklistStrategy,JSWSTEEL,2025-12-04,2025-12-09,LONG,1159.0,1159.0,0,5,-1681.0,0.0,SIGNAL
RUN_20260806_095127,ChecklistStrategy,JSWSTEEL,2026-01-15,2026-01-19,LONG,1181.8,1181.8,0,4,218.4,0.0,SIGNAL
RUN_20260806_095127,ChecklistStrategy,JSWSTEEL,2026-01-22,2026-01-27,LONG,1180.0,1180.0,0,5,663.0,0.0,SIGNAL
RUN_20260806_095127,ChecklistStrategy,JSWSTEEL,2026-02-03,2026-03-09,LONG,1225.0,1225.0,0,34,-858.0,0.0,SIGNAL
RUN_20260806_095127,ChecklistStrategy,JSWSTEEL,2026-03-17,2026-03-24,LONG,1147.0,1147.0,0,7,-604.0,0.0,SIGNAL
RUN_20260806_095127,ChecklistStrategy,JSWSTEEL,2026-05-19,2026-06-09,LONG,1298.0,1298.0,0,21,-1155.0,0.0,SIGNAL
RUN_20260806_095127,ChecklistStrategy,JSWSTEEL,2026-06-18,2026-06-24,LONG,1288.0,1288.0,0,6,-1680.0,0.0,SIGNAL
RUN_20260806_095127,ChecklistStrategy,JSWSTEEL,2026-07-20,2026-07-23,LONG,1252.7,1252.7,0,3,118.8,0.0,SIGNAL
RUN_20260806_095127,ChecklistStrategy,KOTAKBANK,2024-02-01,2024-02-07,LONG,366.0,366.0,0,6,-1060.8,0.0,SIGNAL
RUN_20260806_095127,ChecklistStrategy,KOTAKBANK,2024-03-01,2024-04-01,LONG,339.1,339.1,0,31,2905.4,0.0,SIGNAL
RUN_20260806_095127,ChecklistStrategy,KOTAKBANK,2024-04-05,2024-04-26,LONG,349.81,349.81,0,21,-3091.4,0.0,SIGNAL
RUN_20260806_095127,ChecklistStrategy,KOTAKBANK,2024-04-30,2024-05-02,LONG,328.08,328.08,0,2,-1512.0,0.0,SIGNAL
RUN_20260806_095127,ChecklistStrategy,KOTAKBANK,2024-05-23,2024-06-03,LONG,340.0,340.0,0,11,609.18,0.0,SIGNAL
RUN_20260806_095127,ChecklistStrategy,KOTAKBANK,2024-06-19,2024-06-21,LONG,345.8,345.8,0,2,1164.4,0.0,SIGNAL
RUN_20260806_095127,ChecklistStrategy,KOTAKBANK,2024-09-11,2024-10-10,LONG,359.0,359.0,0,29,408.26,0.0,SIGNAL
RUN_20260806_095127,ChecklistStrategy,KOTAKBANK,2024-10-21,2024-10-22,LONG,370.0,370.0,0,1,-1532.52,0.0,SIGNAL
RUN_20260806_095127,ChecklistStrategy,KOTAKBANK,2024-11-22,2024-11-29,LONG,346.8,346.8,0,7,644.0,0.0,SIGNAL
RUN_20260806_095127,ChecklistStrategy,KOTAKBANK,2024-12-16,2024-12-20,LONG,360.6,360.6,0,4,-1305.6,0.0,SIGNAL
RUN_20260806_095127,ChecklistStrategy,KOTAKBANK,2025-01-01,2025-01-14,LONG,355.85,355.85,0,13,-800.55,0.0,SIGNAL
RUN_20260806_095127,ChecklistStrategy,KOTAKBANK,2025-02-07,2025-02-14,LONG,384.2,384.2,0,7,1325.0,0.0,SIGNAL
RUN_20260806_095127,ChecklistStrategy,KOTAKBANK,2025-02-19,2025-02-21,LONG,392.79,392.79,0,2,163.68,0.0,SIGNAL
RUN_20260806_095127,ChecklistStrategy,KOTAKBANK,2025-06-27,2025-07-01,LONG,442.0,442.0,0,4,-1023.0,0.0,SIGNAL
RUN_20260806_095127,ChecklistStrategy,KOTAKBANK,2025-07-02,2025-07-04,LONG,437.0,437.0,0,2,-1342.0,0.0,SIGNAL
RUN_20260806_095127,ChecklistStrategy,KOTAKBANK,2025-07-17,2025-07-18,LONG,435.0,435.0,0,1,-161.32,0.0,SIGNAL
RUN_20260806_095127,ChecklistStrategy,KOTAKBANK,2025-07-30,2025-07-31,LONG,393.22,393.22,0,1,-597.6,0.0,SIGNAL
RUN_20260806_095127,ChecklistStrategy,KOTAKBANK,2025-08-01,2025-08-19,LONG,396.6,396.6,0,18,261.8,0.0,SIGNAL
RUN_20260806_095127,ChecklistStrategy,KOTAKBANK,2025-09-04,2025-09-16,LONG,392.2,392.2,0,12,369.6,0.0,SIGNAL
RUN_20260806_095127,ChecklistStrategy,KOTAKBANK,2025-10-03,2025-11-03,LONG,412.66,412.66,0,31,886.92,0.0,SIGNAL
RUN_20260806_095127,ChecklistStrategy,KOTAKBANK,2025-12-12,2026-01-05,LONG,436.34,436.34,0,24,331.36,0.0,SIGNAL
RUN_20260806_095127,ChecklistStrategy,KOTAKBANK,2026-01-13,2026-01-27,LONG,425.38,425.38,0,14,-1162.56,0.0,SIGNAL
RUN_20260806_095127,ChecklistStrategy,KOTAKBANK,2026-02-19,2026-02-20,LONG,425.7,425.7,0,1,-1187.7,0.0,SIGNAL
RUN_20260806_095127,ChecklistStrategy,KOTAKBANK,2026-03-17,2026-03-24,LONG,369.85,369.85,0,7,-863.1,0.0,SIGNAL
RUN_20260806_095127,ChecklistStrategy,KOTAKBANK,2026-04-13,2026-06-08,LONG,367.95,367.95,0,56,621.15,0.0,SIGNAL
RUN_20260806_095127,ChecklistStrategy,KOTAKBANK,2026-07-08,2026-07-09,LONG,378.5,378.5,0,1,-854.0,0.0,SIGNAL
RUN_20260806_095127,ChecklistStrategy,KOTAKBANK,2026-07-10,2026-07-15,LONG,377.45,377.45,0,5,231.8,0.0,SIGNAL
RUN_20260806_095127,ChecklistStrategy,LT,2024-01-25,2024-02-01,LONG,3599.9,3599.9,0,7,-1558.7,0.0,SIGNAL
RUN_20260806_095127,ChecklistStrategy,LT,2024-03-01,2024-03-18,LONG,3501.65,3501.65,0,17,497.0,0.0,SIGNAL
RUN_20260806_095127,ChecklistStrategy,LT,2024-03-19,2024-04-16,LONG,3541.0,3541.0,0,28,507.65,0.0,SIGNAL
RUN_20260806_095127,ChecklistStrategy,LT,2024-05-14,2024-06-03,LONG,3300.0,3300.0,0,20,8331.0,0.0,SIGNAL
RUN_20260806_095127,ChecklistStrategy,LT,2024-06-06,2024-06-24,LONG,3438.0,3438.0,0,18,1235.25,0.0,SIGNAL
RUN_20260806_095127,ChecklistStrategy,LT,2024-07-08,2024-07-24,LONG,3640.1,3640.1,0,16,-1366.5,0.0,SIGNAL
RUN_20260806_095127,ChecklistStrategy,LT,2024-08-19,2024-09-06,LONG,3599.85,3599.85,0,18,228.75,0.0,SIGNAL
RUN_20260806_095127,ChecklistStrategy,LT,2024-09-25,2024-09-27,LONG,3787.55,3787.55,0,2,-693.7,0.0,SIGNAL
RUN_20260806_095127,ChecklistStrategy,LT,2024-11-11,2024-11-14,LONG,3646.0,3646.0,0,3,-1232.0,0.0,SIGNAL
RUN_20260806_095127,ChecklistStrategy,LT,2024-12-02,2024-12-20,LONG,3706.85,3706.85,0,18,133.0,0.0,SIGNAL
RUN_20260806_095127,ChecklistStrategy,LT,2025-04-08,2025-04-11,LONG,3124.95,3124.95,0,3,-186.15,0.0,SIGNAL
RUN_20260806_095127,ChecklistStrategy,LT,2025-04-15,2025-04-23,LONG,3180.0,3180.0,0,8,1526.4,0.0,SIGNAL
RUN_20260806_095127,ChecklistStrategy,LT,2025-04-25,2025-05-09,LONG,3310.0,3310.0,0,14,336.0,0.0,SIGNAL
RUN_20260806_095127,ChecklistStrategy,LT,2025-06-02,2025-06-16,LONG,3675.1,3675.1,0,14,-1394.4,0.0,SIGNAL
RUN_20260806_095127,ChecklistStrategy,LT,2025-06-20,2025-06-30,LONG,3614.0,3614.0,0,10,952.0,0.0,SIGNAL
RUN_20260806_095127,ChecklistStrategy,LT,2025-08-05,2025-08-13,LONG,3630.0,3630.0,0,8,924.0,0.0,SIGNAL
RUN_20260806_095127,ChecklistStrategy,LT,2025-08-22,2025-09-02,LONG,3610.0,3610.0,0,11,-162.4,0.0,SIGNAL
RUN_20260806_095127,ChecklistStrategy,LT,2025-09-04,2025-09-05,LONG,3622.9,3622.9,0,1,-421.4,0.0,SIGNAL
RUN_20260806_095127,ChecklistStrategy,LT,2025-09-24,2025-09-26,LONG,3657.6,3657.6,0,2,89.6,0.0,SIGNAL
RUN_20260806_095127,ChecklistStrategy,LT,2025-11-10,2025-11-17,LONG,3895.0,3895.0,0,7,1422.2,0.0,SIGNAL
RUN_20260806_095127,ChecklistStrategy,LT,2025-12-31,2026-01-09,LONG,4058.0,4058.0,0,9,-377.0,0.0,SIGNAL
RUN_20260806_095127,ChecklistStrategy,LT,2026-01-13,2026-01-14,LONG,4028.0,4028.0,0,1,-1664.0,0.0,SIGNAL
RUN_20260806_095127,ChecklistStrategy,LT,2026-01-23,2026-03-09,LONG,3798.0,3798.0,0,45,728.0,0.0,SIGNAL
RUN_20260806_095127,ChecklistStrategy,LT,2026-03-10,2026-03-12,LONG,3936.0,3936.0,0,2,-1443.0,0.0,SIGNAL
RUN_20260806_095127,ChecklistStrategy,LT,2026-03-17,2026-03-24,LONG,3478.0,3478.0,0,7,-570.0,0.0,SIGNAL
RUN_20260806_095127,ChecklistStrategy,LT,2026-04-13,2026-05-06,LONG,3825.0,3825.0,0,23,1937.0,0.0,SIGNAL
RUN_20260806_095127,ChecklistStrategy,LT,2026-05-07,2026-05-12,LONG,4028.0,4028.0,0,5,-1337.7,0.0,SIGNAL
RUN_20260806_095127,ChecklistStrategy,LT,2026-06-03,2026-06-04,LONG,4000.9,4000.9,0,1,-726.7,0.0,SIGNAL
RUN_20260806_095127,ChecklistStrategy,M&M,2024-02-01,2024-02-02,LONG,1659.25,1659.25,0,1,-127.5,0.0,SIGNAL
RUN_20260806_095127,ChecklistStrategy,M&M,2024-03-01,2024-03-12,LONG,1933.6,1933.6,0,11,-1040.0,0.0,SIGNAL
RUN_20260806_095127,ChecklistStrategy,M&M,2024-03-13,2024-03-14,LONG,1896.0,1896.0,0,1,-1099.8,0.0,SIGNAL
RUN_20260806_095127,ChecklistStrategy,M&M,2024-03-15,2024-03-18,LONG,1875.0,1875.0,0,3,-1676.25,0.0,SIGNAL
RUN_20260806_095127,ChecklistStrategy,M&M,2024-04-30,2024-05-13,LONG,2073.05,2073.05,0,13,3103.85,0.0,SIGNAL
RUN_20260806_095127,ChecklistStrategy,M&M,2024-05-15,2024-06-03,LONG,2281.3,2281.3,0,19,6168.75,0.0,SIGNAL
RUN_20260806_095127,ChecklistStrategy,M&M,2024-06-06,2024-06-19,LONG,2745.0,2745.0,0,13,4370.0,0.0,SIGNAL
RUN_20260806_095127,ChecklistStrategy,M&M,2024-07-23,2024-08-05,LONG,2824.0,2824.0,0,13,-2742.65,0.0,SIGNAL
RUN_20260806_095127,ChecklistStrategy,M&M,2024-08-21,2024-09-09,LONG,2774.0,2774.0,0,19,-1631.15,0.0,SIGNAL
RUN_20260806_095127,ChecklistStrategy,M&M,2024-10-08,2024-10-18,LONG,3074.0,3074.0,0,10,-2187.05,0.0,SIGNAL
RUN_20260806_095127,ChecklistStrategy,M&M,2024-11-06,2024-11-08,LONG,2910.0,2910.0,0,2,0.0,0.0,SIGNAL
RUN_20260806_095127,ChecklistStrategy,M&M,2024-12-02,2024-12-23,LONG,2984.0,2984.0,0,21,-1122.0,0.0,SIGNAL
RUN_20260806_095127,ChecklistStrategy,M&M,2025-01-10,2025-01-14,LONG,3110.0,3110.0,0,4,-1760.0,0.0,SIGNAL
RUN_20260806_095127,ChecklistStrategy,M&M,2025-01-15,2025-01-16,LONG,3057.1,3057.1,0,1,-1263.2,0.0,SIGNAL
RUN_20260806_095127,ChecklistStrategy,M&M,2025-01-24,2025-01-27,LONG,2875.0,2875.0,0,3,-1745.9,0.0,SIGNAL
RUN_20260806_095127,ChecklistStrategy,M&M,2025-04-21,2025-06-06,LONG,2699.9,2699.9,0,46,6150.6,0.0,SIGNAL
RUN_20260806_095127,ChecklistStrategy,M&M,2025-06-09,2025-06-13,LONG,3130.0,3130.0,0,4,-3168.0,0.0,SIGNAL
RUN_20260806_095127,ChecklistStrategy,M&M,2025-07-04,2025-07-14,LONG,3161.1,3161.1,0,10,-1324.5,0.0,SIGNAL
RUN_20260806_095127,ChecklistStrategy,M&M,2025-07-22,2025-08-04,LONG,3246.7,3246.7,0,13,-1150.5,0.0,SIGNAL
RUN_20260806_095127,ChecklistStrategy,M&M,2025-08-05,2025-09-04,LONG,3195.0,3195.0,0,30,4980.0,0.0,SIGNAL
RUN_20260806_095127,ChecklistStrategy,M&M,2025-11-10,2025-12-16,LONG,3690.2,3690.2,0,36,-1419.6,0.0,SIGNAL
RUN_20260806_095127,ChecklistStrategy,M&M,2025-12-19,2025-12-29,LONG,3571.0,3571.0,0,10,723.8,0.0,SIGNAL
RUN_20260806_095127,ChecklistStrategy,M&M,2025-12-31,2026-01-06,LONG,3653.0,3653.0,0,6,1755.0,0.0,SIGNAL
RUN_20260806_095127,ChecklistStrategy,M&M,2026-01-29,2026-01-30,LONG,3449.2,3449.2,0,1,-2326.8,0.0,SIGNAL
RUN_20260806_095127,ChecklistStrategy,M&M,2026-02-05,2026-02-12,LONG,3592.0,3592.0,0,7,1486.8,0.0,SIGNAL
RUN_20260806_095127,ChecklistStrategy,M&M,2026-03-11,2026-03-12,LONG,3276.0,3276.0,0,1,-2413.5,0.0,SIGNAL
RUN_20260806_095127,ChecklistStrategy,M&M,2026-03-17,2026-03-24,LONG,3052.0,3052.0,0,7,-352.0,0.0,SIGNAL
RUN_20260806_095127,ChecklistStrategy,M&M,2026-04-21,2026-04-24,LONG,3212.0,3212.0,0,3,-2464.5,0.0,SIGNAL
RUN_20260806_095127,ChecklistStrategy,M&M,2026-05-01,2026-05-25,LONG,3097.5,3097.5,0,24,558.0,0.0,SIGNAL
RUN_20260806_095127,ChecklistStrategy,M&M,2026-06-12,2026-06-15,LONG,3025.1,3025.1,0,3,1038.4,0.0,SIGNAL
RUN_20260806_095127,ChecklistStrategy,M&M,2026-07-22,2026-07-30,LONG,3198.0,3198.0,0,8,330.0,0.0,SIGNAL
RUN_20260806_095127,ChecklistStrategy,MARUTI,2024-03-01,2024-03-07,LONG,11295.0,11295.0,0,6,1104.2,0.0,SIGNAL
RUN_20260806_095127,ChecklistStrategy,MARUTI,2024-03-13,2024-04-26,LONG,11510.0,11510.0,0,44,5648.0,0.0,SIGNAL
RUN_20260806_095127,ChecklistStrategy,MARUTI,2024-05-14,2024-06-03,LONG,12673.85,12673.85,0,20,604.6,0.0,SIGNAL
RUN_20260806_095127,ChecklistStrategy,MARUTI,2024-06-28,2024-07-02,LONG,12184.95,12184.95,0,4,-140.0,0.0,SIGNAL
RUN_20260806_095127,ChecklistStrategy,MARUTI,2024-07-19,2024-08-06,LONG,12650.0,12650.0,0,18,-1040.0,0.0,SIGNAL
RUN_20260806_095127,ChecklistStrategy,MARUTI,2024-09-18,2024-10-23,LONG,12240.05,12240.05,0,35,-1267.0,0.0,SIGNAL
RUN_20260806_095127,ChecklistStrategy,MARUTI,2024-12-06,2024-12-13,LONG,11200.0,11200.0,0,7,-250.4,0.0,SIGNAL
RUN_20260806_095127,ChecklistStrategy,MARUTI,2025-02-01,2025-02-04,LONG,12320.0,12320.0,0,3,3720.0,0.0,SIGNAL
RUN_20260806_095127,ChecklistStrategy,MARUTI,2025-04-09,2025-04-23,LONG,11460.1,11460.1,0,14,1355.6,0.0,SIGNAL
RUN_20260806_095127,ChecklistStrategy,MARUTI,2025-05-26,2025-05-27,LONG,12455.0,12455.0,0,1,-136.0,0.0,SIGNAL
RUN_20260806_095127,ChecklistStrategy,MARUTI,2025-06-26,2025-07-01,LONG,12780.0,12780.0,0,5,-1320.0,0.0,SIGNAL
RUN_20260806_095127,ChecklistStrategy,MARUTI,2025-07-03,2025-07-18,LONG,12630.0,12630.0,0,15,-420.0,0.0,SIGNAL
RUN_20260806_095127,ChecklistStrategy,MARUTI,2025-07-30,2025-08-25,LONG,12431.0,12431.0,0,26,7880.0,0.0,SIGNAL
RUN_20260806_095127,ChecklistStrategy,MARUTI,2025-10-31,2025-11-04,LONG,16204.0,16204.0,0,4,-1791.0,0.0,SIGNAL
RUN_20260806_095127,ChecklistStrategy,MARUTI,2025-11-24,2026-01-14,LONG,16005.0,16005.0,0,51,1155.0,0.0,SIGNAL
RUN_20260806_095127,ChecklistStrategy,MARUTI,2026-01-20,2026-01-22,LONG,16200.0,16200.0,0,2,-750.0,0.0,SIGNAL
RUN_20260806_095127,ChecklistStrategy,MARUTI,2026-02-02,2026-03-10,LONG,14251.0,14251.0,0,36,-1590.0,0.0,SIGNAL
RUN_20260806_095127,ChecklistStrategy,MARUTI,2026-04-16,2026-04-27,LONG,13380.0,13380.0,0,11,-908.0,0.0,SIGNAL
RUN_20260806_095127,ChecklistStrategy,MARUTI,2026-06-24,2026-07-21,LONG,13440.0,13440.0,0,27,320.0,0.0,SIGNAL
RUN_20260806_095127,ChecklistStrategy,NESTLEIND,2024-02-23,2024-03-13,LONG,1282.5,1282.5,0,19,584.02,0.0,SIGNAL
RUN_20260806_095127,ChecklistStrategy,NESTLEIND,2024-05-13,2024-05-16,LONG,1266.38,1266.38,0,3,-1223.62,0.0,SIGNAL
RUN_20260806_095127,ChecklistStrategy,NESTLEIND,2024-05-30,2024-05-31,LONG,1232.53,1232.53,0,1,-789.0,0.0,SIGNAL
RUN_20260806_095127,ChecklistStrategy,NESTLEIND,2024-06-10,2024-07-02,LONG,1255.0,1255.0,0,22,1470.3,0.0,SIGNAL
RUN_20260806_095127,ChecklistStrategy,NESTLEIND,2024-07-04,2024-07-10,LONG,1280.0,1280.0,0,6,1519.05,0.0,SIGNAL
RUN_20260806_095127,ChecklistStrategy,NESTLEIND,2024-07-15,2024-07-25,LONG,1304.53,1304.53,0,10,-1220.75,0.0,SIGNAL
RUN_20260806_095127,ChecklistStrategy,NESTLEIND,2024-08-21,2024-09-02,LONG,1264.95,1264.95,0,12,-583.05,0.0,SIGNAL
RUN_20260806_095127,ChecklistStrategy,NESTLEIND,2024-09-03,2024-09-06,LONG,1251.0,1251.0,0,3,128.7,0.0,SIGNAL
RUN_20260806_095127,ChecklistStrategy,NESTLEIND,2024-09-10,2024-09-12,LONG,1264.5,1264.5,0,2,17.55,0.0,SIGNAL
RUN_20260806_095127,ChecklistStrategy,NESTLEIND,2024-11-28,2024-12-02,LONG,1137.03,1137.03,0,4,-671.88,0.0,SIGNAL
RUN_20260806_095127,ChecklistStrategy,NESTLEIND,2024-12-06,2024-12-10,LONG,1133.22,1133.22,0,4,-805.17,0.0,SIGNAL
RUN_20260806_095127,ChecklistStrategy,NESTLEIND,2025-01-03,2025-01-07,LONG,1100.1,1100.1,0,4,-220.0,0.0,SIGNAL
RUN_20260806_095127,ChecklistStrategy,NESTLEIND,2025-01-08,2025-01-17,LONG,1111.5,1111.5,0,9,-931.7,0.0,SIGNAL
RUN_20260806_095127,ChecklistStrategy,NESTLEIND,2025-02-17,2025-03-05,LONG,1097.93,1097.93,0,16,-1888.7,0.0,SIGNAL
RUN_20260806_095127,ChecklistStrategy,NESTLEIND,2025-03-06,2025-04-01,LONG,1093.5,1093.5,0,26,1610.35,0.0,SIGNAL
RUN_20260806_095127,ChecklistStrategy,NESTLEIND,2025-04-03,2025-04-30,LONG,1099.03,1099.03,0,27,3804.42,0.0,SIGNAL
RUN_20260806_095127,ChecklistStrategy,NESTLEIND,2025-05-22,2025-05-23,LONG,1192.5,1192.5,0,1,-594.5,0.0,SIGNAL
RUN_20260806_095127,ChecklistStrategy,NESTLEIND,2025-05-26,2025-06-02,LONG,1207.2,1207.2,0,7,-295.2,0.0,SIGNAL
RUN_20260806_095127,ChecklistStrategy,NESTLEIND,2025-06-03,2025-06-04,LONG,1207.85,1207.85,0,1,-559.65,0.0,SIGNAL
RUN_20260806_095127,ChecklistStrategy,NESTLEIND,2025-06-06,2025-06-19,LONG,1201.95,1201.95,0,13,-1293.55,0.0,SIGNAL
RUN_20260806_095127,ChecklistStrategy,NESTLEIND,2025-07-16,2025-07-25,LONG,1208.0,1208.0,0,9,-2022.0,0.0,SIGNAL
RUN_20260806_095127,ChecklistStrategy,NESTLEIND,2025-08-29,2025-09-01,LONG,1160.3,1160.3,0,3,-98.4,0.0,SIGNAL
RUN_20260806_095127,ChecklistStrategy,NESTLEIND,2025-09-10,2025-09-22,LONG,1208.2,1208.2,0,12,-362.7,0.0,SIGNAL
RUN_20260806_095127,ChecklistStrategy,NESTLEIND,2025-10-16,2025-11-25,LONG,1221.4,1221.4,0,40,1748.0,0.0,SIGNAL
RUN_20260806_095127,ChecklistStrategy,NESTLEIND,2025-11-26,2025-11-28,LONG,1257.1,1257.1,0,2,349.6,0.0,SIGNAL
RUN_20260806_095127,ChecklistStrategy,NESTLEIND,2025-12-22,2025-12-31,LONG,1246.0,1246.0,0,9,1071.6,0.0,SIGNAL
RUN_20260806_095127,ChecklistStrategy,NESTLEIND,2026-01-06,2026-01-22,LONG,1319.0,1319.0,0,16,-1224.7,0.0,SIGNAL
RUN_20260806_095127,ChecklistStrategy,NESTLEIND,2026-01-28,2026-02-03,LONG,1297.2,1297.2,0,6,1213.6,0.0,SIGNAL
RUN_20260806_095127,ChecklistStrategy,NESTLEIND,2026-03-06,2026-03-13,LONG,1250.0,1250.0,0,7,-1209.0,0.0,SIGNAL
RUN_20260806_095127,ChecklistStrategy,NESTLEIND,2026-04-02,2026-04-23,LONG,1173.3,1173.3,0,21,8624.0,0.0,SIGNAL
RUN_20260806_095127,ChecklistStrategy,NESTLEIND,2026-05-19,2026-06-02,LONG,1428.0,1428.0,0,14,-1548.0,0.0,SIGNAL
RUN_20260806_095127,ChecklistStrategy,NESTLEIND,2026-06-22,2026-06-24,LONG,1422.8,1422.8,0,2,-1036.8,0.0,SIGNAL
RUN_20260806_095127,ChecklistStrategy,NESTLEIND,2026-07-01,2026-07-15,LONG,1414.8,1414.8,0,14,612.0,0.0,SIGNAL
RUN_20260806_095127,ChecklistStrategy,NTPC,2024-02-14,2024-03-18,LONG,320.9,320.9,0,33,-589.0,0.0,SIGNAL
RUN_20260806_095127,ChecklistStrategy,NTPC,2024-05-03,2024-05-07,LONG,372.3,372.3,0,4,-1882.7,0.0,SIGNAL
RUN_20260806_095127,ChecklistStrategy,NTPC,2024-05-13,2024-05-14,LONG,355.5,355.5,0,1,-678.15,0.0,SIGNAL
RUN_20260806_095127,ChecklistStrategy,NTPC,2024-05-15,2024-05-28,LONG,357.5,357.5,0,13,2038.5,0.0,SIGNAL
RUN_20260806_095127,ChecklistStrategy,NTPC,2024-06-06,2024-06-07,LONG,347.8,347.8,0,1,604.8,0.0,SIGNAL
RUN_20260806_095127,ChecklistStrategy,NTPC,2024-06-25,2024-07-01,LONG,364.25,364.25,0,6,2380.0,0.0,SIGNAL
RUN_20260806_095127,ChecklistStrategy,NTPC,2024-07-03,2024-07-11,LONG,370.55,370.55,0,8,1623.45,0.0,SIGNAL
RUN_20260806_095127,ChecklistStrategy,NTPC,2024-07-15,2024-07-22,LONG,378.6,378.6,0,7,-1883.6,0.0,SIGNAL
RUN_20260806_095127,ChecklistStrategy,NTPC,2024-07-23,2024-07-24,LONG,376.7,376.7,0,1,999.0,0.0,SIGNAL
RUN_20260806_095127,ChecklistStrategy,NTPC,2024-08-30,2024-09-06,LONG,412.7,412.7,0,7,-1171.8,0.0,SIGNAL
RUN_20260806_095127,ChecklistStrategy,NTPC,2024-09-26,2024-10-08,LONG,437.95,437.95,0,12,-2754.25,0.0,SIGNAL
RUN_20260806_095127,ChecklistStrategy,NTPC,2024-10-16,2024-10-23,LONG,425.3,425.3,0,7,-1299.5,0.0,SIGNAL
RUN_20260806_095127,ChecklistStrategy,NTPC,2024-11-28,2024-11-29,LONG,369.7,369.7,0,1,-844.95,0.0,SIGNAL
RUN_20260806_095127,ChecklistStrategy,NTPC,2024-12-02,2024-12-06,LONG,363.65,363.65,0,4,765.6,0.0,SIGNAL
RUN_20260806_095127,ChecklistStrategy,NTPC,2025-01-28,2025-01-31,LONG,322.5,322.5,0,3,-7.5,0.0,SIGNAL
RUN_20260806_095127,ChecklistStrategy,NTPC,2025-03-12,2025-04-02,LONG,331.0,331.0,0,21,3087.9,0.0,SIGNAL
RUN_20260806_095127,ChecklistStrategy,NTPC,2025-05-16,2025-05-19,LONG,343.0,343.0,0,3,14.6,0.0,SIGNAL
RUN_20260806_095127,ChecklistStrategy,NTPC,2025-06-05,2025-06-19,LONG,329.2,329.2,0,14,483.2,0.0,SIGNAL
RUN_20260806_095127,ChecklistStrategy,NTPC,2025-06-23,2025-06-24,LONG,333.7,333.7,0,1,-402.3,0.0,SIGNAL
RUN_20260806_095127,ChecklistStrategy,NTPC,2025-06-25,2025-07-25,LONG,331.5,331.5,0,30,1117.4,0.0,SIGNAL
RUN_20260806_095127,ChecklistStrategy,NTPC,2025-08-18,2025-08-28,LONG,341.45,341.45,0,10,-1509.6,0.0,SIGNAL
RUN_20260806_095127,ChecklistStrategy,NTPC,2025-09-19,2025-09-26,LONG,336.95,336.95,0,7,521.85,0.0,SIGNAL
RUN_20260806_095127,ChecklistStrategy,NTPC,2025-10-06,2025-10-15,LONG,340.6,340.6,0,9,-532.9,0.0,SIGNAL
RUN_20260806_095127,ChecklistStrategy,NTPC,2025-10-16,2025-10-29,LONG,340.2,340.2,0,13,-138.7,0.0,SIGNAL
RUN_20260806_095127,ChecklistStrategy,NTPC,2025-12-22,2025-12-23,LONG,319.95,319.95,0,1,170.5,0.0,SIGNAL
RUN_20260806_095127,ChecklistStrategy,NTPC,2025-12-29,2025-12-31,LONG,324.1,324.1,0,2,99.45,0.0,SIGNAL
RUN_20260806_095127,ChecklistStrategy,NTPC,2026-01-01,2026-01-27,LONG,329.8,329.8,0,26,1605.0,0.0,SIGNAL
RUN_20260806_095127,ChecklistStrategy,NTPC,2026-02-23,2026-03-02,LONG,374.0,374.0,0,7,-1215.0,0.0,SIGNAL
RUN_20260806_095127,ChecklistStrategy,NTPC,2026-03-12,2026-03-20,LONG,379.0,379.0,0,8,-412.65,0.0,SIGNAL
RUN_20260806_095127,ChecklistStrategy,NTPC,2026-04-06,2026-04-09,LONG,358.8,358.8,0,3,2504.7,0.0,SIGNAL
RUN_20260806_095127,ChecklistStrategy,NTPC,2026-04-20,2026-05-07,LONG,393.0,393.0,0,17,483.75,0.0,SIGNAL
RUN_20260806_095127,ChecklistStrategy,NTPC,2026-06-17,2026-06-24,LONG,355.55,355.55,0,7,1043.9,0.0,SIGNAL
RUN_20260806_095127,ChecklistStrategy,ONGC,2024-02-01,2024-02-02,LONG,254.65,254.65,0,1,-920.7,0.0,SIGNAL
RUN_20260806_095127,ChecklistStrategy,ONGC,2024-04-23,2024-05-06,LONG,276.85,276.85,0,13,2109.3,0.0,SIGNAL
RUN_20260806_095127,ChecklistStrategy,ONGC,2024-05-24,2024-05-28,LONG,284.0,284.0,0,4,-836.6,0.0,SIGNAL
RUN_20260806_095127,ChecklistStrategy,ONGC,2024-06-06,2024-06-26,LONG,254.0,254.0,0,20,2605.8,0.0,SIGNAL
RUN_20260806_095127,ChecklistStrategy,ONGC,2024-07-03,2024-07-11,LONG,276.0,276.0,0,8,4488.0,0.0,SIGNAL
RUN_20260806_095127,ChecklistStrategy,ONGC,2024-07-24,2024-08-07,LONG,313.05,313.05,0,14,-110.5,0.0,SIGNAL
RUN_20260806_095127,ChecklistStrategy,ONGC,2024-08-30,2024-09-04,LONG,330.45,330.45,0,5,-2502.9,0.0,SIGNAL
RUN_20260806_095127,ChecklistStrategy,ONGC,2024-09-05,2024-09-09,LONG,316.95,316.95,0,4,-1369.5,0.0,SIGNAL
RUN_20260806_095127,ChecklistStrategy,ONGC,2024-09-30,2024-10-08,LONG,297.0,297.0,0,8,-1531.05,0.0,SIGNAL
RUN_20260806_095127,ChecklistStrategy,ONGC,2024-12-06,2024-12-13,LONG,260.8,260.8,0,7,-1513.2,0.0,SIGNAL
RUN_20260806_095127,ChecklistStrategy,ONGC,2025-01-01,2025-02-07,LONG,237.81,237.81,0,37,3164.26,0.0,SIGNAL
RUN_20260806_095127,ChecklistStrategy,ONGC,2025-03-04,2025-03-07,LONG,220.1,220.1,0,3,2862.5,0.0,SIGNAL
RUN_20260806_095127,ChecklistStrategy,ONGC,2025-04-17,2025-05-09,LONG,241.0,241.0,0,22,-2606.1,0.0,SIGNAL
RUN_20260806_095127,ChecklistStrategy,ONGC,2025-05-15,2025-06-02,LONG,244.95,244.95,0,18,-1249.5,0.0,SIGNAL
RUN_20260806_095127,ChecklistStrategy,ONGC,2025-06-11,2025-06-18,LONG,244.5,244.5,0,7,1982.24,0.0,SIGNAL
RUN_20260806_095127,ChecklistStrategy,ONGC,2025-06-20,2025-06-25,LONG,252.26,252.26,0,5,-1701.56,0.0,SIGNAL
RUN_20260806_095127,ChecklistStrategy,ONGC,2025-07-07,2025-07-08,LONG,245.5,245.5,0,1,-642.72,0.0,SIGNAL
RUN_20260806_095127,ChecklistStrategy,ONGC,2025-07-23,2025-07-28,LONG,246.0,246.0,0,5,-1176.26,0.0,SIGNAL
RUN_20260806_095127,ChecklistStrategy,ONGC,2025-08-19,2025-09-09,LONG,237.5,237.5,0,21,-1043.7,0.0,SIGNAL
RUN_20260806_095127,ChecklistStrategy,ONGC,2025-09-24,2025-09-26,LONG,236.66,236.66,0,2,701.4,0.0,SIGNAL
RUN_20260806_095127,ChecklistStrategy,ONGC,2025-09-30,2025-10-06,LONG,240.0,240.0,0,6,567.84,0.0,SIGNAL
RUN_20260806_095127,ChecklistStrategy,ONGC,2025-10-10,2025-10-14,LONG,244.05,244.05,0,4,257.5,0.0,SIGNAL
RUN_20260806_095127,ChecklistStrategy,ONGC,2025-11-13,2025-11-17,LONG,253.7,253.7,0,4,-1207.8,0.0,SIGNAL
RUN_20260806_095127,ChecklistStrategy,ONGC,2025-12-05,2025-12-12,LONG,242.7,242.7,0,7,-861.0,0.0,SIGNAL
RUN_20260806_095127,ChecklistStrategy,ONGC,2025-12-16,2025-12-30,LONG,234.17,234.17,0,14,163.02,0.0,SIGNAL
RUN_20260806_095127,ChecklistStrategy,ONGC,2026-01-05,2026-01-06,LONG,246.8,246.8,0,1,-1776.84,0.0,SIGNAL
RUN_20260806_095127,ChecklistStrategy,ONGC,2026-01-07,2026-01-08,LONG,240.21,240.21,0,1,-402.0,0.0,SIGNAL
RUN_20260806_095127,ChecklistStrategy,ONGC,2026-01-27,2026-03-06,LONG,246.6,246.6,0,38,6536.6,0.0,SIGNAL
RUN_20260806_095127,ChecklistStrategy,ONGC,2026-03-09,2026-03-10,LONG,289.0,289.0,0,1,-3339.6,0.0,SIGNAL
RUN_20260806_095127,ChecklistStrategy,ONGC,2026-03-20,2026-03-23,LONG,269.0,269.0,0,3,-314.5,0.0,SIGNAL
RUN_20260806_095127,ChecklistStrategy,ONGC,2026-03-27,2026-05-12,LONG,270.5,270.5,0,46,3001.2,0.0,SIGNAL
RUN_20260806_095127,ChecklistStrategy,POWERGRID,2024-03-01,2024-03-14,LONG,285.0,285.0,0,13,-3687.2,0.0,SIGNAL
RUN_20260806_095127,ChecklistStrategy,POWERGRID,2024-04-08,2024-04-16,LONG,280.55,280.55,0,8,-1298.6,0.0,SIGNAL
RUN_20260806_095127,ChecklistStrategy,POWERGRID,2024-04-24,2024-05-06,LONG,285.0,285.0,0,12,4183.2,0.0,SIGNAL
RUN_20260806_095127,ChecklistStrategy,POWERGRID,2024-05-22,2024-05-24,LONG,327.75,327.75,0,2,-1482.0,0.0,SIGNAL
RUN_20260806_095127,ChecklistStrategy,POWERGRID,2024-06-03,2024-06-05,LONG,335.0,335.0,0,2,-6075.9,0.0,SIGNAL
RUN_20260806_095127,ChecklistStrategy,POWERGRID,2024-06-06,2024-06-07,LONG,303.4,303.4,0,1,-818.55,0.0,SIGNAL
RUN_20260806_095127,ChecklistStrategy,POWERGRID,2024-06-10,2024-08-01,LONG,313.0,313.0,0,52,5569.9,0.0,SIGNAL
RUN_20260806_095127,ChecklistStrategy,POWERGRID,2024-09-10,2024-09-19,LONG,327.0,327.0,0,9,1343.2,0.0,SIGNAL
RUN_20260806_095127,ChecklistStrategy,POWERGRID,2024-12-04,2024-12-05,LONG,329.05,329.05,0,1,-595.35,0.0,SIGNAL
RUN_20260806_095127,ChecklistStrategy,POWERGRID,2025-01-15,2025-01-22,LONG,295.0,295.0,0,7,1162.0,0.0,SIGNAL
RUN_20260806_095127,ChecklistStrategy,POWERGRID,2025-03-07,2025-03-27,LONG,266.0,266.0,0,20,4209.0,0.0,SIGNAL
RUN_20260806_095127,ChecklistStrategy,POWERGRID,2025-03-28,2025-04-03,LONG,293.9,293.9,0,6,-782.6,0.0,SIGNAL
RUN_20260806_095127,ChecklistStrategy,POWERGRID,2025-05-02,2025-05-12,LONG,305.5,305.5,0,10,-237.8,0.0,SIGNAL
RUN_20260806_095127,ChecklistStrategy,POWERGRID,2025-05-16,2025-05-21,LONG,300.0,300.0,0,5,-378.0,0.0,SIGNAL
RUN_20260806_095127,ChecklistStrategy,POWERGRID,2025-06-23,2025-06-24,LONG,291.4,291.4,0,1,350.55,0.0,SIGNAL
RUN_20260806_095127,ChecklistStrategy,POWERGRID,2025-07-01,2025-07-03,LONG,301.0,301.0,0,2,-436.8,0.0,SIGNAL
RUN_20260806_095127,ChecklistStrategy,POWERGRID,2025-07-07,2025-07-21,LONG,294.7,294.7,0,14,-119.7,0.0,SIGNAL
RUN_20260806_095127,ChecklistStrategy,POWERGRID,2025-07-22,2025-07-31,LONG,297.1,297.1,0,9,-2053.35,0.0,SIGNAL
RUN_20260806_095127,ChecklistStrategy,POWERGRID,2025-09-08,2025-09-11,LONG,286.4,286.4,0,3,-662.2,0.0,SIGNAL
RUN_20260806_095127,ChecklistStrategy,POWERGRID,2025-09-12,2025-09-22,LONG,287.25,287.25,0,10,-42.5,0.0,SIGNAL
RUN_20260806_095127,ChecklistStrategy,POWERGRID,2025-09-24,2025-09-26,LONG,287.9,287.9,0,2,-743.6,0.0,SIGNAL
RUN_20260806_095127,ChecklistStrategy,POWERGRID,2025-10-10,2025-10-27,LONG,285.25,285.25,0,17,633.75,0.0,SIGNAL
RUN_20260806_095127,ChecklistStrategy,POWERGRID,2026-01-29,2026-02-02,LONG,262.6,262.6,0,4,-2122.45,0.0,SIGNAL
RUN_20260806_095127,ChecklistStrategy,POWERGRID,2026-02-03,2026-02-09,LONG,276.05,276.05,0,6,2895.2,0.0,SIGNAL
RUN_20260806_095127,ChecklistStrategy,POWERGRID,2026-04-10,2026-05-25,LONG,301.1,301.1,0,45,-426.4,0.0,SIGNAL
RUN_20260806_095127,ChecklistStrategy,POWERGRID,2026-05-28,2026-06-01,LONG,300.15,300.15,0,4,-1482.3,0.0,SIGNAL
RUN_20260806_095127,ChecklistStrategy,POWERGRID,2026-06-30,2026-07-06,LONG,287.2,287.2,0,6,0.0,0.0,SIGNAL
RUN_20260806_095127,ChecklistStrategy,POWERGRID,2026-07-23,2026-08-05,LONG,287.3,287.3,0,13,-547.8,0.0,SIGNAL
RUN_20260806_095127,ChecklistStrategy,RELIANCE,2024-01-25,2024-03-14,LONG,1342.95,1342.95,0,49,3579.75,0.0,SIGNAL
RUN_20260806_095127,ChecklistStrategy,RELIANCE,2024-03-26,2024-03-27,LONG,1445.0,1445.0,0,1,105.0,0.0,SIGNAL
RUN_20260806_095127,ChecklistStrategy,RELIANCE,2024-04-12,2024-04-15,LONG,1475.88,1475.88,0,3,-520.62,0.0,SIGNAL
RUN_20260806_095127,ChecklistStrategy,RELIANCE,2024-04-30,2024-05-06,LONG,1468.0,1468.0,0,6,-1137.5,0.0,SIGNAL
RUN_20260806_095127,ChecklistStrategy,RELIANCE,2024-06-06,2024-07-23,LONG,1435.0,1435.0,0,47,2310.0,0.0,SIGNAL
RUN_20260806_095127,ChecklistStrategy,RELIANCE,2024-08-22,2024-09-06,LONG,1503.0,1503.0,0,15,-357.0,0.0,SIGNAL
RUN_20260806_095127,ChecklistStrategy,RELIANCE,2024-09-20,2024-09-25,LONG,1474.0,1474.0,0,5,346.5,0.0,SIGNAL
RUN_20260806_095127,ChecklistStrategy,RELIANCE,2024-10-25,2024-11-05,LONG,1343.5,1343.5,0,11,-1919.0,0.0,SIGNAL
RUN_20260806_095127,ChecklistStrategy,RELIANCE,2024-11-27,2024-12-05,LONG,1293.5,1293.5,0,8,813.15,0.0,SIGNAL
RUN_20260806_095127,ChecklistStrategy,RELIANCE,2024-12-06,2024-12-10,LONG,1323.9,1323.9,0,4,-1316.7,0.0,SIGNAL
RUN_20260806_095127,ChecklistStrategy,RELIANCE,2024-12-16,2024-12-18,LONG,1275.0,1275.0,0,2,-1339.65,0.0,SIGNAL
RUN_20260806_095127,ChecklistStrategy,RELIANCE,2025-02-03,2025-02-13,LONG,1251.0,1251.0,0,10,-1324.05,0.0,SIGNAL
RUN_20260806_095127,ChecklistStrategy,RELIANCE,2025-03-28,2025-04-01,LONG,1280.0,1280.0,0,4,-585.2,0.0,SIGNAL
RUN_20260806_095127,ChecklistStrategy,RELIANCE,2025-06-03,2025-06-04,LONG,1422.3,1422.3,0,1,-258.4,0.0,SIGNAL
RUN_20260806_095127,ChecklistStrategy,RELIANCE,2025-07-30,2025-08-08,LONG,1418.1,1418.1,0,9,-1125.4,0.0,SIGNAL
RUN_20260806_095127,ChecklistStrategy,RELIANCE,2025-08-20,2025-09-01,LONG,1413.0,1413.0,0,12,-1938.0,0.0,SIGNAL
RUN_20260806_095127,ChecklistStrategy,RELIANCE,2025-10-03,2025-10-09,LONG,1363.2,1363.2,0,6,367.2,0.0,SIGNAL
RUN_20260806_095127,ChecklistStrategy,RELIANCE,2025-11-26,2025-12-23,LONG,1542.3,1542.3,0,27,1158.0,0.0,SIGNAL
RUN_20260806_095127,ChecklistStrategy,RELIANCE,2026-02-05,2026-02-16,LONG,1457.0,1457.0,0,11,-1217.7,0.0,SIGNAL
RUN_20260806_095127,ChecklistStrategy,RELIANCE,2026-02-27,2026-03-04,LONG,1398.0,1398.0,0,5,-2244.0,0.0,SIGNAL
RUN_20260806_095127,ChecklistStrategy,RELIANCE,2026-03-17,2026-03-30,LONG,1399.0,1399.0,0,13,-2112.0,0.0,SIGNAL
RUN_20260806_095127,ChecklistStrategy,RELIANCE,2026-04-09,2026-04-15,LONG,1346.0,1346.0,0,6,-297.0,0.0,SIGNAL
RUN_20260806_095127,ChecklistStrategy,RELIANCE,2026-04-20,2026-04-24,LONG,1363.2,1363.2,0,4,-765.6,0.0,SIGNAL
RUN_20260806_095127,ChecklistStrategy,RELIANCE,2026-04-28,2026-05-15,LONG,1358.0,1358.0,0,17,-38.4,0.0,SIGNAL
RUN_20260806_095127,ChecklistStrategy,RELIANCE,2026-06-10,2026-06-11,LONG,1275.0,1275.0,0,1,-595.0,0.0,SIGNAL
RUN_20260806_095127,ChecklistStrategy,RELIANCE,2026-06-18,2026-06-24,LONG,1330.0,1330.0,0,6,-801.9,0.0,SIGNAL
RUN_20260806_095127,ChecklistStrategy,RELIANCE,2026-07-07,2026-07-09,LONG,1323.5,1323.5,0,2,-1531.2,0.0,SIGNAL
RUN_20260806_095127,ChecklistStrategy,SBILIFE,2024-02-14,2024-03-11,LONG,1460.0,1460.0,0,26,2276.3,0.0,SIGNAL
RUN_20260806_095127,ChecklistStrategy,SBILIFE,2024-05-02,2024-05-21,LONG,1416.35,1416.35,0,19,787.5,0.0,SIGNAL
RUN_20260806_095127,ChecklistStrategy,SBILIFE,2024-06-18,2024-06-20,LONG,1480.0,1480.0,0,2,-140.0,0.0,SIGNAL
RUN_20260806_095127,ChecklistStrategy,SBILIFE,2024-06-24,2024-06-26,LONG,1464.15,1464.15,0,2,-75.25,0.0,SIGNAL
RUN_20260806_095127,ChecklistStrategy,SBILIFE,2024-06-28,2024-08-30,LONG,1450.1,1450.1,0,63,13644.75,0.0,SIGNAL
RUN_20260806_095127,ChecklistStrategy,SBILIFE,2024-09-19,2024-09-25,LONG,1850.0,1850.0,0,6,734.7,0.0,SIGNAL
RUN_20260806_095127,ChecklistStrategy,SBILIFE,2024-09-26,2024-09-30,LONG,1873.0,1873.0,0,4,589.0,0.0,SIGNAL
RUN_20260806_095127,ChecklistStrategy,SBILIFE,2024-10-21,2024-10-22,LONG,1715.15,1715.15,0,1,-481.1,0.0,SIGNAL
RUN_20260806_095127,ChecklistStrategy,SBILIFE,2025-01-30,2025-02-12,LONG,1465.9,1465.9,0,13,-1538.0,0.0,SIGNAL
RUN_20260806_095127,ChecklistStrategy,SBILIFE,2025-02-18,2025-03-03,LONG,1476.25,1476.25,0,13,-1704.3,0.0,SIGNAL
RUN_20260806_095127,ChecklistStrategy,SBILIFE,2025-03-11,2025-04-30,LONG,1403.0,1403.0,0,50,12760.0,0.0,SIGNAL
RUN_20260806_095127,ChecklistStrategy,SBILIFE,2025-05-02,2025-05-12,LONG,1761.0,1761.0,0,10,-1260.0,0.0,SIGNAL
RUN_20260806_095127,ChecklistStrategy,SBILIFE,2025-05-28,2025-06-02,LONG,1810.6,1810.6,0,5,54.4,0.0,SIGNAL
RUN_20260806_095127,ChecklistStrategy,SBILIFE,2025-06-05,2025-06-06,LONG,1782.0,1782.0,0,1,-252.0,0.0,SIGNAL
RUN_20260806_095127,ChecklistStrategy,SBILIFE,2025-06-12,2025-06-13,LONG,1799.9,1799.9,0,1,-2716.6,0.0,SIGNAL
RUN_20260806_095127,ChecklistStrategy,SBILIFE,2025-06-23,2025-07-10,LONG,1810.0,1810.0,0,17,33.0,0.0,SIGNAL
RUN_20260806_095127,ChecklistStrategy,SBILIFE,2025-07-21,2025-08-22,LONG,1794.7,1794.7,0,32,2223.6,0.0,SIGNAL
RUN_20260806_095127,ChecklistStrategy,SBILIFE,2025-09-10,2025-09-12,LONG,1804.9,1804.9,0,2,316.2,0.0,SIGNAL
RUN_20260806_095127,ChecklistStrategy,SBILIFE,2025-09-15,2025-09-18,LONG,1830.1,1830.1,0,3,-856.8,0.0,SIGNAL
RUN_20260806_095127,ChecklistStrategy,SBILIFE,2025-10-10,2025-11-25,LONG,1825.0,1825.0,0,46,5011.6,0.0,SIGNAL
RUN_20260806_095127,ChecklistStrategy,SBILIFE,2025-12-05,2025-12-10,LONG,2003.0,2003.0,0,5,-224.0,0.0,SIGNAL
RUN_20260806_095127,ChecklistStrategy,SBILIFE,2025-12-19,2026-01-06,LONG,2014.5,2014.5,0,18,1534.5,0.0,SIGNAL
RUN_20260806_095127,ChecklistStrategy,SBILIFE,2026-01-09,2026-01-21,LONG,2093.8,2093.8,0,12,-1723.6,0.0,SIGNAL
RUN_20260806_095127,ChecklistStrategy,SBILIFE,2026-02-05,2026-02-06,LONG,2031.0,2031.0,0,1,-155.0,0.0,SIGNAL
RUN_20260806_095127,ChecklistStrategy,SBILIFE,2026-02-10,2026-02-11,LONG,2024.0,2024.0,0,1,-31.0,0.0,SIGNAL
RUN_20260806_095127,ChecklistStrategy,SBILIFE,2026-02-17,2026-03-05,LONG,2042.4,2042.4,0,16,-2938.8,0.0,SIGNAL
RUN_20260806_095127,ChecklistStrategy,SBILIFE,2026-03-06,2026-03-24,LONG,1930.0,1930.0,0,18,-2816.0,0.0,SIGNAL
RUN_20260806_095127,ChecklistStrategy,SBILIFE,2026-04-06,2026-04-10,LONG,1757.5,1757.5,0,4,5351.6,0.0,SIGNAL
RUN_20260806_095127,ChecklistStrategy,SBILIFE,2026-04-28,2026-05-01,LONG,1814.6,1814.6,0,3,154.0,0.0,SIGNAL
RUN_20260806_095127,ChecklistStrategy,SBILIFE,2026-05-12,2026-05-22,LONG,1866.0,1866.0,0,10,198.0,0.0,SIGNAL
RUN_20260806_095127,ChecklistStrategy,SBILIFE,2026-06-18,2026-06-24,LONG,1801.0,1801.0,0,6,-518.0,0.0,SIGNAL
RUN_20260806_095127,ChecklistStrategy,SBILIFE,2026-07-01,2026-07-09,LONG,1777.0,1777.0,0,8,420.0,0.0,SIGNAL
RUN_20260806_095127,ChecklistStrategy,SBILIFE,2026-07-10,2026-07-28,LONG,1830.7,1830.7,0,18,1166.2,0.0,SIGNAL
RUN_20260806_095127,ChecklistStrategy,SBIN,2024-04-26,2024-05-02,LONG,815.9,815.9,0,6,671.0,0.0,SIGNAL
RUN_20260806_095127,ChecklistStrategy,SBIN,2024-05-09,2024-06-05,LONG,811.9,811.9,0,27,-1311.3,0.0,SIGNAL
RUN_20260806_095127,ChecklistStrategy,SBIN,2024-06-06,2024-07-30,LONG,800.0,800.0,0,54,4631.4,0.0,SIGNAL
RUN_20260806_095127,ChecklistStrategy,SBIN,2024-08-01,2024-08-05,LONG,877.8,877.8,0,4,-2820.2,0.0,SIGNAL
RUN_20260806_095127,ChecklistStrategy,SBIN,2024-08-08,2024-08-20,LONG,812.0,812.0,0,12,368.9,0.0,SIGNAL
RUN_20260806_095127,ChecklistStrategy,SBIN,2024-08-30,2024-09-02,LONG,817.15,817.15,0,3,9.3,0.0,SIGNAL
RUN_20260806_095127,ChecklistStrategy,SBIN,2024-09-04,2024-09-09,LONG,815.45,815.45,0,5,-1857.45,0.0,SIGNAL
RUN_20260806_095127,ChecklistStrategy,SBIN,2024-09-10,2024-09-12,LONG,788.0,788.0,0,2,-819.0,0.0,SIGNAL
RUN_20260806_095127,ChecklistStrategy,SBIN,2024-10-29,2024-10-31,LONG,796.0,796.0,0,2,1488.0,0.0,SIGNAL
RUN_20260806_095127,ChecklistStrategy,SBIN,2024-11-29,2024-12-09,LONG,841.1,841.1,0,10,1056.1,0.0,SIGNAL
RUN_20260806_095127,ChecklistStrategy,SBIN,2024-12-16,2024-12-19,LONG,859.8,859.8,0,3,-2041.6,0.0,SIGNAL
RUN_20260806_095127,ChecklistStrategy,SBIN,2025-01-10,2025-01-13,LONG,760.35,760.35,0,3,-1225.25,0.0,SIGNAL
RUN_20260806_095127,ChecklistStrategy,SBIN,2025-03-10,2025-03-13,LONG,732.75,732.75,0,3,-452.1,0.0,SIGNAL
RUN_20260806_095127,ChecklistStrategy,SBIN,2025-03-17,2025-03-18,LONG,728.9,728.9,0,1,-379.5,0.0,SIGNAL
RUN_20260806_095127,ChecklistStrategy,SBIN,2025-03-28,2025-04-08,LONG,772.1,772.1,0,11,-750.2,0.0,SIGNAL
RUN_20260806_095127,ChecklistStrategy,SBIN,2025-04-17,2025-04-28,LONG,772.0,772.0,0,11,1652.3,0.0,SIGNAL
RUN_20260806_095127,ChecklistStrategy,SBIN,2025-05-05,2025-05-07,LONG,782.0,782.0,0,2,-1018.7,0.0,SIGNAL
RUN_20260806_095127,ChecklistStrategy,SBIN,2025-05-20,2025-05-21,LONG,798.15,798.15,0,1,-669.0,0.0,SIGNAL
RUN_20260806_095127,ChecklistStrategy,SBIN,2025-07-07,2025-07-11,LONG,811.2,811.2,0,4,-215.35,0.0,SIGNAL
RUN_20260806_095127,ChecklistStrategy,SBIN,2025-09-22,2025-10-31,LONG,862.0,862.0,0,39,4009.5,0.0,SIGNAL
RUN_20260806_095127,ChecklistStrategy,SBIN,2025-11-03,2025-11-27,LONG,938.75,938.75,0,24,2541.35,0.0,SIGNAL
RUN_20260806_095127,ChecklistStrategy,SBIN,2025-12-16,2025-12-17,LONG,966.05,966.05,0,1,-26.0,0.0,SIGNAL
RUN_20260806_095127,ChecklistStrategy,SBIN,2025-12-31,2026-01-08,LONG,975.25,975.25,0,8,1630.2,0.0,SIGNAL
RUN_20260806_095127,ChecklistStrategy,SBIN,2026-02-03,2026-02-04,LONG,1087.0,1087.0,0,1,-1140.0,0.0,SIGNAL
RUN_20260806_095127,ChecklistStrategy,SBIN,2026-03-10,2026-03-13,LONG,1111.1,1111.1,0,3,-1545.6,0.0,SIGNAL
RUN_20260806_095127,ChecklistStrategy,SBIN,2026-03-17,2026-03-20,LONG,1073.9,1073.9,0,3,-728.5,0.0,SIGNAL
RUN_20260806_095127,ChecklistStrategy,SBIN,2026-04-20,2026-05-05,LONG,1080.3,1080.3,0,15,-906.2,0.0,SIGNAL
RUN_20260806_095127,ChecklistStrategy,SBIN,2026-06-09,2026-07-08,LONG,985.0,985.0,0,29,2230.0,0.0,SIGNAL
RUN_20260806_095127,ChecklistStrategy,SHRIRAMFIN,2024-01-31,2024-02-01,LONG,490.0,490.0,0,1,-787.8,0.0,SIGNAL
RUN_20260806_095127,ChecklistStrategy,SHRIRAMFIN,2024-02-12,2024-02-13,LONG,467.0,467.0,0,1,-1441.6,0.0,SIGNAL
RUN_20260806_095127,ChecklistStrategy,SHRIRAMFIN,2024-02-14,2024-03-07,LONG,457.0,457.0,0,22,1863.68,0.0,SIGNAL
RUN_20260806_095127,ChecklistStrategy,SHRIRAMFIN,2024-03-11,2024-03-14,LONG,489.2,489.2,0,3,-2646.2,0.0,SIGNAL
RUN_20260806_095127,ChecklistStrategy,SHRIRAMFIN,2024-03-27,2024-04-01,LONG,482.0,482.0,0,5,-795.6,0.0,SIGNAL
RUN_20260806_095127,ChecklistStrategy,SHRIRAMFIN,2024-05-02,2024-05-06,LONG,509.31,509.31,0,4,1004.86,0.0,SIGNAL
RUN_20260806_095127,ChecklistStrategy,SHRIRAMFIN,2024-06-03,2024-06-05,LONG,490.0,490.0,0,2,-4286.86,0.0,SIGNAL
RUN_20260806_095127,ChecklistStrategy,SHRIRAMFIN,2024-07-26,2024-08-07,LONG,541.16,541.16,0,12,3169.96,0.0,SIGNAL
RUN_20260806_095127,ChecklistStrategy,SHRIRAMFIN,2024-10-25,2024-10-28,LONG,650.86,650.86,0,3,-1318.38,0.0,SIGNAL
RUN_20260806_095127,ChecklistStrategy,SHRIRAMFIN,2024-11-25,2024-11-26,LONG,585.39,585.39,0,1,619.92,0.0,SIGNAL
RUN_20260806_095127,ChecklistStrategy,SHRIRAMFIN,2024-12-03,2024-12-04,LONG,626.2,626.2,0,1,221.16,0.0,SIGNAL
RUN_20260806_095127,ChecklistStrategy,SHRIRAMFIN,2025-01-21,2025-01-31,LONG,518.0,518.0,0,10,2612.8,0.0,SIGNAL
RUN_20260806_095127,ChecklistStrategy,SHRIRAMFIN,2025-02-07,2025-02-12,LONG,567.9,567.9,0,5,-2524.1,0.0,SIGNAL
RUN_20260806_095127,ChecklistStrategy,SHRIRAMFIN,2025-02-19,2025-02-27,LONG,547.8,547.8,0,8,2881.0,0.0,SIGNAL
RUN_20260806_095127,ChecklistStrategy,SHRIRAMFIN,2025-04-04,2025-04-08,LONG,655.5,655.5,0,4,-2385.0,0.0,SIGNAL
RUN_20260806_095127,ChecklistStrategy,SHRIRAMFIN,2025-04-15,2025-04-29,LONG,651.95,651.95,0,14,-1994.3,0.0,SIGNAL
RUN_20260806_095127,ChecklistStrategy,SHRIRAMFIN,2025-05-22,2025-06-02,LONG,652.0,652.0,0,11,-972.7,0.0,SIGNAL
RUN_20260806_095127,ChecklistStrategy,SHRIRAMFIN,2025-06-23,2025-06-24,LONG,661.8,661.8,0,1,841.8,0.0,SIGNAL
RUN_20260806_095127,ChecklistStrategy,SHRIRAMFIN,2025-07-24,2025-07-25,LONG,660.0,660.0,0,1,-2485.0,0.0,SIGNAL
RUN_20260806_095127,ChecklistStrategy,SHRIRAMFIN,2025-07-29,2025-07-31,LONG,632.0,632.0,0,2,-497.0,0.0,SIGNAL
RUN_20260806_095127,ChecklistStrategy,SHRIRAMFIN,2025-09-01,2025-09-10,LONG,580.0,580.0,0,9,1432.2,0.0,SIGNAL
RUN_20260806_095127,ChecklistStrategy,SHRIRAMFIN,2025-09-18,2025-09-29,LONG,620.0,620.0,0,11,-810.3,0.0,SIGNAL
RUN_20260806_095127,ChecklistStrategy,SHRIRAMFIN,2025-10-03,2025-10-28,LONG,645.0,645.0,0,25,5215.0,0.0,SIGNAL
RUN_20260806_095127,ChecklistStrategy,SHRIRAMFIN,2025-11-03,2025-11-06,LONG,762.8,762.8,0,3,1907.2,0.0,SIGNAL
RUN_20260806_095127,ChecklistStrategy,SHRIRAMFIN,2025-11-10,2026-02-02,LONG,822.0,822.0,0,84,10092.0,0.0,SIGNAL
RUN_20260806_095127,ChecklistStrategy,SHRIRAMFIN,2026-02-06,2026-03-04,LONG,994.0,994.0,0,26,2608.2,0.0,SIGNAL
RUN_20260806_095127,ChecklistStrategy,SHRIRAMFIN,2026-03-06,2026-03-09,LONG,1043.9,1043.9,0,3,-4579.2,0.0,SIGNAL
RUN_20260806_095127,ChecklistStrategy,SHRIRAMFIN,2026-04-20,2026-04-24,LONG,1040.0,1040.0,0,4,-1685.55,0.0,SIGNAL
RUN_20260806_095127,ChecklistStrategy,SHRIRAMFIN,2026-05-15,2026-06-08,LONG,921.0,921.0,0,24,-660.0,0.0,SIGNAL
RUN_20260806_095127,ChecklistStrategy,SHRIRAMFIN,2026-07-10,2026-07-15,LONG,1049.0,1049.0,0,5,-1050.0,0.0,SIGNAL
RUN_20260806_095127,ChecklistStrategy,SHRIRAMFIN,2026-07-20,2026-07-27,LONG,1040.0,1040.0,0,7,-980.0,0.0,SIGNAL
RUN_20260806_095127,ChecklistStrategy,SUNPHARMA,2024-02-01,2024-03-04,LONG,1427.0,1427.0,0,32,4324.25,0.0,SIGNAL
RUN_20260806_095127,ChecklistStrategy,SUNPHARMA,2024-03-15,2024-03-21,LONG,1568.75,1568.75,0,6,-130.35,0.0,SIGNAL
RUN_20260806_095127,ChecklistStrategy,SUNPHARMA,2024-03-22,2024-03-27,LONG,1568.9,1568.9,0,5,1092.3,0.0,SIGNAL
RUN_20260806_095127,ChecklistStrategy,SUNPHARMA,2024-04-10,2024-04-15,LONG,1603.05,1603.05,0,5,-2734.4,0.0,SIGNAL
RUN_20260806_095127,ChecklistStrategy,SUNPHARMA,2024-04-25,2024-05-02,LONG,1490.0,1490.0,0,7,442.0,0.0,SIGNAL
RUN_20260806_095127,ChecklistStrategy,SUNPHARMA,2024-05-21,2024-05-24,LONG,1530.0,1530.0,0,3,-858.0,0.0,SIGNAL
RUN_20260806_095127,ChecklistStrategy,SUNPHARMA,2024-06-13,2024-06-21,LONG,1514.6,1514.6,0,8,-1138.5,0.0,SIGNAL
RUN_20260806_095127,ChecklistStrategy,SUNPHARMA,2024-07-01,2024-07-30,LONG,1520.85,1520.85,0,29,6443.25,0.0,SIGNAL
RUN_20260806_095127,ChecklistStrategy,SUNPHARMA,2024-08-05,2024-08-06,LONG,1725.0,1725.0,0,1,0.0,0.0,SIGNAL
RUN_20260806_095127,ChecklistStrategy,SUNPHARMA,2024-09-02,2024-09-04,LONG,1829.95,1829.95,0,2,-535.05,0.0,SIGNAL
RUN_20260806_095127,ChecklistStrategy,SUNPHARMA,2024-09-05,2024-10-04,LONG,1833.2,1833.2,0,29,2251.85,0.0,SIGNAL
RUN_20260806_095127,ChecklistStrategy,SUNPHARMA,2024-10-09,2024-10-24,LONG,1894.55,1894.55,0,15,-1807.4,0.0,SIGNAL
RUN_20260806_095127,ChecklistStrategy,SUNPHARMA,2024-12-16,2024-12-19,LONG,1818.7,1818.7,0,3,-513.3,0.0,SIGNAL
RUN_20260806_095127,ChecklistStrategy,SUNPHARMA,2024-12-24,2025-01-03,LONG,1814.9,1814.9,0,10,1829.9,0.0,SIGNAL
RUN_20260806_095127,ChecklistStrategy,SUNPHARMA,2025-01-07,2025-01-09,LONG,1848.55,1848.55,0,2,-218.95,0.0,SIGNAL
RUN_20260806_095127,ChecklistStrategy,SUNPHARMA,2025-01-15,2025-01-21,LONG,1772.8,1772.8,0,6,-21.0,0.0,SIGNAL
RUN_20260806_095127,ChecklistStrategy,SUNPHARMA,2025-02-05,2025-02-11,LONG,1773.8,1773.8,0,6,-1458.0,0.0,SIGNAL
RUN_20260806_095127,ChecklistStrategy,SUNPHARMA,2025-04-01,2025-04-04,LONG,1731.0,1731.0,0,3,1435.5,0.0,SIGNAL
RUN_20260806_095127,ChecklistStrategy,SUNPHARMA,2025-04-23,2025-05-13,LONG,1754.2,1754.2,0,20,-1296.0,0.0,SIGNAL
RUN_20260806_095127,ChecklistStrategy,SUNPHARMA,2025-06-23,2025-06-24,LONG,1663.2,1663.2,0,1,226.3,0.0,SIGNAL
RUN_20260806_095127,ChecklistStrategy,SUNPHARMA,2025-07-03,2025-07-07,LONG,1677.5,1677.5,0,4,-86.8,0.0,SIGNAL
RUN_20260806_095127,ChecklistStrategy,SUNPHARMA,2025-07-08,2025-07-09,LONG,1680.0,1680.0,0,1,-620.0,0.0,SIGNAL
RUN_20260806_095127,ChecklistStrategy,SUNPHARMA,2025-08-26,2025-08-28,LONG,1645.0,1645.0,0,2,-1608.9,0.0,SIGNAL
RUN_20260806_095127,ChecklistStrategy,SUNPHARMA,2025-09-01,2025-09-02,LONG,1599.0,1599.0,0,1,-1056.0,0.0,SIGNAL
RUN_20260806_095127,ChecklistStrategy,SUNPHARMA,2025-09-17,2025-09-30,LONG,1612.6,1612.6,0,13,-752.0,0.0,SIGNAL
RUN_20260806_095127,ChecklistStrategy,SUNPHARMA,2025-10-17,2025-10-24,LONG,1658.2,1658.2,0,7,954.0,0.0,SIGNAL
RUN_20260806_095127,ChecklistStrategy,SUNPHARMA,2025-11-24,2025-12-02,LONG,1785.9,1785.9,0,8,524.9,0.0,SIGNAL
RUN_20260806_095127,ChecklistStrategy,SUNPHARMA,2025-12-11,2025-12-17,LONG,1778.0,1778.0,0,6,87.0,0.0,SIGNAL
RUN_20260806_095127,ChecklistStrategy,SUNPHARMA,2025-12-18,2025-12-19,LONG,1785.0,1785.0,0,1,-1064.0,0.0,SIGNAL
RUN_20260806_095127,ChecklistStrategy,SUNPHARMA,2025-12-31,2026-01-09,LONG,1720.2,1720.2,0,9,1305.0,0.0,SIGNAL
RUN_20260806_095127,ChecklistStrategy,SUNPHARMA,2026-01-13,2026-01-14,LONG,1743.0,1743.0,0,1,-171.1,0.0,SIGNAL
RUN_20260806_095127,ChecklistStrategy,SUNPHARMA,2026-01-23,2026-01-30,LONG,1640.0,1640.0,0,7,-1571.7,0.0,SIGNAL
RUN_20260806_095127,ChecklistStrategy,SUNPHARMA,2026-02-02,2026-03-12,LONG,1634.0,1634.0,0,38,6208.0,0.0,SIGNAL
RUN_20260806_095127,ChecklistStrategy,SUNPHARMA,2026-03-18,2026-03-20,LONG,1799.6,1799.6,0,2,-1335.0,0.0,SIGNAL
RUN_20260806_095127,ChecklistStrategy,SUNPHARMA,2026-04-07,2026-04-13,LONG,1689.8,1689.8,0,6,-1081.9,0.0,SIGNAL
RUN_20260806_095127,ChecklistStrategy,SUNPHARMA,2026-06-03,2026-06-08,LONG,1781.0,1781.0,0,5,-8.7,0.0,SIGNAL
RUN_20260806_095127,ChecklistStrategy,SUNPHARMA,2026-07-15,2026-08-03,LONG,1955.0,1955.0,0,19,761.4,0.0,SIGNAL
RUN_20260806_095127,ChecklistStrategy,TATACONSUM,2024-01-30,2024-01-31,LONG,1144.95,1144.95,0,1,-857.85,0.0,SIGNAL
RUN_20260806_095127,ChecklistStrategy,TATACONSUM,2024-02-02,2024-02-16,LONG,1132.0,1132.0,0,14,129.0,0.0,SIGNAL
RUN_20260806_095127,ChecklistStrategy,TATACONSUM,2024-03-01,2024-03-12,LONG,1204.0,1204.0,0,11,961.45,0.0,SIGNAL
RUN_20260806_095127,ChecklistStrategy,TATACONSUM,2024-04-26,2024-05-03,LONG,1111.8,1111.8,0,7,-756.0,0.0,SIGNAL
RUN_20260806_095127,ChecklistStrategy,TATACONSUM,2024-05-31,2024-06-05,LONG,1069.7,1069.7,0,5,1807.8,0.0,SIGNAL
RUN_20260806_095127,ChecklistStrategy,TATACONSUM,2024-06-12,2024-06-14,LONG,1142.0,1142.0,0,2,-1205.6,0.0,SIGNAL
RUN_20260806_095127,ChecklistStrategy,TATACONSUM,2024-06-19,2024-06-20,LONG,1129.7,1129.7,0,1,-952.6,0.0,SIGNAL
RUN_20260806_095127,ChecklistStrategy,TATACONSUM,2024-07-08,2024-08-16,LONG,1138.0,1138.0,0,39,1290.0,0.0,SIGNAL
RUN_20260806_095127,ChecklistStrategy,TATACONSUM,2024-09-05,2024-09-09,LONG,1199.5,1199.5,0,4,-1051.65,0.0,SIGNAL
RUN_20260806_095127,ChecklistStrategy,TATACONSUM,2024-09-10,2024-09-23,LONG,1200.0,1200.0,0,13,902.0,0.0,SIGNAL
RUN_20260806_095127,ChecklistStrategy,TATACONSUM,2024-09-27,2024-10-01,LONG,1213.95,1213.95,0,4,-697.0,0.0,SIGNAL
RUN_20260806_095127,ChecklistStrategy,TATACONSUM,2024-10-29,2024-11-14,LONG,982.0,982.0,0,16,-1600.0,0.0,SIGNAL
RUN_20260806_095127,ChecklistStrategy,TATACONSUM,2024-11-19,2024-11-21,LONG,935.0,935.0,0,2,-928.2,0.0,SIGNAL
RUN_20260806_095127,ChecklistStrategy,TATACONSUM,2024-12-02,2024-12-03,LONG,958.65,958.65,0,1,-30.0,0.0,SIGNAL
RUN_20260806_095127,ChecklistStrategy,TATACONSUM,2025-01-20,2025-01-27,LONG,960.0,960.0,0,7,1452.5,0.0,SIGNAL
RUN_20260806_095127,ChecklistStrategy,TATACONSUM,2025-01-30,2025-02-05,LONG,965.95,965.95,0,6,3526.65,0.0,SIGNAL
RUN_20260806_095127,ChecklistStrategy,TATACONSUM,2025-02-07,2025-02-21,LONG,1031.9,1031.9,0,14,-1171.1,0.0,SIGNAL
RUN_20260806_095127,ChecklistStrategy,TATACONSUM,2025-03-28,2025-04-25,LONG,975.5,975.5,0,28,9419.7,0.0,SIGNAL
RUN_20260806_095127,ChecklistStrategy,TATACONSUM,2025-05-22,2025-05-23,LONG,1138.8,1138.8,0,1,-590.4,0.0,SIGNAL
RUN_20260806_095127,ChecklistStrategy,TATACONSUM,2025-05-26,2025-05-30,LONG,1137.0,1137.0,0,4,-1278.4,0.0,SIGNAL
RUN_20260806_095127,ChecklistStrategy,TATACONSUM,2025-06-20,2025-07-04,LONG,1088.3,1088.3,0,14,132.3,0.0,SIGNAL
RUN_20260806_095127,ChecklistStrategy,TATACONSUM,2025-07-08,2025-07-14,LONG,1108.0,1108.0,0,6,-1497.6,0.0,SIGNAL
RUN_20260806_095127,ChecklistStrategy,TATACONSUM,2025-07-18,2025-07-22,LONG,1106.0,1106.0,0,4,-772.8,0.0,SIGNAL
RUN_20260806_095127,ChecklistStrategy,TATACONSUM,2025-09-01,2025-09-04,LONG,1059.1,1059.1,0,3,3278.1,0.0,SIGNAL
RUN_20260806_095127,ChecklistStrategy,TATACONSUM,2025-09-30,2025-10-14,LONG,1123.0,1123.0,0,14,-384.0,0.0,SIGNAL
RUN_20260806_095127,ChecklistStrategy,TATACONSUM,2025-10-17,2025-11-06,LONG,1152.2,1152.2,0,20,935.3,0.0,SIGNAL
RUN_20260806_095127,ChecklistStrategy,TATACONSUM,2025-11-20,2025-12-04,LONG,1164.9,1164.9,0,14,-559.3,0.0,SIGNAL
RUN_20260806_095127,ChecklistStrategy,TATACONSUM,2025-12-22,2026-01-02,LONG,1184.0,1184.0,0,11,-319.5,0.0,SIGNAL
RUN_20260806_095127,ChecklistStrategy,TATACONSUM,2026-01-06,2026-01-21,LONG,1182.1,1182.1,0,15,-72.0,0.0,SIGNAL
RUN_20260806_095127,ChecklistStrategy,TATACONSUM,2026-01-23,2026-01-27,LONG,1178.5,1178.5,0,4,-915.4,0.0,SIGNAL
RUN_20260806_095127,ChecklistStrategy,TATACONSUM,2026-02-02,2026-02-05,LONG,1092.9,1092.9,0,3,2660.2,0.0,SIGNAL
RUN_20260806_095127,ChecklistStrategy,TATACONSUM,2026-02-24,2026-03-04,LONG,1161.0,1161.0,0,8,-2139.0,0.0,SIGNAL
RUN_20260806_095127,ChecklistStrategy,TATACONSUM,2026-03-06,2026-03-09,LONG,1119.1,1119.1,0,3,-1555.2,0.0,SIGNAL
RUN_20260806_095127,ChecklistStrategy,TATACONSUM,2026-03-16,2026-03-18,LONG,1083.6,1083.6,0,2,-384.0,0.0,SIGNAL
RUN_20260806_095127,ChecklistStrategy,TATACONSUM,2026-04-06,2026-04-09,LONG,1043.0,1043.0,0,3,975.0,0.0,SIGNAL
RUN_20260806_095127,ChecklistStrategy,TATACONSUM,2026-04-10,2026-05-13,LONG,1086.1,1086.1,0,33,7987.0,0.0,SIGNAL
RUN_20260806_095127,ChecklistStrategy,TATASTEEL,2024-01-30,2024-01-31,LONG,135.6,135.6,0,1,-222.0,0.0,SIGNAL
RUN_20260806_095127,ChecklistStrategy,TATASTEEL,2024-02-28,2024-02-29,LONG,144.05,144.05,0,1,-1121.25,0.0,SIGNAL
RUN_20260806_095127,ChecklistStrategy,TATASTEEL,2024-03-15,2024-03-20,LONG,142.9,142.9,0,5,2318.2,0.0,SIGNAL
RUN_20260806_095127,ChecklistStrategy,TATASTEEL,2024-05-03,2024-05-08,LONG,168.95,168.95,0,5,-1429.75,0.0,SIGNAL
RUN_20260806_095127,ChecklistStrategy,TATASTEEL,2024-05-14,2024-06-05,LONG,164.1,164.1,0,22,-590.85,0.0,SIGNAL
RUN_20260806_095127,ChecklistStrategy,TATASTEEL,2024-06-06,2024-06-26,LONG,170.0,170.0,0,20,1652.88,0.0,SIGNAL
RUN_20260806_095127,ChecklistStrategy,TATASTEEL,2024-07-23,2024-07-26,LONG,161.6,161.6,0,3,-892.05,0.0,SIGNAL
RUN_20260806_095127,ChecklistStrategy,TATASTEEL,2024-07-31,2024-08-05,LONG,166.29,166.29,0,5,-3826.89,0.0,SIGNAL
RUN_20260806_095127,ChecklistStrategy,TATASTEEL,2024-08-19,2024-08-26,LONG,150.85,150.85,0,7,1199.44,0.0,SIGNAL
RUN_20260806_095127,ChecklistStrategy,TATASTEEL,2024-09-24,2024-10-04,LONG,155.15,155.15,0,10,3720.9,0.0,SIGNAL
RUN_20260806_095127,ChecklistStrategy,TATASTEEL,2024-11-06,2024-11-07,LONG,154.0,154.0,0,1,694.19,0.0,SIGNAL
RUN_20260806_095127,ChecklistStrategy,TATASTEEL,2024-11-22,2024-11-28,LONG,140.15,140.15,0,6,1386.0,0.0,SIGNAL
RUN_20260806_095127,ChecklistStrategy,TATASTEEL,2024-12-16,2024-12-18,LONG,148.94,148.94,0,2,-1011.36,0.0,SIGNAL
RUN_20260806_095127,ChecklistStrategy,TATASTEEL,2025-01-29,2025-02-17,LONG,129.0,129.0,0,19,1540.54,0.0,SIGNAL
RUN_20260806_095127,ChecklistStrategy,TATASTEEL,2025-02-19,2025-03-11,LONG,134.5,134.5,0,20,5195.2,0.0,SIGNAL
RUN_20260806_095127,ChecklistStrategy,TATASTEEL,2025-04-29,2025-05-21,LONG,142.07,142.07,0,22,6604.4,0.0,SIGNAL
RUN_20260806_095127,ChecklistStrategy,TATASTEEL,2025-06-05,2025-06-11,LONG,158.86,158.86,0,6,-872.42,0.0,SIGNAL
RUN_20260806_095127,ChecklistStrategy,TATASTEEL,2025-07-03,2025-07-04,LONG,166.0,166.0,0,1,-30.87,0.0,SIGNAL
RUN_20260806_095127,ChecklistStrategy,TATASTEEL,2025-07-11,2025-07-17,LONG,160.64,160.64,0,6,-1111.56,0.0,SIGNAL
RUN_20260806_095127,ChecklistStrategy,TATASTEEL,2025-07-30,2025-08-01,LONG,161.69,161.69,0,2,-1308.48,0.0,SIGNAL
RUN_20260806_095127,ChecklistStrategy,TATASTEEL,2025-08-08,2025-08-11,LONG,159.5,159.5,0,3,-539.4,0.0,SIGNAL
RUN_20260806_095127,ChecklistStrategy,TATASTEEL,2025-08-20,2025-08-28,LONG,158.2,158.2,0,8,-839.74,0.0,SIGNAL
RUN_20260806_095127,ChecklistStrategy,TATASTEEL,2025-09-04,2025-09-09,LONG,169.0,169.0,0,5,98.1,0.0,SIGNAL
RUN_20260806_095127,ChecklistStrategy,TATASTEEL,2025-09-30,2025-10-15,LONG,169.5,169.5,0,15,432.25,0.0,SIGNAL
RUN_20260806_095127,ChecklistStrategy,TATASTEEL,2025-10-16,2025-10-24,LONG,173.0,173.0,0,8,508.8,0.0,SIGNAL
RUN_20260806_095127,ChecklistStrategy,TATASTEEL,2025-12-08,2025-12-09,LONG,167.09,167.09,0,1,-1224.7,0.0,SIGNAL
RUN_20260806_095127,ChecklistStrategy,TATASTEEL,2025-12-18,2025-12-23,LONG,169.92,169.92,0,5,-182.97,0.0,SIGNAL
RUN_20260806_095127,ChecklistStrategy,TATASTEEL,2026-01-15,2026-01-21,LONG,189.25,189.25,0,6,-1638.72,0.0,SIGNAL
RUN_20260806_095127,ChecklistStrategy,TATASTEEL,2026-01-22,2026-03-13,LONG,185.89,185.89,0,50,1763.46,0.0,SIGNAL
RUN_20260806_095127,ChecklistStrategy,TATASTEEL,2026-05-06,2026-05-13,LONG,214.0,214.0,0,7,-196.08,0.0,SIGNAL
RUN_20260806_095127,ChecklistStrategy,TATASTEEL,2026-05-19,2026-06-09,LONG,210.59,210.59,0,21,-1973.4,0.0,SIGNAL
RUN_20260806_095127,ChecklistStrategy,TATASTEEL,2026-06-10,2026-06-12,LONG,203.0,203.0,0,2,-789.0,0.0,SIGNAL
RUN_20260806_095127,ChecklistStrategy,TCS,2024-02-23,2024-02-27,LONG,4130.0,4130.0,0,4,-1572.0,0.0,SIGNAL
RUN_20260806_095127,ChecklistStrategy,TCS,2024-02-28,2024-03-04,LONG,4095.6,4095.6,0,5,103.4,0.0,SIGNAL
RUN_20260806_095127,ChecklistStrategy,TCS,2024-03-07,2024-03-20,LONG,4065.0,4065.0,0,13,-948.0,0.0,SIGNAL
RUN_20260806_095127,ChecklistStrategy,TCS,2024-04-01,2024-04-09,LONG,3897.7,3897.7,0,8,1035.6,0.0,SIGNAL
RUN_20260806_095127,ChecklistStrategy,TCS,2024-05-10,2024-05-15,LONG,3962.6,3962.6,0,5,-697.2,0.0,SIGNAL
RUN_20260806_095127,ChecklistStrategy,TCS,2024-05-17,2024-05-21,LONG,3919.0,3919.0,0,4,-1060.8,0.0,SIGNAL
RUN_20260806_095127,ChecklistStrategy,TCS,2024-06-05,2024-06-24,LONG,3716.0,3716.0,0,19,1205.75,0.0,SIGNAL
RUN_20260806_095127,ChecklistStrategy,TCS,2024-07-02,2024-07-11,LONG,3993.6,3993.6,0,9,-751.2,0.0,SIGNAL
RUN_20260806_095127,ChecklistStrategy,TCS,2024-09-05,2024-09-13,LONG,4481.0,4481.0,0,8,490.0,0.0,SIGNAL
RUN_20260806_095127,ChecklistStrategy,TCS,2024-11-12,2024-11-19,LONG,4216.0,4216.0,0,7,-2157.1,0.0,SIGNAL
RUN_20260806_095127,ChecklistStrategy,TCS,2024-12-03,2024-12-20,LONG,4314.35,4314.35,0,17,161.15,0.0,SIGNAL
RUN_20260806_095127,ChecklistStrategy,TCS,2025-01-09,2025-01-10,LONG,4101.0,4101.0,0,1,1089.0,0.0,SIGNAL
RUN_20260806_095127,ChecklistStrategy,TCS,2025-03-28,2025-04-02,LONG,3651.0,3651.0,0,5,-1391.0,0.0,SIGNAL
RUN_20260806_095127,ChecklistStrategy,TCS,2025-05-06,2025-05-14,LONG,3460.0,3460.0,0,8,793.0,0.0,SIGNAL
RUN_20260806_095127,ChecklistStrategy,TCS,2025-05-15,2025-05-23,LONG,3564.0,3564.0,0,8,-1131.0,0.0,SIGNAL
RUN_20260806_095127,ChecklistStrategy,TCS,2025-05-26,2025-06-03,LONG,3521.0,3521.0,0,8,-975.0,0.0,SIGNAL
RUN_20260806_095127,ChecklistStrategy,TCS,2025-06-18,2025-06-19,LONG,3519.1,3519.1,0,1,-898.3,0.0,SIGNAL
RUN_20260806_095127,ChecklistStrategy,TCS,2025-07-01,2025-07-03,LONG,3455.0,3455.0,0,2,-325.0,0.0,SIGNAL
RUN_20260806_095127,ChecklistStrategy,TCS,2025-11-03,2025-11-10,LONG,3046.9,3046.9,0,7,-808.5,0.0,SIGNAL
RUN_20260806_095127,ChecklistStrategy,TCS,2025-11-24,2025-11-25,LONG,3158.0,3158.0,0,1,-177.8,0.0,SIGNAL
RUN_20260806_095127,ChecklistStrategy,TCS,2025-12-12,2026-01-21,LONG,3197.7,3197.7,0,40,-1367.8,0.0,SIGNAL
RUN_20260806_095127,ChecklistStrategy,TCS,2026-03-23,2026-04-02,LONG,2365.0,2365.0,0,10,378.0,0.0,SIGNAL
RUN_20260806_095127,ChecklistStrategy,TCS,2026-04-06,2026-04-24,LONG,2474.0,2474.0,0,18,252.0,0.0,SIGNAL
RUN_20260806_095127,ChecklistStrategy,TCS,2026-04-28,2026-05-11,LONG,2444.0,2444.0,0,13,-1314.0,0.0,SIGNAL
RUN_20260806_095127,ChecklistStrategy,TCS,2026-05-15,2026-06-02,LONG,2252.0,2252.0,0,18,1292.0,0.0,SIGNAL
RUN_20260806_095127,ChecklistStrategy,TCS,2026-06-22,2026-06-24,LONG,2132.2,2132.2,0,2,-1495.2,0.0,SIGNAL
RUN_20260806_095127,ChecklistStrategy,TCS,2026-07-08,2026-07-09,LONG,2094.0,2094.0,0,1,-766.5,0.0,SIGNAL
RUN_20260806_095127,ChecklistStrategy,TECHM,2024-02-07,2024-02-08,LONG,1351.5,1351.5,0,1,-943.5,0.0,SIGNAL
RUN_20260806_095127,ChecklistStrategy,TECHM,2024-02-14,2024-02-29,LONG,1310.0,1310.0,0,15,-1110.0,0.0,SIGNAL
RUN_20260806_095127,ChecklistStrategy,TECHM,2024-03-05,2024-03-18,LONG,1274.9,1274.9,0,13,269.8,0.0,SIGNAL
RUN_20260806_095127,ChecklistStrategy,TECHM,2024-04-26,2024-04-29,LONG,1250.0,1250.0,0,3,1640.0,0.0,SIGNAL
RUN_20260806_095127,ChecklistStrategy,TECHM,2024-05-07,2024-05-31,LONG,1268.0,1268.0,0,24,-859.95,0.0,SIGNAL
RUN_20260806_095127,ChecklistStrategy,TECHM,2024-06-05,2024-06-11,LONG,1260.0,1260.0,0,6,3467.1,0.0,SIGNAL
RUN_20260806_095127,ChecklistStrategy,TECHM,2024-06-12,2024-07-29,LONG,1364.8,1364.8,0,47,6691.45,0.0,SIGNAL
RUN_20260806_095127,ChecklistStrategy,TECHM,2024-09-11,2024-09-24,LONG,1612.0,1612.0,0,13,-344.85,0.0,SIGNAL
RUN_20260806_095127,ChecklistStrategy,TECHM,2024-09-25,2024-09-26,LONG,1637.1,1637.1,0,1,-894.3,0.0,SIGNAL
RUN_20260806_095127,ChecklistStrategy,TECHM,2024-10-07,2024-10-21,LONG,1624.95,1624.95,0,14,3961.65,0.0,SIGNAL
RUN_20260806_095127,ChecklistStrategy,TECHM,2024-10-24,2024-10-30,LONG,1735.05,1735.05,0,6,-990.4,0.0,SIGNAL
RUN_20260806_095127,ChecklistStrategy,TECHM,2024-11-11,2024-12-23,LONG,1672.8,1672.8,0,42,579.2,0.0,SIGNAL
RUN_20260806_095127,ChecklistStrategy,TECHM,2025-01-21,2025-01-22,LONG,1674.6,1674.6,0,1,-1052.7,0.0,SIGNAL
RUN_20260806_095127,ChecklistStrategy,TECHM,2025-02-13,2025-02-17,LONG,1675.0,1675.0,0,4,-611.2,0.0,SIGNAL
RUN_20260806_095127,ChecklistStrategy,TECHM,2025-03-05,2025-03-13,LONG,1488.25,1488.25,0,8,-1665.0,0.0,SIGNAL
RUN_20260806_095127,ChecklistStrategy,TECHM,2025-03-21,2025-04-07,LONG,1390.05,1390.05,0,17,-5511.9,0.0,SIGNAL
RUN_20260806_095127,ChecklistStrategy,TECHM,2025-05-30,2025-06-03,LONG,1595.0,1595.0,0,4,-1212.1,0.0,SIGNAL
RUN_20260806_095127,ChecklistStrategy,TECHM,2025-07-03,2025-07-08,LONG,1684.9,1684.9,0,5,-1857.0,0.0,SIGNAL
RUN_20260806_095127,ChecklistStrategy,TECHM,2025-07-24,2025-07-25,LONG,1554.0,1554.0,0,1,-2044.8,0.0,SIGNAL
RUN_20260806_095127,ChecklistStrategy,TECHM,2025-08-20,2025-09-24,LONG,1488.0,1488.0,0,35,-576.0,0.0,SIGNAL
RUN_20260806_095127,ChecklistStrategy,TECHM,2025-10-17,2025-10-21,LONG,1465.0,1465.0,0,4,-480.0,0.0,SIGNAL
RUN_20260806_095127,ChecklistStrategy,TECHM,2025-10-28,2025-10-29,LONG,1469.0,1469.0,0,1,-512.0,0.0,SIGNAL
RUN_20260806_095127,ChecklistStrategy,TECHM,2025-11-11,2026-01-12,LONG,1405.0,1405.0,0,62,5681.4,0.0,SIGNAL
RUN_20260806_095127,ChecklistStrategy,TECHM,2026-01-22,2026-01-23,LONG,1695.0,1695.0,0,1,116.0,0.0,SIGNAL
RUN_20260806_095127,ChecklistStrategy,TECHM,2026-02-05,2026-02-13,LONG,1630.1,1630.1,0,8,-4425.0,0.0,SIGNAL
RUN_20260806_095127,ChecklistStrategy,TECHM,2026-03-13,2026-03-30,LONG,1342.5,1342.5,0,17,1312.5,0.0,SIGNAL
RUN_20260806_095127,ChecklistStrategy,TECHM,2026-04-06,2026-04-27,LONG,1435.0,1435.0,0,21,-2379.3,0.0,SIGNAL
RUN_20260806_095127,ChecklistStrategy,TECHM,2026-05-11,2026-05-13,LONG,1460.0,1460.0,0,2,-2147.2,0.0,SIGNAL
RUN_20260806_095127,ChecklistStrategy,TECHM,2026-07-08,2026-07-09,LONG,1441.0,1441.0,0,1,-480.0,0.0,SIGNAL
RUN_20260806_095127,ChecklistStrategy,TITAN,2024-01-25,2024-01-31,LONG,3770.4,3770.4,0,6,-278.2,0.0,SIGNAL
RUN_20260806_095127,ChecklistStrategy,TITAN,2024-02-28,2024-02-29,LONG,3655.0,3655.0,0,1,-777.4,0.0,SIGNAL
RUN_20260806_095127,ChecklistStrategy,TITAN,2024-03-01,2024-03-18,LONG,3630.0,3630.0,0,17,-143.0,0.0,SIGNAL
RUN_20260806_095127,ChecklistStrategy,TITAN,2024-04-03,2024-04-15,LONG,3745.1,3745.1,0,12,-1795.3,0.0,SIGNAL
RUN_20260806_095127,ChecklistStrategy,TITAN,2024-04-18,2024-04-19,LONG,3645.9,3645.9,0,1,-1570.4,0.0,SIGNAL
RUN_20260806_095127,ChecklistStrategy,TITAN,2024-04-22,2024-04-25,LONG,3567.0,3567.0,0,3,364.0,0.0,SIGNAL
RUN_20260806_095127,ChecklistStrategy,TITAN,2024-05-24,2024-05-30,LONG,3452.1,3452.1,0,6,-1132.3,0.0,SIGNAL
RUN_20260806_095127,ChecklistStrategy,TITAN,2024-06-05,2024-06-11,LONG,3266.0,3266.0,0,6,2130.8,0.0,SIGNAL
RUN_20260806_095127,ChecklistStrategy,TITAN,2024-07-31,2024-08-06,LONG,3479.05,3479.05,0,6,-1275.3,0.0,SIGNAL
RUN_20260806_095127,ChecklistStrategy,TITAN,2024-08-21,2024-09-02,LONG,3474.9,3474.9,0,12,1173.25,0.0,SIGNAL
RUN_20260806_095127,ChecklistStrategy,TITAN,2024-09-27,2024-10-04,LONG,3774.0,3774.0,0,7,-1788.0,0.0,SIGNAL
RUN_20260806_095127,ChecklistStrategy,TITAN,2024-11-25,2024-11-28,LONG,3360.0,3360.0,0,3,-952.0,0.0,SIGNAL
RUN_20260806_095127,ChecklistStrategy,TITAN,2024-12-24,2024-12-30,LONG,3385.35,3385.35,0,6,-980.2,0.0,SIGNAL
RUN_20260806_095127,ChecklistStrategy,TITAN,2025-03-28,2025-04-02,LONG,3094.0,3094.0,0,5,-1162.0,0.0,SIGNAL
RUN_20260806_095127,ChecklistStrategy,TITAN,2025-05-07,2025-06-04,LONG,3280.0,3280.0,0,28,2939.3,0.0,SIGNAL
RUN_20260806_095127,ChecklistStrategy,TITAN,2025-06-12,2025-06-13,LONG,3548.0,3548.0,0,1,-1797.9,0.0,SIGNAL
RUN_20260806_095127,ChecklistStrategy,TITAN,2025-07-25,2025-07-29,LONG,3476.4,3476.4,0,4,-1123.2,0.0,SIGNAL
RUN_20260806_095127,ChecklistStrategy,TITAN,2025-08-12,2025-08-13,LONG,3467.9,3467.9,0,1,245.7,0.0,SIGNAL
RUN_20260806_095127,ChecklistStrategy,TITAN,2025-09-17,2025-09-18,LONG,3561.9,3561.9,0,1,-382.8,0.0,SIGNAL
RUN_20260806_095127,ChecklistStrategy,TITAN,2025-09-30,2025-10-01,LONG,3452.0,3452.0,0,1,-1066.0,0.0,SIGNAL
RUN_20260806_095127,ChecklistStrategy,TITAN,2025-10-10,2025-11-25,LONG,3548.9,3548.9,0,46,3906.0,0.0,SIGNAL
RUN_20260806_095127,ChecklistStrategy,TITAN,2025-12-12,2025-12-22,LONG,3844.8,3844.8,0,10,1142.4,0.0,SIGNAL
RUN_20260806_095127,ChecklistStrategy,TITAN,2025-12-29,2026-01-09,LONG,4010.0,4010.0,0,11,2431.0,0.0,SIGNAL
RUN_20260806_095127,ChecklistStrategy,TITAN,2026-01-30,2026-03-24,LONG,3945.0,3945.0,0,53,63.6,0.0,SIGNAL
RUN_20260806_095127,ChecklistStrategy,TITAN,2026-04-13,2026-04-20,LONG,4391.1,4391.1,0,7,1410.0,0.0,SIGNAL
RUN_20260806_095127,ChecklistStrategy,TITAN,2026-04-28,2026-05-08,LONG,4412.3,4412.3,0,10,-1081.3,0.0,SIGNAL
RUN_20260806_095127,ChecklistStrategy,TRENT,2024-03-07,2024-03-27,LONG,3890.0,3890.0,0,20,-90.0,0.0,SIGNAL
RUN_20260806_095127,ChecklistStrategy,TRENT,2024-04-01,2024-04-02,LONG,3974.95,3974.95,0,1,-899.4,0.0,SIGNAL
RUN_20260806_095127,ChecklistStrategy,TRENT,2024-04-04,2024-05-02,LONG,3950.0,3950.0,0,28,5518.8,0.0,SIGNAL
RUN_20260806_095127,ChecklistStrategy,TRENT,2024-05-03,2024-05-06,LONG,4680.2,4680.2,0,3,-1377.2,0.0,SIGNAL
RUN_20260806_095127,ChecklistStrategy,TRENT,2024-06-05,2024-07-25,LONG,4684.0,4684.0,0,50,6499.9,0.0,SIGNAL
RUN_20260806_095127,ChecklistStrategy,TRENT,2024-10-08,2024-10-22,LONG,7520.0,7520.0,0,14,804.65,0.0,SIGNAL
RUN_20260806_095127,ChecklistStrategy,TRENT,2024-12-02,2024-12-23,LONG,6777.05,6777.05,0,21,743.6,0.0,SIGNAL
RUN_20260806_095127,ChecklistStrategy,TRENT,2024-12-24,2024-12-31,LONG,6976.0,6976.0,0,7,-154.0,0.0,SIGNAL
RUN_20260806_095127,ChecklistStrategy,TRENT,2025-01-13,2025-01-14,LONG,6462.65,6462.65,0,1,-1802.0,0.0,SIGNAL
RUN_20260806_095127,ChecklistStrategy,TRENT,2025-02-10,2025-02-11,LONG,5460.0,5460.0,0,1,-2236.05,0.0,SIGNAL
RUN_20260806_095127,ChecklistStrategy,TRENT,2025-03-12,2025-04-01,LONG,5010.6,5010.6,0,20,3402.5,0.0,SIGNAL
RUN_20260806_095127,ChecklistStrategy,TRENT,2025-04-24,2025-04-28,LONG,5311.0,5311.0,0,4,-1865.0,0.0,SIGNAL
RUN_20260806_095127,ChecklistStrategy,TRENT,2025-05-15,2025-05-26,LONG,5362.0,5362.0,0,11,930.0,0.0,SIGNAL
RUN_20260806_095127,ChecklistStrategy,TRENT,2025-07-30,2025-08-05,LONG,5011.5,5011.5,0,6,2335.0,0.0,SIGNAL
RUN_20260806_095127,ChecklistStrategy,TRENT,2025-08-06,2025-08-19,LONG,5350.0,5350.0,0,13,2000.0,0.0,SIGNAL
RUN_20260806_095127,ChecklistStrategy,TRENT,2025-09-16,2025-09-18,LONG,5154.0,5154.0,0,2,671.0,0.0,SIGNAL
RUN_20260806_095127,ChecklistStrategy,TRENT,2025-10-16,2025-10-24,LONG,4743.0,4743.0,0,8,636.0,0.0,SIGNAL
RUN_20260806_095127,ChecklistStrategy,TRENT,2025-11-12,2025-12-02,LONG,4330.0,4330.0,0,20,-1454.7,0.0,SIGNAL
RUN_20260806_095127,ChecklistStrategy,TRENT,2025-12-12,2026-01-02,LONG,4077.9,4077.9,0,21,-15746.03,0.0,SIGNAL
RUN_20260806_095127,ChecklistStrategy,TRENT,2026-01-08,2026-01-09,LONG,2719.2,2719.2,0,1,-1119.73,0.0,SIGNAL
RUN_20260806_095127,ChecklistStrategy,TRENT,2026-01-23,2026-01-27,LONG,2560.0,2560.0,0,4,-760.8,0.0,SIGNAL
RUN_20260806_095127,ChecklistStrategy,TRENT,2026-02-12,2026-02-20,LONG,2812.6,2812.6,0,8,-1643.73,0.0,SIGNAL
RUN_20260806_095127,ChecklistStrategy,TRENT,2026-03-02,2026-03-12,LONG,2503.67,2503.67,0,10,-1830.0,0.0,SIGNAL
RUN_20260806_095127,ChecklistStrategy,TRENT,2026-03-17,2026-03-20,LONG,2395.33,2395.33,0,3,-1064.0,0.0,SIGNAL
RUN_20260806_095127,ChecklistStrategy,TRENT,2026-03-23,2026-03-24,LONG,2334.8,2334.8,0,1,-659.93,0.0,SIGNAL
RUN_20260806_095127,ChecklistStrategy,TRENT,2026-05-06,2026-05-13,LONG,2771.93,2771.93,0,7,-1273.6,0.0,SIGNAL
RUN_20260806_095127,ChecklistStrategy,TRENT,2026-05-28,2026-06-02,LONG,2832.4,2832.4,0,5,-1932.0,0.0,SIGNAL
RUN_20260806_095127,ChecklistStrategy,ULTRACEMCO,2024-02-05,2024-02-09,LONG,10050.0,10050.0,0,4,99.2,0.0,SIGNAL
RUN_20260806_095127,ChecklistStrategy,ULTRACEMCO,2024-02-15,2024-02-22,LONG,9835.9,9835.9,0,7,820.5,0.0,SIGNAL
RUN_20260806_095127,ChecklistStrategy,ULTRACEMCO,2024-02-26,2024-02-28,LONG,9999.05,9999.05,0,2,-195.25,0.0,SIGNAL
RUN_20260806_095127,ChecklistStrategy,ULTRACEMCO,2024-03-11,2024-03-12,LONG,9694.05,9694.05,0,1,174.5,0.0,SIGNAL
RUN_20260806_095127,ChecklistStrategy,ULTRACEMCO,2024-03-14,2024-03-18,LONG,9455.0,9455.0,0,4,850.0,0.0,SIGNAL
RUN_20260806_095127,ChecklistStrategy,ULTRACEMCO,2024-04-09,2024-04-10,LONG,9900.0,9900.0,0,1,-450.0,0.0,SIGNAL
RUN_20260806_095127,ChecklistStrategy,ULTRACEMCO,2024-04-12,2024-04-16,LONG,9789.95,9789.95,0,4,-1705.25,0.0,SIGNAL
RUN_20260806_095127,ChecklistStrategy,ULTRACEMCO,2024-06-06,2024-06-14,LONG,9995.0,9995.0,0,8,4700.0,0.0,SIGNAL
RUN_20260806_095127,ChecklistStrategy,ULTRACEMCO,2024-06-25,2024-06-26,LONG,10801.95,10801.95,0,1,423.0,0.0,SIGNAL
RUN_20260806_095127,ChecklistStrategy,ULTRACEMCO,2024-07-23,2024-07-31,LONG,11649.95,11649.95,0,8,676.0,0.0,SIGNAL
RUN_20260806_095127,ChecklistStrategy,ULTRACEMCO,2024-08-30,2024-09-06,LONG,11225.05,11225.05,0,7,1099.8,0.0,SIGNAL
RUN_20260806_095127,ChecklistStrategy,ULTRACEMCO,2024-09-26,2024-09-30,LONG,11835.0,11835.0,0,4,356.0,0.0,SIGNAL
RUN_20260806_095127,ChecklistStrategy,ULTRACEMCO,2024-10-03,2024-10-04,LONG,11627.1,11627.1,0,1,291.6,0.0,SIGNAL
RUN_20260806_095127,ChecklistStrategy,ULTRACEMCO,2024-10-09,2024-10-11,LONG,11404.05,11404.05,0,2,-53.2,0.0,SIGNAL
RUN_20260806_095127,ChecklistStrategy,ULTRACEMCO,2024-10-21,2024-10-23,LONG,11050.0,11050.0,0,2,-912.2,0.0,SIGNAL
RUN_20260806_095127,ChecklistStrategy,ULTRACEMCO,2024-10-25,2024-10-30,LONG,11063.7,11063.7,0,5,205.2,0.0,SIGNAL
RUN_20260806_095127,ChecklistStrategy,ULTRACEMCO,2024-11-06,2024-11-12,LONG,11225.0,11225.0,0,6,-1018.0,0.0,SIGNAL
RUN_20260806_095127,ChecklistStrategy,ULTRACEMCO,2024-12-02,2024-12-12,LONG,11206.7,11206.7,0,10,2949.2,0.0,SIGNAL
RUN_20260806_095127,ChecklistStrategy,ULTRACEMCO,2024-12-16,2024-12-18,LONG,12050.0,12050.0,0,2,-1100.0,0.0,SIGNAL
RUN_20260806_095127,ChecklistStrategy,ULTRACEMCO,2025-01-08,2025-01-09,LONG,11618.55,11618.55,0,1,-860.0,0.0,SIGNAL
RUN_20260806_095127,ChecklistStrategy,ULTRACEMCO,2025-01-24,2025-01-27,LONG,11251.0,11251.0,0,3,36.0,0.0,SIGNAL
RUN_20260806_095127,ChecklistStrategy,ULTRACEMCO,2025-01-29,2025-02-17,LONG,11296.35,11296.35,0,19,-309.4,0.0,SIGNAL
RUN_20260806_095127,ChecklistStrategy,ULTRACEMCO,2025-03-20,2025-04-09,LONG,10931.15,10931.15,0,20,1430.8,0.0,SIGNAL
RUN_20260806_095127,ChecklistStrategy,ULTRACEMCO,2025-05-07,2025-05-12,LONG,11651.0,11651.0,0,5,-244.0,0.0,SIGNAL
RUN_20260806_095127,ChecklistStrategy,ULTRACEMCO,2025-05-16,2025-05-21,LONG,11950.0,11950.0,0,5,-1012.0,0.0,SIGNAL
RUN_20260806_095127,ChecklistStrategy,ULTRACEMCO,2025-05-30,2025-06-04,LONG,11265.0,11265.0,0,5,-900.0,0.0,SIGNAL
RUN_20260806_095127,ChecklistStrategy,ULTRACEMCO,2025-06-05,2025-06-13,LONG,11038.0,11038.0,0,8,292.0,0.0,SIGNAL
RUN_20260806_095127,ChecklistStrategy,ULTRACEMCO,2025-06-19,2025-06-25,LONG,11400.0,11400.0,0,6,940.0,0.0,SIGNAL
RUN_20260806_095127,ChecklistStrategy,ULTRACEMCO,2025-09-01,2025-09-05,LONG,12639.0,12639.0,0,4,164.0,0.0,SIGNAL
RUN_20260806_095127,ChecklistStrategy,ULTRACEMCO,2025-09-09,2025-09-10,LONG,12699.0,12699.0,0,1,-296.0,0.0,SIGNAL
RUN_20260806_095127,ChecklistStrategy,ULTRACEMCO,2025-10-01,2025-10-06,LONG,12274.0,12274.0,0,5,-1020.0,0.0,SIGNAL
RUN_20260806_095127,ChecklistStrategy,ULTRACEMCO,2025-10-28,2025-11-03,LONG,12025.0,12025.0,0,6,-392.0,0.0,SIGNAL
RUN_20260806_095127,ChecklistStrategy,ULTRACEMCO,2026-01-13,2026-01-14,LONG,12050.0,12050.0,0,1,96.0,0.0,SIGNAL
RUN_20260806_095127,ChecklistStrategy,ULTRACEMCO,2026-01-19,2026-01-20,LONG,12350.0,12350.0,0,1,-500.0,0.0,SIGNAL
RUN_20260806_095127,ChecklistStrategy,ULTRACEMCO,2026-01-22,2026-01-28,LONG,12293.0,12293.0,0,6,1388.0,0.0,SIGNAL
RUN_20260806_095127,ChecklistStrategy,ULTRACEMCO,2026-03-06,2026-03-10,LONG,12160.0,12160.0,0,4,-2216.0,0.0,SIGNAL
RUN_20260806_095127,ChecklistStrategy,ULTRACEMCO,2026-03-11,2026-03-13,LONG,11650.0,11650.0,0,2,-2600.0,0.0,SIGNAL
RUN_20260806_095127,ChecklistStrategy,ULTRACEMCO,2026-03-23,2026-03-24,LONG,10877.0,10877.0,0,1,-908.0,0.0,SIGNAL
RUN_20260806_095127,ChecklistStrategy,ULTRACEMCO,2026-04-17,2026-05-13,LONG,11820.0,11820.0,0,26,-1280.0,0.0,SIGNAL
RUN_20260806_095127,ChecklistStrategy,ULTRACEMCO,2026-05-28,2026-06-02,LONG,11689.0,11689.0,0,5,-2188.0,0.0,SIGNAL
RUN_20260806_095127,ChecklistStrategy,ULTRACEMCO,2026-06-19,2026-07-22,LONG,11311.0,11311.0,0,33,3080.0,0.0,SIGNAL
RUN_20260806_095127,ChecklistStrategy,WIPRO,2024-01-25,2024-01-29,LONG,239.02,239.02,0,4,-841.22,0.0,SIGNAL
RUN_20260806_095127,ChecklistStrategy,WIPRO,2024-01-30,2024-01-31,LONG,237.2,237.2,0,1,-198.55,0.0,SIGNAL
RUN_20260806_095127,ChecklistStrategy,WIPRO,2024-02-01,2024-03-18,LONG,238.77,238.77,0,46,4166.35,0.0,SIGNAL
RUN_20260806_095127,ChecklistStrategy,WIPRO,2024-03-26,2024-03-28,LONG,243.0,243.0,0,2,-981.15,0.0,SIGNAL
RUN_20260806_095127,ChecklistStrategy,WIPRO,2024-04-04,2024-04-10,LONG,242.9,242.9,0,6,-875.65,0.0,SIGNAL
RUN_20260806_095127,ChecklistStrategy,WIPRO,2024-04-22,2024-04-29,LONG,226.38,226.38,0,7,1661.35,0.0,SIGNAL
RUN_20260806_095127,ChecklistStrategy,WIPRO,2024-05-29,2024-05-31,LONG,227.0,227.0,0,2,-1850.63,0.0,SIGNAL
RUN_20260806_095127,ChecklistStrategy,WIPRO,2024-06-03,2024-06-05,LONG,225.1,225.1,0,2,-1207.5,0.0,SIGNAL
RUN_20260806_095127,ChecklistStrategy,WIPRO,2024-06-28,2024-07-24,LONG,256.0,256.0,0,26,-926.25,0.0,SIGNAL
RUN_20260806_095127,ChecklistStrategy,WIPRO,2024-09-04,2024-09-09,LONG,264.0,264.0,0,5,-1002.8,0.0,SIGNAL
RUN_20260806_095127,ChecklistStrategy,WIPRO,2024-09-23,2024-10-09,LONG,269.55,269.55,0,16,-841.65,0.0,SIGNAL
RUN_20260806_095127,ChecklistStrategy,WIPRO,2024-11-21,2024-11-22,LONG,281.0,281.0,0,1,-4.3,0.0,SIGNAL
RUN_20260806_095127,ChecklistStrategy,WIPRO,2024-12-02,2024-12-13,LONG,291.23,291.23,0,11,2985.12,0.0,SIGNAL
RUN_20260806_095127,ChecklistStrategy,WIPRO,2025-02-04,2025-02-13,LONG,318.0,318.0,0,9,-1216.6,0.0,SIGNAL
RUN_20260806_095127,ChecklistStrategy,WIPRO,2025-02-19,2025-02-25,LONG,311.25,311.25,0,6,-2653.3,0.0,SIGNAL
RUN_20260806_095127,ChecklistStrategy,WIPRO,2025-03-04,2025-03-13,LONG,279.0,279.0,0,9,-1755.6,0.0,SIGNAL
RUN_20260806_095127,ChecklistStrategy,WIPRO,2025-04-17,2025-04-22,LONG,235.0,235.0,0,5,652.05,0.0,SIGNAL
RUN_20260806_095127,ChecklistStrategy,WIPRO,2025-05-15,2025-05-23,LONG,253.2,253.2,0,8,-1327.7,0.0,SIGNAL
RUN_20260806_095127,ChecklistStrategy,WIPRO,2025-09-02,2025-09-04,LONG,250.36,250.36,0,2,-159.96,0.0,SIGNAL
RUN_20260806_095127,ChecklistStrategy,WIPRO,2025-09-16,2025-09-24,LONG,252.0,252.0,0,8,-678.95,0.0,SIGNAL
RUN_20260806_095127,ChecklistStrategy,WIPRO,2025-09-30,2025-10-06,LONG,239.93,239.93,0,6,13.44,0.0,SIGNAL
RUN_20260806_095127,ChecklistStrategy,WIPRO,2025-12-02,2025-12-05,LONG,250.0,250.0,0,3,1508.8,0.0,SIGNAL
RUN_20260806_095127,ChecklistStrategy,WIPRO,2026-01-01,2026-01-05,LONG,264.5,264.5,0,4,881.1,0.0,SIGNAL
RUN_20260806_095127,ChecklistStrategy,WIPRO,2026-01-07,2026-01-09,LONG,265.0,265.0,0,2,-649.7,0.0,SIGNAL
RUN_20260806_095127,ChecklistStrategy,WIPRO,2026-02-05,2026-02-13,LONG,233.34,233.34,0,8,-4560.69,0.0,SIGNAL
RUN_20260806_095127,ChecklistStrategy,WIPRO,2026-02-18,2026-02-19,LONG,216.2,216.2,0,1,-455.4,0.0,SIGNAL
RUN_20260806_095127,ChecklistStrategy,WIPRO,2026-03-10,2026-03-12,LONG,200.5,200.5,0,2,124.88,0.0,SIGNAL
RUN_20260806_095127,ChecklistStrategy,WIPRO,2026-04-15,2026-04-27,LONG,206.5,206.5,0,12,-1563.66,0.0,SIGNAL
RUN_20260806_095127,ChecklistStrategy,WIPRO,2026-04-28,2026-04-29,LONG,204.56,204.56,0,1,-634.74,0.0,SIGNAL
RUN_20260806_095127,ChecklistStrategy,WIPRO,2026-06-02,2026-06-08,LONG,208.0,208.0,0,6,-3068.1,0.0,SIGNAL
RUN_20260806_095127,ChecklistStrategy,WIPRO,2026-07-03,2026-07-13,LONG,176.2,176.2,0,10,-384.0,0.0,SIGNAL
