run_id,strategy,stock,entry_date,exit_date,direction,entry_price,exit_price,quantity,holding_days,pnl,return_pct,exit_reason
RUN_20260808_020316,ChecklistStrategy,ADANIENT,2024-03-01,2024-03-07,LONG,3309.85,3240.0,22,6,-1536.7,-2.11,STOP_LOSS
RUN_20260808_020316,ChecklistStrategy,ADANIENT,2024-03-15,2024-03-18,LONG,3111.0,3050.1,23,3,-1400.7,-1.96,SIGNAL
RUN_20260808_020316,ChecklistStrategy,ADANIENT,2024-04-08,2024-04-16,LONG,3240.95,3101.0,22,8,-3078.9,-4.32,STOP_LOSS
RUN_20260808_020316,ChecklistStrategy,ADANIENT,2024-05-09,2024-05-10,LONG,2864.8,2794.95,24,1,-1676.4,-2.44,STOP_LOSS
RUN_20260808_020316,ChecklistStrategy,ADANIENT,2024-05-13,2024-05-16,LONG,2803.0,3065.0,24,3,6288.0,9.35,SIGNAL
RUN_20260808_020316,ChecklistStrategy,ADANIENT,2024-05-30,2024-06-05,LONG,3254.0,3030.0,22,6,-4928.0,-6.88,STOP_LOSS
RUN_20260808_020316,ChecklistStrategy,ADANIENT,2024-06-06,2024-06-26,LONG,3184.0,3169.05,22,20,-328.9,-0.47,SIGNAL
RUN_20260808_020316,ChecklistStrategy,ADANIENT,2024-07-24,2024-08-07,LONG,2995.35,3118.0,23,14,2820.95,4.09,SIGNAL
RUN_20260808_020316,ChecklistStrategy,ADANIENT,2024-08-22,2024-08-28,LONG,3130.75,3078.0,23,6,-1213.25,-1.68,SIGNAL
RUN_20260808_020316,ChecklistStrategy,ADANIENT,2024-09-05,2024-09-10,LONG,3025.0,2971.6,23,5,-1228.2,-1.77,SIGNAL
RUN_20260808_020316,ChecklistStrategy,ADANIENT,2024-09-27,2024-09-30,LONG,3122.0,3129.0,22,3,154.0,0.22,SIGNAL
RUN_20260808_020316,ChecklistStrategy,ADANIENT,2024-10-29,2024-11-01,LONG,2803.0,2960.0,25,3,3925.0,5.6,SIGNAL
RUN_20260808_020316,ChecklistStrategy,ADANIENT,2024-11-18,2024-11-19,LONG,2826.8,2831.0,25,1,105.0,0.15,SIGNAL
RUN_20260808_020316,ChecklistStrategy,ADANIENT,2024-12-26,2025-01-01,LONG,2378.05,2536.0,30,6,4738.5,6.64,SIGNAL
RUN_20260808_020316,ChecklistStrategy,ADANIENT,2025-01-08,2025-01-13,LONG,2520.55,2365.0,30,5,-4666.5,-6.17,STOP_LOSS
RUN_20260808_020316,ChecklistStrategy,ADANIENT,2025-01-21,2025-01-22,LONG,2441.75,2399.0,29,1,-1239.75,-1.75,SIGNAL
RUN_20260808_020316,ChecklistStrategy,ADANIENT,2025-01-29,2025-01-31,LONG,2297.0,2238.85,31,2,-1802.65,-2.53,STOP_LOSS
RUN_20260808_020316,ChecklistStrategy,ADANIENT,2025-02-10,2025-02-11,LONG,2350.0,2312.0,30,1,-1140.0,-1.62,SIGNAL
RUN_20260808_020316,ChecklistStrategy,ADANIENT,2025-02-18,2025-02-20,LONG,2240.0,2180.8,31,2,-1835.2,-2.64,STOP_LOSS
RUN_20260808_020316,ChecklistStrategy,ADANIENT,2025-02-27,2025-03-03,LONG,2143.75,2109.0,32,4,-1112.0,-1.62,SIGNAL
RUN_20260808_020316,ChecklistStrategy,ADANIENT,2025-03-04,2025-03-11,LONG,2085.1,2223.15,31,7,4279.54,6.62,SIGNAL
RUN_20260808_020316,ChecklistStrategy,ADANIENT,2025-03-12,2025-03-17,LONG,2270.0,2200.0,31,5,-2170.0,-3.08,STOP_LOSS
RUN_20260808_020316,ChecklistStrategy,ADANIENT,2025-03-18,2025-03-21,LONG,2252.7,2343.8,30,3,2733.0,4.04,SIGNAL
RUN_20260808_020316,ChecklistStrategy,ADANIENT,2025-03-28,2025-04-01,LONG,2376.0,2312.0,30,4,-1920.0,-2.69,STOP_LOSS
RUN_20260808_020316,ChecklistStrategy,ADANIENT,2025-05-30,2025-06-04,LONG,2550.0,2480.0,27,5,-1890.0,-2.75,STOP_LOSS
RUN_20260808_020316,ChecklistStrategy,ADANIENT,2025-06-05,2025-06-12,LONG,2495.0,2591.5,27,7,2605.5,3.87,SIGNAL
RUN_20260808_020316,ChecklistStrategy,ADANIENT,2025-06-23,2025-06-25,LONG,2438.0,2519.9,28,2,2293.2,3.36,SIGNAL
RUN_20260808_020316,ChecklistStrategy,ADANIENT,2025-07-09,2025-07-29,LONG,2599.0,2529.0,27,20,-1890.0,-2.69,STOP_LOSS
RUN_20260808_020316,ChecklistStrategy,ADANIENT,2025-07-30,2025-07-31,LONG,2547.9,2509.9,27,1,-1026.0,-1.49,SIGNAL
RUN_20260808_020316,ChecklistStrategy,ADANIENT,2025-08-05,2025-08-06,LONG,2370.0,2333.9,29,1,-1046.9,-1.52,SIGNAL
RUN_20260808_020316,ChecklistStrategy,ADANIENT,2025-10-10,2025-10-28,LONG,2552.0,2495.0,27,18,-1539.0,-2.23,STOP_LOSS
RUN_20260808_020316,ChecklistStrategy,ADANIENT,2025-11-10,2025-11-19,LONG,2308.25,2446.5,28,9,3871.08,5.99,SIGNAL
RUN_20260808_020316,ChecklistStrategy,ADANIENT,2025-12-01,2025-12-03,LONG,2300.0,2240.0,30,2,-1800.0,-2.61,STOP_LOSS
RUN_20260808_020316,ChecklistStrategy,ADANIENT,2025-12-10,2025-12-16,LONG,2255.8,2270.0,30,6,426.0,0.63,SIGNAL
RUN_20260808_020316,ChecklistStrategy,ADANIENT,2026-01-08,2026-01-09,LONG,2275.0,2214.1,30,1,-1827.0,-2.68,STOP_LOSS
RUN_20260808_020316,ChecklistStrategy,ADANIENT,2026-01-13,2026-01-20,LONG,2187.8,2134.0,31,7,-1667.8,-2.46,STOP_LOSS
RUN_20260808_020316,ChecklistStrategy,ADANIENT,2026-01-28,2026-02-11,LONG,1985.0,2232.9,33,14,8180.7,12.49,SIGNAL
RUN_20260808_020316,ChecklistStrategy,ADANIENT,2026-02-12,2026-02-16,LONG,2229.0,2124.2,32,4,-3353.6,-4.7,STOP_LOSS
RUN_20260808_020316,ChecklistStrategy,ADANIENT,2026-02-23,2026-02-27,LONG,2180.0,2210.0,32,4,960.0,1.38,SIGNAL
RUN_20260808_020316,ChecklistStrategy,ADANIENT,2026-03-06,2026-03-10,LONG,2079.1,2030.0,33,4,-1620.3,-2.36,STOP_LOSS
RUN_20260808_020316,ChecklistStrategy,ADANIENT,2026-03-18,2026-03-20,LONG,1988.9,1951.0,35,2,-1326.5,-1.91,SIGNAL
RUN_20260808_020316,ChecklistStrategy,ADANIENT,2026-03-27,2026-03-30,LONG,1880.0,1810.0,36,3,-2520.0,-3.72,STOP_LOSS
RUN_20260808_020316,ChecklistStrategy,ADANIENT,2026-05-14,2026-05-19,LONG,2530.1,2734.7,26,5,5319.6,8.09,SIGNAL
RUN_20260808_020316,ChecklistStrategy,ADANIENT,2026-06-25,2026-06-30,LONG,3086.0,2980.0,22,5,-2332.0,-3.43,STOP_LOSS
RUN_20260808_020316,ChecklistStrategy,ADANIENT,2026-07-10,2026-07-16,LONG,3105.0,3167.6,22,6,1377.2,2.02,SIGNAL
RUN_20260808_020316,ChecklistStrategy,ADANIENT,2026-07-20,2026-07-24,LONG,3162.7,3010.0,22,4,-3359.4,-4.83,STOP_LOSS
RUN_20260808_020316,ChecklistStrategy,ADANIENT,2026-07-27,2026-08-03,LONG,3045.1,3025.0,22,7,-442.2,-0.66,SIGNAL
RUN_20260808_020316,ChecklistStrategy,ADANIPORTS,2024-03-15,2024-03-20,LONG,1273.8,1248.0,59,5,-1522.2,-2.03,STOP_LOSS
RUN_20260808_020316,ChecklistStrategy,ADANIPORTS,2024-04-10,2024-04-16,LONG,1359.0,1302.0,54,6,-3078.0,-4.19,STOP_LOSS
RUN_20260808_020316,ChecklistStrategy,ADANIPORTS,2024-04-26,2024-05-06,LONG,1340.0,1322.5,53,10,-927.5,-1.31,SIGNAL
RUN_20260808_020316,ChecklistStrategy,ADANIPORTS,2024-05-13,2024-05-27,LONG,1267.0,1445.0,55,14,9790.0,14.05,SIGNAL
RUN_20260808_020316,ChecklistStrategy,ADANIPORTS,2024-06-06,2024-06-07,LONG,1384.0,1357.7,57,1,-1499.1,-1.9,SIGNAL
RUN_20260808_020316,ChecklistStrategy,ADANIPORTS,2024-06-10,2024-06-20,LONG,1404.0,1459.3,55,10,3041.5,3.94,SIGNAL
RUN_20260808_020316,ChecklistStrategy,ADANIPORTS,2024-07-11,2024-07-31,LONG,1495.0,1557.0,53,20,3286.0,4.15,SIGNAL
RUN_20260808_020316,ChecklistStrategy,ADANIPORTS,2024-08-22,2024-08-23,LONG,1507.0,1493.0,54,1,-756.0,-0.93,SIGNAL
RUN_20260808_020316,ChecklistStrategy,ADANIPORTS,2024-08-30,2024-09-04,LONG,1480.95,1472.0,54,5,-483.3,-0.6,SIGNAL
RUN_20260808_020316,ChecklistStrategy,ADANIPORTS,2024-09-10,2024-09-20,LONG,1439.0,1418.95,56,10,-1122.8,-1.39,SIGNAL
RUN_20260808_020316,ChecklistStrategy,ADANIPORTS,2024-10-03,2024-10-07,LONG,1452.75,1410.0,54,4,-2308.5,-2.94,STOP_LOSS
RUN_20260808_020316,ChecklistStrategy,ADANIPORTS,2024-10-09,2024-10-18,LONG,1424.75,1389.0,54,9,-1930.5,-2.51,STOP_LOSS
RUN_20260808_020316,ChecklistStrategy,ADANIPORTS,2024-10-25,2024-10-28,LONG,1360.0,1326.85,56,3,-1856.4,-2.44,STOP_LOSS
RUN_20260808_020316,ChecklistStrategy,ADANIPORTS,2024-10-29,2024-10-30,LONG,1364.7,1379.95,55,1,838.75,1.12,SIGNAL
RUN_20260808_020316,ChecklistStrategy,ADANIPORTS,2024-11-04,2024-11-05,LONG,1394.2,1350.0,54,1,-2386.8,-3.17,STOP_LOSS
RUN_20260808_020316,ChecklistStrategy,ADANIPORTS,2024-11-22,2024-11-29,LONG,1072.6,1175.0,66,7,6758.4,9.55,SIGNAL
RUN_20260808_020316,ChecklistStrategy,ADANIPORTS,2024-12-02,2024-12-09,LONG,1201.9,1257.8,66,7,3689.4,4.65,SIGNAL
RUN_20260808_020316,ChecklistStrategy,ADANIPORTS,2024-12-13,2024-12-17,LONG,1241.95,1235.1,65,4,-445.25,-0.55,SIGNAL
RUN_20260808_020316,ChecklistStrategy,ADANIPORTS,2024-12-24,2025-01-03,LONG,1198.0,1234.5,68,10,2482.0,3.05,SIGNAL
RUN_20260808_020316,ChecklistStrategy,ADANIPORTS,2025-01-08,2025-01-09,LONG,1183.55,1156.7,70,1,-1879.51,-2.27,STOP_LOSS
RUN_20260808_020316,ChecklistStrategy,ADANIPORTS,2025-01-24,2025-01-28,LONG,1104.15,1087.0,73,4,-1251.95,-1.55,SIGNAL
RUN_20260808_020316,ChecklistStrategy,ADANIPORTS,2025-02-01,2025-02-03,LONG,1105.9,1084.0,73,2,-1598.7,-1.98,SIGNAL
RUN_20260808_020316,ChecklistStrategy,ADANIPORTS,2025-02-13,2025-02-17,LONG,1133.8,1058.95,70,4,-5239.51,-6.6,STOP_LOSS
RUN_20260808_020316,ChecklistStrategy,ADANIPORTS,2025-02-19,2025-02-24,LONG,1061.6,1083.25,69,5,1493.85,2.04,SIGNAL
RUN_20260808_020316,ChecklistStrategy,ADANIPORTS,2025-02-27,2025-03-04,LONG,1083.0,1047.95,70,5,-2453.5,-3.24,STOP_LOSS
RUN_20260808_020316,ChecklistStrategy,ADANIPORTS,2025-03-18,2025-03-21,LONG,1137.15,1182.0,65,3,2915.25,3.94,SIGNAL
RUN_20260808_020316,ChecklistStrategy,ADANIPORTS,2025-04-11,2025-04-22,LONG,1163.0,1249.6,67,11,5802.2,7.45,SIGNAL
RUN_20260808_020316,ChecklistStrategy,ADANIPORTS,2025-04-24,2025-04-28,LONG,1238.0,1188.1,65,4,-3243.5,-4.03,STOP_LOSS
RUN_20260808_020316,ChecklistStrategy,ADANIPORTS,2025-06-03,2025-06-04,LONG,1470.0,1432.3,53,1,-1998.1,-2.56,STOP_LOSS
RUN_20260808_020316,ChecklistStrategy,ADANIPORTS,2025-06-23,2025-06-25,LONG,1341.0,1399.7,57,2,3345.9,4.38,SIGNAL
RUN_20260808_020316,ChecklistStrategy,ADANIPORTS,2025-07-08,2025-07-23,LONG,1438.0,1430.0,55,15,-440.0,-0.56,SIGNAL
RUN_20260808_020316,ChecklistStrategy,ADANIPORTS,2025-07-30,2025-08-04,LONG,1398.8,1349.8,56,5,-2744.0,-3.5,STOP_LOSS
RUN_20260808_020316,ChecklistStrategy,ADANIPORTS,2025-08-08,2025-08-18,LONG,1345.4,1321.9,57,10,-1339.5,-1.75,SIGNAL
RUN_20260808_020316,ChecklistStrategy,ADANIPORTS,2025-08-19,2025-08-22,LONG,1332.0,1364.0,57,3,1824.0,2.4,SIGNAL
RUN_20260808_020316,ChecklistStrategy,ADANIPORTS,2025-09-23,2025-09-26,LONG,1453.0,1407.2,53,3,-2427.4,-3.15,STOP_LOSS
RUN_20260808_020316,ChecklistStrategy,ADANIPORTS,2025-11-25,2025-12-09,LONG,1490.0,1476.9,50,14,-655.0,-0.88,SIGNAL
RUN_20260808_020316,ChecklistStrategy,ADANIPORTS,2025-12-12,2025-12-24,LONG,1512.0,1503.0,49,12,-441.0,-0.6,SIGNAL
RUN_20260808_020316,ChecklistStrategy,ADANIPORTS,2026-01-13,2026-01-19,LONG,1443.5,1421.0,51,6,-1147.5,-1.56,SIGNAL
RUN_20260808_020316,ChecklistStrategy,ADANIPORTS,2026-01-22,2026-01-27,LONG,1400.0,1334.3,53,5,-3482.1,-4.69,STOP_LOSS
RUN_20260808_020316,ChecklistStrategy,ADANIPORTS,2026-01-28,2026-02-19,LONG,1373.9,1550.0,52,22,9157.2,12.82,SIGNAL
RUN_20260808_020316,ChecklistStrategy,ADANIPORTS,2026-02-24,2026-03-02,LONG,1553.7,1462.0,50,6,-4585.0,-5.9,STOP_LOSS
RUN_20260808_020316,ChecklistStrategy,ADANIPORTS,2026-03-25,2026-04-01,LONG,1359.7,1351.2,55,7,-467.5,-0.63,SIGNAL
RUN_20260808_020316,ChecklistStrategy,ADANIPORTS,2026-05-14,2026-05-19,LONG,1761.0,1790.8,42,5,1251.6,1.69,SIGNAL
RUN_20260808_020316,ChecklistStrategy,ADANIPORTS,2026-06-15,2026-06-18,LONG,1839.0,1833.0,41,3,-246.0,-0.33,SIGNAL
RUN_20260808_020316,ChecklistStrategy,ADANIPORTS,2026-06-23,2026-06-24,LONG,1832.6,1786.0,40,1,-1864.0,-2.54,STOP_LOSS
RUN_20260808_020316,ChecklistStrategy,ADANIPORTS,2026-06-25,2026-06-26,LONG,1813.3,1796.0,40,1,-692.0,-0.95,SIGNAL
RUN_20260808_020316,ChecklistStrategy,ADANIPORTS,2026-07-20,2026-07-24,LONG,1836.1,1764.9,39,4,-2776.8,-3.88,STOP_LOSS
RUN_20260808_020316,ChecklistStrategy,ADANIPORTS,2026-07-29,2026-07-30,LONG,1785.0,1726.7,39,1,-2273.7,-3.27,STOP_LOSS
RUN_20260808_020316,ChecklistStrategy,APOLLOHOSP,2024-02-01,2024-02-26,LONG,6289.65,6769.95,11,25,5283.3,7.64,SIGNAL
RUN_20260808_020316,ChecklistStrategy,APOLLOHOSP,2024-03-04,2024-03-11,LONG,6145.0,6048.8,12,7,-1154.4,-1.57,SIGNAL
RUN_20260808_020316,ChecklistStrategy,APOLLOHOSP,2024-03-15,2024-04-04,LONG,6015.0,6425.0,12,20,4920.0,6.82,SIGNAL
RUN_20260808_020316,ChecklistStrategy,APOLLOHOSP,2024-04-18,2024-04-19,LONG,6306.1,6140.0,12,1,-1993.2,-2.63,STOP_LOSS
RUN_20260808_020316,ChecklistStrategy,APOLLOHOSP,2024-04-22,2024-04-30,LONG,6154.5,6000.0,12,8,-1854.0,-2.51,STOP_LOSS
RUN_20260808_020316,ChecklistStrategy,APOLLOHOSP,2024-05-13,2024-05-27,LONG,5820.0,5950.0,13,14,1690.0,2.23,SIGNAL
RUN_20260808_020316,ChecklistStrategy,APOLLOHOSP,2024-06-06,2024-06-14,LONG,5970.0,6210.0,13,8,3120.0,4.02,SIGNAL
RUN_20260808_020316,ChecklistStrategy,APOLLOHOSP,2024-07-16,2024-08-09,LONG,6437.25,6582.25,12,24,1740.0,2.25,SIGNAL
RUN_20260808_020316,ChecklistStrategy,APOLLOHOSP,2024-08-12,2024-08-16,LONG,6550.0,6556.2,12,4,74.4,0.09,SIGNAL
RUN_20260808_020316,ChecklistStrategy,APOLLOHOSP,2024-08-27,2024-09-09,LONG,6780.0,6906.8,12,13,1521.6,1.87,SIGNAL
RUN_20260808_020316,ChecklistStrategy,APOLLOHOSP,2024-10-14,2024-10-16,LONG,6976.85,7085.1,12,2,1299.0,1.55,SIGNAL
RUN_20260808_020316,ChecklistStrategy,APOLLOHOSP,2024-10-30,2024-11-05,LONG,6980.6,6920.0,12,6,-727.2,-0.87,SIGNAL
RUN_20260808_020316,ChecklistStrategy,APOLLOHOSP,2024-11-06,2024-11-11,LONG,7020.0,7400.0,12,5,4560.0,5.41,SIGNAL
RUN_20260808_020316,ChecklistStrategy,APOLLOHOSP,2024-11-18,2024-11-21,LONG,6874.45,6623.55,12,3,-3010.8,-3.65,STOP_LOSS
RUN_20260808_020316,ChecklistStrategy,APOLLOHOSP,2024-12-17,2024-12-18,LONG,7227.0,7233.25,11,1,68.75,0.09,SIGNAL
RUN_20260808_020316,ChecklistStrategy,APOLLOHOSP,2024-12-31,2025-01-09,LONG,7305.6,7140.0,11,9,-1821.6,-2.27,STOP_LOSS
RUN_20260808_020316,ChecklistStrategy,APOLLOHOSP,2025-01-10,2025-01-14,LONG,7090.0,6854.6,11,4,-2589.4,-3.32,STOP_LOSS
RUN_20260808_020316,ChecklistStrategy,APOLLOHOSP,2025-01-17,2025-01-23,LONG,6819.95,6892.25,12,6,867.6,1.06,SIGNAL
RUN_20260808_020316,ChecklistStrategy,APOLLOHOSP,2025-02-13,2025-02-14,LONG,6372.25,6377.25,13,1,65.0,0.08,SIGNAL
RUN_20260808_020316,ChecklistStrategy,APOLLOHOSP,2025-03-04,2025-03-10,LONG,6133.0,6206.4,13,6,954.2,1.2,SIGNAL
RUN_20260808_020316,ChecklistStrategy,APOLLOHOSP,2025-03-12,2025-03-21,LONG,6134.1,6494.0,13,9,4678.7,5.87,SIGNAL
RUN_20260808_020316,ChecklistStrategy,APOLLOHOSP,2025-04-01,2025-04-04,LONG,6599.0,6672.0,13,3,949.0,1.11,SIGNAL
RUN_20260808_020316,ChecklistStrategy,APOLLOHOSP,2025-04-17,2025-04-28,LONG,7038.0,6954.5,12,11,-1002.0,-1.19,SIGNAL
RUN_20260808_020316,ChecklistStrategy,APOLLOHOSP,2025-05-22,2025-06-03,LONG,6984.0,6950.0,12,12,-408.0,-0.49,SIGNAL
RUN_20260808_020316,ChecklistStrategy,APOLLOHOSP,2025-06-05,2025-07-09,LONG,6868.5,7545.0,12,34,8118.0,9.85,SIGNAL
RUN_20260808_020316,ChecklistStrategy,APOLLOHOSP,2025-07-15,2025-07-29,LONG,7260.5,7356.5,12,14,1152.0,1.32,SIGNAL
RUN_20260808_020316,ChecklistStrategy,APOLLOHOSP,2025-07-30,2025-08-04,LONG,7460.0,7387.0,12,5,-876.0,-0.98,SIGNAL
RUN_20260808_020316,ChecklistStrategy,APOLLOHOSP,2025-08-08,2025-08-13,LONG,7170.0,7403.0,13,5,3029.0,3.25,SIGNAL
RUN_20260808_020316,ChecklistStrategy,APOLLOHOSP,2025-08-28,2025-08-29,LONG,7755.0,7670.0,12,1,-1020.0,-1.1,SIGNAL
RUN_20260808_020316,ChecklistStrategy,APOLLOHOSP,2025-09-02,2025-09-08,LONG,7631.5,7834.5,12,6,2436.0,2.66,SIGNAL
RUN_20260808_020316,ChecklistStrategy,APOLLOHOSP,2025-10-03,2025-10-20,LONG,7441.0,7950.0,12,17,6108.0,6.84,SIGNAL
RUN_20260808_020316,ChecklistStrategy,APOLLOHOSP,2025-12-16,2025-12-17,LONG,7110.0,7109.0,14,1,-14.0,-0.01,SIGNAL
RUN_20260808_020316,ChecklistStrategy,APOLLOHOSP,2026-01-07,2026-01-09,LONG,7349.0,7348.0,13,2,-13.0,-0.01,SIGNAL
RUN_20260808_020316,ChecklistStrategy,APOLLOHOSP,2026-01-14,2026-01-15,LONG,7258.0,7272.5,13,1,188.5,0.2,SIGNAL
RUN_20260808_020316,ChecklistStrategy,APOLLOHOSP,2026-01-27,2026-02-03,LONG,6802.0,7070.0,14,7,3752.0,3.94,SIGNAL
RUN_20260808_020316,ChecklistStrategy,APOLLOHOSP,2026-03-02,2026-03-18,LONG,7621.0,7511.5,13,16,-1423.5,-1.44,SIGNAL
RUN_20260808_020316,ChecklistStrategy,APOLLOHOSP,2026-04-07,2026-04-08,LONG,7370.5,7385.0,13,1,188.5,0.2,SIGNAL
RUN_20260808_020316,ChecklistStrategy,APOLLOHOSP,2026-04-20,2026-05-14,LONG,7705.0,8011.0,13,24,3978.0,3.97,SIGNAL
RUN_20260808_020316,ChecklistStrategy,APOLLOHOSP,2026-05-21,2026-06-01,LONG,8198.5,8221.5,13,11,299.0,0.28,SIGNAL
RUN_20260808_020316,ChecklistStrategy,APOLLOHOSP,2026-07-15,2026-07-22,LONG,8948.5,8926.0,11,7,-247.5,-0.25,SIGNAL
RUN_20260808_020316,ChecklistStrategy,ASIANPAINT,2024-02-12,2024-02-26,LONG,2951.65,2920.0,25,14,-791.25,-1.07,SIGNAL
RUN_20260808_020316,ChecklistStrategy,ASIANPAINT,2024-03-07,2024-04-19,LONG,2825.0,2790.0,26,43,-910.0,-1.24,SIGNAL
RUN_20260808_020316,ChecklistStrategy,ASIANPAINT,2024-04-30,2024-05-10,LONG,2855.0,2699.0,25,10,-3900.0,-5.46,STOP_LOSS
RUN_20260808_020316,ChecklistStrategy,ASIANPAINT,2024-06-05,2024-06-07,LONG,2864.5,2904.8,24,2,967.2,1.41,SIGNAL
RUN_20260808_020316,ChecklistStrategy,ASIANPAINT,2024-06-10,2024-06-26,LONG,2928.0,2860.2,24,16,-1627.2,-2.32,STOP_LOSS
RUN_20260808_020316,ChecklistStrategy,ASIANPAINT,2024-07-11,2024-07-19,LONG,2999.0,2925.0,23,8,-1702.0,-2.47,STOP_LOSS
RUN_20260808_020316,ChecklistStrategy,ASIANPAINT,2024-08-12,2024-08-26,LONG,3020.0,3155.0,22,14,2970.0,4.47,SIGNAL
RUN_20260808_020316,ChecklistStrategy,ASIANPAINT,2024-09-09,2024-09-13,LONG,3273.7,3355.55,21,4,1718.85,2.5,SIGNAL
RUN_20260808_020316,ChecklistStrategy,ASIANPAINT,2024-10-09,2024-10-10,LONG,3095.55,3090.05,23,1,-126.5,-0.18,SIGNAL
RUN_20260808_020316,ChecklistStrategy,ASIANPAINT,2024-10-22,2024-10-24,LONG,3054.0,2989.7,23,2,-1478.9,-2.11,STOP_LOSS
RUN_20260808_020316,ChecklistStrategy,ASIANPAINT,2024-10-31,2024-11-05,LONG,2994.2,2895.0,23,5,-2281.6,-3.31,STOP_LOSS
RUN_20260808_020316,ChecklistStrategy,ASIANPAINT,2024-12-06,2024-12-10,LONG,2468.0,2399.9,28,4,-1906.8,-2.76,STOP_LOSS
RUN_20260808_020316,ChecklistStrategy,ASIANPAINT,2024-12-26,2025-01-16,LONG,2284.0,2239.0,29,21,-1305.0,-1.97,SIGNAL
RUN_20260808_020316,ChecklistStrategy,ASIANPAINT,2025-01-31,2025-02-04,LONG,2255.0,2304.65,29,4,1439.85,2.2,SIGNAL
RUN_20260808_020316,ChecklistStrategy,ASIANPAINT,2025-02-10,2025-02-17,LONG,2271.05,2231.3,29,7,-1152.75,-1.75,SIGNAL
RUN_20260808_020316,ChecklistStrategy,ASIANPAINT,2025-03-06,2025-03-13,LONG,2189.85,2255.25,30,7,1962.0,2.99,SIGNAL
RUN_20260808_020316,ChecklistStrategy,ASIANPAINT,2025-06-23,2025-07-04,LONG,2261.2,2430.9,29,11,4921.3,7.5,SIGNAL
RUN_20260808_020316,ChecklistStrategy,ASIANPAINT,2025-07-17,2025-07-25,LONG,2404.1,2340.0,29,8,-1858.9,-2.67,STOP_LOSS
RUN_20260808_020316,ChecklistStrategy,ASIANPAINT,2025-08-04,2025-08-05,LONG,2443.2,2461.9,29,1,542.3,0.77,SIGNAL
RUN_20260808_020316,ChecklistStrategy,ASIANPAINT,2025-09-11,2025-09-17,LONG,2541.0,2482.0,27,6,-1593.0,-2.32,STOP_LOSS
RUN_20260808_020316,ChecklistStrategy,ASIANPAINT,2025-10-07,2025-10-13,LONG,2355.0,2340.2,29,6,-429.2,-0.63,SIGNAL
RUN_20260808_020316,ChecklistStrategy,ASIANPAINT,2025-12-03,2025-12-09,LONG,2969.0,2910.0,23,6,-1357.0,-1.99,SIGNAL
RUN_20260808_020316,ChecklistStrategy,ASIANPAINT,2025-12-16,2025-12-26,LONG,2793.0,2785.0,24,10,-192.0,-0.29,SIGNAL
RUN_20260808_020316,ChecklistStrategy,ASIANPAINT,2025-12-30,2025-12-31,LONG,2770.3,2755.0,24,1,-367.2,-0.55,SIGNAL
RUN_20260808_020316,ChecklistStrategy,ASIANPAINT,2026-01-29,2026-01-30,LONG,2511.8,2417.0,27,1,-2559.6,-3.77,STOP_LOSS
RUN_20260808_020316,ChecklistStrategy,ASIANPAINT,2026-02-02,2026-03-04,LONG,2374.9,2260.7,27,30,-3083.4,-4.81,STOP_LOSS
RUN_20260808_020316,ChecklistStrategy,ASIANPAINT,2026-03-17,2026-03-24,LONG,2217.7,2184.0,28,7,-943.6,-1.52,SIGNAL
RUN_20260808_020316,ChecklistStrategy,ASIANPAINT,2026-04-07,2026-04-17,LONG,2167.7,2425.0,28,10,7204.4,11.87,SIGNAL
RUN_20260808_020316,ChecklistStrategy,ASIANPAINT,2026-05-01,2026-05-12,LONG,2444.5,2546.2,27,11,2745.9,4.16,SIGNAL
RUN_20260808_020316,ChecklistStrategy,ASIANPAINT,2026-06-25,2026-06-26,LONG,2690.0,2645.2,26,1,-1164.8,-1.67,SIGNAL
RUN_20260808_020316,ChecklistStrategy,ASIANPAINT,2026-07-20,2026-07-30,LONG,2689.0,2758.1,25,10,1727.5,2.57,SIGNAL
RUN_20260808_020316,ChecklistStrategy,AXISBANK,2024-02-01,2024-02-05,LONG,1072.65,1067.05,70,4,-392.0,-0.52,SIGNAL
RUN_20260808_020316,ChecklistStrategy,AXISBANK,2024-02-12,2024-02-13,LONG,1051.4,1051.0,71,1,-28.4,-0.04,SIGNAL
RUN_20260808_020316,ChecklistStrategy,AXISBANK,2024-02-21,2024-02-26,LONG,1093.85,1093.45,68,5,-27.2,-0.04,SIGNAL
RUN_20260808_020316,ChecklistStrategy,AXISBANK,2024-03-07,2024-03-13,LONG,1126.0,1096.0,66,6,-1980.0,-2.66,STOP_LOSS
RUN_20260808_020316,ChecklistStrategy,AXISBANK,2024-03-19,2024-03-20,LONG,1055.55,1050.0,68,1,-377.4,-0.53,SIGNAL
RUN_20260808_020316,ChecklistStrategy,AXISBANK,2024-03-27,2024-04-01,LONG,1045.8,1052.35,69,5,451.94,0.63,SIGNAL
RUN_20260808_020316,ChecklistStrategy,AXISBANK,2024-04-04,2024-04-08,LONG,1070.0,1067.0,68,4,-204.0,-0.28,SIGNAL
RUN_20260808_020316,ChecklistStrategy,AXISBANK,2024-04-12,2024-04-15,LONG,1079.5,1063.1,66,3,-1082.4,-1.52,SIGNAL
RUN_20260808_020316,ChecklistStrategy,AXISBANK,2024-05-14,2024-06-05,LONG,1129.95,1138.0,63,22,507.15,0.71,SIGNAL
RUN_20260808_020316,ChecklistStrategy,AXISBANK,2024-06-06,2024-06-13,LONG,1192.1,1201.8,61,7,591.7,0.81,SIGNAL
RUN_20260808_020316,ChecklistStrategy,AXISBANK,2024-06-18,2024-07-12,LONG,1194.0,1293.9,61,24,6093.9,8.37,SIGNAL
RUN_20260808_020316,ChecklistStrategy,AXISBANK,2024-07-15,2024-07-16,LONG,1316.7,1307.45,58,1,-536.5,-0.7,SIGNAL
RUN_20260808_020316,ChecklistStrategy,AXISBANK,2024-08-28,2024-08-29,LONG,1177.0,1169.0,65,1,-520.0,-0.68,SIGNAL
RUN_20260808_020316,ChecklistStrategy,AXISBANK,2024-09-06,2024-09-20,LONG,1176.0,1244.0,64,14,4352.0,5.78,SIGNAL
RUN_20260808_020316,ChecklistStrategy,AXISBANK,2024-09-23,2024-10-03,LONG,1251.5,1207.5,63,10,-2772.0,-3.52,STOP_LOSS
RUN_20260808_020316,ChecklistStrategy,AXISBANK,2024-10-09,2024-10-22,LONG,1154.0,1194.25,67,13,2696.75,3.49,SIGNAL
RUN_20260808_020316,ChecklistStrategy,AXISBANK,2024-10-25,2024-10-29,LONG,1187.0,1176.4,68,4,-720.8,-0.89,SIGNAL
RUN_20260808_020316,ChecklistStrategy,AXISBANK,2024-10-30,2024-11-05,LONG,1178.75,1138.95,66,6,-2626.8,-3.38,STOP_LOSS
RUN_20260808_020316,ChecklistStrategy,AXISBANK,2024-11-28,2024-12-11,LONG,1148.5,1150.0,66,13,99.0,0.13,SIGNAL
RUN_20260808_020316,ChecklistStrategy,AXISBANK,2024-12-16,2024-12-19,LONG,1146.5,1104.9,67,3,-2787.2,-3.63,STOP_LOSS
RUN_20260808_020316,ChecklistStrategy,AXISBANK,2024-12-24,2024-12-31,LONG,1077.3,1062.0,69,7,-1055.7,-1.42,SIGNAL
RUN_20260808_020316,ChecklistStrategy,AXISBANK,2025-01-08,2025-01-10,LONG,1063.75,1056.25,69,2,-517.5,-0.71,SIGNAL
RUN_20260808_020316,ChecklistStrategy,AXISBANK,2025-01-17,2025-01-22,LONG,1000.0,975.75,70,5,-1697.5,-2.43,STOP_LOSS
RUN_20260808_020316,ChecklistStrategy,AXISBANK,2025-02-07,2025-02-10,LONG,1019.5,1021.0,70,3,105.0,0.15,SIGNAL
RUN_20260808_020316,ChecklistStrategy,AXISBANK,2025-03-24,2025-04-08,LONG,1082.0,1061.0,67,15,-1407.0,-1.94,SIGNAL
RUN_20260808_020316,ChecklistStrategy,AXISBANK,2025-04-15,2025-04-30,LONG,1090.0,1185.1,66,15,6276.6,8.72,SIGNAL
RUN_20260808_020316,ChecklistStrategy,AXISBANK,2025-05-22,2025-06-04,LONG,1196.7,1181.8,63,13,-938.69,-1.25,SIGNAL
RUN_20260808_020316,ChecklistStrategy,AXISBANK,2025-06-09,2025-06-12,LONG,1212.5,1231.0,62,3,1147.0,1.53,SIGNAL
RUN_20260808_020316,ChecklistStrategy,AXISBANK,2025-06-19,2025-07-02,LONG,1218.0,1180.0,62,13,-2356.0,-3.12,STOP_LOSS
RUN_20260808_020316,ChecklistStrategy,AXISBANK,2025-08-08,2025-08-19,LONG,1073.0,1078.0,68,11,340.0,0.47,SIGNAL
RUN_20260808_020316,ChecklistStrategy,AXISBANK,2025-12-04,2025-12-17,LONG,1270.7,1220.6,58,13,-2905.8,-3.94,STOP_LOSS
RUN_20260808_020316,ChecklistStrategy,AXISBANK,2026-01-15,2026-01-27,LONG,1298.8,1288.8,55,12,-550.0,-0.77,SIGNAL
RUN_20260808_020316,ChecklistStrategy,AXISBANK,2026-01-30,2026-02-03,LONG,1352.0,1403.0,52,4,2652.0,3.77,SIGNAL
RUN_20260808_020316,ChecklistStrategy,AXISBANK,2026-02-09,2026-02-20,LONG,1350.0,1351.0,54,11,54.0,0.07,SIGNAL
RUN_20260808_020316,ChecklistStrategy,AXISBANK,2026-03-06,2026-03-09,LONG,1347.0,1282.2,54,3,-3499.2,-4.81,STOP_LOSS
RUN_20260808_020316,ChecklistStrategy,AXISBANK,2026-03-10,2026-03-12,LONG,1295.2,1243.2,55,2,-2860.0,-4.01,STOP_LOSS
RUN_20260808_020316,ChecklistStrategy,AXISBANK,2026-03-17,2026-03-23,LONG,1219.7,1181.0,56,6,-2167.2,-3.17,STOP_LOSS
RUN_20260808_020316,ChecklistStrategy,AXISBANK,2026-04-28,2026-05-01,LONG,1312.0,1268.3,50,3,-2185.0,-3.33,STOP_LOSS
RUN_20260808_020316,ChecklistStrategy,AXISBANK,2026-05-19,2026-06-12,LONG,1238.5,1332.0,53,24,4955.5,7.55,SIGNAL
RUN_20260808_020316,ChecklistStrategy,AXISBANK,2026-07-20,2026-07-23,LONG,1275.0,1230.1,52,3,-2334.8,-3.52,STOP_LOSS
RUN_20260808_020316,ChecklistStrategy,AXISBANK,2026-08-03,2026-08-05,LONG,1236.9,1260.0,54,2,1247.4,1.87,SIGNAL
RUN_20260808_020316,ChecklistStrategy,BAJAJ-AUTO,2024-03-15,2024-03-21,LONG,8384.8,8608.2,8,6,1787.2,2.66,SIGNAL
RUN_20260808_020316,ChecklistStrategy,BAJAJ-AUTO,2024-03-22,2024-04-01,LONG,8700.05,9194.8,8,10,3958.0,5.69,SIGNAL
RUN_20260808_020316,ChecklistStrategy,BAJAJ-AUTO,2024-04-12,2024-04-19,LONG,8949.05,9075.05,8,7,1008.0,1.41,SIGNAL
RUN_20260808_020316,ChecklistStrategy,BAJAJ-AUTO,2024-05-02,2024-05-07,LONG,8944.0,9055.15,8,5,889.2,1.24,SIGNAL
RUN_20260808_020316,ChecklistStrategy,BAJAJ-AUTO,2024-05-15,2024-05-16,LONG,9069.0,8950.0,8,1,-952.0,-1.31,SIGNAL
RUN_20260808_020316,ChecklistStrategy,BAJAJ-AUTO,2024-05-17,2024-05-31,LONG,8891.0,8990.0,9,14,891.0,1.11,SIGNAL
RUN_20260808_020316,ChecklistStrategy,BAJAJ-AUTO,2024-06-25,2024-06-27,LONG,9755.0,9564.65,8,2,-1522.8,-1.95,SIGNAL
RUN_20260808_020316,ChecklistStrategy,BAJAJ-AUTO,2024-07-01,2024-07-02,LONG,9505.0,9520.0,8,1,120.0,0.16,SIGNAL
RUN_20260808_020316,ChecklistStrategy,BAJAJ-AUTO,2024-07-16,2024-07-19,LONG,9715.0,9635.0,8,3,-640.0,-0.82,SIGNAL
RUN_20260808_020316,ChecklistStrategy,BAJAJ-AUTO,2024-07-24,2024-08-13,LONG,9360.0,9700.0,8,20,2720.0,3.63,SIGNAL
RUN_20260808_020316,ChecklistStrategy,BAJAJ-AUTO,2024-10-09,2024-10-16,LONG,11944.0,11537.9,6,7,-2436.6,-3.4,STOP_LOSS
RUN_20260808_020316,ChecklistStrategy,BAJAJ-AUTO,2024-10-17,2024-10-18,LONG,11222.2,10049.55,6,1,-7035.9,-10.45,STOP_LOSS
RUN_20260808_020316,ChecklistStrategy,BAJAJ-AUTO,2024-10-24,2024-10-28,LONG,10504.0,10206.1,6,4,-1787.4,-2.84,STOP_LOSS
RUN_20260808_020316,ChecklistStrategy,BAJAJ-AUTO,2024-11-06,2024-11-08,LONG,9883.4,9856.65,7,2,-187.25,-0.27,SIGNAL
RUN_20260808_020316,ChecklistStrategy,BAJAJ-AUTO,2024-11-28,2024-12-06,LONG,9165.1,8953.9,7,8,-1478.39,-2.3,STOP_LOSS
RUN_20260808_020316,ChecklistStrategy,BAJAJ-AUTO,2024-12-12,2024-12-13,LONG,9095.0,8964.15,7,1,-915.95,-1.44,SIGNAL
RUN_20260808_020316,ChecklistStrategy,BAJAJ-AUTO,2025-01-02,2025-01-13,LONG,8740.5,8704.5,8,11,-288.0,-0.41,SIGNAL
RUN_20260808_020316,ChecklistStrategy,BAJAJ-AUTO,2025-02-18,2025-02-24,LONG,8510.1,8450.5,8,6,-476.8,-0.7,SIGNAL
RUN_20260808_020316,ChecklistStrategy,BAJAJ-AUTO,2025-03-07,2025-03-26,LONG,7462.25,8014.35,9,19,4968.9,7.4,SIGNAL
RUN_20260808_020316,ChecklistStrategy,BAJAJ-AUTO,2025-04-02,2025-04-04,LONG,7962.0,7880.0,9,2,-738.0,-1.03,SIGNAL
RUN_20260808_020316,ChecklistStrategy,BAJAJ-AUTO,2025-04-08,2025-04-16,LONG,7384.5,7999.0,9,8,5530.5,8.32,SIGNAL
RUN_20260808_020316,ChecklistStrategy,BAJAJ-AUTO,2025-04-24,2025-04-25,LONG,8260.0,8225.0,9,1,-315.0,-0.42,SIGNAL
RUN_20260808_020316,ChecklistStrategy,BAJAJ-AUTO,2025-04-29,2025-05-05,LONG,8136.5,7869.5,9,6,-2403.0,-3.28,STOP_LOSS
RUN_20260808_020316,ChecklistStrategy,BAJAJ-AUTO,2025-05-06,2025-05-07,LONG,7930.0,7915.5,9,1,-130.5,-0.18,SIGNAL
RUN_20260808_020316,ChecklistStrategy,BAJAJ-AUTO,2025-05-20,2025-05-21,LONG,8850.0,8608.0,8,1,-1936.0,-2.73,STOP_LOSS
RUN_20260808_020316,ChecklistStrategy,BAJAJ-AUTO,2025-05-22,2025-05-29,LONG,8660.0,8907.0,8,7,1976.0,2.85,SIGNAL
RUN_20260808_020316,ChecklistStrategy,BAJAJ-AUTO,2025-06-20,2025-07-11,LONG,8315.0,8285.5,8,21,-236.0,-0.35,SIGNAL
RUN_20260808_020316,ChecklistStrategy,BAJAJ-AUTO,2025-07-24,2025-07-25,LONG,8409.5,8275.0,8,1,-1076.0,-1.6,SIGNAL
RUN_20260808_020316,ChecklistStrategy,BAJAJ-AUTO,2025-07-29,2025-08-13,LONG,8089.5,8214.5,9,15,1125.0,1.55,SIGNAL
RUN_20260808_020316,ChecklistStrategy,BAJAJ-AUTO,2025-08-14,2025-08-18,LONG,8250.0,8400.0,9,4,1350.0,1.82,SIGNAL
RUN_20260808_020316,ChecklistStrategy,BAJAJ-AUTO,2025-09-19,2025-09-25,LONG,9050.0,8821.0,8,6,-1832.0,-2.53,STOP_LOSS
RUN_20260808_020316,ChecklistStrategy,BAJAJ-AUTO,2025-10-06,2025-10-10,LONG,8698.0,8816.0,8,4,944.0,1.36,SIGNAL
RUN_20260808_020316,ChecklistStrategy,BAJAJ-AUTO,2025-10-27,2025-11-03,LONG,9099.5,8900.0,8,7,-1596.0,-2.19,STOP_LOSS
RUN_20260808_020316,ChecklistStrategy,BAJAJ-AUTO,2025-11-10,2025-11-26,LONG,8795.0,9054.0,8,16,2072.0,2.94,SIGNAL
RUN_20260808_020316,ChecklistStrategy,BAJAJ-AUTO,2025-12-05,2025-12-18,LONG,9054.0,8891.0,8,13,-1304.0,-1.8,SIGNAL
RUN_20260808_020316,ChecklistStrategy,BAJAJ-AUTO,2025-12-22,2025-12-29,LONG,9010.0,9069.5,8,7,476.0,0.66,SIGNAL
RUN_20260808_020316,ChecklistStrategy,BAJAJ-AUTO,2025-12-30,2026-01-05,LONG,9087.0,9520.0,8,6,3464.0,4.77,SIGNAL
RUN_20260808_020316,ChecklistStrategy,BAJAJ-AUTO,2026-01-14,2026-01-21,LONG,9576.0,9150.0,8,7,-3408.0,-4.45,STOP_LOSS
RUN_20260808_020316,ChecklistStrategy,BAJAJ-AUTO,2026-03-23,2026-03-24,LONG,8989.5,8900.0,8,1,-716.0,-1.0,SIGNAL
RUN_20260808_020316,ChecklistStrategy,BAJAJ-AUTO,2026-04-24,2026-05-05,LONG,9600.0,10131.0,7,11,3717.0,5.53,SIGNAL
RUN_20260808_020316,ChecklistStrategy,BAJAJ-AUTO,2026-05-20,2026-05-25,LONG,10158.0,10700.0,7,5,3794.0,5.34,SIGNAL
RUN_20260808_020316,ChecklistStrategy,BAJAJ-AUTO,2026-05-27,2026-06-02,LONG,10625.0,10305.0,7,6,-2240.0,-3.01,STOP_LOSS
RUN_20260808_020316,ChecklistStrategy,BAJAJ-AUTO,2026-06-05,2026-06-10,LONG,10394.0,10229.0,7,5,-1155.0,-1.59,SIGNAL
RUN_20260808_020316,ChecklistStrategy,BAJAJ-AUTO,2026-07-01,2026-07-15,LONG,9762.0,10200.0,7,14,3066.0,4.49,SIGNAL
RUN_20260808_020316,ChecklistStrategy,BAJAJFINSV,2024-02-01,2024-02-07,LONG,1632.0,1609.0,46,6,-1058.0,-1.41,SIGNAL
RUN_20260808_020316,ChecklistStrategy,BAJAJFINSV,2024-02-14,2024-02-21,LONG,1560.0,1604.0,47,7,2068.0,2.82,SIGNAL
RUN_20260808_020316,ChecklistStrategy,BAJAJFINSV,2024-03-01,2024-03-06,LONG,1597.95,1558.0,47,5,-1877.65,-2.5,STOP_LOSS
RUN_20260808_020316,ChecklistStrategy,BAJAJFINSV,2024-03-07,2024-03-26,LONG,1557.15,1589.0,47,19,1496.95,2.05,SIGNAL
RUN_20260808_020316,ChecklistStrategy,BAJAJFINSV,2024-05-29,2024-05-31,LONG,1594.15,1530.0,47,2,-3015.05,-4.02,STOP_LOSS
RUN_20260808_020316,ChecklistStrategy,BAJAJFINSV,2024-06-06,2024-07-01,LONG,1521.5,1588.2,48,25,3201.6,4.38,SIGNAL
RUN_20260808_020316,ChecklistStrategy,BAJAJFINSV,2024-08-12,2024-09-04,LONG,1557.0,1840.2,48,23,13593.6,18.19,SIGNAL
RUN_20260808_020316,ChecklistStrategy,BAJAJFINSV,2024-09-19,2024-10-01,LONG,1890.0,1973.0,45,12,3735.0,4.39,SIGNAL
RUN_20260808_020316,ChecklistStrategy,BAJAJFINSV,2024-10-10,2024-10-15,LONG,1874.8,1873.6,47,5,-56.4,-0.06,SIGNAL
RUN_20260808_020316,ChecklistStrategy,BAJAJFINSV,2024-10-29,2024-10-31,LONG,1725.15,1745.2,50,2,1002.5,1.16,SIGNAL
RUN_20260808_020316,ChecklistStrategy,BAJAJFINSV,2024-11-06,2024-11-11,LONG,1732.1,1727.55,51,5,-232.05,-0.26,SIGNAL
RUN_20260808_020316,ChecklistStrategy,BAJAJFINSV,2024-11-28,2024-11-29,LONG,1605.0,1581.9,55,1,-1270.5,-1.44,SIGNAL
RUN_20260808_020316,ChecklistStrategy,BAJAJFINSV,2025-01-17,2025-01-27,LONG,1686.1,1714.85,51,10,1466.25,1.71,SIGNAL
RUN_20260808_020316,ChecklistStrategy,BAJAJFINSV,2025-02-03,2025-02-05,LONG,1735.0,1811.0,50,2,3800.0,4.38,SIGNAL
RUN_20260808_020316,ChecklistStrategy,BAJAJFINSV,2025-02-13,2025-02-25,LONG,1803.95,1857.8,51,12,2746.35,2.99,SIGNAL
RUN_20260808_020316,ChecklistStrategy,BAJAJFINSV,2025-03-06,2025-03-11,LONG,1818.8,1830.0,51,5,571.2,0.62,SIGNAL
RUN_20260808_020316,ChecklistStrategy,BAJAJFINSV,2025-03-21,2025-03-27,LONG,1878.0,1940.0,50,6,3100.0,3.3,SIGNAL
RUN_20260808_020316,ChecklistStrategy,BAJAJFINSV,2025-03-28,2025-04-02,LONG,1995.75,1946.3,48,5,-2373.6,-2.48,STOP_LOSS
RUN_20260808_020316,ChecklistStrategy,BAJAJFINSV,2025-05-05,2025-05-09,LONG,1964.9,1970.0,48,4,244.8,0.26,SIGNAL
RUN_20260808_020316,ChecklistStrategy,BAJAJFINSV,2025-05-16,2025-05-20,LONG,2054.0,2047.0,46,4,-322.0,-0.34,SIGNAL
RUN_20260808_020316,ChecklistStrategy,BAJAJFINSV,2025-05-22,2025-05-23,LONG,2037.3,2005.9,46,1,-1444.4,-1.54,SIGNAL
RUN_20260808_020316,ChecklistStrategy,BAJAJFINSV,2025-05-26,2025-05-27,LONG,2044.0,2050.0,45,1,270.0,0.29,SIGNAL
RUN_20260808_020316,ChecklistStrategy,BAJAJFINSV,2025-06-12,2025-06-13,LONG,2016.0,2000.0,46,1,-736.0,-0.79,SIGNAL
RUN_20260808_020316,ChecklistStrategy,BAJAJFINSV,2025-07-17,2025-07-28,LONG,2037.6,1990.0,45,11,-2142.0,-2.34,STOP_LOSS
RUN_20260808_020316,ChecklistStrategy,BAJAJFINSV,2025-07-30,2025-08-04,LONG,1972.7,1923.0,46,5,-2286.2,-2.52,STOP_LOSS
RUN_20260808_020316,ChecklistStrategy,BAJAJFINSV,2025-08-05,2025-09-09,LONG,1930.1,2012.0,46,35,3767.4,4.24,SIGNAL
RUN_20260808_020316,ChecklistStrategy,BAJAJFINSV,2025-09-15,2025-09-17,LONG,2078.0,2088.0,44,2,440.0,0.48,SIGNAL
RUN_20260808_020316,ChecklistStrategy,BAJAJFINSV,2025-09-30,2025-10-01,LONG,2025.0,2008.9,45,1,-724.5,-0.8,SIGNAL
RUN_20260808_020316,ChecklistStrategy,BAJAJFINSV,2025-10-06,2025-10-13,LONG,1996.1,2004.1,45,7,360.0,0.4,SIGNAL
RUN_20260808_020316,ChecklistStrategy,BAJAJFINSV,2025-10-14,2025-10-20,LONG,2024.9,2088.0,45,6,2839.5,3.12,SIGNAL
RUN_20260808_020316,ChecklistStrategy,BAJAJFINSV,2025-11-10,2025-11-12,LONG,2114.7,2009.5,44,2,-4628.8,-4.97,STOP_LOSS
RUN_20260808_020316,ChecklistStrategy,BAJAJFINSV,2025-11-13,2025-11-24,LONG,2045.0,2064.0,44,11,836.0,0.93,SIGNAL
RUN_20260808_020316,ChecklistStrategy,BAJAJFINSV,2025-12-31,2026-01-01,LONG,2030.2,2045.0,45,1,666.0,0.73,SIGNAL
RUN_20260808_020316,ChecklistStrategy,BAJAJFINSV,2026-01-29,2026-02-06,LONG,1927.0,2000.1,47,8,3435.7,3.79,SIGNAL
RUN_20260808_020316,ChecklistStrategy,BAJAJFINSV,2026-02-09,2026-02-12,LONG,2026.9,2025.0,46,3,-87.4,-0.09,SIGNAL
RUN_20260808_020316,ChecklistStrategy,BAJAJFINSV,2026-02-13,2026-02-18,LONG,2035.0,2040.0,46,5,230.0,0.25,SIGNAL
RUN_20260808_020316,ChecklistStrategy,BAJAJFINSV,2026-02-23,2026-03-02,LONG,2050.0,1950.0,45,7,-4500.0,-4.88,STOP_LOSS
RUN_20260808_020316,ChecklistStrategy,BAJAJFINSV,2026-03-10,2026-03-12,LONG,1845.1,1786.9,49,2,-2851.8,-3.15,STOP_LOSS
RUN_20260808_020316,ChecklistStrategy,BAJAJFINSV,2026-03-17,2026-03-20,LONG,1775.6,1724.0,49,3,-2528.4,-2.91,STOP_LOSS
RUN_20260808_020316,ChecklistStrategy,BAJAJFINSV,2026-03-25,2026-04-01,LONG,1720.8,1679.0,50,7,-2090.0,-2.43,STOP_LOSS
RUN_20260808_020316,ChecklistStrategy,BAJAJFINSV,2026-04-06,2026-04-10,LONG,1635.0,1777.8,51,4,7282.8,8.73,SIGNAL
RUN_20260808_020316,ChecklistStrategy,BAJAJFINSV,2026-04-20,2026-04-23,LONG,1839.9,1821.5,49,3,-901.6,-1.0,SIGNAL
RUN_20260808_020316,ChecklistStrategy,BAJAJFINSV,2026-05-15,2026-05-18,LONG,1735.1,1715.0,51,3,-1025.1,-1.16,SIGNAL
RUN_20260808_020316,ChecklistStrategy,BAJAJFINSV,2026-05-19,2026-05-20,LONG,1745.2,1732.5,50,1,-635.0,-0.73,SIGNAL
RUN_20260808_020316,ChecklistStrategy,BAJAJFINSV,2026-06-03,2026-06-08,LONG,1739.0,1684.0,50,5,-2750.0,-3.16,STOP_LOSS
RUN_20260808_020316,ChecklistStrategy,BAJAJFINSV,2026-06-22,2026-06-30,LONG,1768.1,1760.0,48,8,-388.8,-0.46,SIGNAL
RUN_20260808_020316,ChecklistStrategy,BAJAJFINSV,2026-07-20,2026-07-23,LONG,1852.1,1870.0,46,3,823.4,0.97,SIGNAL
RUN_20260808_020316,ChecklistStrategy,BAJFINANCE,2024-02-01,2024-02-02,LONG,686.59,675.5,109,1,-1208.81,-1.62,SIGNAL
RUN_20260808_020316,ChecklistStrategy,BAJFINANCE,2024-02-12,2024-02-22,LONG,666.95,669.1,111,10,239.76,0.32,SIGNAL
RUN_20260808_020316,ChecklistStrategy,BAJFINANCE,2024-03-07,2024-03-15,LONG,635.0,637.51,117,8,293.09,0.4,SIGNAL
RUN_20260808_020316,ChecklistStrategy,BAJFINANCE,2024-03-18,2024-03-19,LONG,651.43,650.97,114,1,-53.01,-0.07,SIGNAL
RUN_20260808_020316,ChecklistStrategy,BAJFINANCE,2024-04-22,2024-04-26,LONG,716.73,700.0,104,4,-1739.92,-2.33,STOP_LOSS
RUN_20260808_020316,ChecklistStrategy,BAJFINANCE,2024-04-30,2024-05-10,LONG,682.99,663.89,106,10,-2025.13,-2.8,STOP_LOSS
RUN_20260808_020316,ChecklistStrategy,BAJFINANCE,2024-05-13,2024-05-21,LONG,668.4,670.5,106,8,222.6,0.31,SIGNAL
RUN_20260808_020316,ChecklistStrategy,BAJFINANCE,2024-06-06,2024-06-26,LONG,685.0,707.0,104,20,2288.0,3.21,SIGNAL
RUN_20260808_020316,ChecklistStrategy,BAJFINANCE,2024-06-27,2024-07-05,LONG,715.0,713.4,102,8,-163.2,-0.22,SIGNAL
RUN_20260808_020316,ChecklistStrategy,BAJFINANCE,2024-07-08,2024-07-09,LONG,714.49,710.98,102,1,-358.02,-0.49,SIGNAL
RUN_20260808_020316,ChecklistStrategy,BAJFINANCE,2024-07-15,2024-07-18,LONG,702.01,704.71,103,3,278.62,0.38,SIGNAL
RUN_20260808_020316,ChecklistStrategy,BAJFINANCE,2024-07-19,2024-07-22,LONG,711.0,693.2,102,3,-1815.6,-2.5,STOP_LOSS
RUN_20260808_020316,ChecklistStrategy,BAJFINANCE,2024-07-26,2024-08-01,LONG,667.51,683.15,107,6,1674.02,2.34,SIGNAL
RUN_20260808_020316,ChecklistStrategy,BAJFINANCE,2024-09-09,2024-09-11,LONG,732.4,725.0,99,2,-732.6,-1.01,SIGNAL
RUN_20260808_020316,ChecklistStrategy,BAJFINANCE,2024-10-08,2024-10-14,LONG,726.48,729.27,99,6,275.72,0.38,SIGNAL
RUN_20260808_020316,ChecklistStrategy,BAJFINANCE,2024-10-24,2024-10-25,LONG,701.25,704.09,103,1,292.52,0.4,SIGNAL
RUN_20260808_020316,ChecklistStrategy,BAJFINANCE,2024-10-30,2024-10-31,LONG,699.9,694.9,103,1,-515.0,-0.71,SIGNAL
RUN_20260808_020316,ChecklistStrategy,BAJFINANCE,2024-11-06,2024-11-08,LONG,693.5,690.45,104,2,-317.2,-0.44,SIGNAL
RUN_20260808_020316,ChecklistStrategy,BAJFINANCE,2024-11-21,2024-11-22,LONG,661.4,647.0,108,1,-1555.2,-2.18,STOP_LOSS
RUN_20260808_020316,ChecklistStrategy,BAJFINANCE,2024-11-28,2024-11-29,LONG,671.4,651.9,105,1,-2047.5,-2.9,STOP_LOSS
RUN_20260808_020316,ChecklistStrategy,BAJFINANCE,2025-01-02,2025-01-07,LONG,698.0,735.49,99,5,3712.0,5.37,SIGNAL
RUN_20260808_020316,ChecklistStrategy,BAJFINANCE,2025-01-17,2025-01-27,LONG,722.1,738.01,99,10,1575.09,2.2,SIGNAL
RUN_20260808_020316,ChecklistStrategy,BAJFINANCE,2025-02-03,2025-02-05,LONG,792.22,850.0,91,2,5257.98,7.29,SIGNAL
RUN_20260808_020316,ChecklistStrategy,BAJFINANCE,2025-03-07,2025-03-11,LONG,840.99,830.5,91,4,-954.59,-1.25,SIGNAL
RUN_20260808_020316,ChecklistStrategy,BAJFINANCE,2025-03-18,2025-03-20,LONG,858.03,872.5,88,2,1272.92,1.69,SIGNAL
RUN_20260808_020316,ChecklistStrategy,BAJFINANCE,2025-04-30,2025-05-02,LONG,884.0,857.55,84,2,-2221.8,-2.99,STOP_LOSS
RUN_20260808_020316,ChecklistStrategy,BAJFINANCE,2025-05-05,2025-05-09,LONG,887.75,865.0,85,4,-1933.75,-2.56,STOP_LOSS
RUN_20260808_020316,ChecklistStrategy,BAJFINANCE,2025-05-20,2025-05-21,LONG,929.8,910.0,79,1,-1564.2,-2.13,STOP_LOSS
RUN_20260808_020316,ChecklistStrategy,BAJFINANCE,2025-05-22,2025-05-28,LONG,919.75,924.5,79,6,375.25,0.52,SIGNAL
RUN_20260808_020316,ChecklistStrategy,BAJFINANCE,2025-07-09,2025-07-17,LONG,926.5,925.95,78,8,-42.9,-0.06,SIGNAL
RUN_20260808_020316,ChecklistStrategy,BAJFINANCE,2025-07-21,2025-07-28,LONG,938.9,909.25,77,7,-2283.05,-3.16,STOP_LOSS
RUN_20260808_020316,ChecklistStrategy,BAJFINANCE,2025-08-05,2025-08-06,LONG,889.0,888.0,80,1,-80.0,-0.11,SIGNAL
RUN_20260808_020316,ChecklistStrategy,BAJFINANCE,2025-08-14,2025-08-25,LONG,860.0,902.1,82,11,3452.2,4.9,SIGNAL
RUN_20260808_020316,ChecklistStrategy,BAJFINANCE,2025-09-04,2025-09-17,LONG,915.0,1010.0,82,13,7790.0,10.38,SIGNAL
RUN_20260808_020316,ChecklistStrategy,BAJFINANCE,2025-09-30,2025-10-15,LONG,990.0,1026.0,80,15,2880.0,3.64,SIGNAL
RUN_20260808_020316,ChecklistStrategy,BAJFINANCE,2025-11-13,2025-11-20,LONG,1012.5,1015.0,80,7,200.0,0.25,SIGNAL
RUN_20260808_020316,ChecklistStrategy,BAJFINANCE,2025-11-27,2025-12-09,LONG,1015.6,1025.0,80,12,752.0,0.93,SIGNAL
RUN_20260808_020316,ChecklistStrategy,BAJFINANCE,2025-12-15,2025-12-16,LONG,1015.0,1007.5,80,1,-600.0,-0.74,SIGNAL
RUN_20260808_020316,ChecklistStrategy,BAJFINANCE,2026-01-05,2026-01-06,LONG,979.7,978.0,82,1,-139.4,-0.17,SIGNAL
RUN_20260808_020316,ChecklistStrategy,BAJFINANCE,2026-01-23,2026-01-28,LONG,942.85,914.7,86,5,-2420.9,-2.99,STOP_LOSS
RUN_20260808_020316,ChecklistStrategy,BAJFINANCE,2026-01-29,2026-02-03,LONG,935.15,960.0,85,5,2112.25,2.66,SIGNAL
RUN_20260808_020316,ChecklistStrategy,BAJFINANCE,2026-02-06,2026-02-10,LONG,973.95,983.15,84,4,772.8,0.94,SIGNAL
RUN_20260808_020316,ChecklistStrategy,BAJFINANCE,2026-03-06,2026-03-10,LONG,960.0,950.0,84,4,-840.0,-1.04,SIGNAL
RUN_20260808_020316,ChecklistStrategy,BAJFINANCE,2026-03-17,2026-03-18,LONG,878.15,876.1,92,1,-188.6,-0.23,SIGNAL
RUN_20260808_020316,ChecklistStrategy,BAJFINANCE,2026-03-24,2026-04-01,LONG,830.0,832.8,99,8,277.2,0.34,SIGNAL
RUN_20260808_020316,ChecklistStrategy,BAJFINANCE,2026-04-27,2026-05-01,LONG,923.05,937.0,88,4,1227.6,1.51,SIGNAL
RUN_20260808_020316,ChecklistStrategy,BAJFINANCE,2026-05-19,2026-05-22,LONG,927.6,908.1,89,3,-1735.5,-2.1,STOP_LOSS
RUN_20260808_020316,ChecklistStrategy,BAJFINANCE,2026-07-08,2026-07-10,LONG,1025.0,1010.1,77,2,-1147.3,-1.45,SIGNAL
RUN_20260808_020316,ChecklistStrategy,BAJFINANCE,2026-07-16,2026-07-21,LONG,1024.0,1064.0,78,5,3120.0,3.91,SIGNAL
RUN_20260808_020316,ChecklistStrategy,BEL,2024-01-19,2024-01-31,LONG,190.0,188.2,398,12,-716.4,-0.95,SIGNAL
RUN_20260808_020316,ChecklistStrategy,BEL,2024-02-14,2024-02-20,LONG,177.25,189.1,421,6,4988.85,6.69,SIGNAL
RUN_20260808_020316,ChecklistStrategy,BEL,2024-03-21,2024-04-19,LONG,190.0,228.55,416,29,16036.8,20.29,SIGNAL
RUN_20260808_020316,ChecklistStrategy,BEL,2024-05-13,2024-05-17,LONG,228.4,241.0,396,4,4989.6,5.52,SIGNAL
RUN_20260808_020316,ChecklistStrategy,BEL,2024-06-06,2024-06-20,LONG,267.0,309.8,360,14,15408.0,16.03,SIGNAL
RUN_20260808_020316,ChecklistStrategy,BEL,2024-07-23,2024-07-24,LONG,317.0,302.5,337,1,-4886.5,-4.57,STOP_LOSS
RUN_20260808_020316,ChecklistStrategy,BEL,2024-08-26,2024-08-28,LONG,308.7,301.05,332,2,-2539.81,-2.48,STOP_LOSS
RUN_20260808_020316,ChecklistStrategy,BEL,2024-09-02,2024-09-06,LONG,301.95,290.35,333,4,-3862.8,-3.84,STOP_LOSS
RUN_20260808_020316,ChecklistStrategy,BEL,2024-09-23,2024-10-01,LONG,280.0,285.1,348,8,1774.8,1.82,SIGNAL
RUN_20260808_020316,ChecklistStrategy,BEL,2024-10-09,2024-10-23,LONG,282.0,271.0,349,14,-3839.0,-3.9,STOP_LOSS
RUN_20260808_020316,ChecklistStrategy,BEL,2024-12-02,2024-12-03,LONG,307.8,309.0,308,1,369.6,0.39,SIGNAL
RUN_20260808_020316,ChecklistStrategy,BEL,2024-12-24,2024-12-26,LONG,296.25,293.0,323,2,-1049.75,-1.1,SIGNAL
RUN_20260808_020316,ChecklistStrategy,BEL,2024-12-27,2024-12-30,LONG,295.85,292.05,320,3,-1216.01,-1.28,SIGNAL
RUN_20260808_020316,ChecklistStrategy,BEL,2025-01-01,2025-01-02,LONG,293.15,294.45,319,1,414.71,0.44,SIGNAL
RUN_20260808_020316,ChecklistStrategy,BEL,2025-01-08,2025-01-10,LONG,287.0,280.0,326,2,-2282.0,-2.44,STOP_LOSS
RUN_20260808_020316,ChecklistStrategy,BEL,2025-02-04,2025-02-07,LONG,276.0,280.75,335,3,1591.25,1.72,SIGNAL
RUN_20260808_020316,ChecklistStrategy,BEL,2025-02-14,2025-02-17,LONG,262.2,248.95,356,3,-4717.01,-5.05,STOP_LOSS
RUN_20260808_020316,ChecklistStrategy,BEL,2025-02-18,2025-02-24,LONG,249.0,251.0,360,6,720.0,0.8,SIGNAL
RUN_20260808_020316,ChecklistStrategy,BEL,2025-04-04,2025-04-07,LONG,287.1,257.0,313,3,-9421.3,-10.48,STOP_LOSS
RUN_20260808_020316,ChecklistStrategy,BEL,2025-05-12,2025-05-13,LONG,325.0,323.7,262,1,-340.6,-0.4,SIGNAL
RUN_20260808_020316,ChecklistStrategy,BEL,2025-06-16,2025-07-03,LONG,396.15,427.7,209,17,6593.95,7.96,SIGNAL
RUN_20260808_020316,ChecklistStrategy,BEL,2025-07-09,2025-07-10,LONG,423.95,418.45,207,1,-1138.5,-1.3,SIGNAL
RUN_20260808_020316,ChecklistStrategy,BEL,2025-07-30,2025-08-01,LONG,390.95,383.1,223,2,-1750.55,-2.01,STOP_LOSS
RUN_20260808_020316,ChecklistStrategy,BEL,2025-08-22,2025-08-25,LONG,373.8,377.85,228,3,923.4,1.08,SIGNAL
RUN_20260808_020316,ChecklistStrategy,BEL,2025-09-01,2025-09-04,LONG,369.95,381.5,232,3,2679.6,3.12,SIGNAL
RUN_20260808_020316,ChecklistStrategy,BEL,2025-09-15,2025-09-22,LONG,400.0,409.8,220,7,2156.0,2.45,SIGNAL
RUN_20260808_020316,ChecklistStrategy,BEL,2025-09-26,2025-09-30,LONG,403.65,405.0,222,4,299.7,0.33,SIGNAL
RUN_20260808_020316,ChecklistStrategy,BEL,2025-10-03,2025-10-08,LONG,406.8,410.4,220,5,792.0,0.88,SIGNAL
RUN_20260808_020316,ChecklistStrategy,BEL,2025-10-10,2025-10-14,LONG,409.0,410.0,220,4,220.0,0.24,SIGNAL
RUN_20260808_020316,ChecklistStrategy,BEL,2025-10-16,2025-10-20,LONG,409.1,416.5,221,4,1635.4,1.81,SIGNAL
RUN_20260808_020316,ChecklistStrategy,BEL,2025-10-31,2025-11-25,LONG,413.8,406.5,223,25,-1627.9,-1.76,SIGNAL
RUN_20260808_020316,ChecklistStrategy,BEL,2025-11-26,2025-11-28,LONG,410.25,414.0,220,2,825.0,0.91,SIGNAL
RUN_20260808_020316,ChecklistStrategy,BEL,2025-12-05,2025-12-09,LONG,409.0,385.05,223,4,-5340.85,-5.86,STOP_LOSS
RUN_20260808_020316,ChecklistStrategy,BEL,2026-02-02,2026-02-16,LONG,432.0,433.05,193,14,202.65,0.24,SIGNAL
RUN_20260808_020316,ChecklistStrategy,BEL,2026-02-26,2026-03-02,LONG,440.6,442.1,198,4,297.0,0.34,SIGNAL
RUN_20260808_020316,ChecklistStrategy,BEL,2026-03-04,2026-03-05,LONG,460.0,448.8,192,1,-2150.4,-2.43,STOP_LOSS
RUN_20260808_020316,ChecklistStrategy,BEL,2026-03-06,2026-03-10,LONG,462.0,465.0,186,4,558.0,0.65,SIGNAL
RUN_20260808_020316,ChecklistStrategy,BEL,2026-03-25,2026-03-30,LONG,416.3,400.0,207,5,-3374.1,-3.92,STOP_LOSS
RUN_20260808_020316,ChecklistStrategy,BEL,2026-04-29,2026-05-06,LONG,437.05,437.0,191,7,-9.55,-0.01,SIGNAL
RUN_20260808_020316,ChecklistStrategy,BEL,2026-05-14,2026-05-20,LONG,431.0,416.3,194,6,-2851.8,-3.41,STOP_LOSS
RUN_20260808_020316,ChecklistStrategy,BEL,2026-06-03,2026-06-22,LONG,408.0,428.1,198,19,3979.8,4.93,SIGNAL
RUN_20260808_020316,ChecklistStrategy,BHARTIARTL,2024-02-23,2024-02-29,LONG,1127.0,1118.85,66,6,-537.9,-0.72,SIGNAL
RUN_20260808_020316,ChecklistStrategy,BHARTIARTL,2024-03-15,2024-03-22,LONG,1190.0,1226.95,62,7,2290.9,3.11,SIGNAL
RUN_20260808_020316,ChecklistStrategy,BHARTIARTL,2024-03-26,2024-04-08,LONG,1225.0,1188.0,61,13,-2257.0,-3.02,STOP_LOSS
RUN_20260808_020316,ChecklistStrategy,BHARTIARTL,2024-05-09,2024-05-23,LONG,1283.0,1350.75,57,14,3861.75,5.28,SIGNAL
RUN_20260808_020316,ChecklistStrategy,BHARTIARTL,2024-06-06,2024-06-11,LONG,1359.0,1426.0,57,5,3819.0,4.93,SIGNAL
RUN_20260808_020316,ChecklistStrategy,BHARTIARTL,2024-07-11,2024-08-05,LONG,1450.0,1482.0,55,25,1760.0,2.21,SIGNAL
RUN_20260808_020316,ChecklistStrategy,BHARTIARTL,2024-08-16,2024-08-21,LONG,1480.0,1453.0,55,5,-1485.0,-1.82,SIGNAL
RUN_20260808_020316,ChecklistStrategy,BHARTIARTL,2024-08-22,2024-08-28,LONG,1473.7,1527.95,54,6,2929.5,3.68,SIGNAL
RUN_20260808_020316,ChecklistStrategy,BHARTIARTL,2024-10-08,2024-10-09,LONG,1662.6,1666.75,49,1,203.35,0.25,SIGNAL
RUN_20260808_020316,ChecklistStrategy,BHARTIARTL,2024-10-14,2024-10-18,LONG,1686.0,1710.0,48,4,1152.0,1.42,SIGNAL
RUN_20260808_020316,ChecklistStrategy,BHARTIARTL,2024-10-21,2024-10-28,LONG,1705.55,1658.15,48,7,-2275.2,-2.78,STOP_LOSS
RUN_20260808_020316,ChecklistStrategy,BHARTIARTL,2024-12-02,2024-12-04,LONG,1627.15,1629.75,50,2,130.0,0.16,SIGNAL
RUN_20260808_020316,ChecklistStrategy,BHARTIARTL,2024-12-06,2024-12-09,LONG,1618.0,1595.9,50,3,-1105.0,-1.37,SIGNAL
RUN_20260808_020316,ChecklistStrategy,BHARTIARTL,2024-12-13,2024-12-17,LONG,1618.0,1650.5,50,4,1625.0,2.01,SIGNAL
RUN_20260808_020316,ChecklistStrategy,BHARTIARTL,2024-12-24,2024-12-26,LONG,1590.0,1583.9,51,2,-311.1,-0.38,SIGNAL
RUN_20260808_020316,ChecklistStrategy,BHARTIARTL,2025-01-23,2025-01-30,LONG,1624.5,1606.7,50,7,-890.0,-1.1,SIGNAL
RUN_20260808_020316,ChecklistStrategy,BHARTIARTL,2025-02-04,2025-02-05,LONG,1662.15,1670.0,49,1,384.65,0.47,SIGNAL
RUN_20260808_020316,ChecklistStrategy,BHARTIARTL,2025-02-27,2025-03-03,LONG,1643.4,1579.0,49,4,-3155.6,-3.92,STOP_LOSS
RUN_20260808_020316,ChecklistStrategy,BHARTIARTL,2025-03-04,2025-03-07,LONG,1589.0,1629.0,49,3,1960.0,2.52,SIGNAL
RUN_20260808_020316,ChecklistStrategy,BHARTIARTL,2025-03-12,2025-03-13,LONG,1690.0,1650.8,48,1,-1881.6,-2.32,STOP_LOSS
RUN_20260808_020316,ChecklistStrategy,BHARTIARTL,2025-04-30,2025-05-08,LONG,1837.0,1897.0,43,8,2580.0,3.27,SIGNAL
RUN_20260808_020316,ChecklistStrategy,BHARTIARTL,2025-06-12,2025-06-13,LONG,1871.9,1815.0,43,1,-2446.7,-3.04,STOP_LOSS
RUN_20260808_020316,ChecklistStrategy,BHARTIARTL,2025-08-12,2025-08-22,LONG,1857.4,1934.0,42,10,3217.2,4.12,SIGNAL
RUN_20260808_020316,ChecklistStrategy,BHARTIARTL,2025-09-12,2025-09-19,LONG,1925.0,1930.2,42,7,218.4,0.27,SIGNAL
RUN_20260808_020316,ChecklistStrategy,BHARTIARTL,2025-09-22,2025-09-26,LONG,1954.0,1931.1,41,4,-938.9,-1.17,SIGNAL
RUN_20260808_020316,ChecklistStrategy,BHARTIARTL,2025-10-06,2025-10-13,LONG,1892.6,1937.9,42,7,1902.6,2.39,SIGNAL
RUN_20260808_020316,ChecklistStrategy,BHARTIARTL,2025-12-03,2025-12-09,LONG,2100.1,2086.8,39,6,-518.7,-0.63,SIGNAL
RUN_20260808_020316,ChecklistStrategy,BHARTIARTL,2025-12-15,2025-12-16,LONG,2070.1,2070.1,39,1,0.0,0.0,SIGNAL
RUN_20260808_020316,ChecklistStrategy,BHARTIARTL,2026-01-30,2026-02-20,LONG,1925.6,1981.1,41,21,2275.5,2.88,SIGNAL
RUN_20260808_020316,ChecklistStrategy,BHARTIARTL,2026-02-27,2026-03-09,LONG,1910.0,1831.0,43,10,-3397.0,-4.14,STOP_LOSS
RUN_20260808_020316,ChecklistStrategy,BHARTIARTL,2026-06-22,2026-06-24,LONG,1915.8,1891.2,42,2,-1033.2,-1.28,SIGNAL
RUN_20260808_020316,ChecklistStrategy,BHARTIARTL,2026-07-02,2026-07-08,LONG,1860.8,1911.0,42,6,2108.4,2.7,SIGNAL
RUN_20260808_020316,ChecklistStrategy,BHARTIARTL,2026-07-15,2026-07-16,LONG,1953.7,1928.0,42,1,-1079.4,-1.32,SIGNAL
RUN_20260808_020316,ChecklistStrategy,BHARTIARTL,2026-07-21,2026-07-27,LONG,1946.4,1892.0,41,6,-2230.4,-2.79,STOP_LOSS
RUN_20260808_020316,ChecklistStrategy,CIPLA,2024-02-01,2024-02-09,LONG,1359.7,1428.1,55,8,3762.0,5.03,SIGNAL
RUN_20260808_020316,ChecklistStrategy,CIPLA,2024-02-23,2024-03-04,LONG,1456.15,1483.0,53,10,1423.05,1.84,SIGNAL
RUN_20260808_020316,ChecklistStrategy,CIPLA,2024-03-14,2024-03-20,LONG,1467.1,1435.8,53,6,-1658.9,-2.13,STOP_LOSS
RUN_20260808_020316,ChecklistStrategy,CIPLA,2024-05-03,2024-05-08,LONG,1428.0,1375.05,54,5,-2859.3,-3.71,STOP_LOSS
RUN_20260808_020316,ChecklistStrategy,CIPLA,2024-05-16,2024-05-27,LONG,1409.0,1491.0,53,11,4346.0,5.82,SIGNAL
RUN_20260808_020316,ChecklistStrategy,CIPLA,2024-06-05,2024-06-07,LONG,1490.0,1484.0,53,2,-318.0,-0.4,SIGNAL
RUN_20260808_020316,ChecklistStrategy,CIPLA,2024-06-10,2024-06-14,LONG,1506.9,1545.0,52,4,1981.2,2.53,SIGNAL
RUN_20260808_020316,ChecklistStrategy,CIPLA,2024-07-10,2024-07-16,LONG,1512.1,1517.2,52,6,265.2,0.34,SIGNAL
RUN_20260808_020316,ChecklistStrategy,CIPLA,2024-08-01,2024-09-27,LONG,1545.95,1630.15,51,57,4294.2,5.45,SIGNAL
RUN_20260808_020316,ChecklistStrategy,CIPLA,2024-10-03,2024-10-07,LONG,1661.25,1623.0,49,4,-1874.25,-2.3,STOP_LOSS
RUN_20260808_020316,ChecklistStrategy,CIPLA,2024-10-15,2024-10-17,LONG,1601.9,1562.2,51,2,-2024.7,-2.48,STOP_LOSS
RUN_20260808_020316,ChecklistStrategy,CIPLA,2024-12-06,2024-12-09,LONG,1513.25,1480.0,53,3,-1762.25,-2.2,STOP_LOSS
RUN_20260808_020316,ChecklistStrategy,CIPLA,2024-12-16,2024-12-23,LONG,1448.0,1473.95,54,7,1401.3,1.79,SIGNAL
RUN_20260808_020316,ChecklistStrategy,CIPLA,2024-12-27,2025-01-06,LONG,1488.6,1500.0,53,10,604.2,0.77,SIGNAL
RUN_20260808_020316,ChecklistStrategy,CIPLA,2025-01-16,2025-01-27,LONG,1451.75,1408.1,55,11,-2400.75,-3.01,STOP_LOSS
RUN_20260808_020316,ChecklistStrategy,CIPLA,2025-01-29,2025-02-03,LONG,1440.0,1435.0,55,5,-275.0,-0.35,SIGNAL
RUN_20260808_020316,ChecklistStrategy,CIPLA,2025-02-14,2025-02-27,LONG,1478.0,1452.0,53,13,-1378.0,-1.76,SIGNAL
RUN_20260808_020316,ChecklistStrategy,CIPLA,2025-03-05,2025-03-11,LONG,1395.1,1448.0,54,6,2856.6,3.79,SIGNAL
RUN_20260808_020316,ChecklistStrategy,CIPLA,2025-03-13,2025-04-04,LONG,1456.4,1495.7,54,22,2122.2,2.7,SIGNAL
RUN_20260808_020316,ChecklistStrategy,CIPLA,2025-04-17,2025-04-28,LONG,1498.0,1525.9,53,11,1478.7,1.86,SIGNAL
RUN_20260808_020316,ChecklistStrategy,CIPLA,2025-05-22,2025-06-05,LONG,1483.0,1476.0,55,14,-385.0,-0.47,SIGNAL
RUN_20260808_020316,ChecklistStrategy,CIPLA,2025-06-11,2025-06-13,LONG,1512.5,1480.0,53,2,-1722.5,-2.15,STOP_LOSS
RUN_20260808_020316,ChecklistStrategy,CIPLA,2025-06-23,2025-07-03,LONG,1499.7,1504.0,53,10,227.9,0.29,SIGNAL
RUN_20260808_020316,ChecklistStrategy,CIPLA,2025-07-04,2025-07-11,LONG,1508.4,1480.0,53,7,-1505.2,-1.88,SIGNAL
RUN_20260808_020316,ChecklistStrategy,CIPLA,2025-07-21,2025-07-31,LONG,1481.1,1540.0,53,10,3121.7,3.98,SIGNAL
RUN_20260808_020316,ChecklistStrategy,CIPLA,2025-08-05,2025-08-28,LONG,1513.5,1594.0,53,23,4266.5,5.32,SIGNAL
RUN_20260808_020316,ChecklistStrategy,CIPLA,2025-09-04,2025-09-08,LONG,1599.0,1554.5,53,4,-2358.5,-2.78,STOP_LOSS
RUN_20260808_020316,ChecklistStrategy,CIPLA,2025-09-29,2025-09-30,LONG,1506.9,1488.1,55,1,-1034.0,-1.25,SIGNAL
RUN_20260808_020316,ChecklistStrategy,CIPLA,2025-10-01,2025-10-24,LONG,1505.0,1625.1,54,23,6485.4,7.98,SIGNAL
RUN_20260808_020316,ChecklistStrategy,CIPLA,2025-10-30,2025-10-31,LONG,1587.0,1510.1,54,1,-4152.6,-4.85,STOP_LOSS
RUN_20260808_020316,ChecklistStrategy,CIPLA,2025-11-18,2025-11-26,LONG,1530.0,1505.0,54,8,-1350.0,-1.63,SIGNAL
RUN_20260808_020316,ChecklistStrategy,CIPLA,2026-01-01,2026-01-08,LONG,1512.0,1467.9,54,7,-2381.4,-2.92,STOP_LOSS
RUN_20260808_020316,ChecklistStrategy,CIPLA,2026-01-12,2026-01-15,LONG,1464.0,1434.5,55,3,-1622.5,-2.02,STOP_LOSS
RUN_20260808_020316,ChecklistStrategy,CIPLA,2026-01-20,2026-01-22,LONG,1392.3,1381.2,57,2,-632.71,-0.8,SIGNAL
RUN_20260808_020316,ChecklistStrategy,CIPLA,2026-01-30,2026-02-18,LONG,1319.0,1350.8,59,19,1876.2,2.41,SIGNAL
RUN_20260808_020316,ChecklistStrategy,CIPLA,2026-03-06,2026-03-09,LONG,1326.1,1309.0,60,3,-1026.0,-1.29,SIGNAL
RUN_20260808_020316,ChecklistStrategy,CIPLA,2026-04-06,2026-04-09,LONG,1190.3,1215.2,66,3,1643.39,2.09,SIGNAL
RUN_20260808_020316,ChecklistStrategy,CIPLA,2026-04-10,2026-04-21,LONG,1225.4,1228.6,65,11,208.0,0.26,SIGNAL
RUN_20260808_020316,ChecklistStrategy,CIPLA,2026-05-14,2026-05-18,LONG,1362.2,1422.0,60,4,3588.0,4.39,SIGNAL
RUN_20260808_020316,ChecklistStrategy,CIPLA,2026-06-03,2026-06-10,LONG,1375.0,1374.0,60,7,-60.0,-0.07,SIGNAL
RUN_20260808_020316,ChecklistStrategy,CIPLA,2026-07-15,2026-07-23,LONG,1447.0,1409.1,58,8,-2198.2,-2.62,STOP_LOSS
RUN_20260808_020316,ChecklistStrategy,COALINDIA,2024-01-25,2024-02-12,LONG,386.8,457.0,196,18,13759.2,18.15,SIGNAL
RUN_20260808_020316,ChecklistStrategy,COALINDIA,2024-02-14,2024-02-22,LONG,451.65,438.0,188,8,-2566.2,-3.02,STOP_LOSS
RUN_20260808_020316,ChecklistStrategy,COALINDIA,2024-02-23,2024-02-29,LONG,448.0,444.0,187,6,-748.0,-0.89,SIGNAL
RUN_20260808_020316,ChecklistStrategy,COALINDIA,2024-03-15,2024-03-18,LONG,427.7,416.0,193,3,-2258.1,-2.74,STOP_LOSS
RUN_20260808_020316,ChecklistStrategy,COALINDIA,2024-03-19,2024-03-28,LONG,417.0,430.0,191,9,2483.0,3.12,SIGNAL
RUN_20260808_020316,ChecklistStrategy,COALINDIA,2024-04-01,2024-04-19,LONG,436.7,436.0,190,18,-133.0,-0.16,SIGNAL
RUN_20260808_020316,ChecklistStrategy,COALINDIA,2024-04-25,2024-04-30,LONG,443.0,456.4,186,5,2492.4,3.02,SIGNAL
RUN_20260808_020316,ChecklistStrategy,COALINDIA,2024-05-13,2024-05-14,LONG,451.25,446.7,188,1,-855.4,-1.01,SIGNAL
RUN_20260808_020316,ChecklistStrategy,COALINDIA,2024-05-15,2024-05-28,LONG,450.0,496.0,186,13,8556.0,10.22,SIGNAL
RUN_20260808_020316,ChecklistStrategy,COALINDIA,2024-06-06,2024-07-24,LONG,470.0,486.7,195,48,3256.5,3.55,SIGNAL
RUN_20260808_020316,ChecklistStrategy,COALINDIA,2024-07-31,2024-08-01,LONG,523.45,535.0,178,1,2055.9,2.21,SIGNAL
RUN_20260808_020316,ChecklistStrategy,COALINDIA,2024-08-12,2024-08-16,LONG,529.0,507.7,177,4,-3770.1,-4.03,STOP_LOSS
RUN_20260808_020316,ChecklistStrategy,COALINDIA,2024-08-19,2024-09-02,LONG,513.8,527.0,178,14,2349.6,2.57,SIGNAL
RUN_20260808_020316,ChecklistStrategy,COALINDIA,2024-10-09,2024-10-16,LONG,492.0,495.0,189,7,567.0,0.61,SIGNAL
RUN_20260808_020316,ChecklistStrategy,COALINDIA,2024-10-17,2024-10-18,LONG,495.75,488.0,188,1,-1457.0,-1.56,SIGNAL
RUN_20260808_020316,ChecklistStrategy,COALINDIA,2024-10-24,2024-10-25,LONG,474.1,478.1,194,1,776.0,0.84,SIGNAL
RUN_20260808_020316,ChecklistStrategy,COALINDIA,2024-10-30,2024-11-06,LONG,448.0,437.8,208,7,-2121.6,-2.28,STOP_LOSS
RUN_20260808_020316,ChecklistStrategy,COALINDIA,2024-11-07,2024-11-11,LONG,437.8,423.0,209,4,-3093.2,-3.38,STOP_LOSS
RUN_20260808_020316,ChecklistStrategy,COALINDIA,2024-11-18,2024-12-12,LONG,413.95,416.5,216,24,550.8,0.62,SIGNAL
RUN_20260808_020316,ChecklistStrategy,COALINDIA,2024-12-16,2024-12-19,LONG,410.5,390.95,217,3,-4242.35,-4.76,STOP_LOSS
RUN_20260808_020316,ChecklistStrategy,COALINDIA,2025-01-01,2025-01-07,LONG,383.55,380.55,223,6,-669.0,-0.78,SIGNAL
RUN_20260808_020316,ChecklistStrategy,COALINDIA,2025-01-09,2025-01-10,LONG,381.55,371.4,224,1,-2273.6,-2.66,STOP_LOSS
RUN_20260808_020316,ChecklistStrategy,COALINDIA,2025-01-24,2025-01-27,LONG,386.05,380.9,216,3,-1112.4,-1.33,SIGNAL
RUN_20260808_020316,ChecklistStrategy,COALINDIA,2025-02-13,2025-02-17,LONG,362.0,354.2,229,4,-1786.2,-2.15,STOP_LOSS
RUN_20260808_020316,ChecklistStrategy,COALINDIA,2025-02-18,2025-03-03,LONG,360.25,370.0,225,13,2193.75,2.71,SIGNAL
RUN_20260808_020316,ChecklistStrategy,COALINDIA,2025-03-24,2025-03-26,LONG,407.95,398.5,204,2,-1927.8,-2.32,STOP_LOSS
RUN_20260808_020316,ChecklistStrategy,COALINDIA,2025-04-09,2025-04-11,LONG,382.3,389.95,212,2,1621.81,2.0,SIGNAL
RUN_20260808_020316,ChecklistStrategy,COALINDIA,2025-04-17,2025-04-21,LONG,396.9,399.25,207,4,486.45,0.59,SIGNAL
RUN_20260808_020316,ChecklistStrategy,COALINDIA,2025-04-29,2025-04-30,LONG,397.15,389.1,209,1,-1682.45,-2.03,STOP_LOSS
RUN_20260808_020316,ChecklistStrategy,COALINDIA,2025-05-26,2025-06-02,LONG,402.55,398.95,203,7,-730.8,-0.89,SIGNAL
RUN_20260808_020316,ChecklistStrategy,COALINDIA,2025-06-05,2025-06-10,LONG,394.6,403.0,205,5,1722.0,2.13,SIGNAL
RUN_20260808_020316,ChecklistStrategy,COALINDIA,2025-07-23,2025-07-28,LONG,389.4,381.2,211,5,-1730.2,-2.11,STOP_LOSS
RUN_20260808_020316,ChecklistStrategy,COALINDIA,2025-07-30,2025-08-04,LONG,384.0,372.45,211,5,-2437.05,-3.01,STOP_LOSS
RUN_20260808_020316,ChecklistStrategy,COALINDIA,2025-08-19,2025-08-22,LONG,388.5,378.15,204,3,-2111.4,-2.66,STOP_LOSS
RUN_20260808_020316,ChecklistStrategy,COALINDIA,2025-08-29,2025-09-03,LONG,372.65,380.95,207,5,1718.1,2.23,SIGNAL
RUN_20260808_020316,ChecklistStrategy,COALINDIA,2025-09-22,2025-09-24,LONG,394.5,394.5,199,2,0.0,0.0,SIGNAL
RUN_20260808_020316,ChecklistStrategy,COALINDIA,2025-10-24,2025-10-29,LONG,392.65,393.25,200,5,120.0,0.15,SIGNAL
RUN_20260808_020316,ChecklistStrategy,COALINDIA,2025-10-31,2025-11-03,LONG,389.95,390.55,203,3,121.8,0.15,SIGNAL
RUN_20260808_020316,ChecklistStrategy,COALINDIA,2025-11-17,2025-11-19,LONG,387.0,383.1,203,2,-791.7,-1.01,SIGNAL
RUN_20260808_020316,ChecklistStrategy,COALINDIA,2025-12-08,2025-12-09,LONG,380.9,375.1,205,1,-1189.0,-1.52,SIGNAL
RUN_20260808_020316,ChecklistStrategy,COALINDIA,2025-12-16,2025-12-26,LONG,384.0,403.8,201,10,3979.8,5.16,SIGNAL
RUN_20260808_020316,ChecklistStrategy,COALINDIA,2026-01-28,2026-02-16,LONG,423.5,408.0,189,19,-2929.5,-3.66,STOP_LOSS
RUN_20260808_020316,ChecklistStrategy,COALINDIA,2026-02-17,2026-02-18,LONG,422.25,418.45,184,1,-699.2,-0.9,SIGNAL
RUN_20260808_020316,ChecklistStrategy,COALINDIA,2026-02-23,2026-02-24,LONG,426.0,424.0,182,1,-364.0,-0.47,SIGNAL
RUN_20260808_020316,ChecklistStrategy,COALINDIA,2026-03-02,2026-03-12,LONG,417.9,446.75,179,10,5164.15,6.9,SIGNAL
RUN_20260808_020316,ChecklistStrategy,COALINDIA,2026-03-13,2026-03-17,LONG,473.0,460.3,172,4,-2184.4,-2.68,STOP_LOSS
RUN_20260808_020316,ChecklistStrategy,COALINDIA,2026-03-27,2026-04-09,LONG,446.0,449.25,178,13,578.5,0.73,SIGNAL
RUN_20260808_020316,ChecklistStrategy,COALINDIA,2026-04-10,2026-04-13,LONG,455.0,435.0,175,3,-3500.0,-4.4,STOP_LOSS
RUN_20260808_020316,ChecklistStrategy,COALINDIA,2026-04-15,2026-04-22,LONG,439.0,443.8,177,7,849.6,1.09,SIGNAL
RUN_20260808_020316,ChecklistStrategy,COALINDIA,2026-05-08,2026-05-14,LONG,461.2,464.0,166,6,464.8,0.61,SIGNAL
RUN_20260808_020316,ChecklistStrategy,COALINDIA,2026-05-18,2026-05-20,LONG,462.0,456.0,168,2,-1008.0,-1.3,SIGNAL
RUN_20260808_020316,ChecklistStrategy,COALINDIA,2026-06-02,2026-06-08,LONG,469.85,465.0,163,6,-790.55,-1.03,SIGNAL
RUN_20260808_020316,ChecklistStrategy,COALINDIA,2026-06-10,2026-06-11,LONG,465.2,451.0,164,1,-2328.8,-3.05,STOP_LOSS
RUN_20260808_020316,ChecklistStrategy,COALINDIA,2026-07-03,2026-07-07,LONG,441.95,432.35,170,4,-1632.0,-2.17,STOP_LOSS
RUN_20260808_020316,ChecklistStrategy,COALINDIA,2026-07-14,2026-07-21,LONG,429.95,429.95,170,7,-0.0,0.0,SIGNAL
RUN_20260808_020316,ChecklistStrategy,DRREDDY,2024-02-01,2024-02-02,LONG,1217.89,1203.19,61,1,-896.7,-1.21,SIGNAL
RUN_20260808_020316,ChecklistStrategy,DRREDDY,2024-03-05,2024-03-13,LONG,1266.98,1260.48,58,8,-377.0,-0.51,SIGNAL
RUN_20260808_020316,ChecklistStrategy,DRREDDY,2024-03-14,2024-03-18,LONG,1256.4,1258.42,58,4,117.16,0.16,SIGNAL
RUN_20260808_020316,ChecklistStrategy,DRREDDY,2024-03-21,2024-03-27,LONG,1225.0,1230.2,60,6,312.0,0.42,SIGNAL
RUN_20260808_020316,ChecklistStrategy,DRREDDY,2024-04-05,2024-04-08,LONG,1228.5,1243.49,60,3,899.4,1.22,SIGNAL
RUN_20260808_020316,ChecklistStrategy,DRREDDY,2024-05-09,2024-05-10,LONG,1214.9,1175.0,61,1,-2433.9,-3.28,STOP_LOSS
RUN_20260808_020316,ChecklistStrategy,DRREDDY,2024-05-28,2024-05-30,LONG,1174.43,1195.0,62,2,1275.34,1.75,SIGNAL
RUN_20260808_020316,ChecklistStrategy,DRREDDY,2024-06-13,2024-06-19,LONG,1223.98,1198.39,61,6,-1560.99,-2.09,STOP_LOSS
RUN_20260808_020316,ChecklistStrategy,DRREDDY,2024-06-26,2024-07-03,LONG,1212.7,1274.8,59,7,3663.91,5.12,SIGNAL
RUN_20260808_020316,ChecklistStrategy,DRREDDY,2024-09-23,2024-09-25,LONG,1320.0,1331.25,57,2,641.25,0.85,SIGNAL
RUN_20260808_020316,ChecklistStrategy,DRREDDY,2024-10-21,2024-10-24,LONG,1354.0,1328.8,56,3,-1411.2,-1.86,SIGNAL
RUN_20260808_020316,ChecklistStrategy,DRREDDY,2024-10-29,2024-10-30,LONG,1327.0,1273.0,57,1,-3078.0,-4.07,STOP_LOSS
RUN_20260808_020316,ChecklistStrategy,DRREDDY,2024-11-04,2024-11-11,LONG,1259.6,1284.0,57,7,1390.8,1.94,SIGNAL
RUN_20260808_020316,ChecklistStrategy,DRREDDY,2024-11-21,2024-12-02,LONG,1174.9,1214.25,60,11,2361.0,3.35,SIGNAL
RUN_20260808_020316,ChecklistStrategy,DRREDDY,2024-12-12,2024-12-18,LONG,1244.8,1251.9,60,6,426.0,0.57,SIGNAL
RUN_20260808_020316,ChecklistStrategy,DRREDDY,2025-01-15,2025-01-17,LONG,1345.0,1298.0,56,2,-2632.0,-3.49,STOP_LOSS
RUN_20260808_020316,ChecklistStrategy,DRREDDY,2025-02-18,2025-02-20,LONG,1198.95,1164.5,61,2,-2101.45,-2.87,STOP_LOSS
RUN_20260808_020316,ChecklistStrategy,DRREDDY,2025-02-21,2025-02-27,LONG,1170.7,1128.5,61,6,-2574.2,-3.6,STOP_LOSS
RUN_20260808_020316,ChecklistStrategy,DRREDDY,2025-03-04,2025-03-20,LONG,1111.1,1178.95,62,16,4206.7,6.11,SIGNAL
RUN_20260808_020316,ChecklistStrategy,DRREDDY,2025-04-02,2025-04-07,LONG,1150.0,1020.0,63,5,-8190.0,-11.3,STOP_LOSS
RUN_20260808_020316,ChecklistStrategy,DRREDDY,2025-04-29,2025-04-30,LONG,1204.4,1176.2,55,1,-1551.0,-2.34,STOP_LOSS
RUN_20260808_020316,ChecklistStrategy,DRREDDY,2025-05-02,2025-05-09,LONG,1176.1,1142.5,55,7,-1848.0,-2.86,STOP_LOSS
RUN_20260808_020316,ChecklistStrategy,DRREDDY,2025-05-12,2025-05-14,LONG,1155.9,1213.3,55,2,3157.0,4.97,SIGNAL
RUN_20260808_020316,ChecklistStrategy,DRREDDY,2025-07-08,2025-07-09,LONG,1310.3,1280.0,50,1,-1515.0,-2.31,STOP_LOSS
RUN_20260808_020316,ChecklistStrategy,DRREDDY,2025-07-16,2025-07-17,LONG,1260.9,1259.4,51,1,-76.5,-0.12,SIGNAL
RUN_20260808_020316,ChecklistStrategy,DRREDDY,2025-07-18,2025-07-21,LONG,1265.0,1250.2,51,3,-754.8,-1.17,SIGNAL
RUN_20260808_020316,ChecklistStrategy,DRREDDY,2025-07-24,2025-07-25,LONG,1261.1,1266.0,51,1,249.9,0.39,SIGNAL
RUN_20260808_020316,ChecklistStrategy,DRREDDY,2025-10-31,2025-11-19,LONG,1202.5,1248.7,53,19,2448.6,3.84,SIGNAL
RUN_20260808_020316,ChecklistStrategy,DRREDDY,2025-11-20,2025-11-25,LONG,1255.0,1236.3,53,5,-991.1,-1.49,SIGNAL
RUN_20260808_020316,ChecklistStrategy,DRREDDY,2025-11-27,2025-12-11,LONG,1248.0,1250.8,52,14,145.6,0.22,SIGNAL
RUN_20260808_020316,ChecklistStrategy,DRREDDY,2025-12-19,2025-12-30,LONG,1277.0,1268.0,51,11,-459.0,-0.7,SIGNAL
RUN_20260808_020316,ChecklistStrategy,DRREDDY,2026-01-01,2026-01-06,LONG,1270.0,1250.0,51,5,-1020.0,-1.57,SIGNAL
RUN_20260808_020316,ChecklistStrategy,DRREDDY,2026-01-12,2026-01-14,LONG,1210.0,1191.1,53,2,-1001.7,-1.56,SIGNAL
RUN_20260808_020316,ChecklistStrategy,DRREDDY,2026-02-02,2026-02-09,LONG,1189.5,1260.0,52,7,3666.0,5.93,SIGNAL
RUN_20260808_020316,ChecklistStrategy,DRREDDY,2026-02-12,2026-03-13,LONG,1268.9,1310.0,52,29,2137.2,3.24,SIGNAL
RUN_20260808_020316,ChecklistStrategy,DRREDDY,2026-03-18,2026-03-24,LONG,1283.8,1267.2,53,6,-879.81,-1.29,SIGNAL
RUN_20260808_020316,ChecklistStrategy,DRREDDY,2026-04-07,2026-04-16,LONG,1208.0,1222.0,55,9,770.0,1.16,SIGNAL
RUN_20260808_020316,ChecklistStrategy,DRREDDY,2026-04-20,2026-04-21,LONG,1235.0,1232.6,55,1,-132.0,-0.19,SIGNAL
RUN_20260808_020316,ChecklistStrategy,DRREDDY,2026-05-20,2026-05-21,LONG,1323.6,1325.0,51,1,71.4,0.11,SIGNAL
RUN_20260808_020316,ChecklistStrategy,DRREDDY,2026-07-15,2026-07-20,LONG,1249.1,1213.3,54,5,-1933.2,-2.87,STOP_LOSS
RUN_20260808_020316,ChecklistStrategy,DRREDDY,2026-07-21,2026-07-23,LONG,1224.7,1101.0,54,2,-6679.8,-10.1,STOP_LOSS
RUN_20260808_020316,ChecklistStrategy,EICHERMOT,2024-02-06,2024-02-09,LONG,3900.0,3820.0,19,3,-1520.0,-2.05,STOP_LOSS
RUN_20260808_020316,ChecklistStrategy,EICHERMOT,2024-02-12,2024-02-22,LONG,3869.9,3864.8,19,10,-96.9,-0.13,SIGNAL
RUN_20260808_020316,ChecklistStrategy,EICHERMOT,2024-02-27,2024-02-29,LONG,3950.0,3862.95,18,2,-1566.9,-2.2,STOP_LOSS
RUN_20260808_020316,ChecklistStrategy,EICHERMOT,2024-03-06,2024-03-14,LONG,3800.0,3717.0,19,8,-1577.0,-2.18,STOP_LOSS
RUN_20260808_020316,ChecklistStrategy,EICHERMOT,2024-03-20,2024-03-27,LONG,3821.0,3934.8,19,7,2162.2,2.98,SIGNAL
RUN_20260808_020316,ChecklistStrategy,EICHERMOT,2024-04-04,2024-04-10,LONG,3957.0,4250.0,18,6,5274.0,7.4,SIGNAL
RUN_20260808_020316,ChecklistStrategy,EICHERMOT,2024-04-18,2024-04-19,LONG,4356.0,4345.0,17,1,-187.0,-0.25,SIGNAL
RUN_20260808_020316,ChecklistStrategy,EICHERMOT,2024-06-06,2024-06-12,LONG,4579.0,4765.0,16,6,2976.0,4.06,SIGNAL
RUN_20260808_020316,ChecklistStrategy,EICHERMOT,2024-09-02,2024-09-03,LONG,4949.75,4923.95,15,1,-387.0,-0.52,SIGNAL
RUN_20260808_020316,ChecklistStrategy,EICHERMOT,2024-09-26,2024-10-01,LONG,4915.0,5026.3,16,5,1780.8,2.26,SIGNAL
RUN_20260808_020316,ChecklistStrategy,EICHERMOT,2024-10-14,2024-10-18,LONG,4749.0,4613.9,16,4,-2161.6,-2.84,STOP_LOSS
RUN_20260808_020316,ChecklistStrategy,EICHERMOT,2024-10-21,2024-10-23,LONG,4765.0,4722.55,16,2,-679.2,-0.89,SIGNAL
RUN_20260808_020316,ChecklistStrategy,EICHERMOT,2024-10-29,2024-10-31,LONG,4688.0,4869.0,16,2,2896.0,3.86,SIGNAL
RUN_20260808_020316,ChecklistStrategy,EICHERMOT,2024-11-06,2024-11-11,LONG,4910.95,4762.0,16,5,-2383.2,-3.03,STOP_LOSS
RUN_20260808_020316,ChecklistStrategy,EICHERMOT,2024-12-03,2024-12-10,LONG,4820.75,4840.0,16,7,308.0,0.4,SIGNAL
RUN_20260808_020316,ChecklistStrategy,EICHERMOT,2025-01-03,2025-01-08,LONG,5325.0,5212.2,14,5,-1579.2,-2.12,STOP_LOSS
RUN_20260808_020316,ChecklistStrategy,EICHERMOT,2025-01-23,2025-01-28,LONG,4996.6,5160.0,15,5,2451.0,3.27,SIGNAL
RUN_20260808_020316,ChecklistStrategy,EICHERMOT,2025-01-30,2025-01-31,LONG,5182.9,5165.0,15,1,-268.5,-0.35,SIGNAL
RUN_20260808_020316,ChecklistStrategy,EICHERMOT,2025-02-10,2025-02-11,LONG,5400.0,5138.85,14,1,-3656.1,-4.84,STOP_LOSS
RUN_20260808_020316,ChecklistStrategy,EICHERMOT,2025-02-20,2025-03-11,LONG,4780.0,4950.0,15,19,2550.0,3.56,SIGNAL
RUN_20260808_020316,ChecklistStrategy,EICHERMOT,2025-03-18,2025-04-02,LONG,5050.25,5361.7,15,15,4671.75,6.17,SIGNAL
RUN_20260808_020316,ChecklistStrategy,EICHERMOT,2025-04-29,2025-05-05,LONG,5626.5,5469.5,14,6,-2198.0,-2.79,STOP_LOSS
RUN_20260808_020316,ChecklistStrategy,EICHERMOT,2025-05-06,2025-05-08,LONG,5460.5,5463.5,14,2,42.0,0.05,SIGNAL
RUN_20260808_020316,ChecklistStrategy,EICHERMOT,2025-05-13,2025-05-19,LONG,5506.5,5510.0,14,6,49.0,0.06,SIGNAL
RUN_20260808_020316,ChecklistStrategy,EICHERMOT,2025-05-30,2025-06-02,LONG,5378.0,5340.0,14,3,-532.0,-0.71,SIGNAL
RUN_20260808_020316,ChecklistStrategy,EICHERMOT,2025-06-09,2025-06-12,LONG,5422.0,5351.0,14,3,-994.0,-1.31,SIGNAL
RUN_20260808_020316,ChecklistStrategy,EICHERMOT,2025-06-19,2025-06-26,LONG,5410.0,5576.5,14,7,2331.0,3.08,SIGNAL
RUN_20260808_020316,ChecklistStrategy,EICHERMOT,2025-06-27,2025-07-01,LONG,5615.0,5656.5,14,4,581.0,0.74,SIGNAL
RUN_20260808_020316,ChecklistStrategy,EICHERMOT,2025-07-02,2025-07-04,LONG,5687.0,5715.5,14,2,399.0,0.5,SIGNAL
RUN_20260808_020316,ChecklistStrategy,EICHERMOT,2025-07-16,2025-07-23,LONG,5600.0,5432.0,14,7,-2352.0,-3.0,STOP_LOSS
RUN_20260808_020316,ChecklistStrategy,EICHERMOT,2025-08-05,2025-08-08,LONG,5625.0,5681.5,14,3,791.0,1.0,SIGNAL
RUN_20260808_020316,ChecklistStrategy,EICHERMOT,2025-08-14,2025-08-22,LONG,5710.0,5970.0,13,8,3380.0,4.55,SIGNAL
RUN_20260808_020316,ChecklistStrategy,EICHERMOT,2025-09-02,2025-09-16,LONG,6310.5,6823.0,13,14,6662.5,8.12,SIGNAL
RUN_20260808_020316,ChecklistStrategy,EICHERMOT,2025-09-29,2025-10-07,LONG,7049.0,6880.0,12,8,-2028.0,-2.4,STOP_LOSS
RUN_20260808_020316,ChecklistStrategy,EICHERMOT,2025-10-16,2025-11-11,LONG,6893.0,6871.5,12,26,-258.0,-0.31,SIGNAL
RUN_20260808_020316,ChecklistStrategy,EICHERMOT,2025-11-18,2025-11-26,LONG,6835.0,7258.0,12,8,5076.0,6.19,SIGNAL
RUN_20260808_020316,ChecklistStrategy,EICHERMOT,2025-12-01,2025-12-30,LONG,7061.5,7272.0,12,29,2526.0,2.98,SIGNAL
RUN_20260808_020316,ChecklistStrategy,EICHERMOT,2026-01-01,2026-01-05,LONG,7317.0,7344.0,12,4,324.0,0.37,SIGNAL
RUN_20260808_020316,ChecklistStrategy,EICHERMOT,2026-01-13,2026-01-19,LONG,7488.0,7300.0,12,6,-2256.0,-2.51,STOP_LOSS
RUN_20260808_020316,ChecklistStrategy,EICHERMOT,2026-02-02,2026-02-06,LONG,6805.0,7209.5,12,4,4854.0,5.94,SIGNAL
RUN_20260808_020316,ChecklistStrategy,EICHERMOT,2026-03-23,2026-04-01,LONG,6790.0,6787.5,13,9,-32.5,-0.04,SIGNAL
RUN_20260808_020316,ChecklistStrategy,EICHERMOT,2026-04-13,2026-05-01,LONG,7150.0,7109.0,12,18,-492.0,-0.57,SIGNAL
RUN_20260808_020316,ChecklistStrategy,EICHERMOT,2026-05-15,2026-05-18,LONG,7030.0,6970.0,13,3,-780.0,-0.85,SIGNAL
RUN_20260808_020316,ChecklistStrategy,EICHERMOT,2026-07-02,2026-07-21,LONG,7155.0,7590.0,12,19,5220.0,6.08,SIGNAL
RUN_20260808_020316,ChecklistStrategy,ETERNAL,2024-01-25,2024-02-21,LONG,135.9,162.3,550,27,14520.01,19.43,SIGNAL
RUN_20260808_020316,ChecklistStrategy,ETERNAL,2024-03-01,2024-03-04,LONG,168.0,168.0,518,3,0.0,0.0,SIGNAL
RUN_20260808_020316,ChecklistStrategy,ETERNAL,2024-03-13,2024-03-14,LONG,157.45,147.1,546,1,-5651.1,-6.57,STOP_LOSS
RUN_20260808_020316,ChecklistStrategy,ETERNAL,2024-04-22,2024-04-24,LONG,193.0,189.0,430,2,-1720.0,-2.07,STOP_LOSS
RUN_20260808_020316,ChecklistStrategy,ETERNAL,2024-05-24,2024-05-27,LONG,188.0,183.9,429,3,-1758.9,-2.18,STOP_LOSS
RUN_20260808_020316,ChecklistStrategy,ETERNAL,2024-06-05,2024-06-11,LONG,175.0,182.6,458,6,3480.8,4.34,SIGNAL
RUN_20260808_020316,ChecklistStrategy,ETERNAL,2024-06-18,2024-06-19,LONG,187.5,190.0,437,1,1092.5,1.33,SIGNAL
RUN_20260808_020316,ChecklistStrategy,ETERNAL,2024-07-02,2024-07-18,LONG,204.0,217.75,403,16,5541.25,6.74,SIGNAL
RUN_20260808_020316,ChecklistStrategy,ETERNAL,2024-07-19,2024-08-07,LONG,217.99,261.53,391,19,17024.14,19.97,SIGNAL
RUN_20260808_020316,ChecklistStrategy,ETERNAL,2024-09-17,2024-09-18,LONG,277.65,270.65,356,1,-2492.0,-2.52,STOP_LOSS
RUN_20260808_020316,ChecklistStrategy,ETERNAL,2024-09-27,2024-10-04,LONG,275.4,267.0,342,7,-2872.8,-3.05,STOP_LOSS
RUN_20260808_020316,ChecklistStrategy,ETERNAL,2024-10-07,2024-10-08,LONG,278.55,266.0,344,1,-4317.2,-4.51,STOP_LOSS
RUN_20260808_020316,ChecklistStrategy,ETERNAL,2024-10-09,2024-10-11,LONG,279.0,276.4,328,2,-852.8,-0.93,SIGNAL
RUN_20260808_020316,ChecklistStrategy,ETERNAL,2024-10-14,2024-10-17,LONG,280.9,275.0,327,3,-1929.3,-2.1,STOP_LOSS
RUN_20260808_020316,ChecklistStrategy,ETERNAL,2024-10-24,2024-10-25,LONG,267.2,256.0,338,1,-3785.6,-4.19,STOP_LOSS
RUN_20260808_020316,ChecklistStrategy,ETERNAL,2024-10-28,2024-10-31,LONG,252.0,248.0,341,3,-1364.0,-1.59,SIGNAL
RUN_20260808_020316,ChecklistStrategy,ETERNAL,2024-11-12,2024-11-21,LONG,259.95,273.7,330,9,4537.5,5.29,SIGNAL
RUN_20260808_020316,ChecklistStrategy,ETERNAL,2024-12-31,2025-01-02,LONG,278.0,277.9,315,2,-31.5,-0.04,SIGNAL
RUN_20260808_020316,ChecklistStrategy,ETERNAL,2025-01-09,2025-01-10,LONG,251.6,244.9,355,1,-2378.5,-2.66,STOP_LOSS
RUN_20260808_020316,ChecklistStrategy,ETERNAL,2025-01-13,2025-01-14,LONG,240.0,233.95,358,1,-2165.9,-2.52,STOP_LOSS
RUN_20260808_020316,ChecklistStrategy,ETERNAL,2025-01-29,2025-02-24,LONG,211.0,219.98,410,26,3681.8,4.26,SIGNAL
RUN_20260808_020316,ChecklistStrategy,ETERNAL,2025-03-24,2025-03-25,LONG,228.8,223.8,387,1,-1935.0,-2.19,STOP_LOSS
RUN_20260808_020316,ChecklistStrategy,ETERNAL,2025-04-02,2025-04-07,LONG,203.5,196.0,428,5,-3210.0,-3.69,STOP_LOSS
RUN_20260808_020316,ChecklistStrategy,ETERNAL,2025-05-15,2025-05-20,LONG,236.2,240.0,355,5,1349.0,1.61,SIGNAL
RUN_20260808_020316,ChecklistStrategy,ETERNAL,2025-05-28,2025-06-12,LONG,225.9,257.07,378,15,11782.27,13.8,SIGNAL
RUN_20260808_020316,ChecklistStrategy,ETERNAL,2025-06-19,2025-07-02,LONG,247.99,260.5,378,13,4728.78,5.04,SIGNAL
RUN_20260808_020316,ChecklistStrategy,ETERNAL,2025-07-22,2025-08-13,LONG,293.0,305.9,358,22,4618.2,4.4,SIGNAL
RUN_20260808_020316,ChecklistStrategy,ETERNAL,2025-09-01,2025-09-08,LONG,313.95,331.0,321,7,5473.05,5.43,SIGNAL
RUN_20260808_020316,ChecklistStrategy,ETERNAL,2025-09-16,2025-09-22,LONG,323.0,340.0,324,6,5508.0,5.26,SIGNAL
RUN_20260808_020316,ChecklistStrategy,ETERNAL,2025-10-01,2025-10-21,LONG,323.1,340.1,334,20,5678.0,5.26,SIGNAL
RUN_20260808_020316,ChecklistStrategy,ETERNAL,2025-10-28,2025-11-03,LONG,332.75,316.45,339,6,-5525.7,-4.9,STOP_LOSS
RUN_20260808_020316,ChecklistStrategy,ETERNAL,2025-11-10,2025-11-13,LONG,304.25,308.65,356,3,1566.4,1.45,SIGNAL
RUN_20260808_020316,ChecklistStrategy,ETERNAL,2025-12-10,2025-12-18,LONG,289.0,284.05,377,8,-1866.15,-1.71,SIGNAL
RUN_20260808_020316,ChecklistStrategy,ETERNAL,2025-12-19,2025-12-31,LONG,286.9,276.0,381,12,-4152.9,-3.8,STOP_LOSS
RUN_20260808_020316,ChecklistStrategy,ETERNAL,2026-01-22,2026-01-23,LONG,300.0,276.95,372,1,-8574.6,-7.68,STOP_LOSS
RUN_20260808_020316,ChecklistStrategy,ETERNAL,2026-02-05,2026-02-06,LONG,291.1,286.9,336,1,-1411.2,-1.44,SIGNAL
RUN_20260808_020316,ChecklistStrategy,ETERNAL,2026-02-17,2026-02-19,LONG,284.0,277.35,341,2,-2267.65,-2.34,STOP_LOSS
RUN_20260808_020316,ChecklistStrategy,ETERNAL,2026-03-10,2026-03-11,LONG,232.0,226.6,419,1,-2262.6,-2.33,STOP_LOSS
RUN_20260808_020316,ChecklistStrategy,ETERNAL,2026-03-17,2026-03-23,LONG,223.0,227.9,425,6,2082.5,2.2,SIGNAL
RUN_20260808_020316,ChecklistStrategy,ETERNAL,2026-04-06,2026-04-15,LONG,232.8,241.0,414,9,3394.8,3.52,SIGNAL
RUN_20260808_020316,ChecklistStrategy,ETERNAL,2026-04-21,2026-04-24,LONG,254.89,259.9,386,3,1933.86,1.97,SIGNAL
RUN_20260808_020316,ChecklistStrategy,ETERNAL,2026-06-05,2026-06-10,LONG,253.35,247.0,392,5,-2489.2,-2.51,STOP_LOSS
RUN_20260808_020316,ChecklistStrategy,ETERNAL,2026-07-15,2026-07-23,LONG,285.0,289.85,342,8,1658.7,1.7,SIGNAL
RUN_20260808_020316,ChecklistStrategy,GRASIM,2024-02-12,2024-02-14,LONG,2175.0,2054.0,34,2,-4114.0,-5.56,STOP_LOSS
RUN_20260808_020316,ChecklistStrategy,GRASIM,2024-03-01,2024-03-05,LONG,2209.0,2230.1,32,4,675.2,0.96,SIGNAL
RUN_20260808_020316,ChecklistStrategy,GRASIM,2024-04-22,2024-05-24,LONG,2275.0,2449.75,31,32,5417.25,7.68,SIGNAL
RUN_20260808_020316,ChecklistStrategy,GRASIM,2024-05-29,2024-05-30,LONG,2440.0,2404.0,31,1,-1116.0,-1.48,SIGNAL
RUN_20260808_020316,ChecklistStrategy,GRASIM,2024-06-06,2024-06-18,LONG,2306.05,2471.0,32,12,5278.4,7.15,SIGNAL
RUN_20260808_020316,ChecklistStrategy,GRASIM,2024-06-20,2024-07-16,LONG,2447.1,2818.0,32,26,11868.8,15.16,SIGNAL
RUN_20260808_020316,ChecklistStrategy,GRASIM,2024-07-23,2024-07-25,LONG,2811.0,2805.0,31,2,-186.0,-0.21,SIGNAL
RUN_20260808_020316,ChecklistStrategy,GRASIM,2024-08-19,2024-09-12,LONG,2619.8,2690.6,33,24,2336.4,2.7,SIGNAL
RUN_20260808_020316,ChecklistStrategy,GRASIM,2024-09-26,2024-10-15,LONG,2674.0,2725.0,33,19,1683.0,1.91,SIGNAL
RUN_20260808_020316,ChecklistStrategy,GRASIM,2024-11-06,2024-11-07,LONG,2650.95,2631.15,34,1,-673.2,-0.75,SIGNAL
RUN_20260808_020316,ChecklistStrategy,GRASIM,2024-11-18,2024-11-27,LONG,2497.0,2619.8,35,9,4298.0,4.92,SIGNAL
RUN_20260808_020316,ChecklistStrategy,GRASIM,2024-11-28,2024-11-29,LONG,2622.0,2565.0,35,1,-1995.0,-2.17,STOP_LOSS
RUN_20260808_020316,ChecklistStrategy,GRASIM,2024-12-16,2024-12-18,LONG,2680.1,2607.0,34,2,-2485.4,-2.73,STOP_LOSS
RUN_20260808_020316,ChecklistStrategy,GRASIM,2024-12-24,2024-12-31,LONG,2515.0,2430.0,35,7,-2975.0,-3.38,STOP_LOSS
RUN_20260808_020316,ChecklistStrategy,GRASIM,2025-01-15,2025-01-22,LONG,2326.9,2380.95,38,7,2053.9,2.32,SIGNAL
RUN_20260808_020316,ChecklistStrategy,GRASIM,2025-01-23,2025-02-14,LONG,2388.0,2499.0,37,22,4107.0,4.65,SIGNAL
RUN_20260808_020316,ChecklistStrategy,GRASIM,2025-02-18,2025-02-25,LONG,2480.0,2392.0,37,7,-3256.0,-3.55,STOP_LOSS
RUN_20260808_020316,ChecklistStrategy,GRASIM,2025-03-12,2025-03-13,LONG,2413.55,2402.0,37,1,-427.35,-0.48,SIGNAL
RUN_20260808_020316,ChecklistStrategy,GRASIM,2025-03-18,2025-03-24,LONG,2399.35,2478.65,37,6,2934.09,3.31,SIGNAL
RUN_20260808_020316,ChecklistStrategy,GRASIM,2025-04-28,2025-04-30,LONG,2735.0,2735.0,33,2,0.0,0.0,SIGNAL
RUN_20260808_020316,ChecklistStrategy,GRASIM,2025-05-15,2025-05-23,LONG,2734.3,2675.0,33,8,-1956.9,-2.17,STOP_LOSS
RUN_20260808_020316,ChecklistStrategy,GRASIM,2025-06-19,2025-07-02,LONG,2680.0,2870.0,33,13,6270.0,7.09,SIGNAL
RUN_20260808_020316,ChecklistStrategy,GRASIM,2025-07-25,2025-08-01,LONG,2735.0,2748.0,34,7,442.0,0.48,SIGNAL
RUN_20260808_020316,ChecklistStrategy,GRASIM,2025-08-18,2025-08-20,LONG,2795.0,2828.3,34,2,1132.2,1.19,SIGNAL
RUN_20260808_020316,ChecklistStrategy,GRASIM,2025-08-21,2025-08-25,LONG,2880.0,2825.7,33,4,-1791.9,-1.89,SIGNAL
RUN_20260808_020316,ChecklistStrategy,GRASIM,2025-09-12,2025-09-23,LONG,2799.0,2858.9,33,11,1976.7,2.14,SIGNAL
RUN_20260808_020316,ChecklistStrategy,GRASIM,2025-10-07,2025-10-09,LONG,2800.0,2781.4,34,2,-632.4,-0.66,SIGNAL
RUN_20260808_020316,ChecklistStrategy,GRASIM,2025-10-10,2025-10-15,LONG,2810.6,2780.0,34,5,-1040.4,-1.09,SIGNAL
RUN_20260808_020316,ChecklistStrategy,GRASIM,2025-10-21,2025-10-31,LONG,2875.9,2950.4,33,10,2458.5,2.59,SIGNAL
RUN_20260808_020316,ChecklistStrategy,GRASIM,2025-11-04,2025-11-07,LONG,2908.9,2700.0,33,3,-6893.7,-7.18,STOP_LOSS
RUN_20260808_020316,ChecklistStrategy,GRASIM,2025-11-27,2025-11-28,LONG,2748.0,2747.2,33,1,-26.4,-0.03,SIGNAL
RUN_20260808_020316,ChecklistStrategy,GRASIM,2025-12-22,2025-12-23,LONG,2812.7,2811.0,32,1,-54.4,-0.06,SIGNAL
RUN_20260808_020316,ChecklistStrategy,GRASIM,2026-01-07,2026-01-09,LONG,2880.0,2799.8,31,2,-2486.2,-2.78,STOP_LOSS
RUN_20260808_020316,ChecklistStrategy,GRASIM,2026-01-13,2026-01-14,LONG,2799.0,2774.0,31,1,-775.0,-0.89,SIGNAL
RUN_20260808_020316,ChecklistStrategy,GRASIM,2026-01-22,2026-02-02,LONG,2742.5,2740.0,32,11,-80.0,-0.09,SIGNAL
RUN_20260808_020316,ChecklistStrategy,GRASIM,2026-02-05,2026-02-11,LONG,2830.1,2979.0,31,6,4615.9,5.26,SIGNAL
RUN_20260808_020316,ChecklistStrategy,GRASIM,2026-02-19,2026-02-20,LONG,2928.1,2864.9,31,1,-1959.21,-2.16,STOP_LOSS
RUN_20260808_020316,ChecklistStrategy,GRASIM,2026-03-06,2026-03-09,LONG,2701.5,2659.0,33,3,-1402.5,-1.57,SIGNAL
RUN_20260808_020316,ChecklistStrategy,GRASIM,2026-03-17,2026-03-23,LONG,2655.1,2591.0,33,6,-2115.3,-2.41,STOP_LOSS
RUN_20260808_020316,ChecklistStrategy,GRASIM,2026-04-06,2026-04-16,LONG,2545.0,2745.9,34,10,6830.6,7.89,SIGNAL
RUN_20260808_020316,ChecklistStrategy,GRASIM,2026-04-20,2026-04-29,LONG,2730.5,2798.0,34,9,2295.0,2.47,SIGNAL
RUN_20260808_020316,ChecklistStrategy,GRASIM,2026-05-14,2026-05-26,LONG,2955.0,3168.4,32,12,6828.8,7.22,SIGNAL
RUN_20260808_020316,ChecklistStrategy,GRASIM,2026-06-25,2026-07-08,LONG,3131.9,3174.0,31,13,1305.1,1.34,SIGNAL
RUN_20260808_020316,ChecklistStrategy,GRASIM,2026-07-21,2026-08-05,LONG,3150.1,3150.0,31,15,-3.1,-0.0,SIGNAL
RUN_20260808_020316,ChecklistStrategy,HCLTECH,2024-02-01,2024-02-19,LONG,1576.0,1670.0,47,18,4418.0,5.96,SIGNAL
RUN_20260808_020316,ChecklistStrategy,HCLTECH,2024-03-07,2024-03-13,LONG,1650.0,1638.75,47,6,-528.75,-0.68,SIGNAL
RUN_20260808_020316,ChecklistStrategy,HCLTECH,2024-03-26,2024-03-27,LONG,1562.25,1569.0,49,1,330.75,0.43,SIGNAL
RUN_20260808_020316,ChecklistStrategy,HCLTECH,2024-05-07,2024-05-09,LONG,1347.95,1315.0,57,2,-1878.15,-2.44,STOP_LOSS
RUN_20260808_020316,ChecklistStrategy,HCLTECH,2024-05-16,2024-05-30,LONG,1345.0,1346.0,57,14,57.0,0.07,SIGNAL
RUN_20260808_020316,ChecklistStrategy,HCLTECH,2024-06-05,2024-06-26,LONG,1320.0,1447.95,58,21,7421.1,9.69,SIGNAL
RUN_20260808_020316,ChecklistStrategy,HCLTECH,2024-06-28,2024-07-01,LONG,1468.0,1465.0,56,3,-168.0,-0.2,SIGNAL
RUN_20260808_020316,ChecklistStrategy,HCLTECH,2024-08-12,2024-08-28,LONG,1590.0,1712.55,51,16,6250.05,7.71,SIGNAL
RUN_20260808_020316,ChecklistStrategy,HCLTECH,2024-08-29,2024-09-04,LONG,1714.0,1765.1,50,6,2555.0,2.98,SIGNAL
RUN_20260808_020316,ChecklistStrategy,HCLTECH,2024-09-06,2024-09-10,LONG,1788.0,1749.45,49,4,-1888.95,-2.16,STOP_LOSS
RUN_20260808_020316,ChecklistStrategy,HCLTECH,2024-09-23,2024-09-27,LONG,1764.0,1810.0,49,4,2254.0,2.61,SIGNAL
RUN_20260808_020316,ChecklistStrategy,HCLTECH,2024-10-03,2024-10-17,LONG,1778.0,1869.9,48,14,4411.2,5.17,SIGNAL
RUN_20260808_020316,ChecklistStrategy,HCLTECH,2024-10-24,2024-10-25,LONG,1845.0,1860.0,49,1,735.0,0.81,SIGNAL
RUN_20260808_020316,ChecklistStrategy,HCLTECH,2024-11-22,2024-11-28,LONG,1846.35,1885.1,50,6,1937.5,2.1,SIGNAL
RUN_20260808_020316,ChecklistStrategy,HCLTECH,2024-12-02,2025-01-08,LONG,1848.05,1906.3,50,37,2912.5,3.15,SIGNAL
RUN_20260808_020316,ChecklistStrategy,HCLTECH,2025-01-21,2025-01-28,LONG,1791.4,1711.95,53,7,-4210.85,-4.44,STOP_LOSS
RUN_20260808_020316,ChecklistStrategy,HCLTECH,2025-02-01,2025-02-12,LONG,1726.0,1723.9,53,11,-111.3,-0.12,SIGNAL
RUN_20260808_020316,ChecklistStrategy,HCLTECH,2025-03-06,2025-03-13,LONG,1580.0,1540.6,58,7,-2285.2,-2.49,STOP_LOSS
RUN_20260808_020316,ChecklistStrategy,HCLTECH,2025-03-18,2025-03-26,LONG,1545.15,1624.9,58,8,4625.5,5.16,SIGNAL
RUN_20260808_020316,ChecklistStrategy,HCLTECH,2025-04-15,2025-05-19,LONG,1420.0,1661.0,67,34,16147.0,16.97,SIGNAL
RUN_20260808_020316,ChecklistStrategy,HCLTECH,2025-05-22,2025-05-28,LONG,1638.4,1664.0,64,6,1638.4,1.56,SIGNAL
RUN_20260808_020316,ChecklistStrategy,HCLTECH,2025-06-03,2025-06-05,LONG,1646.9,1634.9,65,2,-780.0,-0.73,SIGNAL
RUN_20260808_020316,ChecklistStrategy,HCLTECH,2025-06-09,2025-07-10,LONG,1648.0,1675.0,65,31,1755.0,1.64,SIGNAL
RUN_20260808_020316,ChecklistStrategy,HCLTECH,2025-07-21,2025-07-25,LONG,1548.8,1501.1,69,4,-3291.31,-3.08,STOP_LOSS
RUN_20260808_020316,ChecklistStrategy,HCLTECH,2025-07-30,2025-08-28,LONG,1480.5,1488.0,71,29,532.5,0.51,SIGNAL
RUN_20260808_020316,ChecklistStrategy,HCLTECH,2025-09-01,2025-09-09,LONG,1446.0,1410.2,72,8,-2577.6,-2.48,STOP_LOSS
RUN_20260808_020316,ChecklistStrategy,HCLTECH,2025-09-17,2025-09-22,LONG,1490.8,1423.0,70,5,-4746.0,-4.55,STOP_LOSS
RUN_20260808_020316,ChecklistStrategy,HCLTECH,2025-10-03,2025-10-06,LONG,1396.5,1393.5,72,3,-216.0,-0.21,SIGNAL
RUN_20260808_020316,ChecklistStrategy,HCLTECH,2025-10-07,2025-10-13,LONG,1422.0,1490.0,70,6,4760.0,4.78,SIGNAL
RUN_20260808_020316,ChecklistStrategy,HCLTECH,2025-10-21,2025-10-29,LONG,1502.7,1530.0,69,8,1883.7,1.82,SIGNAL
RUN_20260808_020316,ChecklistStrategy,HCLTECH,2025-11-07,2025-11-17,LONG,1515.1,1594.0,68,10,5365.2,5.21,SIGNAL
RUN_20260808_020316,ChecklistStrategy,HCLTECH,2025-11-27,2025-12-05,LONG,1619.1,1662.7,67,8,2921.2,2.69,SIGNAL
RUN_20260808_020316,ChecklistStrategy,HCLTECH,2025-12-23,2025-12-30,LONG,1675.1,1630.8,66,7,-2923.8,-2.64,STOP_LOSS
RUN_20260808_020316,ChecklistStrategy,HCLTECH,2026-01-02,2026-01-21,LONG,1632.0,1687.6,66,19,3669.6,3.41,SIGNAL
RUN_20260808_020316,ChecklistStrategy,HCLTECH,2026-02-10,2026-02-12,LONG,1595.0,1529.0,69,2,-4554.0,-4.14,STOP_LOSS
RUN_20260808_020316,ChecklistStrategy,HCLTECH,2026-02-26,2026-03-06,LONG,1391.0,1356.0,78,8,-2730.0,-2.52,STOP_LOSS
RUN_20260808_020316,ChecklistStrategy,HCLTECH,2026-03-24,2026-03-30,LONG,1380.0,1350.0,78,6,-2340.0,-2.17,STOP_LOSS
RUN_20260808_020316,ChecklistStrategy,HCLTECH,2026-04-06,2026-04-07,LONG,1397.0,1391.0,74,1,-444.0,-0.43,SIGNAL
RUN_20260808_020316,ChecklistStrategy,HCLTECH,2026-04-22,2026-04-23,LONG,1345.0,1290.0,72,1,-3960.0,-4.09,STOP_LOSS
RUN_20260808_020316,ChecklistStrategy,HCLTECH,2026-04-28,2026-04-29,LONG,1227.9,1200.0,82,1,-2287.8,-2.27,STOP_LOSS
RUN_20260808_020316,ChecklistStrategy,HCLTECH,2026-04-30,2026-05-13,LONG,1200.0,1146.3,82,13,-4403.4,-4.48,STOP_LOSS
RUN_20260808_020316,ChecklistStrategy,HCLTECH,2026-06-12,2026-06-23,LONG,1120.0,1121.6,86,11,137.6,0.14,SIGNAL
RUN_20260808_020316,ChecklistStrategy,HCLTECH,2026-07-14,2026-07-15,LONG,1200.0,1157.0,78,1,-3354.0,-3.58,STOP_LOSS
RUN_20260808_020316,ChecklistStrategy,HDFCBANK,2024-02-01,2024-02-08,LONG,732.53,714.92,102,7,-1795.2,-2.4,STOP_LOSS
RUN_20260808_020316,ChecklistStrategy,HDFCBANK,2024-02-14,2024-04-16,LONG,688.0,743.5,105,62,5827.5,8.07,SIGNAL
RUN_20260808_020316,ChecklistStrategy,HDFCBANK,2024-04-18,2024-05-02,LONG,754.9,761.0,103,14,628.3,0.81,SIGNAL
RUN_20260808_020316,ChecklistStrategy,HDFCBANK,2024-05-07,2024-05-09,LONG,760.97,737.47,102,2,-2397.0,-3.09,STOP_LOSS
RUN_20260808_020316,ChecklistStrategy,HDFCBANK,2024-05-14,2024-05-28,LONG,726.12,765.05,105,14,4087.12,5.36,SIGNAL
RUN_20260808_020316,ChecklistStrategy,HDFCBANK,2024-06-06,2024-06-24,LONG,782.45,823.5,102,18,4187.1,5.25,SIGNAL
RUN_20260808_020316,ChecklistStrategy,HDFCBANK,2024-07-12,2024-07-22,LONG,811.0,808.5,101,10,-252.5,-0.31,SIGNAL
RUN_20260808_020316,ChecklistStrategy,HDFCBANK,2024-07-26,2024-07-30,LONG,802.5,801.0,102,4,-153.0,-0.19,SIGNAL
RUN_20260808_020316,ChecklistStrategy,HDFCBANK,2024-07-31,2024-10-10,LONG,807.0,819.5,101,71,1262.5,1.55,SIGNAL
RUN_20260808_020316,ChecklistStrategy,HDFCBANK,2024-10-17,2024-10-23,LONG,847.47,852.53,97,6,489.85,0.6,SIGNAL
RUN_20260808_020316,ChecklistStrategy,HDFCBANK,2024-10-24,2024-11-05,LONG,869.05,851.5,96,12,-1684.8,-2.02,STOP_LOSS
RUN_20260808_020316,ChecklistStrategy,HDFCBANK,2024-11-06,2024-11-13,LONG,885.75,858.38,93,7,-2545.88,-3.09,STOP_LOSS
RUN_20260808_020316,ChecklistStrategy,HDFCBANK,2024-11-25,2024-12-16,LONG,892.53,932.55,92,21,3682.3,4.48,SIGNAL
RUN_20260808_020316,ChecklistStrategy,HDFCBANK,2024-12-20,2025-01-07,LONG,891.1,857.5,92,18,-3091.2,-3.77,STOP_LOSS
RUN_20260808_020316,ChecklistStrategy,HDFCBANK,2025-01-23,2025-01-27,LONG,843.5,820.55,96,4,-2203.2,-2.72,STOP_LOSS
RUN_20260808_020316,ChecklistStrategy,HDFCBANK,2025-02-13,2025-02-14,LONG,849.5,850.95,92,1,133.4,0.17,SIGNAL
RUN_20260808_020316,ChecklistStrategy,HDFCBANK,2025-02-18,2025-02-25,LONG,856.53,835.55,92,7,-1929.7,-2.45,STOP_LOSS
RUN_20260808_020316,ChecklistStrategy,HDFCBANK,2025-02-27,2025-03-11,LONG,841.28,841.2,92,12,-6.9,-0.01,SIGNAL
RUN_20260808_020316,ChecklistStrategy,HDFCBANK,2025-03-28,2025-04-02,LONG,914.5,885.35,84,5,-2448.6,-3.19,STOP_LOSS
RUN_20260808_020316,ChecklistStrategy,HDFCBANK,2025-04-03,2025-04-07,LONG,890.55,881.4,84,4,-768.6,-1.03,SIGNAL
RUN_20260808_020316,ChecklistStrategy,HDFCBANK,2025-06-03,2025-06-04,LONG,969.0,960.5,77,1,-654.5,-0.88,SIGNAL
RUN_20260808_020316,ChecklistStrategy,HDFCBANK,2025-06-05,2025-06-30,LONG,974.0,1005.75,76,25,2413.0,3.26,SIGNAL
RUN_20260808_020316,ChecklistStrategy,HDFCBANK,2025-07-07,2025-07-08,LONG,994.5,988.5,76,1,-456.0,-0.6,SIGNAL
RUN_20260808_020316,ChecklistStrategy,HDFCBANK,2025-07-09,2025-07-21,LONG,1003.5,989.1,75,12,-1080.0,-1.43,SIGNAL
RUN_20260808_020316,ChecklistStrategy,HDFCBANK,2025-12-08,2025-12-10,LONG,1000.0,997.5,74,2,-185.0,-0.25,SIGNAL
RUN_20260808_020316,ChecklistStrategy,HDFCBANK,2025-12-22,2026-01-06,LONG,988.0,962.7,76,15,-1922.8,-2.56,STOP_LOSS
RUN_20260808_020316,ChecklistStrategy,HDFCBANK,2026-01-21,2026-02-11,LONG,925.0,931.25,78,21,487.5,0.68,SIGNAL
RUN_20260808_020316,ChecklistStrategy,HDFCBANK,2026-02-17,2026-02-19,LONG,923.0,929.0,79,2,474.0,0.65,SIGNAL
RUN_20260808_020316,ChecklistStrategy,HDFCBANK,2026-03-17,2026-03-18,LONG,847.7,845.35,88,1,-206.8,-0.28,SIGNAL
RUN_20260808_020316,ChecklistStrategy,HDFCBANK,2026-04-06,2026-04-17,LONG,759.0,790.1,98,11,3047.8,4.1,SIGNAL
RUN_20260808_020316,ChecklistStrategy,HDFCBANK,2026-04-22,2026-04-23,LONG,810.0,792.0,93,1,-1674.0,-2.22,STOP_LOSS
RUN_20260808_020316,ChecklistStrategy,HDFCBANK,2026-06-11,2026-06-12,LONG,743.0,754.7,100,1,1170.0,1.57,SIGNAL
RUN_20260808_020316,ChecklistStrategy,HDFCBANK,2026-06-17,2026-06-26,LONG,787.65,796.3,96,9,830.4,1.1,SIGNAL
RUN_20260808_020316,ChecklistStrategy,HDFCBANK,2026-07-10,2026-07-21,LONG,824.0,769.15,93,11,-5101.05,-6.66,STOP_LOSS
RUN_20260808_020316,ChecklistStrategy,HDFCLIFE,2024-04-01,2024-04-03,LONG,638.0,629.85,118,2,-961.7,-1.28,SIGNAL
RUN_20260808_020316,ChecklistStrategy,HDFCLIFE,2024-04-08,2024-04-16,LONG,630.0,609.05,117,8,-2451.15,-3.33,STOP_LOSS
RUN_20260808_020316,ChecklistStrategy,HDFCLIFE,2024-04-22,2024-04-29,LONG,601.85,590.0,120,7,-1422.0,-1.97,SIGNAL
RUN_20260808_020316,ChecklistStrategy,HDFCLIFE,2024-05-02,2024-05-03,LONG,584.3,581.8,122,1,-305.0,-0.43,SIGNAL
RUN_20260808_020316,ChecklistStrategy,HDFCLIFE,2024-05-13,2024-05-27,LONG,553.8,565.2,129,14,1470.6,2.06,SIGNAL
RUN_20260808_020316,ChecklistStrategy,HDFCLIFE,2024-06-06,2024-06-20,LONG,555.0,596.2,130,14,5356.0,7.42,SIGNAL
RUN_20260808_020316,ChecklistStrategy,HDFCLIFE,2024-06-26,2024-07-03,LONG,591.65,592.4,128,7,96.0,0.13,SIGNAL
RUN_20260808_020316,ChecklistStrategy,HDFCLIFE,2024-07-04,2024-07-08,LONG,596.0,609.0,127,4,1651.0,2.18,SIGNAL
RUN_20260808_020316,ChecklistStrategy,HDFCLIFE,2024-08-06,2024-08-07,LONG,711.65,682.1,108,1,-3191.41,-4.15,STOP_LOSS
RUN_20260808_020316,ChecklistStrategy,HDFCLIFE,2024-08-08,2024-09-04,LONG,691.1,751.7,107,27,6484.2,8.77,SIGNAL
RUN_20260808_020316,ChecklistStrategy,HDFCLIFE,2024-09-18,2024-09-25,LONG,698.9,722.0,114,7,2633.4,3.31,SIGNAL
RUN_20260808_020316,ChecklistStrategy,HDFCLIFE,2024-09-27,2024-10-01,LONG,729.45,716.0,111,4,-1492.95,-1.84,SIGNAL
RUN_20260808_020316,ChecklistStrategy,HDFCLIFE,2024-10-11,2024-10-16,LONG,721.5,723.45,111,5,216.45,0.27,SIGNAL
RUN_20260808_020316,ChecklistStrategy,HDFCLIFE,2024-10-17,2024-10-25,LONG,730.0,718.0,110,8,-1320.0,-1.64,SIGNAL
RUN_20260808_020316,ChecklistStrategy,HDFCLIFE,2024-12-05,2024-12-06,LONG,650.2,645.0,122,1,-634.4,-0.8,SIGNAL
RUN_20260808_020316,ChecklistStrategy,HDFCLIFE,2024-12-10,2024-12-11,LONG,641.8,634.8,123,1,-861.0,-1.09,SIGNAL
RUN_20260808_020316,ChecklistStrategy,HDFCLIFE,2025-01-02,2025-01-07,LONG,617.0,606.0,127,5,-1397.0,-1.78,SIGNAL
RUN_20260808_020316,ChecklistStrategy,HDFCLIFE,2025-01-08,2025-01-14,LONG,620.05,605.0,124,6,-1866.2,-2.43,STOP_LOSS
RUN_20260808_020316,ChecklistStrategy,HDFCLIFE,2025-01-29,2025-02-03,LONG,612.0,615.5,124,5,434.0,0.57,SIGNAL
RUN_20260808_020316,ChecklistStrategy,HDFCLIFE,2025-02-05,2025-02-06,LONG,626.0,626.45,121,1,54.45,0.07,SIGNAL
RUN_20260808_020316,ChecklistStrategy,HDFCLIFE,2025-03-04,2025-03-07,LONG,613.1,618.3,123,3,639.6,0.85,SIGNAL
RUN_20260808_020316,ChecklistStrategy,HDFCLIFE,2025-03-18,2025-03-24,LONG,629.8,679.6,121,6,6025.8,7.91,SIGNAL
RUN_20260808_020316,ChecklistStrategy,HDFCLIFE,2025-03-28,2025-04-08,LONG,683.9,674.5,118,11,-1109.2,-1.37,SIGNAL
RUN_20260808_020316,ChecklistStrategy,HDFCLIFE,2025-05-02,2025-05-05,LONG,743.7,730.1,107,3,-1455.2,-1.83,SIGNAL
RUN_20260808_020316,ChecklistStrategy,HDFCLIFE,2025-05-26,2025-05-30,LONG,784.3,780.9,101,4,-343.4,-0.43,SIGNAL
RUN_20260808_020316,ChecklistStrategy,HDFCLIFE,2025-06-10,2025-06-11,LONG,764.15,762.2,103,1,-200.85,-0.26,SIGNAL
RUN_20260808_020316,ChecklistStrategy,HDFCLIFE,2025-06-12,2025-06-13,LONG,765.1,743.9,102,1,-2162.4,-2.77,STOP_LOSS
RUN_20260808_020316,ChecklistStrategy,HDFCLIFE,2025-06-23,2025-06-24,LONG,769.95,779.5,98,1,935.9,1.24,SIGNAL
RUN_20260808_020316,ChecklistStrategy,HDFCLIFE,2025-07-04,2025-07-14,LONG,783.9,755.2,98,10,-2812.6,-3.66,STOP_LOSS
RUN_20260808_020316,ChecklistStrategy,HDFCLIFE,2025-07-28,2025-07-29,LONG,762.0,762.0,99,1,0.0,0.0,SIGNAL
RUN_20260808_020316,ChecklistStrategy,HDFCLIFE,2025-09-02,2025-09-03,LONG,780.0,783.0,96,1,288.0,0.38,SIGNAL
RUN_20260808_020316,ChecklistStrategy,HDFCLIFE,2025-09-10,2025-09-29,LONG,763.0,762.0,99,19,-99.0,-0.13,SIGNAL
RUN_20260808_020316,ChecklistStrategy,HDFCLIFE,2025-10-28,2025-11-07,LONG,736.0,731.05,102,10,-504.9,-0.67,SIGNAL
RUN_20260808_020316,ChecklistStrategy,HDFCLIFE,2025-11-10,2025-11-14,LONG,750.0,779.0,100,4,2900.0,3.87,SIGNAL
RUN_20260808_020316,ChecklistStrategy,HDFCLIFE,2025-11-20,2025-11-28,LONG,760.7,780.4,101,8,1989.7,2.59,SIGNAL
RUN_20260808_020316,ChecklistStrategy,HDFCLIFE,2025-12-02,2025-12-09,LONG,762.0,763.9,102,7,193.8,0.25,SIGNAL
RUN_20260808_020316,ChecklistStrategy,HDFCLIFE,2025-12-11,2025-12-17,LONG,771.05,764.35,102,6,-683.4,-0.87,SIGNAL
RUN_20260808_020316,ChecklistStrategy,HDFCLIFE,2025-12-19,2025-12-23,LONG,753.1,759.95,103,4,705.55,0.91,SIGNAL
RUN_20260808_020316,ChecklistStrategy,HDFCLIFE,2026-01-28,2026-01-30,LONG,722.2,721.25,109,2,-103.55,-0.13,SIGNAL
RUN_20260808_020316,ChecklistStrategy,HDFCLIFE,2026-02-02,2026-02-04,LONG,717.3,724.0,107,2,716.9,0.93,SIGNAL
RUN_20260808_020316,ChecklistStrategy,HDFCLIFE,2026-02-10,2026-02-16,LONG,711.25,693.0,111,6,-2025.75,-2.57,STOP_LOSS
RUN_20260808_020316,ChecklistStrategy,HDFCLIFE,2026-02-19,2026-02-23,LONG,726.9,730.0,106,4,328.6,0.43,SIGNAL
RUN_20260808_020316,ChecklistStrategy,HDFCLIFE,2026-03-25,2026-04-01,LONG,603.95,600.0,129,7,-509.55,-0.65,SIGNAL
RUN_20260808_020316,ChecklistStrategy,HDFCLIFE,2026-04-06,2026-04-09,LONG,563.0,592.9,136,3,4066.4,5.31,SIGNAL
RUN_20260808_020316,ChecklistStrategy,HDFCLIFE,2026-04-22,2026-04-23,LONG,614.2,604.2,130,1,-1300.0,-1.63,SIGNAL
RUN_20260808_020316,ChecklistStrategy,HDFCLIFE,2026-04-28,2026-04-30,LONG,594.2,594.35,132,2,19.8,0.03,SIGNAL
RUN_20260808_020316,ChecklistStrategy,HDFCLIFE,2026-05-22,2026-06-01,LONG,619.0,594.75,129,10,-3128.25,-3.92,STOP_LOSS
RUN_20260808_020316,ChecklistStrategy,HDFCLIFE,2026-06-18,2026-07-02,LONG,583.0,574.3,132,14,-1148.4,-1.49,SIGNAL
RUN_20260808_020316,ChecklistStrategy,HDFCLIFE,2026-07-16,2026-07-17,LONG,585.0,568.3,133,1,-2221.1,-2.85,STOP_LOSS
RUN_20260808_020316,ChecklistStrategy,HEROMOTOCO,2024-03-01,2024-03-06,LONG,4459.9,4580.0,16,5,1921.6,2.69,SIGNAL
RUN_20260808_020316,ChecklistStrategy,HEROMOTOCO,2024-03-07,2024-03-14,LONG,4650.0,4455.0,16,7,-3120.0,-4.19,STOP_LOSS
RUN_20260808_020316,ChecklistStrategy,HEROMOTOCO,2024-03-15,2024-03-18,LONG,4655.0,4560.5,15,3,-1417.5,-2.03,STOP_LOSS
RUN_20260808_020316,ChecklistStrategy,HEROMOTOCO,2024-03-22,2024-03-27,LONG,4538.8,4692.0,16,5,2451.2,3.38,SIGNAL
RUN_20260808_020316,ChecklistStrategy,HEROMOTOCO,2024-06-25,2024-06-27,LONG,5565.9,5459.9,13,2,-1378.0,-1.9,SIGNAL
RUN_20260808_020316,ChecklistStrategy,HEROMOTOCO,2024-06-28,2024-07-02,LONG,5500.0,5670.0,13,4,2210.0,3.09,SIGNAL
RUN_20260808_020316,ChecklistStrategy,HEROMOTOCO,2024-07-08,2024-07-11,LONG,5565.65,5530.0,13,3,-463.45,-0.64,SIGNAL
RUN_20260808_020316,ChecklistStrategy,HEROMOTOCO,2024-08-12,2024-08-16,LONG,5214.8,5120.0,14,4,-1327.2,-1.82,SIGNAL
RUN_20260808_020316,ChecklistStrategy,HEROMOTOCO,2024-08-19,2024-08-21,LONG,5149.0,5244.4,14,2,1335.6,1.85,SIGNAL
RUN_20260808_020316,ChecklistStrategy,HEROMOTOCO,2024-08-28,2024-09-11,LONG,5365.0,5698.0,13,14,4329.0,6.21,SIGNAL
RUN_20260808_020316,ChecklistStrategy,HEROMOTOCO,2024-09-27,2024-10-01,LONG,6068.1,5712.4,12,4,-4268.4,-5.86,STOP_LOSS
RUN_20260808_020316,ChecklistStrategy,HEROMOTOCO,2024-10-03,2024-10-07,LONG,5733.35,5569.95,13,4,-2124.2,-2.85,STOP_LOSS
RUN_20260808_020316,ChecklistStrategy,HEROMOTOCO,2024-10-14,2024-10-18,LONG,5504.0,5217.45,13,4,-3725.15,-5.21,STOP_LOSS
RUN_20260808_020316,ChecklistStrategy,HEROMOTOCO,2024-10-22,2024-10-24,LONG,5263.0,5160.05,13,2,-1338.35,-1.96,SIGNAL
RUN_20260808_020316,ChecklistStrategy,HEROMOTOCO,2024-11-06,2024-11-12,LONG,4858.0,4757.5,14,6,-1407.0,-2.07,STOP_LOSS
RUN_20260808_020316,ChecklistStrategy,HEROMOTOCO,2024-11-18,2024-11-19,LONG,4834.15,4759.95,14,1,-1038.8,-1.53,SIGNAL
RUN_20260808_020316,ChecklistStrategy,HEROMOTOCO,2024-12-20,2024-12-23,LONG,4406.95,4365.0,15,3,-629.25,-0.95,SIGNAL
RUN_20260808_020316,ChecklistStrategy,HEROMOTOCO,2025-01-29,2025-02-04,LONG,4036.0,4324.0,16,6,4608.0,7.14,SIGNAL
RUN_20260808_020316,ChecklistStrategy,HEROMOTOCO,2025-02-06,2025-02-07,LONG,4289.0,4319.95,16,1,495.2,0.72,SIGNAL
RUN_20260808_020316,ChecklistStrategy,HEROMOTOCO,2025-02-18,2025-02-28,LONG,3880.0,3745.6,18,10,-2419.2,-3.46,STOP_LOSS
RUN_20260808_020316,ChecklistStrategy,HEROMOTOCO,2025-03-06,2025-03-13,LONG,3629.5,3625.0,19,7,-85.5,-0.12,SIGNAL
RUN_20260808_020316,ChecklistStrategy,HEROMOTOCO,2025-03-28,2025-04-03,LONG,3779.0,3780.0,18,6,18.0,0.03,SIGNAL
RUN_20260808_020316,ChecklistStrategy,HEROMOTOCO,2025-04-08,2025-04-21,LONG,3600.0,3794.0,19,13,3686.0,5.39,SIGNAL
RUN_20260808_020316,ChecklistStrategy,HEROMOTOCO,2025-06-23,2025-07-01,LONG,4320.0,4258.3,16,8,-987.2,-1.43,SIGNAL
RUN_20260808_020316,ChecklistStrategy,HEROMOTOCO,2025-07-10,2025-07-14,LONG,4330.1,4219.0,16,4,-1777.6,-2.57,STOP_LOSS
RUN_20260808_020316,ChecklistStrategy,HEROMOTOCO,2025-07-22,2025-07-25,LONG,4418.0,4278.0,15,3,-2100.0,-3.17,STOP_LOSS
RUN_20260808_020316,ChecklistStrategy,HEROMOTOCO,2025-07-29,2025-08-07,LONG,4290.0,4430.0,15,9,2100.0,3.26,SIGNAL
RUN_20260808_020316,ChecklistStrategy,HEROMOTOCO,2025-08-08,2025-08-11,LONG,4660.0,4603.0,14,3,-798.0,-1.22,SIGNAL
RUN_20260808_020316,ChecklistStrategy,HEROMOTOCO,2025-09-17,2025-09-29,LONG,5344.0,5328.0,12,12,-192.0,-0.3,SIGNAL
RUN_20260808_020316,ChecklistStrategy,HEROMOTOCO,2025-11-17,2025-11-19,LONG,5589.0,5851.0,12,2,3144.0,4.69,SIGNAL
RUN_20260808_020316,ChecklistStrategy,HEROMOTOCO,2025-12-12,2025-12-16,LONG,6003.5,5960.5,11,4,-473.0,-0.72,SIGNAL
RUN_20260808_020316,ChecklistStrategy,HEROMOTOCO,2025-12-19,2025-12-23,LONG,5725.0,5710.0,12,4,-180.0,-0.26,SIGNAL
RUN_20260808_020316,ChecklistStrategy,HEROMOTOCO,2025-12-24,2025-12-30,LONG,5744.0,5570.0,12,6,-2088.0,-3.03,STOP_LOSS
RUN_20260808_020316,ChecklistStrategy,HEROMOTOCO,2026-01-13,2026-01-19,LONG,5780.0,5625.0,11,6,-1705.0,-2.68,STOP_LOSS
RUN_20260808_020316,ChecklistStrategy,HEROMOTOCO,2026-01-28,2026-02-02,LONG,5407.0,5550.0,12,5,1716.0,2.64,SIGNAL
RUN_20260808_020316,ChecklistStrategy,HEROMOTOCO,2026-02-10,2026-02-13,LONG,5785.0,5702.0,11,3,-913.0,-1.43,SIGNAL
RUN_20260808_020316,ChecklistStrategy,HEROMOTOCO,2026-03-05,2026-03-13,LONG,5513.5,5338.0,12,8,-2106.0,-3.18,STOP_LOSS
RUN_20260808_020316,ChecklistStrategy,HEROMOTOCO,2026-03-23,2026-03-24,LONG,5191.0,5185.0,12,1,-72.0,-0.12,SIGNAL
RUN_20260808_020316,ChecklistStrategy,HEROMOTOCO,2026-05-15,2026-05-19,LONG,5082.0,4944.5,13,4,-1787.5,-2.71,STOP_LOSS
RUN_20260808_020316,ChecklistStrategy,HEROMOTOCO,2026-06-03,2026-06-05,LONG,4856.0,4898.0,13,2,546.0,0.86,SIGNAL
RUN_20260808_020316,ChecklistStrategy,HEROMOTOCO,2026-07-01,2026-07-03,LONG,4818.9,4900.0,13,2,1054.3,1.68,SIGNAL
RUN_20260808_020316,ChecklistStrategy,HEROMOTOCO,2026-07-24,2026-07-27,LONG,5101.2,5050.0,12,3,-614.4,-1.0,SIGNAL
RUN_20260808_020316,ChecklistStrategy,HINDALCO,2024-02-01,2024-02-02,LONG,578.0,577.0,129,1,-129.0,-0.17,SIGNAL
RUN_20260808_020316,ChecklistStrategy,HINDALCO,2024-02-07,2024-02-14,LONG,590.4,515.0,128,7,-9651.2,-12.77,STOP_LOSS
RUN_20260808_020316,ChecklistStrategy,HINDALCO,2024-02-16,2024-02-27,LONG,519.95,505.5,131,11,-1892.95,-2.78,STOP_LOSS
RUN_20260808_020316,ChecklistStrategy,HINDALCO,2024-02-28,2024-03-19,LONG,512.5,532.0,129,20,2515.5,3.8,SIGNAL
RUN_20260808_020316,ChecklistStrategy,HINDALCO,2024-04-25,2024-05-08,LONG,635.7,615.1,106,13,-2183.6,-3.24,STOP_LOSS
RUN_20260808_020316,ChecklistStrategy,HINDALCO,2024-05-09,2024-05-10,LONG,634.0,620.1,104,1,-1445.6,-2.19,STOP_LOSS
RUN_20260808_020316,ChecklistStrategy,HINDALCO,2024-05-13,2024-05-24,LONG,625.1,679.25,104,11,5631.6,8.66,SIGNAL
RUN_20260808_020316,ChecklistStrategy,HINDALCO,2024-06-10,2024-06-20,LONG,677.05,665.0,102,10,-1229.1,-1.78,SIGNAL
RUN_20260808_020316,ChecklistStrategy,HINDALCO,2024-06-21,2024-07-22,LONG,680.0,655.0,101,31,-2525.0,-3.68,STOP_LOSS
RUN_20260808_020316,ChecklistStrategy,HINDALCO,2024-08-12,2024-09-09,LONG,619.0,664.0,106,28,4770.0,7.27,SIGNAL
RUN_20260808_020316,ChecklistStrategy,HINDALCO,2024-09-17,2024-09-19,LONG,689.0,690.0,102,2,102.0,0.15,SIGNAL
RUN_20260808_020316,ChecklistStrategy,HINDALCO,2024-09-27,2024-10-04,LONG,746.95,742.65,95,7,-408.5,-0.58,SIGNAL
RUN_20260808_020316,ChecklistStrategy,HINDALCO,2024-10-10,2024-10-15,LONG,731.9,746.0,95,5,1339.5,1.93,SIGNAL
RUN_20260808_020316,ChecklistStrategy,HINDALCO,2024-10-17,2024-10-23,LONG,741.1,716.0,96,6,-2409.6,-3.39,STOP_LOSS
RUN_20260808_020316,ChecklistStrategy,HINDALCO,2024-10-29,2024-10-30,LONG,692.9,690.95,99,1,-193.05,-0.28,SIGNAL
RUN_20260808_020316,ChecklistStrategy,HINDALCO,2024-11-12,2024-11-13,LONG,668.0,648.0,104,1,-2080.0,-2.99,STOP_LOSS
RUN_20260808_020316,ChecklistStrategy,HINDALCO,2024-11-22,2024-11-28,LONG,652.95,661.0,103,6,829.15,1.23,SIGNAL
RUN_20260808_020316,ChecklistStrategy,HINDALCO,2024-12-04,2024-12-05,LONG,667.55,664.0,101,1,-358.55,-0.53,SIGNAL
RUN_20260808_020316,ChecklistStrategy,HINDALCO,2024-12-10,2024-12-17,LONG,675.0,649.5,100,7,-2550.0,-3.78,STOP_LOSS
RUN_20260808_020316,ChecklistStrategy,HINDALCO,2025-01-01,2025-01-06,LONG,601.5,592.6,108,5,-961.2,-1.48,SIGNAL
RUN_20260808_020316,ChecklistStrategy,HINDALCO,2025-01-23,2025-01-28,LONG,611.0,590.1,105,5,-2194.5,-3.42,STOP_LOSS
RUN_20260808_020316,ChecklistStrategy,HINDALCO,2025-01-30,2025-02-04,LONG,586.9,580.5,108,5,-691.2,-1.09,SIGNAL
RUN_20260808_020316,ChecklistStrategy,HINDALCO,2025-02-10,2025-02-11,LONG,605.0,594.05,102,1,-1116.9,-1.81,SIGNAL
RUN_20260808_020316,ChecklistStrategy,HINDALCO,2025-02-14,2025-02-19,LONG,609.0,607.0,102,5,-204.0,-0.33,SIGNAL
RUN_20260808_020316,ChecklistStrategy,HINDALCO,2025-02-28,2025-03-11,LONG,630.0,684.0,97,11,5238.0,8.57,SIGNAL
RUN_20260808_020316,ChecklistStrategy,HINDALCO,2025-04-11,2025-04-17,LONG,585.0,608.9,115,6,2748.5,4.09,SIGNAL
RUN_20260808_020316,ChecklistStrategy,HINDALCO,2025-04-29,2025-05-19,LONG,631.05,655.0,107,20,2562.65,3.8,SIGNAL
RUN_20260808_020316,ChecklistStrategy,HINDALCO,2025-05-26,2025-06-02,LONG,655.0,628.95,106,7,-2761.3,-3.98,STOP_LOSS
RUN_20260808_020316,ChecklistStrategy,HINDALCO,2025-06-05,2025-06-20,LONG,638.0,641.35,105,15,351.75,0.53,SIGNAL
RUN_20260808_020316,ChecklistStrategy,HINDALCO,2025-06-23,2025-07-01,LONG,644.0,692.4,103,8,4985.2,7.52,SIGNAL
RUN_20260808_020316,ChecklistStrategy,HINDALCO,2025-07-11,2025-07-15,LONG,673.0,670.0,105,4,-315.0,-0.45,SIGNAL
RUN_20260808_020316,ChecklistStrategy,HINDALCO,2025-07-16,2025-08-20,LONG,668.0,701.0,105,35,3465.0,4.94,SIGNAL
RUN_20260808_020316,ChecklistStrategy,HINDALCO,2025-09-19,2025-09-22,LONG,752.0,743.3,97,3,-843.9,-1.16,SIGNAL
RUN_20260808_020316,ChecklistStrategy,HINDALCO,2025-11-18,2025-11-24,LONG,804.5,782.85,90,6,-1948.5,-2.69,STOP_LOSS
RUN_20260808_020316,ChecklistStrategy,HINDALCO,2025-12-08,2025-12-16,LONG,825.8,845.0,86,8,1651.2,2.33,SIGNAL
RUN_20260808_020316,ChecklistStrategy,HINDALCO,2025-12-31,2026-01-07,LONG,886.4,951.05,82,7,5301.3,7.29,SIGNAL
RUN_20260808_020316,ChecklistStrategy,HINDALCO,2026-03-04,2026-03-05,LONG,928.0,930.0,81,1,162.0,0.22,SIGNAL
RUN_20260808_020316,ChecklistStrategy,HINDALCO,2026-03-11,2026-03-13,LONG,959.95,967.0,80,2,564.0,0.73,SIGNAL
RUN_20260808_020316,ChecklistStrategy,HINDALCO,2026-03-25,2026-04-01,LONG,866.0,909.0,90,7,3870.0,4.97,SIGNAL
RUN_20260808_020316,ChecklistStrategy,HINDALCO,2026-04-06,2026-04-13,LONG,917.2,978.05,87,7,5293.95,6.63,SIGNAL
RUN_20260808_020316,ChecklistStrategy,HINDALCO,2026-05-20,2026-06-03,LONG,1038.4,1155.0,79,14,9211.4,11.23,SIGNAL
RUN_20260808_020316,ChecklistStrategy,HINDALCO,2026-07-03,2026-07-08,LONG,965.0,962.05,95,5,-280.25,-0.31,SIGNAL
RUN_20260808_020316,ChecklistStrategy,HINDUNILVR,2024-04-26,2024-05-09,LONG,2245.0,2340.6,33,13,3154.8,4.26,SIGNAL
RUN_20260808_020316,ChecklistStrategy,HINDUNILVR,2024-05-17,2024-05-27,LONG,2351.9,2369.05,33,10,565.95,0.73,SIGNAL
RUN_20260808_020316,ChecklistStrategy,HINDUNILVR,2024-06-10,2024-06-14,LONG,2579.0,2473.0,30,4,-3180.0,-4.11,STOP_LOSS
RUN_20260808_020316,ChecklistStrategy,HINDUNILVR,2024-06-21,2024-06-25,LONG,2475.0,2439.35,30,4,-1069.5,-1.44,SIGNAL
RUN_20260808_020316,ChecklistStrategy,HINDUNILVR,2024-07-04,2024-07-12,LONG,2515.05,2601.0,29,8,2492.55,3.42,SIGNAL
RUN_20260808_020316,ChecklistStrategy,HINDUNILVR,2024-08-06,2024-09-04,LONG,2720.1,2780.0,28,29,1677.2,2.2,SIGNAL
RUN_20260808_020316,ChecklistStrategy,HINDUNILVR,2024-09-18,2024-09-30,LONG,2874.0,2964.2,26,12,2345.2,3.14,SIGNAL
RUN_20260808_020316,ChecklistStrategy,HINDUNILVR,2024-11-19,2024-11-22,LONG,2431.9,2390.95,32,3,-1310.4,-1.68,SIGNAL
RUN_20260808_020316,ChecklistStrategy,HINDUNILVR,2024-12-02,2024-12-03,LONG,2485.0,2480.0,31,1,-155.0,-0.2,SIGNAL
RUN_20260808_020316,ChecklistStrategy,HINDUNILVR,2024-12-04,2024-12-10,LONG,2481.1,2408.7,31,6,-2244.4,-2.92,STOP_LOSS
RUN_20260808_020316,ChecklistStrategy,HINDUNILVR,2024-12-12,2024-12-23,LONG,2385.05,2337.0,31,11,-1489.55,-2.01,STOP_LOSS
RUN_20260808_020316,ChecklistStrategy,HINDUNILVR,2024-12-24,2025-01-07,LONG,2331.1,2377.15,32,14,1473.59,1.98,SIGNAL
RUN_20260808_020316,ChecklistStrategy,HINDUNILVR,2025-01-08,2025-01-15,LONG,2391.0,2373.9,31,7,-530.1,-0.72,SIGNAL
RUN_20260808_020316,ChecklistStrategy,HINDUNILVR,2025-01-23,2025-02-20,LONG,2315.0,2250.4,32,28,-2067.2,-2.79,STOP_LOSS
RUN_20260808_020316,ChecklistStrategy,HINDUNILVR,2025-02-21,2025-03-03,LONG,2248.05,2199.0,33,10,-1618.65,-2.18,STOP_LOSS
RUN_20260808_020316,ChecklistStrategy,HINDUNILVR,2025-04-03,2025-04-25,LONG,2225.45,2331.9,32,22,3406.4,4.78,SIGNAL
RUN_20260808_020316,ChecklistStrategy,HINDUNILVR,2025-04-28,2025-04-29,LONG,2345.0,2328.0,32,1,-544.0,-0.72,SIGNAL
RUN_20260808_020316,ChecklistStrategy,HINDUNILVR,2025-05-02,2025-05-21,LONG,2334.1,2346.0,32,19,380.8,0.51,SIGNAL
RUN_20260808_020316,ChecklistStrategy,HINDUNILVR,2025-05-22,2025-05-28,LONG,2355.0,2388.0,31,6,1023.0,1.4,SIGNAL
RUN_20260808_020316,ChecklistStrategy,HINDUNILVR,2025-06-03,2025-06-04,LONG,2365.1,2359.5,32,1,-179.2,-0.24,SIGNAL
RUN_20260808_020316,ChecklistStrategy,HINDUNILVR,2025-06-30,2025-07-09,LONG,2309.9,2399.0,32,9,2851.2,3.86,SIGNAL
RUN_20260808_020316,ChecklistStrategy,HINDUNILVR,2025-07-29,2025-08-04,LONG,2444.8,2547.0,31,6,3168.2,4.18,SIGNAL
RUN_20260808_020316,ChecklistStrategy,HINDUNILVR,2025-08-12,2025-08-18,LONG,2518.0,2539.0,31,6,651.0,0.83,SIGNAL
RUN_20260808_020316,ChecklistStrategy,HINDUNILVR,2025-08-28,2025-08-29,LONG,2748.0,2664.8,30,1,-2496.0,-3.03,STOP_LOSS
RUN_20260808_020316,ChecklistStrategy,HINDUNILVR,2025-09-10,2025-09-15,LONG,2642.0,2580.5,29,5,-1783.5,-2.33,STOP_LOSS
RUN_20260808_020316,ChecklistStrategy,HINDUNILVR,2025-09-23,2025-09-26,LONG,2568.9,2535.0,30,3,-1017.0,-1.32,SIGNAL
RUN_20260808_020316,ChecklistStrategy,HINDUNILVR,2025-10-15,2025-10-24,LONG,2502.6,2584.0,30,9,2442.0,3.25,SIGNAL
RUN_20260808_020316,ChecklistStrategy,HINDUNILVR,2025-12-16,2026-01-02,LONG,2293.4,2326.0,34,17,1108.4,1.42,SIGNAL
RUN_20260808_020316,ChecklistStrategy,HINDUNILVR,2026-01-13,2026-01-15,LONG,2415.1,2353.5,32,2,-1971.2,-2.55,STOP_LOSS
RUN_20260808_020316,ChecklistStrategy,HINDUNILVR,2026-01-20,2026-01-22,LONG,2423.0,2368.9,32,2,-1731.2,-2.23,STOP_LOSS
RUN_20260808_020316,ChecklistStrategy,HINDUNILVR,2026-01-30,2026-02-06,LONG,2341.0,2354.4,32,7,428.8,0.57,SIGNAL
RUN_20260808_020316,ChecklistStrategy,HINDUNILVR,2026-02-09,2026-02-13,LONG,2425.0,2400.0,31,4,-775.0,-1.03,SIGNAL
RUN_20260808_020316,ChecklistStrategy,HINDUNILVR,2026-02-17,2026-02-26,LONG,2309.3,2378.0,32,9,2198.4,2.97,SIGNAL
RUN_20260808_020316,ChecklistStrategy,HINDUNILVR,2026-03-10,2026-03-12,LONG,2224.0,2165.1,35,2,-2061.5,-2.65,STOP_LOSS
RUN_20260808_020316,ChecklistStrategy,HINDUNILVR,2026-04-06,2026-04-09,LONG,2065.3,2145.5,36,3,2887.2,3.88,SIGNAL
RUN_20260808_020316,ChecklistStrategy,HINDUNILVR,2026-04-13,2026-04-21,LONG,2131.0,2238.7,36,8,3877.2,5.05,SIGNAL
RUN_20260808_020316,ChecklistStrategy,HINDUNILVR,2026-04-30,2026-05-01,LONG,2312.0,2250.9,35,1,-2138.5,-2.64,STOP_LOSS
RUN_20260808_020316,ChecklistStrategy,HINDUNILVR,2026-05-11,2026-05-15,LONG,2277.1,2248.7,34,4,-965.6,-1.25,SIGNAL
RUN_20260808_020316,ChecklistStrategy,HINDUNILVR,2026-05-18,2026-05-19,LONG,2263.1,2242.0,34,1,-717.4,-0.93,SIGNAL
RUN_20260808_020316,ChecklistStrategy,HINDUNILVR,2026-05-25,2026-06-01,LONG,2215.0,2158.5,35,7,-1977.5,-2.55,STOP_LOSS
RUN_20260808_020316,ChecklistStrategy,HINDUNILVR,2026-06-17,2026-06-24,LONG,2201.1,2160.0,34,7,-1397.4,-1.87,SIGNAL
RUN_20260808_020316,ChecklistStrategy,HINDUNILVR,2026-07-08,2026-07-09,LONG,2199.0,2139.0,34,1,-2040.0,-2.73,STOP_LOSS
RUN_20260808_020316,ChecklistStrategy,HINDUNILVR,2026-07-22,2026-07-29,LONG,2139.7,2050.5,34,7,-3032.8,-4.17,STOP_LOSS
RUN_20260808_020316,ChecklistStrategy,ICICIBANK,2024-04-05,2024-04-29,LONG,1070.0,1108.0,69,24,2622.0,3.55,SIGNAL
RUN_20260808_020316,ChecklistStrategy,ICICIBANK,2024-05-06,2024-05-07,LONG,1141.55,1147.95,67,1,428.79,0.56,SIGNAL
RUN_20260808_020316,ChecklistStrategy,ICICIBANK,2024-05-14,2024-05-30,LONG,1125.9,1097.0,68,16,-1965.2,-2.57,STOP_LOSS
RUN_20260808_020316,ChecklistStrategy,ICICIBANK,2024-06-06,2024-06-12,LONG,1118.0,1121.0,68,6,204.0,0.27,SIGNAL
RUN_20260808_020316,ChecklistStrategy,ICICIBANK,2024-07-04,2024-07-05,LONG,1229.0,1225.0,63,1,-252.0,-0.33,SIGNAL
RUN_20260808_020316,ChecklistStrategy,ICICIBANK,2024-07-29,2024-07-31,LONG,1215.15,1219.0,62,2,238.7,0.32,SIGNAL
RUN_20260808_020316,ChecklistStrategy,ICICIBANK,2024-09-04,2024-09-05,LONG,1239.85,1238.0,60,1,-111.0,-0.15,SIGNAL
RUN_20260808_020316,ChecklistStrategy,ICICIBANK,2024-09-10,2024-09-16,LONG,1236.95,1251.0,61,6,857.05,1.14,SIGNAL
RUN_20260808_020316,ChecklistStrategy,ICICIBANK,2024-10-21,2024-10-22,LONG,1264.5,1266.6,60,1,126.0,0.17,SIGNAL
RUN_20260808_020316,ChecklistStrategy,ICICIBANK,2024-11-06,2024-11-11,LONG,1300.25,1262.0,58,5,-2218.5,-2.94,STOP_LOSS
RUN_20260808_020316,ChecklistStrategy,ICICIBANK,2024-11-12,2024-11-13,LONG,1276.15,1270.6,58,1,-321.9,-0.43,SIGNAL
RUN_20260808_020316,ChecklistStrategy,ICICIBANK,2024-11-18,2024-11-19,LONG,1260.0,1257.05,59,1,-174.05,-0.23,SIGNAL
RUN_20260808_020316,ChecklistStrategy,ICICIBANK,2025-01-10,2025-01-14,LONG,1259.0,1233.35,58,4,-1487.7,-2.04,STOP_LOSS
RUN_20260808_020316,ChecklistStrategy,ICICIBANK,2025-01-24,2025-02-01,LONG,1203.1,1251.15,60,8,2883.0,3.99,SIGNAL
RUN_20260808_020316,ChecklistStrategy,ICICIBANK,2025-02-03,2025-02-05,LONG,1246.85,1270.2,59,2,1377.65,1.87,SIGNAL
RUN_20260808_020316,ChecklistStrategy,ICICIBANK,2025-02-11,2025-02-14,LONG,1255.85,1252.1,60,3,-225.0,-0.3,SIGNAL
RUN_20260808_020316,ChecklistStrategy,ICICIBANK,2025-02-20,2025-02-21,LONG,1255.35,1241.1,60,1,-855.0,-1.14,SIGNAL
RUN_20260808_020316,ChecklistStrategy,ICICIBANK,2025-04-11,2025-04-16,LONG,1305.1,1357.0,57,5,2958.3,3.98,SIGNAL
RUN_20260808_020316,ChecklistStrategy,ICICIBANK,2025-04-21,2025-04-23,LONG,1436.0,1429.0,55,2,-385.0,-0.49,SIGNAL
RUN_20260808_020316,ChecklistStrategy,ICICIBANK,2025-05-16,2025-05-20,LONG,1453.3,1450.2,53,4,-164.31,-0.21,SIGNAL
RUN_20260808_020316,ChecklistStrategy,ICICIBANK,2025-05-23,2025-06-04,LONG,1442.2,1437.4,53,12,-254.4,-0.33,SIGNAL
RUN_20260808_020316,ChecklistStrategy,ICICIBANK,2025-06-06,2025-06-10,LONG,1448.6,1439.0,52,4,-499.2,-0.66,SIGNAL
RUN_20260808_020316,ChecklistStrategy,ICICIBANK,2025-07-09,2025-07-25,LONG,1436.2,1500.0,52,16,3317.6,4.44,SIGNAL
RUN_20260808_020316,ChecklistStrategy,ICICIBANK,2025-10-03,2025-10-06,LONG,1371.9,1371.0,57,3,-51.3,-0.07,SIGNAL
RUN_20260808_020316,ChecklistStrategy,ICICIBANK,2025-10-10,2025-10-21,LONG,1370.3,1384.5,57,11,809.4,1.04,SIGNAL
RUN_20260808_020316,ChecklistStrategy,ICICIBANK,2025-10-27,2025-10-31,LONG,1382.1,1357.0,57,4,-1430.7,-1.82,SIGNAL
RUN_20260808_020316,ChecklistStrategy,ICICIBANK,2025-11-10,2025-11-17,LONG,1342.9,1375.1,58,7,1867.6,2.4,SIGNAL
RUN_20260808_020316,ChecklistStrategy,ICICIBANK,2025-12-04,2025-12-18,LONG,1387.0,1346.3,57,14,-2319.9,-2.93,STOP_LOSS
RUN_20260808_020316,ChecklistStrategy,ICICIBANK,2026-02-09,2026-02-10,LONG,1413.5,1401.0,55,1,-687.5,-0.88,SIGNAL
RUN_20260808_020316,ChecklistStrategy,ICICIBANK,2026-02-11,2026-02-16,LONG,1407.4,1404.0,54,5,-183.6,-0.24,SIGNAL
RUN_20260808_020316,ChecklistStrategy,ICICIBANK,2026-02-19,2026-03-02,LONG,1408.5,1355.0,54,11,-2889.0,-3.8,STOP_LOSS
RUN_20260808_020316,ChecklistStrategy,ICICIBANK,2026-03-10,2026-03-16,LONG,1287.6,1255.0,58,6,-1890.8,-2.53,STOP_LOSS
RUN_20260808_020316,ChecklistStrategy,ICICIBANK,2026-05-19,2026-05-20,LONG,1251.1,1230.0,58,1,-1223.8,-1.69,SIGNAL
RUN_20260808_020316,ChecklistStrategy,ICICIBANK,2026-05-25,2026-05-27,LONG,1271.0,1286.0,57,2,855.0,1.18,SIGNAL
RUN_20260808_020316,ChecklistStrategy,ICICIBANK,2026-06-04,2026-06-16,LONG,1232.2,1331.9,58,12,5782.6,8.09,SIGNAL
RUN_20260808_020316,ChecklistStrategy,INDUSINDBK,2024-02-12,2024-02-13,LONG,1488.2,1452.4,50,1,-1790.0,-2.41,STOP_LOSS
RUN_20260808_020316,ChecklistStrategy,INDUSINDBK,2024-02-14,2024-02-20,LONG,1450.05,1489.0,50,6,1947.5,2.69,SIGNAL
RUN_20260808_020316,ChecklistStrategy,INDUSINDBK,2024-02-28,2024-02-29,LONG,1495.0,1451.0,50,1,-2200.0,-2.94,STOP_LOSS
RUN_20260808_020316,ChecklistStrategy,INDUSINDBK,2024-03-01,2024-03-12,LONG,1480.0,1541.05,49,11,2991.45,4.12,SIGNAL
RUN_20260808_020316,ChecklistStrategy,INDUSINDBK,2024-03-19,2024-03-20,LONG,1476.05,1440.0,51,1,-1838.55,-2.44,STOP_LOSS
RUN_20260808_020316,ChecklistStrategy,INDUSINDBK,2024-03-21,2024-04-02,LONG,1460.0,1542.95,51,12,4230.45,5.68,SIGNAL
RUN_20260808_020316,ChecklistStrategy,INDUSINDBK,2024-04-08,2024-04-18,LONG,1560.0,1502.8,49,10,-2802.8,-3.67,STOP_LOSS
RUN_20260808_020316,ChecklistStrategy,INDUSINDBK,2024-04-30,2024-05-03,LONG,1497.8,1517.2,50,3,970.0,1.3,SIGNAL
RUN_20260808_020316,ChecklistStrategy,INDUSINDBK,2024-05-13,2024-05-17,LONG,1415.35,1408.0,53,4,-389.55,-0.52,SIGNAL
RUN_20260808_020316,ChecklistStrategy,INDUSINDBK,2024-05-23,2024-06-07,LONG,1408.55,1468.55,53,15,3180.0,4.26,SIGNAL
RUN_20260808_020316,ChecklistStrategy,INDUSINDBK,2024-06-26,2024-07-01,LONG,1498.0,1468.95,52,5,-1510.6,-1.94,SIGNAL
RUN_20260808_020316,ChecklistStrategy,INDUSINDBK,2024-07-04,2024-07-05,LONG,1455.45,1437.0,52,1,-959.4,-1.27,SIGNAL
RUN_20260808_020316,ChecklistStrategy,INDUSINDBK,2024-07-12,2024-07-15,LONG,1432.0,1438.5,53,3,344.5,0.45,SIGNAL
RUN_20260808_020316,ChecklistStrategy,INDUSINDBK,2024-07-29,2024-07-30,LONG,1415.0,1411.5,54,1,-189.0,-0.25,SIGNAL
RUN_20260808_020316,ChecklistStrategy,INDUSINDBK,2024-07-31,2024-08-05,LONG,1435.0,1388.0,53,5,-2491.0,-3.28,STOP_LOSS
RUN_20260808_020316,ChecklistStrategy,INDUSINDBK,2024-08-13,2024-08-22,LONG,1355.0,1384.05,54,9,1568.7,2.14,SIGNAL
RUN_20260808_020316,ChecklistStrategy,INDUSINDBK,2024-08-28,2024-09-18,LONG,1389.05,1470.0,54,21,4371.3,5.83,SIGNAL
RUN_20260808_020316,ChecklistStrategy,INDUSINDBK,2024-10-09,2024-10-10,LONG,1369.0,1350.0,57,1,-1083.0,-1.39,SIGNAL
RUN_20260808_020316,ChecklistStrategy,INDUSINDBK,2024-10-11,2024-10-22,LONG,1360.1,1309.1,57,11,-2907.0,-3.75,STOP_LOSS
RUN_20260808_020316,ChecklistStrategy,INDUSINDBK,2024-10-29,2024-10-30,LONG,1058.8,1037.65,71,1,-1501.65,-2.0,SIGNAL
RUN_20260808_020316,ChecklistStrategy,INDUSINDBK,2024-11-06,2024-11-08,LONG,1092.3,1061.45,68,2,-2097.81,-2.82,STOP_LOSS
RUN_20260808_020316,ChecklistStrategy,INDUSINDBK,2024-11-25,2024-11-29,LONG,1020.0,998.1,72,4,-1576.8,-2.15,STOP_LOSS
RUN_20260808_020316,ChecklistStrategy,INDUSINDBK,2024-12-02,2024-12-12,LONG,990.05,986.0,71,10,-287.55,-0.41,SIGNAL
RUN_20260808_020316,ChecklistStrategy,INDUSINDBK,2024-12-20,2024-12-23,LONG,960.0,938.95,73,3,-1536.65,-2.19,STOP_LOSS
RUN_20260808_020316,ChecklistStrategy,INDUSINDBK,2024-12-24,2025-01-01,LONG,941.0,958.6,74,8,1302.4,1.87,SIGNAL
RUN_20260808_020316,ChecklistStrategy,INDUSINDBK,2025-01-08,2025-01-13,LONG,985.9,936.9,72,5,-3528.0,-4.97,STOP_LOSS
RUN_20260808_020316,ChecklistStrategy,INDUSINDBK,2025-01-23,2025-01-28,LONG,965.95,937.35,70,5,-2002.0,-2.96,STOP_LOSS
RUN_20260808_020316,ChecklistStrategy,INDUSINDBK,2025-02-18,2025-02-19,LONG,1045.0,1024.1,63,1,-1316.7,-2.0,STOP_LOSS
RUN_20260808_020316,ChecklistStrategy,INDUSINDBK,2025-02-20,2025-03-03,LONG,1029.95,978.95,63,11,-3213.0,-4.95,STOP_LOSS
RUN_20260808_020316,ChecklistStrategy,INDUSINDBK,2025-03-04,2025-03-10,LONG,978.0,895.0,64,6,-5312.0,-8.49,STOP_LOSS
RUN_20260808_020316,ChecklistStrategy,INDUSINDBK,2025-03-27,2025-05-06,LONG,655.3,846.75,90,40,17230.5,29.22,SIGNAL
RUN_20260808_020316,ChecklistStrategy,INDUSINDBK,2025-05-15,2025-05-21,LONG,778.0,783.0,92,6,460.0,0.64,SIGNAL
RUN_20260808_020316,ChecklistStrategy,INDUSINDBK,2025-05-23,2025-05-29,LONG,781.1,805.15,92,6,2212.6,3.08,SIGNAL
RUN_20260808_020316,ChecklistStrategy,INDUSINDBK,2025-05-30,2025-06-02,LONG,821.1,815.0,89,3,-542.9,-0.74,SIGNAL
RUN_20260808_020316,ChecklistStrategy,INDUSINDBK,2025-06-05,2025-06-12,LONG,817.0,837.0,90,7,1800.0,2.45,SIGNAL
RUN_20260808_020316,ChecklistStrategy,INDUSINDBK,2025-07-21,2025-07-22,LONG,870.05,880.0,86,1,855.7,1.14,SIGNAL
RUN_20260808_020316,ChecklistStrategy,INDUSINDBK,2025-07-24,2025-07-25,LONG,855.25,846.4,88,1,-778.8,-1.03,SIGNAL
RUN_20260808_020316,ChecklistStrategy,INDUSINDBK,2025-08-05,2025-08-07,LONG,820.0,801.85,93,2,-1687.95,-2.21,STOP_LOSS
RUN_20260808_020316,ChecklistStrategy,INDUSINDBK,2025-09-04,2025-09-05,LONG,771.8,756.35,95,1,-1467.75,-2.0,STOP_LOSS
RUN_20260808_020316,ChecklistStrategy,INDUSINDBK,2025-09-08,2025-09-15,LONG,759.5,741.0,95,7,-1757.5,-2.44,STOP_LOSS
RUN_20260808_020316,ChecklistStrategy,INDUSINDBK,2025-09-30,2025-10-06,LONG,730.0,742.0,98,6,1176.0,1.64,SIGNAL
RUN_20260808_020316,ChecklistStrategy,INDUSINDBK,2025-10-24,2025-10-30,LONG,759.95,807.0,94,6,4422.7,6.19,SIGNAL
RUN_20260808_020316,ChecklistStrategy,INDUSINDBK,2025-12-10,2025-12-11,LONG,847.8,834.45,89,1,-1188.15,-1.57,SIGNAL
RUN_20260808_020316,ChecklistStrategy,INDUSINDBK,2025-12-12,2026-01-08,LONG,840.05,897.0,89,27,5068.55,6.78,SIGNAL
RUN_20260808_020316,ChecklistStrategy,INDUSINDBK,2026-01-29,2026-03-02,LONG,899.9,939.0,86,32,3362.6,4.34,SIGNAL
RUN_20260808_020316,ChecklistStrategy,INDUSINDBK,2026-03-11,2026-03-12,LONG,897.2,870.0,89,1,-2420.8,-3.03,STOP_LOSS
RUN_20260808_020316,ChecklistStrategy,INDUSINDBK,2026-03-17,2026-03-24,LONG,825.0,789.85,95,7,-3339.25,-4.26,STOP_LOSS
RUN_20260808_020316,ChecklistStrategy,INDUSINDBK,2026-03-25,2026-04-01,LONG,802.95,765.95,95,7,-3515.0,-4.61,STOP_LOSS
RUN_20260808_020316,ChecklistStrategy,INDUSINDBK,2026-04-06,2026-04-10,LONG,774.6,818.5,94,4,4126.6,5.67,SIGNAL
RUN_20260808_020316,ChecklistStrategy,INDUSINDBK,2026-04-13,2026-04-20,LONG,807.1,853.9,92,7,4305.6,5.8,SIGNAL
RUN_20260808_020316,ChecklistStrategy,INDUSINDBK,2026-04-23,2026-04-24,LONG,861.7,868.0,91,1,573.3,0.73,SIGNAL
RUN_20260808_020316,ChecklistStrategy,INDUSINDBK,2026-05-19,2026-06-04,LONG,898.5,903.7,89,16,462.8,0.58,SIGNAL
RUN_20260808_020316,ChecklistStrategy,INDUSINDBK,2026-06-18,2026-06-24,LONG,937.0,904.05,86,6,-2833.7,-3.52,STOP_LOSS
RUN_20260808_020316,ChecklistStrategy,INDUSINDBK,2026-06-25,2026-07-13,LONG,933.0,1010.0,84,18,6468.0,8.25,SIGNAL
RUN_20260808_020316,ChecklistStrategy,INDUSINDBK,2026-07-27,2026-08-05,LONG,1003.0,1025.0,83,9,1826.0,2.19,SIGNAL
RUN_20260808_020316,ChecklistStrategy,INFY,2024-02-13,2024-03-05,LONG,1683.0,1634.0,44,21,-2156.0,-2.91,STOP_LOSS
RUN_20260808_020316,ChecklistStrategy,INFY,2024-03-13,2024-03-14,LONG,1612.9,1614.4,45,1,67.5,0.09,SIGNAL
RUN_20260808_020316,ChecklistStrategy,INFY,2024-04-05,2024-04-10,LONG,1480.05,1500.35,49,5,994.7,1.37,SIGNAL
RUN_20260808_020316,ChecklistStrategy,INFY,2024-04-12,2024-04-16,LONG,1504.0,1451.0,49,4,-2597.0,-3.52,STOP_LOSS
RUN_20260808_020316,ChecklistStrategy,INFY,2024-06-05,2024-06-11,LONG,1400.15,1500.05,51,6,5094.9,7.13,SIGNAL
RUN_20260808_020316,ChecklistStrategy,INFY,2024-06-28,2024-07-01,LONG,1572.55,1559.5,48,3,-626.4,-0.83,SIGNAL
RUN_20260808_020316,ChecklistStrategy,INFY,2024-08-08,2024-08-09,LONG,1779.95,1771.25,42,1,-365.4,-0.49,SIGNAL
RUN_20260808_020316,ChecklistStrategy,INFY,2024-09-23,2024-09-24,LONG,1909.0,1888.0,39,1,-819.0,-1.1,SIGNAL
RUN_20260808_020316,ChecklistStrategy,INFY,2024-10-03,2024-10-09,LONG,1889.5,1952.55,39,6,2458.95,3.34,SIGNAL
RUN_20260808_020316,ChecklistStrategy,INFY,2024-10-24,2024-10-25,LONG,1861.4,1863.45,40,1,82.0,0.11,SIGNAL
RUN_20260808_020316,ChecklistStrategy,INFY,2024-11-04,2024-11-08,LONG,1724.5,1818.0,43,4,4020.5,5.42,SIGNAL
RUN_20260808_020316,ChecklistStrategy,INFY,2024-12-31,2025-01-06,LONG,1892.3,1952.0,41,6,2447.7,3.15,SIGNAL
RUN_20260808_020316,ChecklistStrategy,INFY,2025-01-09,2025-01-10,LONG,1934.05,1937.0,41,1,120.95,0.15,SIGNAL
RUN_20260808_020316,ChecklistStrategy,INFY,2025-01-16,2025-01-17,LONG,1965.95,1851.0,41,1,-4712.95,-5.85,STOP_LOSS
RUN_20260808_020316,ChecklistStrategy,INFY,2025-01-21,2025-01-29,LONG,1819.05,1845.0,42,8,1089.9,1.43,SIGNAL
RUN_20260808_020316,ChecklistStrategy,INFY,2025-02-17,2025-02-24,LONG,1838.55,1800.05,42,7,-1617.0,-2.09,STOP_LOSS
RUN_20260808_020316,ChecklistStrategy,INFY,2025-03-04,2025-03-13,LONG,1695.0,1599.25,45,9,-4308.75,-5.65,STOP_LOSS
RUN_20260808_020316,ChecklistStrategy,INFY,2025-04-11,2025-04-23,LONG,1411.25,1446.0,52,12,1807.0,2.46,SIGNAL
RUN_20260808_020316,ChecklistStrategy,INFY,2025-05-15,2025-05-19,LONG,1589.8,1576.5,47,4,-625.1,-0.84,SIGNAL
RUN_20260808_020316,ChecklistStrategy,INFY,2025-05-22,2025-05-28,LONG,1555.5,1581.0,47,6,1198.5,1.64,SIGNAL
RUN_20260808_020316,ChecklistStrategy,INFY,2025-06-23,2025-06-30,LONG,1601.0,1615.0,46,7,644.0,0.87,SIGNAL
RUN_20260808_020316,ChecklistStrategy,INFY,2025-07-09,2025-07-14,LONG,1637.8,1591.8,46,5,-2116.0,-2.81,STOP_LOSS
RUN_20260808_020316,ChecklistStrategy,INFY,2025-07-29,2025-08-04,LONG,1512.9,1461.5,49,6,-2518.6,-3.4,STOP_LOSS
RUN_20260808_020316,ChecklistStrategy,INFY,2025-08-08,2025-08-13,LONG,1425.0,1425.0,50,5,0.0,0.0,SIGNAL
RUN_20260808_020316,ChecklistStrategy,INFY,2025-08-14,2025-08-29,LONG,1426.2,1501.9,50,15,3785.0,5.31,SIGNAL
RUN_20260808_020316,ChecklistStrategy,INFY,2025-09-02,2025-09-05,LONG,1499.4,1470.0,50,3,-1470.0,-1.96,SIGNAL
RUN_20260808_020316,ChecklistStrategy,INFY,2025-09-17,2025-09-24,LONG,1516.9,1487.2,48,7,-1425.6,-1.96,SIGNAL
RUN_20260808_020316,ChecklistStrategy,INFY,2025-10-03,2025-10-10,LONG,1439.0,1510.0,50,7,3550.0,4.93,SIGNAL
RUN_20260808_020316,ChecklistStrategy,INFY,2025-10-17,2025-11-12,LONG,1454.9,1540.0,51,26,4340.1,5.85,SIGNAL
RUN_20260808_020316,ChecklistStrategy,INFY,2025-11-20,2025-12-03,LONG,1555.0,1555.1,51,13,5.1,0.01,SIGNAL
RUN_20260808_020316,ChecklistStrategy,INFY,2025-12-04,2025-12-24,LONG,1568.0,1661.0,49,20,4557.0,5.93,SIGNAL
RUN_20260808_020316,ChecklistStrategy,INFY,2026-01-02,2026-01-12,LONG,1635.9,1610.1,50,10,-1290.0,-1.58,SIGNAL
RUN_20260808_020316,ChecklistStrategy,INFY,2026-01-22,2026-01-28,LONG,1666.0,1680.0,49,6,686.0,0.84,SIGNAL
RUN_20260808_020316,ChecklistStrategy,INFY,2026-02-17,2026-02-19,LONG,1370.0,1385.0,59,2,885.0,1.09,SIGNAL
RUN_20260808_020316,ChecklistStrategy,INFY,2026-04-06,2026-04-07,LONG,1301.4,1302.0,63,1,37.8,0.05,SIGNAL
RUN_20260808_020316,ChecklistStrategy,INFY,2026-04-28,2026-05-14,LONG,1162.7,1119.8,70,16,-3002.99,-3.69,STOP_LOSS
RUN_20260808_020316,ChecklistStrategy,INFY,2026-05-18,2026-05-22,LONG,1119.0,1182.5,71,4,4508.5,5.67,SIGNAL
RUN_20260808_020316,ChecklistStrategy,INFY,2026-07-08,2026-07-13,LONG,1071.9,1057.1,77,5,-1139.6,-1.38,SIGNAL
RUN_20260808_020316,ChecklistStrategy,INFY,2026-07-14,2026-07-16,LONG,1107.8,1082.5,74,2,-1872.2,-2.28,STOP_LOSS
RUN_20260808_020316,ChecklistStrategy,ITC,2024-02-01,2024-02-05,LONG,425.61,425.61,176,4,0.0,0.0,SIGNAL
RUN_20260808_020316,ChecklistStrategy,ITC,2024-02-15,2024-02-16,LONG,397.68,389.98,189,1,-1455.93,-1.94,SIGNAL
RUN_20260808_020316,ChecklistStrategy,ITC,2024-03-13,2024-03-14,LONG,418.87,406.3,189,1,-2374.98,-3.0,STOP_LOSS
RUN_20260808_020316,ChecklistStrategy,ITC,2024-03-21,2024-04-01,LONG,403.46,413.19,179,11,1740.85,2.41,SIGNAL
RUN_20260808_020316,ChecklistStrategy,ITC,2024-04-08,2024-04-10,LONG,412.42,412.42,178,2,0.0,0.0,SIGNAL
RUN_20260808_020316,ChecklistStrategy,ITC,2024-04-24,2024-04-30,LONG,413.33,423.63,177,6,1823.67,2.49,SIGNAL
RUN_20260808_020316,ChecklistStrategy,ITC,2024-05-03,2024-05-10,LONG,423.73,410.68,176,7,-2296.36,-3.08,STOP_LOSS
RUN_20260808_020316,ChecklistStrategy,ITC,2024-05-13,2024-05-14,LONG,417.18,414.54,174,1,-460.75,-0.63,SIGNAL
RUN_20260808_020316,ChecklistStrategy,ITC,2024-05-17,2024-06-05,LONG,416.36,406.35,174,19,-1742.5,-2.4,STOP_LOSS
RUN_20260808_020316,ChecklistStrategy,ITC,2024-06-10,2024-06-14,LONG,423.68,415.02,168,4,-1455.93,-2.04,STOP_LOSS
RUN_20260808_020316,ChecklistStrategy,ITC,2024-07-04,2024-07-11,LONG,414.05,433.31,169,7,3254.65,4.65,SIGNAL
RUN_20260808_020316,ChecklistStrategy,ITC,2024-07-12,2024-07-23,LONG,441.64,449.25,163,11,1239.95,1.72,SIGNAL
RUN_20260808_020316,ChecklistStrategy,ITC,2024-07-24,2024-07-25,LONG,477.61,471.83,154,1,-889.73,-1.21,SIGNAL
RUN_20260808_020316,ChecklistStrategy,ITC,2024-09-10,2024-09-12,LONG,492.92,496.0,147,2,452.96,0.62,SIGNAL
RUN_20260808_020316,ChecklistStrategy,ITC,2024-10-22,2024-10-23,LONG,465.71,463.16,156,1,-398.07,-0.55,SIGNAL
RUN_20260808_020316,ChecklistStrategy,ITC,2024-11-07,2024-11-18,LONG,463.88,448.72,156,11,-2365.88,-3.27,STOP_LOSS
RUN_20260808_020316,ChecklistStrategy,ITC,2024-11-25,2024-12-05,LONG,461.24,450.21,154,10,-1697.91,-2.39,STOP_LOSS
RUN_20260808_020316,ChecklistStrategy,ITC,2024-12-16,2024-12-20,LONG,452.81,449.2,153,4,-552.47,-0.8,SIGNAL
RUN_20260808_020316,ChecklistStrategy,ITC,2024-12-23,2025-01-06,LONG,453.73,455.6,154,14,288.65,0.41,SIGNAL
RUN_20260808_020316,ChecklistStrategy,ITC,2025-01-16,2025-01-21,LONG,438.05,438.0,158,5,-7.9,-0.01,SIGNAL
RUN_20260808_020316,ChecklistStrategy,ITC,2025-01-31,2025-02-04,LONG,436.5,458.0,158,4,3397.0,4.93,SIGNAL
RUN_20260808_020316,ChecklistStrategy,ITC,2025-03-04,2025-04-22,LONG,395.4,425.95,180,49,5499.0,7.73,SIGNAL
RUN_20260808_020316,ChecklistStrategy,ITC,2025-05-09,2025-05-19,LONG,425.95,435.0,175,10,1583.75,2.12,SIGNAL
RUN_20260808_020316,ChecklistStrategy,ITC,2025-06-03,2025-06-18,LONG,419.0,417.0,183,15,-366.0,-0.48,SIGNAL
RUN_20260808_020316,ChecklistStrategy,ITC,2025-07-28,2025-08-21,LONG,410.8,406.05,187,24,-888.25,-1.16,SIGNAL
RUN_20260808_020316,ChecklistStrategy,ITC,2025-08-26,2025-09-02,LONG,399.3,406.55,190,7,1377.5,1.82,SIGNAL
RUN_20260808_020316,ChecklistStrategy,ITC,2025-09-03,2025-09-09,LONG,408.5,408.5,189,6,0.0,0.0,SIGNAL
RUN_20260808_020316,ChecklistStrategy,ITC,2025-09-19,2025-09-22,LONG,411.55,410.65,186,3,-167.4,-0.22,SIGNAL
RUN_20260808_020316,ChecklistStrategy,ITC,2025-09-29,2025-09-30,LONG,406.9,406.75,189,1,-28.35,-0.04,SIGNAL
RUN_20260808_020316,ChecklistStrategy,ITC,2025-10-03,2025-10-06,LONG,404.9,403.0,189,3,-359.1,-0.47,SIGNAL
RUN_20260808_020316,ChecklistStrategy,ITC,2025-10-16,2025-10-29,LONG,401.0,418.2,190,13,3268.0,4.29,SIGNAL
RUN_20260808_020316,ChecklistStrategy,ITC,2025-11-11,2025-11-25,LONG,406.0,403.55,194,14,-475.3,-0.6,SIGNAL
RUN_20260808_020316,ChecklistStrategy,ITC,2025-11-27,2025-12-01,LONG,403.5,402.8,194,4,-135.8,-0.17,SIGNAL
RUN_20260808_020316,ChecklistStrategy,ITC,2025-12-05,2025-12-09,LONG,403.05,402.0,194,4,-203.7,-0.26,SIGNAL
RUN_20260808_020316,ChecklistStrategy,ITC,2026-01-01,2026-01-02,LONG,402.7,360.0,193,1,-8241.1,-10.6,STOP_LOSS
RUN_20260808_020316,ChecklistStrategy,ITC,2026-01-13,2026-01-19,LONG,339.0,330.0,212,6,-1908.0,-2.65,STOP_LOSS
RUN_20260808_020316,ChecklistStrategy,ITC,2026-01-29,2026-02-03,LONG,322.6,321.2,219,5,-306.6,-0.43,SIGNAL
RUN_20260808_020316,ChecklistStrategy,ITC,2026-02-09,2026-02-12,LONG,327.95,317.3,215,3,-2289.76,-3.25,STOP_LOSS
RUN_20260808_020316,ChecklistStrategy,ITC,2026-02-17,2026-02-20,LONG,318.45,325.05,215,3,1418.99,2.07,SIGNAL
RUN_20260808_020316,ChecklistStrategy,ITC,2026-03-11,2026-03-16,LONG,309.05,302.55,224,5,-1456.0,-2.1,STOP_LOSS
RUN_20260808_020316,ChecklistStrategy,ITC,2026-03-27,2026-04-01,LONG,294.7,293.0,230,5,-391.0,-0.58,SIGNAL
RUN_20260808_020316,ChecklistStrategy,ITC,2026-04-22,2026-04-27,LONG,310.0,303.65,219,5,-1390.65,-2.05,STOP_LOSS
RUN_20260808_020316,ChecklistStrategy,ITC,2026-04-28,2026-05-01,LONG,304.4,314.9,220,3,2310.0,3.45,SIGNAL
RUN_20260808_020316,ChecklistStrategy,ITC,2026-05-06,2026-05-07,LONG,312.8,311.45,220,1,-296.99,-0.43,SIGNAL
RUN_20260808_020316,ChecklistStrategy,ITC,2026-05-14,2026-05-28,LONG,305.0,291.95,224,14,-2923.2,-4.28,STOP_LOSS
RUN_20260808_020316,ChecklistStrategy,ITC,2026-06-05,2026-07-01,LONG,280.0,287.85,235,26,1844.75,2.8,SIGNAL
RUN_20260808_020316,ChecklistStrategy,ITC,2026-07-02,2026-07-09,LONG,290.7,281.25,232,7,-2192.4,-3.25,STOP_LOSS
RUN_20260808_020316,ChecklistStrategy,JIOFIN,2024-03-26,2024-04-02,LONG,345.0,359.0,217,7,3038.0,4.06,SIGNAL
RUN_20260808_020316,ChecklistStrategy,JIOFIN,2024-05-13,2024-06-05,LONG,347.85,339.0,222,23,-1964.7,-2.54,STOP_LOSS
RUN_20260808_020316,ChecklistStrategy,JIOFIN,2024-06-06,2024-06-20,LONG,350.0,358.9,219,14,1949.1,2.54,SIGNAL
RUN_20260808_020316,ChecklistStrategy,JIOFIN,2024-07-22,2024-07-26,LONG,338.75,329.85,227,4,-2020.3,-2.63,STOP_LOSS
RUN_20260808_020316,ChecklistStrategy,JIOFIN,2024-07-29,2024-08-05,LONG,334.5,317.95,227,7,-3756.85,-4.95,STOP_LOSS
RUN_20260808_020316,ChecklistStrategy,JIOFIN,2024-09-10,2024-09-17,LONG,343.95,348.7,212,7,1007.0,1.38,SIGNAL
RUN_20260808_020316,ChecklistStrategy,JIOFIN,2024-09-20,2024-10-01,LONG,348.4,352.0,211,11,759.6,1.03,SIGNAL
RUN_20260808_020316,ChecklistStrategy,JIOFIN,2024-10-21,2024-10-22,LONG,334.4,328.0,224,1,-1433.6,-1.91,SIGNAL
RUN_20260808_020316,ChecklistStrategy,JIOFIN,2024-10-25,2024-11-05,LONG,317.5,320.0,230,11,575.0,0.79,SIGNAL
RUN_20260808_020316,ChecklistStrategy,JIOFIN,2024-12-02,2024-12-06,LONG,326.0,343.05,223,4,3802.15,5.23,SIGNAL
RUN_20260808_020316,ChecklistStrategy,JIOFIN,2024-12-12,2024-12-19,LONG,343.8,318.0,221,7,-5701.8,-7.5,STOP_LOSS
RUN_20260808_020316,ChecklistStrategy,JIOFIN,2025-01-08,2025-01-10,LONG,300.5,290.0,240,2,-2520.0,-3.49,STOP_LOSS
RUN_20260808_020316,ChecklistStrategy,JIOFIN,2025-01-15,2025-01-22,LONG,275.0,261.7,256,7,-3404.8,-4.84,STOP_LOSS
RUN_20260808_020316,ChecklistStrategy,JIOFIN,2025-01-23,2025-01-24,LONG,263.5,256.0,256,1,-1920.0,-2.85,STOP_LOSS
RUN_20260808_020316,ChecklistStrategy,JIOFIN,2025-02-20,2025-02-28,LONG,228.0,219.26,287,8,-2508.38,-3.83,STOP_LOSS
RUN_20260808_020316,ChecklistStrategy,JIOFIN,2025-03-10,2025-03-11,LONG,222.6,214.7,288,1,-2275.2,-3.55,STOP_LOSS
RUN_20260808_020316,ChecklistStrategy,JIOFIN,2025-05-02,2025-05-07,LONG,262.9,245.05,238,5,-4248.3,-6.79,STOP_LOSS
RUN_20260808_020316,ChecklistStrategy,JIOFIN,2025-05-28,2025-05-30,LONG,296.05,288.0,202,2,-1626.1,-2.72,STOP_LOSS
RUN_20260808_020316,ChecklistStrategy,JIOFIN,2025-06-17,2025-06-19,LONG,295.0,289.5,196,2,-1078.0,-1.86,SIGNAL
RUN_20260808_020316,ChecklistStrategy,JIOFIN,2025-06-23,2025-07-03,LONG,288.55,327.55,193,10,7527.0,13.52,SIGNAL
RUN_20260808_020316,ChecklistStrategy,JIOFIN,2025-07-16,2025-07-23,LONG,321.0,311.6,194,7,-1823.6,-2.93,STOP_LOSS
RUN_20260808_020316,ChecklistStrategy,JIOFIN,2025-07-24,2025-07-29,LONG,315.0,306.3,194,5,-1687.8,-2.76,STOP_LOSS
RUN_20260808_020316,ChecklistStrategy,JIOFIN,2025-07-30,2025-08-06,LONG,323.0,333.2,186,7,1897.2,3.16,SIGNAL
RUN_20260808_020316,ChecklistStrategy,JIOFIN,2025-08-12,2025-08-25,LONG,327.95,322.0,186,13,-1106.7,-1.81,SIGNAL
RUN_20260808_020316,ChecklistStrategy,JIOFIN,2025-09-01,2025-09-11,LONG,311.7,310.05,193,10,-318.45,-0.53,SIGNAL
RUN_20260808_020316,ChecklistStrategy,JIOFIN,2025-10-10,2025-10-15,LONG,307.0,305.6,195,5,-273.0,-0.46,SIGNAL
RUN_20260808_020316,ChecklistStrategy,JIOFIN,2025-10-16,2025-10-21,LONG,314.05,311.45,191,5,-496.6,-0.83,SIGNAL
RUN_20260808_020316,ChecklistStrategy,JIOFIN,2026-01-08,2026-01-09,LONG,303.3,292.0,195,1,-2203.5,-3.73,STOP_LOSS
RUN_20260808_020316,ChecklistStrategy,JIOFIN,2026-01-13,2026-01-14,LONG,289.1,281.95,200,1,-1430.0,-2.47,STOP_LOSS
RUN_20260808_020316,ChecklistStrategy,JIOFIN,2026-01-28,2026-02-03,LONG,257.85,260.05,221,6,486.2,0.85,SIGNAL
RUN_20260808_020316,ChecklistStrategy,JIOFIN,2026-02-12,2026-02-16,LONG,270.0,262.05,211,4,-1677.45,-2.94,STOP_LOSS
RUN_20260808_020316,ChecklistStrategy,JIOFIN,2026-03-06,2026-03-10,LONG,242.2,236.95,229,4,-1202.25,-2.17,STOP_LOSS
RUN_20260808_020316,ChecklistStrategy,JIOFIN,2026-03-11,2026-03-12,LONG,237.9,237.4,232,1,-116.0,-0.21,SIGNAL
RUN_20260808_020316,ChecklistStrategy,JIOFIN,2026-03-25,2026-04-01,LONG,235.0,233.04,235,7,-460.6,-0.83,SIGNAL
RUN_20260808_020316,ChecklistStrategy,JIOFIN,2026-04-02,2026-04-17,LONG,227.85,242.02,234,15,3315.78,6.22,SIGNAL
RUN_20260808_020316,ChecklistStrategy,JIOFIN,2026-04-20,2026-04-21,LONG,242.0,237.27,232,1,-1097.36,-1.95,SIGNAL
RUN_20260808_020316,ChecklistStrategy,JIOFIN,2026-04-23,2026-04-30,LONG,240.0,250.0,234,7,2340.0,4.17,SIGNAL
RUN_20260808_020316,ChecklistStrategy,JIOFIN,2026-05-14,2026-05-20,LONG,233.0,230.39,249,6,-649.89,-1.12,SIGNAL
RUN_20260808_020316,ChecklistStrategy,JIOFIN,2026-07-10,2026-07-31,LONG,235.0,247.5,245,21,3062.5,5.32,SIGNAL
RUN_20260808_020316,ChecklistStrategy,JSWSTEEL,2024-02-01,2024-02-02,LONG,822.0,809.25,91,1,-1160.25,-1.55,SIGNAL
RUN_20260808_020316,ChecklistStrategy,JSWSTEEL,2024-02-14,2024-02-22,LONG,798.0,831.0,91,8,3003.0,4.14,SIGNAL
RUN_20260808_020316,ChecklistStrategy,JSWSTEEL,2024-03-15,2024-03-20,LONG,782.1,802.2,97,5,1949.7,2.57,SIGNAL
RUN_20260808_020316,ChecklistStrategy,JSWSTEEL,2024-04-22,2024-05-06,LONG,867.1,879.7,89,14,1121.4,1.45,SIGNAL
RUN_20260808_020316,ChecklistStrategy,JSWSTEEL,2024-05-07,2024-05-08,LONG,880.65,850.4,89,1,-2692.25,-3.43,STOP_LOSS
RUN_20260808_020316,ChecklistStrategy,JSWSTEEL,2024-05-13,2024-05-24,LONG,847.85,915.0,89,11,5976.35,7.92,SIGNAL
RUN_20260808_020316,ChecklistStrategy,JSWSTEEL,2024-05-29,2024-06-03,LONG,899.6,912.0,89,5,1103.6,1.38,SIGNAL
RUN_20260808_020316,ChecklistStrategy,JSWSTEEL,2024-06-04,2024-06-05,LONG,914.0,857.0,89,1,-5073.0,-6.24,STOP_LOSS
RUN_20260808_020316,ChecklistStrategy,JSWSTEEL,2024-06-06,2024-06-25,LONG,884.0,936.9,88,19,4655.2,5.98,SIGNAL
RUN_20260808_020316,ChecklistStrategy,JSWSTEEL,2024-06-28,2024-07-01,LONG,943.15,935.0,86,3,-700.9,-0.86,SIGNAL
RUN_20260808_020316,ChecklistStrategy,JSWSTEEL,2024-07-18,2024-07-19,LONG,934.35,927.0,86,1,-632.1,-0.79,SIGNAL
RUN_20260808_020316,ChecklistStrategy,JSWSTEEL,2024-07-24,2024-07-26,LONG,895.0,880.0,89,2,-1335.0,-1.68,SIGNAL
RUN_20260808_020316,ChecklistStrategy,JSWSTEEL,2024-08-07,2024-09-12,LONG,899.0,935.8,89,36,3275.2,4.09,SIGNAL
RUN_20260808_020316,ChecklistStrategy,JSWSTEEL,2024-10-21,2024-10-23,LONG,997.0,963.65,82,2,-2734.7,-3.35,STOP_LOSS
RUN_20260808_020316,ChecklistStrategy,JSWSTEEL,2024-10-25,2024-10-28,LONG,958.1,936.0,83,3,-1834.3,-2.31,STOP_LOSS
RUN_20260808_020316,ChecklistStrategy,JSWSTEEL,2024-10-29,2024-11-08,LONG,972.45,994.0,80,10,1724.0,2.22,SIGNAL
RUN_20260808_020316,ChecklistStrategy,JSWSTEEL,2024-11-11,2024-11-13,LONG,988.0,953.5,79,2,-2725.5,-3.49,STOP_LOSS
RUN_20260808_020316,ChecklistStrategy,JSWSTEEL,2024-12-02,2024-12-04,LONG,965.9,996.1,80,2,2416.0,3.13,SIGNAL
RUN_20260808_020316,ChecklistStrategy,JSWSTEEL,2024-12-06,2024-12-18,LONG,999.9,967.05,79,12,-2595.15,-3.29,STOP_LOSS
RUN_20260808_020316,ChecklistStrategy,JSWSTEEL,2025-01-15,2025-01-20,LONG,910.0,908.6,85,5,-119.0,-0.15,SIGNAL
RUN_20260808_020316,ChecklistStrategy,JSWSTEEL,2025-01-30,2025-02-01,LONG,937.9,947.85,82,2,815.9,1.06,SIGNAL
RUN_20260808_020316,ChecklistStrategy,JSWSTEEL,2025-02-28,2025-03-07,LONG,968.1,1011.0,79,7,3389.1,4.43,SIGNAL
RUN_20260808_020316,ChecklistStrategy,JSWSTEEL,2025-04-29,2025-05-02,LONG,1055.0,1021.2,75,3,-2535.0,-3.2,STOP_LOSS
RUN_20260808_020316,ChecklistStrategy,JSWSTEEL,2025-05-23,2025-05-28,LONG,1011.0,1014.9,77,5,300.3,0.39,SIGNAL
RUN_20260808_020316,ChecklistStrategy,JSWSTEEL,2025-06-09,2025-06-11,LONG,1006.3,1003.95,77,2,-180.95,-0.23,SIGNAL
RUN_20260808_020316,ChecklistStrategy,JSWSTEEL,2025-07-02,2025-07-10,LONG,1031.0,1040.9,75,8,742.5,0.96,SIGNAL
RUN_20260808_020316,ChecklistStrategy,JSWSTEEL,2025-07-11,2025-08-11,LONG,1043.0,1049.2,75,31,465.0,0.59,SIGNAL
RUN_20260808_020316,ChecklistStrategy,JSWSTEEL,2025-08-12,2025-09-01,LONG,1054.8,1026.6,75,20,-2115.01,-2.67,STOP_LOSS
RUN_20260808_020316,ChecklistStrategy,JSWSTEEL,2025-09-02,2025-09-05,LONG,1035.6,1069.0,74,3,2471.6,3.23,SIGNAL
RUN_20260808_020316,ChecklistStrategy,JSWSTEEL,2025-10-23,2025-10-24,LONG,1161.0,1140.0,68,1,-1428.0,-1.81,SIGNAL
RUN_20260808_020316,ChecklistStrategy,JSWSTEEL,2025-11-18,2025-11-19,LONG,1179.9,1167.5,66,1,-818.4,-1.05,SIGNAL
RUN_20260808_020316,ChecklistStrategy,JSWSTEEL,2025-11-26,2025-11-28,LONG,1112.0,1160.0,69,2,3312.0,4.32,SIGNAL
RUN_20260808_020316,ChecklistStrategy,JSWSTEEL,2025-12-04,2025-12-09,LONG,1159.0,1118.0,69,5,-2829.0,-3.54,STOP_LOSS
RUN_20260808_020316,ChecklistStrategy,JSWSTEEL,2025-12-29,2026-01-01,LONG,1100.0,1163.5,71,3,4508.5,5.77,SIGNAL
RUN_20260808_020316,ChecklistStrategy,JSWSTEEL,2026-01-15,2026-01-19,LONG,1181.8,1187.4,68,4,380.8,0.47,SIGNAL
RUN_20260808_020316,ChecklistStrategy,JSWSTEEL,2026-01-22,2026-01-27,LONG,1180.0,1197.0,69,5,1173.0,1.44,SIGNAL
RUN_20260808_020316,ChecklistStrategy,JSWSTEEL,2026-02-03,2026-02-09,LONG,1225.0,1248.5,68,6,1598.0,1.92,SIGNAL
RUN_20260808_020316,ChecklistStrategy,JSWSTEEL,2026-02-23,2026-03-05,LONG,1240.0,1214.5,67,10,-1708.5,-2.06,STOP_LOSS
RUN_20260808_020316,ChecklistStrategy,JSWSTEEL,2026-03-17,2026-03-24,LONG,1147.0,1131.9,71,7,-1072.1,-1.32,SIGNAL
RUN_20260808_020316,ChecklistStrategy,JSWSTEEL,2026-03-25,2026-04-06,LONG,1140.0,1132.0,71,12,-568.0,-0.7,SIGNAL
RUN_20260808_020316,ChecklistStrategy,JSWSTEEL,2026-05-19,2026-06-09,LONG,1298.0,1265.0,62,21,-2046.0,-2.54,STOP_LOSS
RUN_20260808_020316,ChecklistStrategy,JSWSTEEL,2026-06-18,2026-06-24,LONG,1288.0,1240.0,61,6,-2928.0,-3.73,STOP_LOSS
RUN_20260808_020316,ChecklistStrategy,JSWSTEEL,2026-07-20,2026-07-23,LONG,1252.7,1256.0,62,3,204.6,0.26,SIGNAL
RUN_20260808_020316,ChecklistStrategy,KOTAKBANK,2024-02-01,2024-02-07,LONG,366.0,358.2,205,6,-1599.0,-2.13,STOP_LOSS
RUN_20260808_020316,ChecklistStrategy,KOTAKBANK,2024-02-12,2024-02-27,LONG,348.6,342.6,211,15,-1266.0,-1.72,SIGNAL
RUN_20260808_020316,ChecklistStrategy,KOTAKBANK,2024-03-01,2024-03-11,LONG,339.1,353.18,215,10,3027.2,4.15,SIGNAL
RUN_20260808_020316,ChecklistStrategy,KOTAKBANK,2024-03-14,2024-04-01,LONG,345.0,359.0,216,18,3024.0,4.06,SIGNAL
RUN_20260808_020316,ChecklistStrategy,KOTAKBANK,2024-04-05,2024-04-26,LONG,349.81,328.49,220,21,-4690.4,-6.09,STOP_LOSS
RUN_20260808_020316,ChecklistStrategy,KOTAKBANK,2024-04-30,2024-05-02,LONG,328.08,318.0,224,2,-2257.92,-3.07,STOP_LOSS
RUN_20260808_020316,ChecklistStrategy,KOTAKBANK,2024-05-28,2024-05-31,LONG,342.46,340.6,210,3,-390.6,-0.54,SIGNAL
RUN_20260808_020316,ChecklistStrategy,KOTAKBANK,2024-06-19,2024-06-21,LONG,345.8,354.0,208,2,1705.6,2.37,SIGNAL
RUN_20260808_020316,ChecklistStrategy,KOTAKBANK,2024-07-26,2024-08-06,LONG,351.62,357.0,205,11,1102.9,1.53,SIGNAL
RUN_20260808_020316,ChecklistStrategy,KOTAKBANK,2024-09-11,2024-09-17,LONG,359.0,367.88,205,6,1820.4,2.47,SIGNAL
RUN_20260808_020316,ChecklistStrategy,KOTAKBANK,2024-10-03,2024-10-07,LONG,371.58,362.0,199,4,-1906.42,-2.58,STOP_LOSS
RUN_20260808_020316,ChecklistStrategy,KOTAKBANK,2024-10-09,2024-10-10,LONG,360.2,361.98,203,1,361.34,0.49,SIGNAL
RUN_20260808_020316,ChecklistStrategy,KOTAKBANK,2024-10-21,2024-10-22,LONG,370.0,358.39,197,1,-2287.17,-3.14,STOP_LOSS
RUN_20260808_020316,ChecklistStrategy,KOTAKBANK,2024-11-18,2024-11-28,LONG,342.8,356.65,210,10,2908.5,4.04,SIGNAL
RUN_20260808_020316,ChecklistStrategy,KOTAKBANK,2024-12-16,2024-12-20,LONG,360.6,351.0,205,4,-1968.0,-2.66,STOP_LOSS
RUN_20260808_020316,ChecklistStrategy,KOTAKBANK,2024-12-26,2025-02-12,LONG,351.36,384.69,207,48,6899.31,9.49,SIGNAL
RUN_20260808_020316,ChecklistStrategy,KOTAKBANK,2025-02-19,2025-02-21,LONG,392.79,394.11,198,2,261.36,0.34,SIGNAL
RUN_20260808_020316,ChecklistStrategy,KOTAKBANK,2025-03-04,2025-03-11,LONG,380.23,384.6,203,7,887.11,1.15,SIGNAL
RUN_20260808_020316,ChecklistStrategy,KOTAKBANK,2025-05-08,2025-05-21,LONG,419.8,419.0,187,13,-149.6,-0.19,SIGNAL
RUN_20260808_020316,ChecklistStrategy,KOTAKBANK,2025-06-27,2025-07-01,LONG,442.0,432.7,178,4,-1655.4,-2.1,STOP_LOSS
RUN_20260808_020316,ChecklistStrategy,KOTAKBANK,2025-07-02,2025-07-04,LONG,437.0,424.8,176,2,-2147.2,-2.79,STOP_LOSS
RUN_20260808_020316,ChecklistStrategy,KOTAKBANK,2025-07-17,2025-07-18,LONG,435.0,433.52,173,1,-256.04,-0.34,SIGNAL
RUN_20260808_020316,ChecklistStrategy,KOTAKBANK,2025-07-30,2025-07-31,LONG,393.22,388.24,190,1,-946.2,-1.27,SIGNAL
RUN_20260808_020316,ChecklistStrategy,KOTAKBANK,2025-08-01,2025-08-19,LONG,396.6,398.8,188,18,413.6,0.55,SIGNAL
RUN_20260808_020316,ChecklistStrategy,KOTAKBANK,2025-09-04,2025-09-16,LONG,392.2,395.28,190,12,585.2,0.79,SIGNAL
RUN_20260808_020316,ChecklistStrategy,KOTAKBANK,2025-10-03,2025-10-08,LONG,412.66,425.3,182,5,2300.48,3.06,SIGNAL
RUN_20260808_020316,ChecklistStrategy,KOTAKBANK,2025-11-04,2025-11-06,LONG,423.34,414.6,182,2,-1590.68,-2.06,STOP_LOSS
RUN_20260808_020316,ChecklistStrategy,KOTAKBANK,2025-12-12,2025-12-15,LONG,436.34,433.42,173,3,-505.16,-0.67,SIGNAL
RUN_20260808_020316,ChecklistStrategy,KOTAKBANK,2025-12-24,2025-12-26,LONG,433.6,432.4,174,2,-208.8,-0.28,SIGNAL
RUN_20260808_020316,ChecklistStrategy,KOTAKBANK,2026-01-08,2026-01-19,LONG,428.02,419.0,175,11,-1578.5,-2.11,STOP_LOSS
RUN_20260808_020316,ChecklistStrategy,KOTAKBANK,2026-01-29,2026-02-02,LONG,407.0,408.7,179,4,304.3,0.42,SIGNAL
RUN_20260808_020316,ChecklistStrategy,KOTAKBANK,2026-02-19,2026-02-20,LONG,425.7,415.0,173,1,-1851.1,-2.51,STOP_LOSS
RUN_20260808_020316,ChecklistStrategy,KOTAKBANK,2026-03-17,2026-03-24,LONG,369.85,363.0,196,7,-1342.6,-1.85,SIGNAL
RUN_20260808_020316,ChecklistStrategy,KOTAKBANK,2026-04-07,2026-04-09,LONG,357.0,377.0,198,2,3960.0,5.6,SIGNAL
RUN_20260808_020316,ChecklistStrategy,KOTAKBANK,2026-04-22,2026-04-24,LONG,378.1,370.6,195,2,-1462.5,-1.98,SIGNAL
RUN_20260808_020316,ChecklistStrategy,KOTAKBANK,2026-05-11,2026-05-27,LONG,376.1,388.55,192,16,2390.4,3.31,SIGNAL
RUN_20260808_020316,ChecklistStrategy,KOTAKBANK,2026-07-08,2026-07-09,LONG,378.5,371.5,197,1,-1379.0,-1.85,SIGNAL
RUN_20260808_020316,ChecklistStrategy,KOTAKBANK,2026-07-10,2026-07-15,LONG,377.45,379.35,196,5,372.4,0.5,SIGNAL
RUN_20260808_020316,ChecklistStrategy,LT,2024-01-25,2024-02-01,LONG,3599.9,3480.0,20,7,-2398.0,-3.33,STOP_LOSS
RUN_20260808_020316,ChecklistStrategy,LT,2024-02-14,2024-03-01,LONG,3290.05,3501.65,22,16,4655.2,6.43,SIGNAL
RUN_20260808_020316,ChecklistStrategy,LT,2024-03-19,2024-04-16,LONG,3541.0,3580.05,21,28,820.05,1.1,SIGNAL
RUN_20260808_020316,ChecklistStrategy,LT,2024-05-14,2024-05-29,LONG,3300.0,3611.0,23,15,7153.0,9.42,SIGNAL
RUN_20260808_020316,ChecklistStrategy,LT,2024-06-06,2024-06-24,LONG,3438.0,3520.35,24,18,1976.4,2.4,SIGNAL
RUN_20260808_020316,ChecklistStrategy,LT,2024-07-08,2024-07-24,LONG,3640.1,3549.0,23,16,-2095.3,-2.5,STOP_LOSS
RUN_20260808_020316,ChecklistStrategy,LT,2024-08-19,2024-09-06,LONG,3599.85,3615.1,23,18,350.75,0.42,SIGNAL
RUN_20260808_020316,ChecklistStrategy,LT,2024-09-25,2024-09-27,LONG,3787.55,3738.0,21,2,-1040.55,-1.31,SIGNAL
RUN_20260808_020316,ChecklistStrategy,LT,2024-11-11,2024-11-14,LONG,3646.0,3558.0,22,3,-1936.0,-2.41,STOP_LOSS
RUN_20260808_020316,ChecklistStrategy,LT,2024-12-02,2024-12-03,LONG,3706.85,3721.0,21,1,297.15,0.38,SIGNAL
RUN_20260808_020316,ChecklistStrategy,LT,2024-12-16,2024-12-17,LONG,3882.0,3863.05,20,1,-379.0,-0.49,SIGNAL
RUN_20260808_020316,ChecklistStrategy,LT,2025-01-30,2025-01-31,LONG,3455.0,3501.05,23,1,1059.15,1.33,SIGNAL
RUN_20260808_020316,ChecklistStrategy,LT,2025-02-13,2025-02-18,LONG,3289.65,3227.0,24,5,-1503.6,-1.9,SIGNAL
RUN_20260808_020316,ChecklistStrategy,LT,2025-03-04,2025-03-07,LONG,3171.05,3259.9,24,3,2132.4,2.8,SIGNAL
RUN_20260808_020316,ChecklistStrategy,LT,2025-04-08,2025-04-11,LONG,3124.95,3114.0,26,3,-284.7,-0.35,SIGNAL
RUN_20260808_020316,ChecklistStrategy,LT,2025-04-15,2025-04-23,LONG,3180.0,3275.4,26,8,2480.4,3.0,SIGNAL
RUN_20260808_020316,ChecklistStrategy,LT,2025-04-25,2025-05-09,LONG,3310.0,3331.0,25,14,525.0,0.63,SIGNAL
RUN_20260808_020316,ChecklistStrategy,LT,2025-06-02,2025-06-03,LONG,3675.1,3655.0,22,1,-442.2,-0.55,SIGNAL
RUN_20260808_020316,ChecklistStrategy,LT,2025-06-20,2025-06-30,LONG,3614.0,3682.0,22,10,1496.0,1.88,SIGNAL
RUN_20260808_020316,ChecklistStrategy,LT,2025-08-05,2025-08-13,LONG,3630.0,3696.0,23,8,1518.0,1.82,SIGNAL
RUN_20260808_020316,ChecklistStrategy,LT,2025-08-22,2025-09-02,LONG,3610.0,3598.4,23,11,-266.8,-0.32,SIGNAL
RUN_20260808_020316,ChecklistStrategy,LT,2025-09-04,2025-09-05,LONG,3622.9,3592.8,23,1,-692.3,-0.83,SIGNAL
RUN_20260808_020316,ChecklistStrategy,LT,2025-09-24,2025-09-26,LONG,3657.6,3664.0,23,2,147.2,0.17,SIGNAL
RUN_20260808_020316,ChecklistStrategy,LT,2025-11-10,2025-11-17,LONG,3895.0,4004.4,21,7,2297.4,2.81,SIGNAL
RUN_20260808_020316,ChecklistStrategy,LT,2025-12-31,2026-01-06,LONG,4058.0,4153.0,21,6,1995.0,2.34,SIGNAL
RUN_20260808_020316,ChecklistStrategy,LT,2026-01-13,2026-01-14,LONG,4028.0,3900.0,21,1,-2688.0,-3.18,STOP_LOSS
RUN_20260808_020316,ChecklistStrategy,LT,2026-01-23,2026-02-20,LONG,3798.0,4267.1,22,28,10320.2,12.35,SIGNAL
RUN_20260808_020316,ChecklistStrategy,LT,2026-02-23,2026-02-25,LONG,4395.6,4270.0,21,2,-2637.6,-2.86,STOP_LOSS
RUN_20260808_020316,ChecklistStrategy,LT,2026-02-26,2026-03-04,LONG,4304.9,3950.0,21,6,-7452.9,-8.24,STOP_LOSS
RUN_20260808_020316,ChecklistStrategy,LT,2026-03-10,2026-03-12,LONG,3936.0,3825.0,22,2,-2442.0,-2.82,STOP_LOSS
RUN_20260808_020316,ChecklistStrategy,LT,2026-03-17,2026-03-24,LONG,3478.0,3440.0,24,7,-912.0,-1.09,SIGNAL
RUN_20260808_020316,ChecklistStrategy,LT,2026-04-13,2026-05-06,LONG,3825.0,3974.0,20,23,2980.0,3.9,SIGNAL
RUN_20260808_020316,ChecklistStrategy,LT,2026-05-07,2026-05-12,LONG,4028.0,3925.1,21,5,-2160.9,-2.55,STOP_LOSS
RUN_20260808_020316,ChecklistStrategy,LT,2026-06-03,2026-06-04,LONG,4000.9,3945.0,20,1,-1118.0,-1.4,SIGNAL
RUN_20260808_020316,ChecklistStrategy,LT,2026-07-07,2026-07-08,LONG,4044.5,3950.0,20,1,-1890.0,-2.34,STOP_LOSS
RUN_20260808_020316,ChecklistStrategy,M&M,2024-02-01,2024-02-02,LONG,1659.25,1655.0,45,1,-191.25,-0.26,SIGNAL
RUN_20260808_020316,ChecklistStrategy,M&M,2024-02-13,2024-02-14,LONG,1670.0,1631.0,45,1,-1755.0,-2.34,STOP_LOSS
RUN_20260808_020316,ChecklistStrategy,M&M,2024-03-01,2024-03-06,LONG,1933.6,1945.0,38,5,433.2,0.59,SIGNAL
RUN_20260808_020316,ChecklistStrategy,M&M,2024-03-13,2024-03-14,LONG,1896.0,1853.7,38,1,-1607.4,-2.23,STOP_LOSS
RUN_20260808_020316,ChecklistStrategy,M&M,2024-03-15,2024-03-18,LONG,1875.0,1807.95,38,3,-2547.9,-3.58,STOP_LOSS
RUN_20260808_020316,ChecklistStrategy,M&M,2024-03-19,2024-03-20,LONG,1856.05,1851.95,38,1,-155.8,-0.22,SIGNAL
RUN_20260808_020316,ChecklistStrategy,M&M,2024-05-15,2024-05-23,LONG,2281.3,2520.0,31,8,7399.7,10.46,SIGNAL
RUN_20260808_020316,ChecklistStrategy,M&M,2024-05-24,2024-05-27,LONG,2589.8,2581.15,29,3,-250.85,-0.33,SIGNAL
RUN_20260808_020316,ChecklistStrategy,M&M,2024-06-06,2024-06-13,LONG,2745.0,2850.0,27,7,2835.0,3.83,SIGNAL
RUN_20260808_020316,ChecklistStrategy,M&M,2024-06-25,2024-06-27,LONG,2921.2,2842.0,26,2,-2059.2,-2.71,STOP_LOSS
RUN_20260808_020316,ChecklistStrategy,M&M,2024-07-23,2024-07-25,LONG,2824.0,2799.8,27,2,-653.4,-0.86,SIGNAL
RUN_20260808_020316,ChecklistStrategy,M&M,2024-08-21,2024-09-09,LONG,2774.0,2688.15,27,19,-2317.95,-3.09,STOP_LOSS
RUN_20260808_020316,ChecklistStrategy,M&M,2024-10-08,2024-10-10,LONG,3074.0,3156.0,24,2,1968.0,2.67,SIGNAL
RUN_20260808_020316,ChecklistStrategy,M&M,2024-10-29,2024-11-06,LONG,2762.0,2910.0,27,8,3996.0,5.36,SIGNAL
RUN_20260808_020316,ChecklistStrategy,M&M,2024-12-02,2024-12-04,LONG,2984.0,3003.0,26,2,494.0,0.64,SIGNAL
RUN_20260808_020316,ChecklistStrategy,M&M,2024-12-11,2024-12-12,LONG,3052.0,3084.8,25,1,820.0,1.07,SIGNAL
RUN_20260808_020316,ChecklistStrategy,M&M,2024-12-17,2024-12-23,LONG,3055.1,2918.0,25,6,-3427.5,-4.49,STOP_LOSS
RUN_20260808_020316,ChecklistStrategy,M&M,2025-01-10,2025-01-14,LONG,3110.0,3000.0,24,4,-2640.0,-3.54,STOP_LOSS
RUN_20260808_020316,ChecklistStrategy,M&M,2025-01-15,2025-01-16,LONG,3057.1,2978.15,24,1,-1894.8,-2.58,STOP_LOSS
RUN_20260808_020316,ChecklistStrategy,M&M,2025-01-17,2025-01-21,LONG,2969.95,2900.1,24,4,-1676.4,-2.35,STOP_LOSS
RUN_20260808_020316,ChecklistStrategy,M&M,2025-01-24,2025-01-27,LONG,2875.0,2772.3,24,3,-2464.8,-3.57,STOP_LOSS
RUN_20260808_020316,ChecklistStrategy,M&M,2025-03-13,2025-03-24,LONG,2677.1,2815.3,26,11,3593.2,5.16,SIGNAL
RUN_20260808_020316,ChecklistStrategy,M&M,2025-04-21,2025-04-25,LONG,2699.9,2901.4,27,4,5440.5,7.46,SIGNAL
RUN_20260808_020316,ChecklistStrategy,M&M,2025-05-30,2025-06-06,LONG,3005.0,3041.6,25,7,915.0,1.22,SIGNAL
RUN_20260808_020316,ChecklistStrategy,M&M,2025-06-09,2025-06-13,LONG,3130.0,2932.0,24,4,-4752.0,-6.33,STOP_LOSS
RUN_20260808_020316,ChecklistStrategy,M&M,2025-07-22,2025-08-04,LONG,3246.7,3170.0,22,13,-1687.4,-2.36,STOP_LOSS
RUN_20260808_020316,ChecklistStrategy,M&M,2025-08-05,2025-08-18,LONG,3195.0,3350.0,22,13,3410.0,4.85,SIGNAL
RUN_20260808_020316,ChecklistStrategy,M&M,2025-08-21,2025-08-28,LONG,3410.0,3375.0,22,7,-770.0,-1.03,SIGNAL
RUN_20260808_020316,ChecklistStrategy,M&M,2025-09-02,2025-09-03,LONG,3325.0,3269.0,22,1,-1232.0,-1.68,SIGNAL
RUN_20260808_020316,ChecklistStrategy,M&M,2025-11-10,2025-11-11,LONG,3690.2,3699.9,19,1,184.3,0.26,SIGNAL
RUN_20260808_020316,ChecklistStrategy,M&M,2025-11-27,2025-12-16,LONG,3701.5,3581.0,19,19,-2289.5,-3.26,STOP_LOSS
RUN_20260808_020316,ChecklistStrategy,M&M,2025-12-19,2025-12-29,LONG,3571.0,3622.7,20,10,1034.0,1.45,SIGNAL
RUN_20260808_020316,ChecklistStrategy,M&M,2025-12-31,2026-01-06,LONG,3653.0,3788.0,19,6,2565.0,3.7,SIGNAL
RUN_20260808_020316,ChecklistStrategy,M&M,2026-01-29,2026-01-30,LONG,3449.2,3283.0,21,1,-3490.2,-4.82,STOP_LOSS
RUN_20260808_020316,ChecklistStrategy,M&M,2026-02-05,2026-02-06,LONG,3592.0,3577.0,20,1,-300.0,-0.42,SIGNAL
RUN_20260808_020316,ChecklistStrategy,M&M,2026-02-09,2026-02-10,LONG,3593.8,3616.3,19,1,427.5,0.63,SIGNAL
RUN_20260808_020316,ChecklistStrategy,M&M,2026-03-11,2026-03-12,LONG,3276.0,3115.1,21,1,-3378.9,-4.91,STOP_LOSS
RUN_20260808_020316,ChecklistStrategy,M&M,2026-03-17,2026-03-24,LONG,3052.0,3030.0,22,7,-484.0,-0.72,SIGNAL
RUN_20260808_020316,ChecklistStrategy,M&M,2026-04-08,2026-04-10,LONG,3125.0,3180.0,22,2,1210.0,1.76,SIGNAL
RUN_20260808_020316,ChecklistStrategy,M&M,2026-04-21,2026-04-24,LONG,3212.0,3047.7,21,3,-3450.3,-5.12,STOP_LOSS
RUN_20260808_020316,ChecklistStrategy,M&M,2026-05-01,2026-05-11,LONG,3097.5,3235.0,21,10,2887.5,4.44,SIGNAL
RUN_20260808_020316,ChecklistStrategy,M&M,2026-05-15,2026-05-19,LONG,3170.0,3099.1,21,4,-1488.9,-2.24,STOP_LOSS
RUN_20260808_020316,ChecklistStrategy,M&M,2026-06-12,2026-06-15,LONG,3025.1,3090.0,22,3,1427.8,2.15,SIGNAL
RUN_20260808_020316,ChecklistStrategy,M&M,2026-07-22,2026-07-23,LONG,3198.0,3156.0,21,1,-882.0,-1.31,SIGNAL
RUN_20260808_020316,ChecklistStrategy,M&M,2026-07-24,2026-07-27,LONG,3215.3,3183.0,21,3,-678.3,-1.0,SIGNAL
RUN_20260808_020316,ChecklistStrategy,MARUTI,2024-03-01,2024-03-05,LONG,11295.0,11596.05,6,4,1806.3,2.67,SIGNAL
RUN_20260808_020316,ChecklistStrategy,MARUTI,2024-03-13,2024-03-14,LONG,11510.0,11401.75,6,1,-649.5,-0.94,SIGNAL
RUN_20260808_020316,ChecklistStrategy,MARUTI,2024-03-15,2024-03-27,LONG,11380.0,12290.0,6,12,5460.0,8.0,SIGNAL
RUN_20260808_020316,ChecklistStrategy,MARUTI,2024-04-22,2024-04-26,LONG,12783.15,12922.0,6,4,833.1,1.09,SIGNAL
RUN_20260808_020316,ChecklistStrategy,MARUTI,2024-05-14,2024-06-03,LONG,12673.85,12825.0,6,20,906.9,1.19,SIGNAL
RUN_20260808_020316,ChecklistStrategy,MARUTI,2024-06-06,2024-06-11,LONG,12511.55,12743.5,6,5,1391.7,1.85,SIGNAL
RUN_20260808_020316,ChecklistStrategy,MARUTI,2024-06-27,2024-07-02,LONG,12200.0,12149.95,6,5,-300.3,-0.41,SIGNAL
RUN_20260808_020316,ChecklistStrategy,MARUTI,2024-07-19,2024-08-06,LONG,12650.0,12390.0,6,18,-1560.0,-2.06,STOP_LOSS
RUN_20260808_020316,ChecklistStrategy,MARUTI,2024-09-18,2024-09-26,LONG,12240.05,12835.0,6,8,3569.7,4.86,SIGNAL
RUN_20260808_020316,ChecklistStrategy,MARUTI,2024-09-27,2024-10-04,LONG,13383.0,12689.9,6,7,-4158.6,-5.18,STOP_LOSS
RUN_20260808_020316,ChecklistStrategy,MARUTI,2024-10-17,2024-10-18,LONG,12400.0,12070.0,6,1,-1980.0,-2.66,STOP_LOSS
RUN_20260808_020316,ChecklistStrategy,MARUTI,2024-10-21,2024-10-23,LONG,12145.55,11923.3,6,2,-1333.5,-1.83,SIGNAL
RUN_20260808_020316,ChecklistStrategy,MARUTI,2024-10-24,2024-10-28,LONG,11998.95,11504.8,6,4,-2964.9,-4.12,STOP_LOSS
RUN_20260808_020316,ChecklistStrategy,MARUTI,2024-11-19,2024-11-21,LONG,11090.0,10921.15,6,2,-1013.1,-1.52,SIGNAL
RUN_20260808_020316,ChecklistStrategy,MARUTI,2024-12-06,2024-12-13,LONG,11200.0,11137.4,6,7,-375.6,-0.56,SIGNAL
RUN_20260808_020316,ChecklistStrategy,MARUTI,2025-02-01,2025-02-04,LONG,12320.0,13250.0,6,3,5580.0,7.55,SIGNAL
RUN_20260808_020316,ChecklistStrategy,MARUTI,2025-03-07,2025-03-21,LONG,11650.0,11780.0,6,14,780.0,1.12,SIGNAL
RUN_20260808_020316,ChecklistStrategy,MARUTI,2025-04-09,2025-04-23,LONG,11460.1,11799.0,6,14,2033.4,2.96,SIGNAL
RUN_20260808_020316,ChecklistStrategy,MARUTI,2025-05-26,2025-05-27,LONG,12455.0,12421.0,6,1,-204.0,-0.27,SIGNAL
RUN_20260808_020316,ChecklistStrategy,MARUTI,2025-06-26,2025-07-01,LONG,12780.0,12450.0,6,5,-1980.0,-2.58,STOP_LOSS
RUN_20260808_020316,ChecklistStrategy,MARUTI,2025-07-03,2025-07-18,LONG,12630.0,12525.0,6,15,-630.0,-0.83,SIGNAL
RUN_20260808_020316,ChecklistStrategy,MARUTI,2025-07-30,2025-08-25,LONG,12431.0,14401.0,6,26,11820.0,15.85,SIGNAL
RUN_20260808_020316,ChecklistStrategy,MARUTI,2025-10-31,2025-11-04,LONG,16204.0,15607.0,5,4,-2985.0,-3.68,STOP_LOSS
RUN_20260808_020316,ChecklistStrategy,MARUTI,2025-11-10,2025-11-13,LONG,15380.0,15661.0,5,3,1405.0,1.83,SIGNAL
RUN_20260808_020316,ChecklistStrategy,MARUTI,2025-11-24,2025-12-16,LONG,16005.0,16400.0,5,22,1975.0,2.47,SIGNAL
RUN_20260808_020316,ChecklistStrategy,MARUTI,2025-12-18,2025-12-19,LONG,16440.0,16329.0,5,1,-555.0,-0.68,SIGNAL
RUN_20260808_020316,ChecklistStrategy,MARUTI,2025-12-22,2025-12-29,LONG,16464.0,16600.0,5,7,680.0,0.83,SIGNAL
RUN_20260808_020316,ChecklistStrategy,MARUTI,2026-01-20,2026-01-22,LONG,16200.0,15950.0,5,2,-1250.0,-1.54,SIGNAL
RUN_20260808_020316,ChecklistStrategy,MARUTI,2026-02-02,2026-03-10,LONG,14251.0,13721.0,5,36,-2650.0,-3.72,STOP_LOSS
RUN_20260808_020316,ChecklistStrategy,MARUTI,2026-04-07,2026-04-29,LONG,12640.0,13090.0,6,22,2700.0,3.56,SIGNAL
RUN_20260808_020316,ChecklistStrategy,MARUTI,2026-05-18,2026-06-05,LONG,13127.0,13151.0,6,18,144.0,0.18,SIGNAL
RUN_20260808_020316,ChecklistStrategy,MARUTI,2026-06-24,2026-07-21,LONG,13440.0,13520.0,6,27,480.0,0.6,SIGNAL
RUN_20260808_020316,ChecklistStrategy,NESTLEIND,2024-02-12,2024-02-23,LONG,1229.88,1282.5,61,11,3210.12,4.28,SIGNAL
RUN_20260808_020316,ChecklistStrategy,NESTLEIND,2024-03-01,2024-03-06,LONG,1298.1,1270.0,59,5,-1657.9,-2.16,STOP_LOSS
RUN_20260808_020316,ChecklistStrategy,NESTLEIND,2024-03-11,2024-03-13,LONG,1280.47,1297.47,59,2,1003.0,1.33,SIGNAL
RUN_20260808_020316,ChecklistStrategy,NESTLEIND,2024-03-21,2024-03-28,LONG,1275.5,1283.53,60,7,481.5,0.63,SIGNAL
RUN_20260808_020316,ChecklistStrategy,NESTLEIND,2024-04-30,2024-05-03,LONG,1258.85,1257.55,61,3,-79.3,-0.1,SIGNAL
RUN_20260808_020316,ChecklistStrategy,NESTLEIND,2024-05-13,2024-05-14,LONG,1266.38,1253.05,60,1,-799.5,-1.05,SIGNAL
RUN_20260808_020316,ChecklistStrategy,NESTLEIND,2024-05-30,2024-05-31,LONG,1232.53,1212.8,61,1,-1203.22,-1.6,SIGNAL
RUN_20260808_020316,ChecklistStrategy,NESTLEIND,2024-06-10,2024-07-02,LONG,1255.0,1292.7,60,22,2262.0,3.0,SIGNAL
RUN_20260808_020316,ChecklistStrategy,NESTLEIND,2024-07-04,2024-07-10,LONG,1280.0,1318.95,60,6,2337.0,3.04,SIGNAL
RUN_20260808_020316,ChecklistStrategy,NESTLEIND,2024-07-15,2024-07-25,LONG,1304.53,1272.4,60,10,-1927.5,-2.46,STOP_LOSS
RUN_20260808_020316,ChecklistStrategy,NESTLEIND,2024-08-21,2024-09-02,LONG,1264.95,1250.0,61,12,-911.95,-1.18,SIGNAL
RUN_20260808_020316,ChecklistStrategy,NESTLEIND,2024-09-03,2024-09-06,LONG,1251.0,1254.3,61,3,201.3,0.26,SIGNAL
RUN_20260808_020316,ChecklistStrategy,NESTLEIND,2024-09-10,2024-09-12,LONG,1264.5,1264.95,61,2,27.45,0.04,SIGNAL
RUN_20260808_020316,ChecklistStrategy,NESTLEIND,2024-11-19,2024-12-02,LONG,1112.5,1121.4,69,13,614.1,0.8,SIGNAL
RUN_20260808_020316,ChecklistStrategy,NESTLEIND,2024-12-06,2024-12-10,LONG,1133.22,1114.5,68,4,-1273.3,-1.65,SIGNAL
RUN_20260808_020316,ChecklistStrategy,NESTLEIND,2024-12-26,2025-01-07,LONG,1079.1,1095.1,70,12,1120.0,1.48,SIGNAL
RUN_20260808_020316,ChecklistStrategy,NESTLEIND,2025-01-08,2025-01-17,LONG,1111.5,1090.32,69,9,-1461.08,-1.91,SIGNAL
RUN_20260808_020316,ChecklistStrategy,NESTLEIND,2025-02-17,2025-03-05,LONG,1097.93,1055.0,69,16,-2961.83,-3.91,STOP_LOSS
RUN_20260808_020316,ChecklistStrategy,NESTLEIND,2025-03-06,2025-04-01,LONG,1093.5,1130.95,67,26,2509.15,3.42,SIGNAL
RUN_20260808_020316,ChecklistStrategy,NESTLEIND,2025-04-03,2025-04-22,LONG,1099.03,1202.5,68,19,7036.3,9.41,SIGNAL
RUN_20260808_020316,ChecklistStrategy,NESTLEIND,2025-05-22,2025-05-23,LONG,1192.5,1178.0,67,1,-971.5,-1.22,SIGNAL
RUN_20260808_020316,ChecklistStrategy,NESTLEIND,2025-05-26,2025-06-02,LONG,1207.2,1200.0,66,7,-475.2,-0.6,SIGNAL
RUN_20260808_020316,ChecklistStrategy,NESTLEIND,2025-06-03,2025-06-04,LONG,1207.85,1194.2,66,1,-900.9,-1.13,SIGNAL
RUN_20260808_020316,ChecklistStrategy,NESTLEIND,2025-06-06,2025-06-19,LONG,1201.95,1170.4,65,13,-2050.75,-2.62,STOP_LOSS
RUN_20260808_020316,ChecklistStrategy,NESTLEIND,2025-07-07,2025-07-22,LONG,1199.7,1236.4,64,15,2348.8,3.06,SIGNAL
RUN_20260808_020316,ChecklistStrategy,NESTLEIND,2025-08-12,2025-08-22,LONG,1108.0,1175.0,71,10,4757.0,6.05,SIGNAL
RUN_20260808_020316,ChecklistStrategy,NESTLEIND,2025-08-29,2025-09-01,LONG,1160.3,1157.9,70,3,-168.0,-0.21,SIGNAL
RUN_20260808_020316,ChecklistStrategy,NESTLEIND,2025-09-10,2025-09-15,LONG,1208.2,1212.2,68,5,272.0,0.33,SIGNAL
RUN_20260808_020316,ChecklistStrategy,NESTLEIND,2025-10-16,2025-10-21,LONG,1221.4,1280.0,67,5,3926.2,4.8,SIGNAL
RUN_20260808_020316,ChecklistStrategy,NESTLEIND,2025-11-06,2025-11-25,LONG,1265.0,1267.4,67,19,160.8,0.19,SIGNAL
RUN_20260808_020316,ChecklistStrategy,NESTLEIND,2025-11-26,2025-11-28,LONG,1257.1,1266.3,67,2,616.4,0.73,SIGNAL
RUN_20260808_020316,ChecklistStrategy,NESTLEIND,2025-12-10,2025-12-17,LONG,1215.8,1237.0,70,7,1484.0,1.74,SIGNAL
RUN_20260808_020316,ChecklistStrategy,NESTLEIND,2025-12-22,2025-12-31,LONG,1246.0,1274.2,69,9,1945.8,2.26,SIGNAL
RUN_20260808_020316,ChecklistStrategy,NESTLEIND,2026-01-06,2026-01-07,LONG,1319.0,1312.5,67,1,-435.5,-0.49,SIGNAL
RUN_20260808_020316,ChecklistStrategy,NESTLEIND,2026-01-13,2026-01-22,LONG,1312.4,1285.9,67,9,-1775.5,-2.02,STOP_LOSS
RUN_20260808_020316,ChecklistStrategy,NESTLEIND,2026-01-28,2026-02-03,LONG,1297.2,1330.0,66,6,2164.8,2.53,SIGNAL
RUN_20260808_020316,ChecklistStrategy,NESTLEIND,2026-03-06,2026-03-13,LONG,1250.0,1219.0,70,7,-2170.0,-2.48,STOP_LOSS
RUN_20260808_020316,ChecklistStrategy,NESTLEIND,2026-03-25,2026-03-30,LONG,1183.2,1185.0,73,5,131.4,0.15,SIGNAL
RUN_20260808_020316,ChecklistStrategy,NESTLEIND,2026-04-02,2026-04-23,LONG,1173.3,1388.9,73,21,15738.8,18.38,SIGNAL
RUN_20260808_020316,ChecklistStrategy,NESTLEIND,2026-05-19,2026-06-02,LONG,1428.0,1385.0,68,14,-2924.0,-3.01,STOP_LOSS
RUN_20260808_020316,ChecklistStrategy,NESTLEIND,2026-06-08,2026-06-12,LONG,1375.0,1431.1,69,4,3870.9,4.08,SIGNAL
RUN_20260808_020316,ChecklistStrategy,NESTLEIND,2026-06-17,2026-06-19,LONG,1392.0,1394.0,71,2,142.0,0.14,SIGNAL
RUN_20260808_020316,ChecklistStrategy,NESTLEIND,2026-06-22,2026-06-24,LONG,1422.8,1394.0,70,2,-2016.0,-2.02,STOP_LOSS
RUN_20260808_020316,ChecklistStrategy,NESTLEIND,2026-07-01,2026-07-15,LONG,1414.8,1431.8,69,14,1173.0,1.2,SIGNAL
RUN_20260808_020316,ChecklistStrategy,NTPC,2024-02-14,2024-02-22,LONG,320.9,339.0,233,8,4217.3,5.64,SIGNAL
RUN_20260808_020316,ChecklistStrategy,NTPC,2024-03-01,2024-03-07,LONG,335.6,352.0,232,6,3804.8,4.89,SIGNAL
RUN_20260808_020316,ChecklistStrategy,NTPC,2024-03-19,2024-04-05,LONG,314.3,356.4,255,17,10735.5,13.39,SIGNAL
RUN_20260808_020316,ChecklistStrategy,NTPC,2024-04-24,2024-05-02,LONG,349.8,363.2,256,8,3430.41,3.83,SIGNAL
RUN_20260808_020316,ChecklistStrategy,NTPC,2024-05-03,2024-05-07,LONG,372.3,358.25,247,4,-3470.35,-3.77,STOP_LOSS
RUN_20260808_020316,ChecklistStrategy,NTPC,2024-05-13,2024-05-14,LONG,355.5,350.55,249,1,-1232.55,-1.39,SIGNAL
RUN_20260808_020316,ChecklistStrategy,NTPC,2024-05-15,2024-05-17,LONG,357.5,362.45,247,2,1222.65,1.38,SIGNAL
RUN_20260808_020316,ChecklistStrategy,NTPC,2024-06-06,2024-06-07,LONG,347.8,352.0,260,1,1092.0,1.21,SIGNAL
RUN_20260808_020316,ChecklistStrategy,NTPC,2024-06-25,2024-07-01,LONG,364.25,381.75,246,6,4305.0,4.8,SIGNAL
RUN_20260808_020316,ChecklistStrategy,NTPC,2024-07-03,2024-07-11,LONG,370.55,382.4,250,8,2962.5,3.2,SIGNAL
RUN_20260808_020316,ChecklistStrategy,NTPC,2024-07-15,2024-07-22,LONG,378.6,364.75,251,7,-3476.35,-3.66,STOP_LOSS
RUN_20260808_020316,ChecklistStrategy,NTPC,2024-07-23,2024-07-24,LONG,376.7,384.1,247,1,1827.8,1.96,SIGNAL
RUN_20260808_020316,ChecklistStrategy,NTPC,2024-08-30,2024-09-03,LONG,412.7,410.5,228,4,-501.6,-0.53,SIGNAL
RUN_20260808_020316,ChecklistStrategy,NTPC,2024-09-26,2024-10-08,LONG,437.95,414.0,213,12,-5101.35,-5.47,STOP_LOSS
RUN_20260808_020316,ChecklistStrategy,NTPC,2024-10-16,2024-10-23,LONG,425.3,414.0,209,7,-2361.7,-2.66,STOP_LOSS
RUN_20260808_020316,ChecklistStrategy,NTPC,2024-10-25,2024-10-31,LONG,402.5,409.0,212,6,1378.0,1.61,SIGNAL
RUN_20260808_020316,ChecklistStrategy,NTPC,2024-11-28,2024-11-29,LONG,369.7,363.25,239,1,-1541.55,-1.74,SIGNAL
RUN_20260808_020316,ChecklistStrategy,NTPC,2024-12-02,2024-12-06,LONG,363.65,369.45,240,4,1392.0,1.59,SIGNAL
RUN_20260808_020316,ChecklistStrategy,NTPC,2024-12-16,2024-12-18,LONG,357.15,349.55,247,2,-1877.2,-2.13,STOP_LOSS
RUN_20260808_020316,ChecklistStrategy,NTPC,2024-12-26,2025-01-07,LONG,335.3,327.0,259,12,-2149.7,-2.48,STOP_LOSS
RUN_20260808_020316,ChecklistStrategy,NTPC,2025-01-28,2025-01-31,LONG,322.5,322.45,264,3,-13.2,-0.02,SIGNAL
RUN_20260808_020316,ChecklistStrategy,NTPC,2025-02-10,2025-02-12,LONG,316.5,306.2,268,2,-2760.4,-3.25,STOP_LOSS
RUN_20260808_020316,ChecklistStrategy,NTPC,2025-02-13,2025-02-28,LONG,306.15,314.0,271,15,2127.35,2.56,SIGNAL
RUN_20260808_020316,ChecklistStrategy,NTPC,2025-03-04,2025-03-10,LONG,311.3,329.45,269,6,4882.36,5.83,SIGNAL
RUN_20260808_020316,ChecklistStrategy,NTPC,2025-03-12,2025-04-02,LONG,331.0,352.15,267,21,5647.05,6.39,SIGNAL
RUN_20260808_020316,ChecklistStrategy,NTPC,2025-04-04,2025-04-07,LONG,358.85,328.0,257,3,-7928.45,-8.6,STOP_LOSS
RUN_20260808_020316,ChecklistStrategy,NTPC,2025-05-16,2025-05-19,LONG,343.0,343.1,252,3,25.2,0.03,SIGNAL
RUN_20260808_020316,ChecklistStrategy,NTPC,2025-06-05,2025-06-12,LONG,329.2,338.15,262,7,2344.9,2.72,SIGNAL
RUN_20260808_020316,ChecklistStrategy,NTPC,2025-06-23,2025-06-24,LONG,333.7,331.0,262,1,-707.4,-0.81,SIGNAL
RUN_20260808_020316,ChecklistStrategy,NTPC,2025-06-25,2025-07-10,LONG,331.5,344.0,265,15,3312.5,3.77,SIGNAL
RUN_20260808_020316,ChecklistStrategy,NTPC,2025-07-17,2025-07-25,LONG,344.2,338.9,262,8,-1388.6,-1.54,SIGNAL
RUN_20260808_020316,ChecklistStrategy,NTPC,2025-08-26,2025-09-01,LONG,336.15,328.0,263,6,-2143.45,-2.42,STOP_LOSS
RUN_20260808_020316,ChecklistStrategy,NTPC,2025-09-02,2025-09-10,LONG,331.1,325.5,263,8,-1472.8,-1.69,SIGNAL
RUN_20260808_020316,ChecklistStrategy,NTPC,2025-09-11,2025-09-16,LONG,326.45,331.2,264,5,1254.0,1.46,SIGNAL
RUN_20260808_020316,ChecklistStrategy,NTPC,2025-09-22,2025-09-26,LONG,339.15,340.5,256,4,345.6,0.4,SIGNAL
RUN_20260808_020316,ChecklistStrategy,NTPC,2025-10-06,2025-10-15,LONG,340.6,336.95,255,9,-930.75,-1.07,SIGNAL
RUN_20260808_020316,ChecklistStrategy,NTPC,2025-10-16,2025-10-29,LONG,340.2,339.25,255,13,-242.25,-0.28,SIGNAL
RUN_20260808_020316,ChecklistStrategy,NTPC,2025-11-10,2025-12-01,LONG,326.1,327.1,264,21,264.0,0.31,SIGNAL
RUN_20260808_020316,ChecklistStrategy,NTPC,2025-12-22,2025-12-23,LONG,319.95,321.05,270,1,296.99,0.34,SIGNAL
RUN_20260808_020316,ChecklistStrategy,NTPC,2025-12-29,2025-12-31,LONG,324.1,324.75,267,2,173.55,0.2,SIGNAL
RUN_20260808_020316,ChecklistStrategy,NTPC,2026-01-01,2026-01-27,LONG,329.8,340.5,263,26,2814.1,3.24,SIGNAL
RUN_20260808_020316,ChecklistStrategy,NTPC,2026-02-23,2026-02-27,LONG,374.0,381.0,238,4,1666.0,1.87,SIGNAL
RUN_20260808_020316,ChecklistStrategy,NTPC,2026-03-12,2026-03-20,LONG,379.0,375.85,236,8,-743.4,-0.83,SIGNAL
RUN_20260808_020316,ChecklistStrategy,NTPC,2026-04-06,2026-04-09,LONG,358.8,376.95,248,3,4501.21,5.06,SIGNAL
RUN_20260808_020316,ChecklistStrategy,NTPC,2026-04-20,2026-04-24,LONG,393.0,404.75,235,4,2761.25,2.99,SIGNAL
RUN_20260808_020316,ChecklistStrategy,NTPC,2026-05-01,2026-05-07,LONG,399.15,396.75,237,6,-568.8,-0.6,SIGNAL
RUN_20260808_020316,ChecklistStrategy,NTPC,2026-06-17,2026-06-24,LONG,355.55,362.85,265,7,1934.5,2.05,SIGNAL
RUN_20260808_020316,ChecklistStrategy,NTPC,2026-07-13,2026-07-22,LONG,345.05,347.4,277,9,650.95,0.68,SIGNAL
RUN_20260808_020316,ChecklistStrategy,ONGC,2024-02-01,2024-02-02,LONG,254.65,250.0,297,1,-1381.05,-1.83,SIGNAL
RUN_20260808_020316,ChecklistStrategy,ONGC,2024-02-14,2024-02-19,LONG,258.0,274.7,284,5,4742.8,6.47,SIGNAL
RUN_20260808_020316,ChecklistStrategy,ONGC,2024-03-19,2024-03-28,LONG,262.0,262.45,296,9,133.2,0.17,SIGNAL
RUN_20260808_020316,ChecklistStrategy,ONGC,2024-04-23,2024-05-06,LONG,276.85,288.7,280,13,3318.0,4.28,SIGNAL
RUN_20260808_020316,ChecklistStrategy,ONGC,2024-05-13,2024-05-14,LONG,271.9,267.95,295,1,-1165.24,-1.45,SIGNAL
RUN_20260808_020316,ChecklistStrategy,ONGC,2024-05-24,2024-05-28,LONG,284.0,279.3,278,4,-1306.6,-1.65,SIGNAL
RUN_20260808_020316,ChecklistStrategy,ONGC,2024-06-06,2024-06-14,LONG,254.0,277.0,315,8,7245.0,9.06,SIGNAL
RUN_20260808_020316,ChecklistStrategy,ONGC,2024-06-21,2024-06-26,LONG,271.45,266.9,306,5,-1392.31,-1.68,SIGNAL
RUN_20260808_020316,ChecklistStrategy,ONGC,2024-07-03,2024-07-11,LONG,276.0,300.0,299,8,7176.0,8.7,SIGNAL
RUN_20260808_020316,ChecklistStrategy,ONGC,2024-07-23,2024-07-31,LONG,320.05,332.05,273,8,3276.0,3.75,SIGNAL
RUN_20260808_020316,ChecklistStrategy,ONGC,2024-08-30,2024-09-02,LONG,330.45,330.0,273,3,-122.85,-0.14,SIGNAL
RUN_20260808_020316,ChecklistStrategy,ONGC,2024-09-05,2024-09-09,LONG,316.95,308.7,286,4,-2359.5,-2.6,STOP_LOSS
RUN_20260808_020316,ChecklistStrategy,ONGC,2024-09-30,2024-10-08,LONG,297.0,288.15,296,8,-2619.6,-2.98,STOP_LOSS
RUN_20260808_020316,ChecklistStrategy,ONGC,2024-10-21,2024-10-23,LONG,281.15,270.0,304,2,-3389.6,-3.97,STOP_LOSS
RUN_20260808_020316,ChecklistStrategy,ONGC,2024-10-30,2024-11-05,LONG,265.0,265.2,315,6,63.0,0.08,SIGNAL
RUN_20260808_020316,ChecklistStrategy,ONGC,2024-11-25,2024-11-27,LONG,248.5,255.0,340,2,2210.0,2.62,SIGNAL
RUN_20260808_020316,ChecklistStrategy,ONGC,2024-12-06,2024-12-09,LONG,260.8,260.05,326,3,-244.5,-0.29,SIGNAL
RUN_20260808_020316,ChecklistStrategy,ONGC,2024-12-24,2024-12-31,LONG,241.0,232.65,352,7,-2939.2,-3.46,STOP_LOSS
RUN_20260808_020316,ChecklistStrategy,ONGC,2025-01-01,2025-01-10,LONG,237.81,264.0,345,9,9035.55,11.01,SIGNAL
RUN_20260808_020316,ChecklistStrategy,ONGC,2025-01-15,2025-01-28,LONG,260.9,250.0,343,13,-3738.7,-4.18,STOP_LOSS
RUN_20260808_020316,ChecklistStrategy,ONGC,2025-02-05,2025-02-07,LONG,259.0,252.95,341,2,-2063.05,-2.34,STOP_LOSS
RUN_20260808_020316,ChecklistStrategy,ONGC,2025-03-04,2025-03-07,LONG,220.1,232.6,377,3,4712.5,5.68,SIGNAL
RUN_20260808_020316,ChecklistStrategy,ONGC,2025-04-17,2025-04-23,LONG,241.0,248.74,367,6,2840.58,3.21,SIGNAL
RUN_20260808_020316,ChecklistStrategy,ONGC,2025-04-29,2025-04-30,LONG,251.24,245.5,361,1,-2072.14,-2.28,STOP_LOSS
RUN_20260808_020316,ChecklistStrategy,ONGC,2025-05-06,2025-05-09,LONG,241.13,229.1,372,3,-4475.16,-4.99,STOP_LOSS
RUN_20260808_020316,ChecklistStrategy,ONGC,2025-05-15,2025-05-20,LONG,244.95,246.79,348,5,640.32,0.75,SIGNAL
RUN_20260808_020316,ChecklistStrategy,ONGC,2025-05-26,2025-06-02,LONG,245.3,239.0,352,7,-2217.6,-2.57,STOP_LOSS
RUN_20260808_020316,ChecklistStrategy,ONGC,2025-06-11,2025-06-18,LONG,244.5,254.03,344,7,3278.32,3.9,SIGNAL
RUN_20260808_020316,ChecklistStrategy,ONGC,2025-06-20,2025-06-25,LONG,252.26,244.0,345,5,-2849.7,-3.27,STOP_LOSS
RUN_20260808_020316,ChecklistStrategy,ONGC,2025-07-01,2025-07-02,LONG,245.3,242.9,346,1,-830.4,-0.98,SIGNAL
RUN_20260808_020316,ChecklistStrategy,ONGC,2025-07-07,2025-07-08,LONG,245.5,242.41,342,1,-1056.78,-1.26,SIGNAL
RUN_20260808_020316,ChecklistStrategy,ONGC,2025-07-09,2025-08-01,LONG,243.35,240.1,341,23,-1108.25,-1.34,SIGNAL
RUN_20260808_020316,ChecklistStrategy,ONGC,2025-08-08,2025-09-26,LONG,233.9,240.0,351,49,2141.1,2.61,SIGNAL
RUN_20260808_020316,ChecklistStrategy,ONGC,2025-09-30,2025-10-06,LONG,240.0,242.73,349,6,952.77,1.14,SIGNAL
RUN_20260808_020316,ChecklistStrategy,ONGC,2025-10-10,2025-10-14,LONG,244.05,245.3,347,4,433.75,0.51,SIGNAL
RUN_20260808_020316,ChecklistStrategy,ONGC,2025-11-13,2025-11-17,LONG,253.7,247.6,334,4,-2037.4,-2.4,STOP_LOSS
RUN_20260808_020316,ChecklistStrategy,ONGC,2025-11-20,2025-11-21,LONG,249.0,247.05,334,1,-651.3,-0.78,SIGNAL
RUN_20260808_020316,ChecklistStrategy,ONGC,2025-11-27,2025-11-28,LONG,248.0,245.0,333,1,-999.0,-1.21,SIGNAL
RUN_20260808_020316,ChecklistStrategy,ONGC,2025-12-02,2025-12-04,LONG,243.5,240.5,334,2,-1002.0,-1.23,SIGNAL
RUN_20260808_020316,ChecklistStrategy,ONGC,2025-12-05,2025-12-12,LONG,242.7,238.5,335,7,-1407.0,-1.73,SIGNAL
RUN_20260808_020316,ChecklistStrategy,ONGC,2025-12-16,2025-12-30,LONG,234.17,234.95,340,14,265.2,0.33,SIGNAL
RUN_20260808_020316,ChecklistStrategy,ONGC,2026-01-05,2026-01-06,LONG,246.8,238.09,332,1,-2891.72,-3.53,STOP_LOSS
RUN_20260808_020316,ChecklistStrategy,ONGC,2026-01-07,2026-01-08,LONG,240.21,238.2,322,1,-647.22,-0.84,SIGNAL
RUN_20260808_020316,ChecklistStrategy,ONGC,2026-01-27,2026-02-09,LONG,246.6,269.45,315,13,7197.75,9.27,SIGNAL
RUN_20260808_020316,ChecklistStrategy,ONGC,2026-02-18,2026-02-24,LONG,265.0,275.65,304,6,3237.6,4.02,SIGNAL
RUN_20260808_020316,ChecklistStrategy,ONGC,2026-03-09,2026-03-10,LONG,289.0,270.85,305,1,-5535.75,-6.28,STOP_LOSS
RUN_20260808_020316,ChecklistStrategy,ONGC,2026-03-11,2026-03-17,LONG,268.0,260.65,301,6,-2212.35,-2.74,STOP_LOSS
RUN_20260808_020316,ChecklistStrategy,ONGC,2026-03-20,2026-03-23,LONG,269.0,267.3,294,3,-499.8,-0.63,SIGNAL
RUN_20260808_020316,ChecklistStrategy,ONGC,2026-03-27,2026-04-06,LONG,270.5,287.3,292,10,4905.6,6.21,SIGNAL
RUN_20260808_020316,ChecklistStrategy,ONGC,2026-04-20,2026-04-24,LONG,284.0,288.8,290,4,1392.0,1.69,SIGNAL
RUN_20260808_020316,ChecklistStrategy,ONGC,2026-05-08,2026-05-12,LONG,283.6,286.9,294,4,970.2,1.16,SIGNAL
RUN_20260808_020316,ChecklistStrategy,ONGC,2026-05-27,2026-05-28,LONG,284.2,274.05,293,1,-2973.96,-3.57,STOP_LOSS
RUN_20260808_020316,ChecklistStrategy,ONGC,2026-07-02,2026-07-09,LONG,234.0,249.59,349,7,5440.91,6.66,SIGNAL
RUN_20260808_020316,ChecklistStrategy,POWERGRID,2024-02-14,2024-02-22,LONG,269.5,280.1,277,8,2936.2,3.93,SIGNAL
RUN_20260808_020316,ChecklistStrategy,POWERGRID,2024-03-01,2024-03-14,LONG,285.0,264.05,272,13,-5698.4,-7.35,STOP_LOSS
RUN_20260808_020316,ChecklistStrategy,POWERGRID,2024-04-08,2024-04-16,LONG,280.55,273.0,261,8,-1970.55,-2.69,STOP_LOSS
RUN_20260808_020316,ChecklistStrategy,POWERGRID,2024-04-24,2024-05-06,LONG,285.0,310.2,250,12,6300.0,8.84,SIGNAL
RUN_20260808_020316,ChecklistStrategy,POWERGRID,2024-05-22,2024-05-23,LONG,327.75,319.45,233,1,-1933.9,-2.53,STOP_LOSS
RUN_20260808_020316,ChecklistStrategy,POWERGRID,2024-06-03,2024-06-05,LONG,335.0,296.3,240,2,-9288.0,-11.55,STOP_LOSS
RUN_20260808_020316,ChecklistStrategy,POWERGRID,2024-06-06,2024-06-07,LONG,303.4,298.05,226,1,-1209.1,-1.76,SIGNAL
RUN_20260808_020316,ChecklistStrategy,POWERGRID,2024-06-10,2024-07-11,LONG,313.0,348.5,215,31,7632.5,11.34,SIGNAL
RUN_20260808_020316,ChecklistStrategy,POWERGRID,2024-07-24,2024-08-01,LONG,330.9,351.15,216,8,4374.0,6.12,SIGNAL
RUN_20260808_020316,ChecklistStrategy,POWERGRID,2024-08-19,2024-08-23,LONG,342.65,334.65,223,4,-1784.0,-2.33,STOP_LOSS
RUN_20260808_020316,ChecklistStrategy,POWERGRID,2024-09-10,2024-09-19,LONG,327.0,336.2,225,9,2070.0,2.81,SIGNAL
RUN_20260808_020316,ChecklistStrategy,POWERGRID,2024-10-10,2024-10-14,LONG,330.2,330.05,229,4,-34.36,-0.05,SIGNAL
RUN_20260808_020316,ChecklistStrategy,POWERGRID,2024-12-04,2024-12-05,LONG,329.05,325.0,229,1,-927.45,-1.23,SIGNAL
RUN_20260808_020316,ChecklistStrategy,POWERGRID,2024-12-27,2025-01-13,LONG,310.75,295.0,241,17,-3795.75,-5.07,STOP_LOSS
RUN_20260808_020316,ChecklistStrategy,POWERGRID,2025-01-15,2025-01-22,LONG,295.0,302.0,248,7,1736.0,2.37,SIGNAL
RUN_20260808_020316,ChecklistStrategy,POWERGRID,2025-02-14,2025-02-20,LONG,260.4,262.75,282,6,662.7,0.9,SIGNAL
RUN_20260808_020316,ChecklistStrategy,POWERGRID,2025-03-04,2025-03-07,LONG,250.0,266.0,292,3,4672.0,6.4,SIGNAL
RUN_20260808_020316,ChecklistStrategy,POWERGRID,2025-03-11,2025-03-12,LONG,270.0,270.7,284,1,198.8,0.26,SIGNAL
RUN_20260808_020316,ChecklistStrategy,POWERGRID,2025-03-24,2025-03-27,LONG,285.0,289.0,273,3,1092.0,1.4,SIGNAL
RUN_20260808_020316,ChecklistStrategy,POWERGRID,2025-03-28,2025-04-01,LONG,293.9,289.6,264,4,-1135.2,-1.46,SIGNAL
RUN_20260808_020316,ChecklistStrategy,POWERGRID,2025-05-02,2025-05-12,LONG,305.5,304.05,251,10,-363.95,-0.47,SIGNAL
RUN_20260808_020316,ChecklistStrategy,POWERGRID,2025-05-16,2025-05-21,LONG,300.0,297.75,256,5,-576.0,-0.75,SIGNAL
RUN_20260808_020316,ChecklistStrategy,POWERGRID,2025-06-05,2025-06-12,LONG,291.0,295.15,265,7,1099.75,1.43,SIGNAL
RUN_20260808_020316,ChecklistStrategy,POWERGRID,2025-06-23,2025-06-24,LONG,291.4,293.45,263,1,539.15,0.7,SIGNAL
RUN_20260808_020316,ChecklistStrategy,POWERGRID,2025-07-07,2025-07-21,LONG,294.7,294.0,264,14,-184.8,-0.24,SIGNAL
RUN_20260808_020316,ChecklistStrategy,POWERGRID,2025-07-22,2025-07-31,LONG,297.1,284.95,260,9,-3159.0,-4.09,STOP_LOSS
RUN_20260808_020316,ChecklistStrategy,POWERGRID,2025-08-04,2025-08-07,LONG,291.2,284.5,257,3,-1721.9,-2.3,STOP_LOSS
RUN_20260808_020316,ChecklistStrategy,POWERGRID,2025-08-25,2025-08-29,LONG,283.35,273.6,260,4,-2535.0,-3.44,STOP_LOSS
RUN_20260808_020316,ChecklistStrategy,POWERGRID,2025-09-08,2025-09-11,LONG,286.4,282.55,251,3,-966.35,-1.34,SIGNAL
RUN_20260808_020316,ChecklistStrategy,POWERGRID,2025-09-12,2025-09-22,LONG,287.25,287.0,247,10,-61.75,-0.09,SIGNAL
RUN_20260808_020316,ChecklistStrategy,POWERGRID,2025-09-24,2025-09-26,LONG,287.9,283.5,245,2,-1078.0,-1.53,SIGNAL
RUN_20260808_020316,ChecklistStrategy,POWERGRID,2025-10-10,2025-10-27,LONG,285.25,289.0,245,17,918.75,1.31,SIGNAL
RUN_20260808_020316,ChecklistStrategy,POWERGRID,2025-11-10,2025-11-20,LONG,268.6,275.25,260,10,1729.0,2.48,SIGNAL
RUN_20260808_020316,ChecklistStrategy,POWERGRID,2025-12-18,2026-01-21,LONG,260.75,252.05,275,34,-2392.5,-3.34,STOP_LOSS
RUN_20260808_020316,ChecklistStrategy,POWERGRID,2026-01-29,2026-02-02,LONG,262.6,251.25,270,4,-3064.5,-4.32,STOP_LOSS
RUN_20260808_020316,ChecklistStrategy,POWERGRID,2026-02-03,2026-02-09,LONG,276.05,292.5,251,6,4128.95,5.96,SIGNAL
RUN_20260808_020316,ChecklistStrategy,POWERGRID,2026-04-07,2026-06-02,LONG,292.5,281.75,240,56,-2580.0,-3.68,STOP_LOSS
RUN_20260808_020316,ChecklistStrategy,POWERGRID,2026-06-30,2026-07-06,LONG,287.2,287.2,241,6,0.0,0.0,SIGNAL
RUN_20260808_020316,ChecklistStrategy,POWERGRID,2026-07-23,2026-08-05,LONG,287.3,284.0,238,13,-785.4,-1.15,SIGNAL
RUN_20260808_020316,ChecklistStrategy,RELIANCE,2024-01-25,2024-02-21,LONG,1342.95,1474.0,55,27,7207.75,9.76,SIGNAL
RUN_20260808_020316,ChecklistStrategy,RELIANCE,2024-03-13,2024-03-14,LONG,1479.78,1439.7,54,1,-2164.05,-2.71,STOP_LOSS
RUN_20260808_020316,ChecklistStrategy,RELIANCE,2024-03-26,2024-03-27,LONG,1445.0,1448.0,54,1,162.0,0.21,SIGNAL
RUN_20260808_020316,ChecklistStrategy,RELIANCE,2024-04-12,2024-04-15,LONG,1475.88,1461.0,53,3,-788.38,-1.01,SIGNAL
RUN_20260808_020316,ChecklistStrategy,RELIANCE,2024-04-30,2024-05-06,LONG,1468.0,1435.5,53,6,-1722.5,-2.21,STOP_LOSS
RUN_20260808_020316,ChecklistStrategy,RELIANCE,2024-05-09,2024-05-16,LONG,1413.0,1418.55,54,7,299.7,0.39,SIGNAL
RUN_20260808_020316,ChecklistStrategy,RELIANCE,2024-06-06,2024-06-11,LONG,1435.0,1469.0,54,5,1836.0,2.37,SIGNAL
RUN_20260808_020316,ChecklistStrategy,RELIANCE,2024-06-21,2024-06-25,LONG,1473.62,1443.0,53,4,-1623.12,-2.08,STOP_LOSS
RUN_20260808_020316,ChecklistStrategy,RELIANCE,2024-08-07,2024-08-13,LONG,1469.0,1460.75,52,6,-429.0,-0.56,SIGNAL
RUN_20260808_020316,ChecklistStrategy,RELIANCE,2024-08-14,2024-08-16,LONG,1463.55,1468.65,52,2,265.2,0.35,SIGNAL
RUN_20260808_020316,ChecklistStrategy,RELIANCE,2024-08-22,2024-09-04,LONG,1503.0,1500.7,51,13,-117.3,-0.15,SIGNAL
RUN_20260808_020316,ChecklistStrategy,RELIANCE,2024-09-20,2024-09-25,LONG,1474.0,1483.9,52,5,514.8,0.67,SIGNAL
RUN_20260808_020316,ChecklistStrategy,RELIANCE,2024-10-25,2024-11-05,LONG,1343.5,1293.0,57,11,-2878.5,-3.76,STOP_LOSS
RUN_20260808_020316,ChecklistStrategy,RELIANCE,2024-11-18,2024-11-21,LONG,1267.6,1241.65,59,3,-1531.05,-2.05,STOP_LOSS
RUN_20260808_020316,ChecklistStrategy,RELIANCE,2024-12-06,2024-12-09,LONG,1323.9,1303.0,55,3,-1149.5,-1.58,SIGNAL
RUN_20260808_020316,ChecklistStrategy,RELIANCE,2024-12-16,2024-12-18,LONG,1275.0,1240.65,57,2,-1957.95,-2.69,STOP_LOSS
RUN_20260808_020316,ChecklistStrategy,RELIANCE,2024-12-24,2025-01-07,LONG,1222.3,1222.0,58,14,-17.4,-0.02,SIGNAL
RUN_20260808_020316,ChecklistStrategy,RELIANCE,2025-02-03,2025-02-06,LONG,1251.0,1273.7,56,3,1271.2,1.81,SIGNAL
RUN_20260808_020316,ChecklistStrategy,RELIANCE,2025-02-18,2025-02-24,LONG,1224.85,1216.55,59,6,-489.7,-0.68,SIGNAL
RUN_20260808_020316,ChecklistStrategy,RELIANCE,2025-03-06,2025-03-11,LONG,1197.0,1240.0,61,5,2623.0,3.59,SIGNAL
RUN_20260808_020316,ChecklistStrategy,RELIANCE,2025-03-28,2025-04-01,LONG,1280.0,1264.6,57,4,-877.8,-1.2,SIGNAL
RUN_20260808_020316,ChecklistStrategy,RELIANCE,2025-05-26,2025-06-04,LONG,1432.0,1414.7,51,9,-882.3,-1.21,SIGNAL
RUN_20260808_020316,ChecklistStrategy,RELIANCE,2025-07-24,2025-07-29,LONG,1419.2,1383.0,50,5,-1810.0,-2.55,STOP_LOSS
RUN_20260808_020316,ChecklistStrategy,RELIANCE,2025-07-30,2025-08-08,LONG,1418.1,1385.0,50,9,-1655.0,-2.33,STOP_LOSS
RUN_20260808_020316,ChecklistStrategy,RELIANCE,2025-08-20,2025-09-01,LONG,1413.0,1356.0,49,12,-2793.0,-4.03,STOP_LOSS
RUN_20260808_020316,ChecklistStrategy,RELIANCE,2025-10-03,2025-10-09,LONG,1363.2,1374.0,49,6,529.2,0.79,SIGNAL
RUN_20260808_020316,ChecklistStrategy,RELIANCE,2025-11-26,2025-12-23,LONG,1542.3,1580.9,44,27,1698.4,2.5,SIGNAL
RUN_20260808_020316,ChecklistStrategy,RELIANCE,2026-01-13,2026-01-14,LONG,1485.0,1444.0,46,1,-1886.0,-2.76,STOP_LOSS
RUN_20260808_020316,ChecklistStrategy,RELIANCE,2026-02-05,2026-02-06,LONG,1457.0,1441.5,46,1,-713.0,-1.06,SIGNAL
RUN_20260808_020316,ChecklistStrategy,RELIANCE,2026-02-12,2026-02-16,LONG,1470.0,1420.1,45,4,-2245.5,-3.39,STOP_LOSS
RUN_20260808_020316,ChecklistStrategy,RELIANCE,2026-02-17,2026-02-18,LONG,1431.1,1427.0,45,1,-184.5,-0.29,SIGNAL
RUN_20260808_020316,ChecklistStrategy,RELIANCE,2026-02-27,2026-03-04,LONG,1398.0,1330.0,46,5,-3128.0,-4.86,STOP_LOSS
RUN_20260808_020316,ChecklistStrategy,RELIANCE,2026-03-17,2026-03-30,LONG,1399.0,1335.0,45,13,-2880.0,-4.57,STOP_LOSS
RUN_20260808_020316,ChecklistStrategy,RELIANCE,2026-04-09,2026-04-15,LONG,1346.0,1337.0,45,6,-405.0,-0.67,SIGNAL
RUN_20260808_020316,ChecklistStrategy,RELIANCE,2026-04-20,2026-04-24,LONG,1363.2,1340.0,44,4,-1020.8,-1.7,SIGNAL
RUN_20260808_020316,ChecklistStrategy,RELIANCE,2026-04-28,2026-05-15,LONG,1358.0,1356.8,43,17,-51.6,-0.09,SIGNAL
RUN_20260808_020316,ChecklistStrategy,RELIANCE,2026-05-21,2026-05-25,LONG,1367.2,1366.8,43,4,-17.2,-0.03,SIGNAL
RUN_20260808_020316,ChecklistStrategy,RELIANCE,2026-06-10,2026-06-11,LONG,1275.0,1258.0,46,1,-782.0,-1.33,SIGNAL
RUN_20260808_020316,ChecklistStrategy,RELIANCE,2026-06-23,2026-06-24,LONG,1328.9,1305.7,44,1,-1020.8,-1.75,SIGNAL
RUN_20260808_020316,ChecklistStrategy,RELIANCE,2026-07-07,2026-07-09,LONG,1323.5,1277.1,44,2,-2041.6,-3.51,STOP_LOSS
RUN_20260808_020316,ChecklistStrategy,SBILIFE,2024-02-14,2024-02-22,LONG,1460.0,1510.0,51,8,2550.0,3.42,SIGNAL
RUN_20260808_020316,ChecklistStrategy,SBILIFE,2024-03-01,2024-03-05,LONG,1564.9,1525.0,49,4,-1955.1,-2.55,STOP_LOSS
RUN_20260808_020316,ChecklistStrategy,SBILIFE,2024-03-07,2024-03-11,LONG,1520.0,1526.95,49,4,340.55,0.46,SIGNAL
RUN_20260808_020316,ChecklistStrategy,SBILIFE,2024-05-02,2024-05-21,LONG,1416.35,1438.85,52,19,1170.0,1.59,SIGNAL
RUN_20260808_020316,ChecklistStrategy,SBILIFE,2024-06-06,2024-06-10,LONG,1390.1,1436.85,54,4,2524.5,3.36,SIGNAL
RUN_20260808_020316,ChecklistStrategy,SBILIFE,2024-06-18,2024-06-19,LONG,1480.0,1478.35,53,1,-87.45,-0.11,SIGNAL
RUN_20260808_020316,ChecklistStrategy,SBILIFE,2024-06-24,2024-06-26,LONG,1464.15,1462.0,53,2,-113.95,-0.15,SIGNAL
RUN_20260808_020316,ChecklistStrategy,SBILIFE,2024-06-28,2024-07-03,LONG,1450.1,1503.0,53,5,2803.7,3.65,SIGNAL
RUN_20260808_020316,ChecklistStrategy,SBILIFE,2024-07-11,2024-08-07,LONG,1562.0,1690.05,51,27,6530.55,8.2,SIGNAL
RUN_20260808_020316,ChecklistStrategy,SBILIFE,2024-08-09,2024-08-14,LONG,1720.0,1696.2,49,5,-1166.2,-1.38,SIGNAL
RUN_20260808_020316,ChecklistStrategy,SBILIFE,2024-08-19,2024-08-30,LONG,1696.8,1839.95,49,11,7014.35,8.44,SIGNAL
RUN_20260808_020316,ChecklistStrategy,SBILIFE,2024-09-19,2024-09-25,LONG,1850.0,1873.7,48,6,1137.6,1.28,SIGNAL
RUN_20260808_020316,ChecklistStrategy,SBILIFE,2024-09-26,2024-09-30,LONG,1873.0,1892.0,48,4,912.0,1.01,SIGNAL
RUN_20260808_020316,ChecklistStrategy,SBILIFE,2024-10-17,2024-10-18,LONG,1734.0,1706.0,52,1,-1456.0,-1.61,SIGNAL
RUN_20260808_020316,ChecklistStrategy,SBILIFE,2024-10-21,2024-10-22,LONG,1715.15,1701.0,52,1,-735.8,-0.83,SIGNAL
RUN_20260808_020316,ChecklistStrategy,SBILIFE,2024-11-18,2024-11-21,LONG,1551.0,1513.3,57,3,-2148.9,-2.43,STOP_LOSS
RUN_20260808_020316,ChecklistStrategy,SBILIFE,2024-12-09,2024-12-11,LONG,1454.0,1455.5,60,2,90.0,0.1,SIGNAL
RUN_20260808_020316,ChecklistStrategy,SBILIFE,2024-12-24,2025-01-14,LONG,1406.95,1475.0,62,21,4219.1,4.84,SIGNAL
RUN_20260808_020316,ChecklistStrategy,SBILIFE,2025-01-27,2025-02-17,LONG,1435.0,1460.5,62,21,1581.0,1.78,SIGNAL
RUN_20260808_020316,ChecklistStrategy,SBILIFE,2025-02-18,2025-02-19,LONG,1476.25,1475.0,62,1,-77.5,-0.08,SIGNAL
RUN_20260808_020316,ChecklistStrategy,SBILIFE,2025-02-24,2025-03-03,LONG,1480.0,1432.55,61,7,-2894.45,-3.21,STOP_LOSS
RUN_20260808_020316,ChecklistStrategy,SBILIFE,2025-03-11,2025-04-22,LONG,1403.0,1627.8,62,42,13937.6,16.02,SIGNAL
RUN_20260808_020316,ChecklistStrategy,SBILIFE,2025-04-29,2025-04-30,LONG,1733.9,1722.0,57,1,-678.3,-0.69,SIGNAL
RUN_20260808_020316,ChecklistStrategy,SBILIFE,2025-05-02,2025-05-06,LONG,1761.0,1770.0,56,4,504.0,0.51,SIGNAL
RUN_20260808_020316,ChecklistStrategy,SBILIFE,2025-05-28,2025-06-02,LONG,1810.6,1812.2,55,5,88.0,0.09,SIGNAL
RUN_20260808_020316,ChecklistStrategy,SBILIFE,2025-06-05,2025-06-06,LONG,1782.0,1774.8,56,1,-403.2,-0.4,SIGNAL
RUN_20260808_020316,ChecklistStrategy,SBILIFE,2025-06-12,2025-06-13,LONG,1799.9,1720.0,55,1,-4394.5,-4.44,STOP_LOSS
RUN_20260808_020316,ChecklistStrategy,SBILIFE,2025-06-23,2025-07-10,LONG,1810.0,1811.0,52,17,52.0,0.06,SIGNAL
RUN_20260808_020316,ChecklistStrategy,SBILIFE,2025-07-21,2025-07-30,LONG,1794.7,1825.0,53,9,1605.9,1.69,SIGNAL
RUN_20260808_020316,ChecklistStrategy,SBILIFE,2025-08-05,2025-08-07,LONG,1833.3,1835.0,53,2,90.1,0.09,SIGNAL
RUN_20260808_020316,ChecklistStrategy,SBILIFE,2025-08-08,2025-08-13,LONG,1851.1,1841.3,52,5,-509.6,-0.53,SIGNAL
RUN_20260808_020316,ChecklistStrategy,SBILIFE,2025-09-10,2025-09-12,LONG,1804.9,1814.2,53,2,492.9,0.52,SIGNAL
RUN_20260808_020316,ChecklistStrategy,SBILIFE,2025-09-15,2025-09-18,LONG,1830.1,1804.9,52,3,-1310.4,-1.38,SIGNAL
RUN_20260808_020316,ChecklistStrategy,SBILIFE,2025-10-10,2025-10-17,LONG,1825.0,1844.0,53,7,1007.0,1.04,SIGNAL
RUN_20260808_020316,ChecklistStrategy,SBILIFE,2025-11-10,2025-11-25,LONG,2000.1,1972.4,48,15,-1329.6,-1.38,SIGNAL
RUN_20260808_020316,ChecklistStrategy,SBILIFE,2025-12-02,2025-12-10,LONG,1952.0,1996.0,48,8,2112.0,2.25,SIGNAL
RUN_20260808_020316,ChecklistStrategy,SBILIFE,2025-12-19,2026-01-06,LONG,2014.5,2064.0,48,18,2376.0,2.46,SIGNAL
RUN_20260808_020316,ChecklistStrategy,SBILIFE,2026-01-09,2026-01-21,LONG,2093.8,2038.2,47,12,-2613.2,-2.66,STOP_LOSS
RUN_20260808_020316,ChecklistStrategy,SBILIFE,2026-02-05,2026-02-06,LONG,2031.0,2026.0,47,1,-235.0,-0.25,SIGNAL
RUN_20260808_020316,ChecklistStrategy,SBILIFE,2026-02-10,2026-02-11,LONG,2024.0,2023.0,47,1,-47.0,-0.05,SIGNAL
RUN_20260808_020316,ChecklistStrategy,SBILIFE,2026-02-17,2026-02-25,LONG,2042.4,2089.7,47,8,2223.1,2.32,SIGNAL
RUN_20260808_020316,ChecklistStrategy,SBILIFE,2026-02-27,2026-03-04,LONG,2076.1,1964.0,47,5,-5268.7,-5.4,STOP_LOSS
RUN_20260808_020316,ChecklistStrategy,SBILIFE,2026-03-06,2026-03-24,LONG,1930.0,1842.0,48,18,-4224.0,-4.56,STOP_LOSS
RUN_20260808_020316,ChecklistStrategy,SBILIFE,2026-04-06,2026-04-10,LONG,1757.5,1914.9,51,4,8027.4,8.96,SIGNAL
RUN_20260808_020316,ChecklistStrategy,SBILIFE,2026-04-28,2026-05-01,LONG,1814.6,1819.0,53,3,233.2,0.24,SIGNAL
RUN_20260808_020316,ChecklistStrategy,SBILIFE,2026-05-12,2026-05-22,LONG,1866.0,1872.0,51,10,306.0,0.32,SIGNAL
RUN_20260808_020316,ChecklistStrategy,SBILIFE,2026-06-18,2026-06-23,LONG,1801.0,1805.5,54,5,243.0,0.25,SIGNAL
RUN_20260808_020316,ChecklistStrategy,SBILIFE,2026-07-01,2026-07-09,LONG,1777.0,1789.0,55,8,660.0,0.68,SIGNAL
RUN_20260808_020316,ChecklistStrategy,SBILIFE,2026-07-10,2026-07-14,LONG,1830.7,1842.0,53,4,598.9,0.62,SIGNAL
RUN_20260808_020316,ChecklistStrategy,SBILIFE,2026-07-20,2026-07-28,LONG,1831.0,1865.0,53,8,1802.0,1.86,SIGNAL
RUN_20260808_020316,ChecklistStrategy,SBIN,2024-03-01,2024-03-18,LONG,752.0,727.1,100,17,-2490.0,-3.31,STOP_LOSS
RUN_20260808_020316,ChecklistStrategy,SBIN,2024-04-26,2024-05-02,LONG,815.9,826.9,89,6,979.0,1.35,SIGNAL
RUN_20260808_020316,ChecklistStrategy,SBIN,2024-05-09,2024-06-05,LONG,811.9,790.75,91,27,-1924.65,-2.61,STOP_LOSS
RUN_20260808_020316,ChecklistStrategy,SBIN,2024-06-06,2024-06-14,LONG,800.0,845.0,91,8,4095.0,5.62,SIGNAL
RUN_20260808_020316,ChecklistStrategy,SBIN,2024-06-19,2024-07-03,LONG,846.8,829.0,89,14,-1584.2,-2.1,STOP_LOSS
RUN_20260808_020316,ChecklistStrategy,SBIN,2024-07-04,2024-07-09,LONG,843.0,859.9,88,5,1487.2,2.0,SIGNAL
RUN_20260808_020316,ChecklistStrategy,SBIN,2024-07-12,2024-07-30,LONG,856.7,874.7,87,18,1566.0,2.1,SIGNAL
RUN_20260808_020316,ChecklistStrategy,SBIN,2024-08-01,2024-08-05,LONG,877.8,830.0,87,4,-4158.6,-5.45,STOP_LOSS
RUN_20260808_020316,ChecklistStrategy,SBIN,2024-08-08,2024-08-20,LONG,812.0,817.95,90,12,535.5,0.73,SIGNAL
RUN_20260808_020316,ChecklistStrategy,SBIN,2024-08-23,2024-08-26,LONG,821.5,818.0,89,3,-311.5,-0.43,SIGNAL
RUN_20260808_020316,ChecklistStrategy,SBIN,2024-08-30,2024-09-02,LONG,817.15,817.3,90,3,13.5,0.02,SIGNAL
RUN_20260808_020316,ChecklistStrategy,SBIN,2024-09-04,2024-09-09,LONG,815.45,785.0,88,5,-2679.6,-3.73,STOP_LOSS
RUN_20260808_020316,ChecklistStrategy,SBIN,2024-09-10,2024-09-12,LONG,788.0,775.0,90,2,-1170.0,-1.65,SIGNAL
RUN_20260808_020316,ChecklistStrategy,SBIN,2024-10-09,2024-10-28,LONG,786.7,783.8,90,19,-261.0,-0.37,SIGNAL
RUN_20260808_020316,ChecklistStrategy,SBIN,2024-10-29,2024-10-31,LONG,796.0,820.0,88,2,2112.0,3.02,SIGNAL
RUN_20260808_020316,ChecklistStrategy,SBIN,2024-11-19,2024-11-21,LONG,819.0,798.5,88,2,-1804.0,-2.5,STOP_LOSS
RUN_20260808_020316,ChecklistStrategy,SBIN,2024-11-29,2024-12-09,LONG,841.1,859.0,83,10,1485.7,2.13,SIGNAL
RUN_20260808_020316,ChecklistStrategy,SBIN,2024-12-16,2024-12-19,LONG,859.8,824.6,82,3,-2886.4,-4.09,STOP_LOSS
RUN_20260808_020316,ChecklistStrategy,SBIN,2024-12-24,2024-12-26,LONG,824.25,813.0,84,2,-945.0,-1.36,SIGNAL
RUN_20260808_020316,ChecklistStrategy,SBIN,2025-01-10,2025-01-13,LONG,760.35,741.5,89,3,-1677.65,-2.48,STOP_LOSS
RUN_20260808_020316,ChecklistStrategy,SBIN,2025-03-04,2025-03-11,LONG,693.0,724.9,96,7,3062.4,4.6,SIGNAL
RUN_20260808_020316,ChecklistStrategy,SBIN,2025-03-17,2025-03-18,LONG,728.9,723.15,95,1,-546.25,-0.79,SIGNAL
RUN_20260808_020316,ChecklistStrategy,SBIN,2025-03-28,2025-04-01,LONG,772.1,766.8,89,4,-471.7,-0.69,SIGNAL
RUN_20260808_020316,ChecklistStrategy,SBIN,2025-04-17,2025-04-24,LONG,772.0,812.75,88,7,3586.0,5.28,SIGNAL
RUN_20260808_020316,ChecklistStrategy,SBIN,2025-05-05,2025-05-07,LONG,782.0,765.3,89,2,-1486.3,-2.14,STOP_LOSS
RUN_20260808_020316,ChecklistStrategy,SBIN,2025-05-12,2025-05-16,LONG,799.0,804.0,89,4,445.0,0.63,SIGNAL
RUN_20260808_020316,ChecklistStrategy,SBIN,2025-05-20,2025-05-21,LONG,798.15,787.0,88,1,-981.2,-1.4,SIGNAL
RUN_20260808_020316,ChecklistStrategy,SBIN,2025-07-07,2025-07-11,LONG,811.2,807.55,85,4,-310.25,-0.45,SIGNAL
RUN_20260808_020316,ChecklistStrategy,SBIN,2025-09-22,2025-09-23,LONG,862.0,854.6,80,1,-592.0,-0.86,SIGNAL
RUN_20260808_020316,ChecklistStrategy,SBIN,2025-09-24,2025-09-29,LONG,876.0,858.05,79,5,-1418.05,-2.05,STOP_LOSS
RUN_20260808_020316,ChecklistStrategy,SBIN,2025-10-10,2025-10-15,LONG,862.1,878.1,78,5,1248.0,1.86,SIGNAL
RUN_20260808_020316,ChecklistStrategy,SBIN,2025-11-03,2025-11-27,LONG,938.75,986.7,73,24,3500.35,5.11,SIGNAL
RUN_20260808_020316,ChecklistStrategy,SBIN,2025-12-16,2025-12-17,LONG,966.05,965.55,73,1,-36.5,-0.05,SIGNAL
RUN_20260808_020316,ChecklistStrategy,SBIN,2025-12-31,2026-01-08,LONG,975.25,1006.6,73,8,2288.55,3.21,SIGNAL
RUN_20260808_020316,ChecklistStrategy,SBIN,2026-02-03,2026-02-04,LONG,1087.0,1064.2,70,1,-1596.0,-2.1,STOP_LOSS
RUN_20260808_020316,ChecklistStrategy,SBIN,2026-03-10,2026-03-13,LONG,1111.1,1077.5,65,3,-2184.0,-3.02,STOP_LOSS
RUN_20260808_020316,ChecklistStrategy,SBIN,2026-03-17,2026-03-20,LONG,1073.9,1058.4,65,3,-1007.5,-1.44,SIGNAL
RUN_20260808_020316,ChecklistStrategy,SBIN,2026-04-20,2026-04-22,LONG,1080.3,1110.0,64,2,1900.8,2.75,SIGNAL
RUN_20260808_020316,ChecklistStrategy,SBIN,2026-04-27,2026-04-30,LONG,1110.95,1075.0,64,3,-2300.8,-3.24,STOP_LOSS
RUN_20260808_020316,ChecklistStrategy,SBIN,2026-05-20,2026-06-15,LONG,941.1,1034.0,72,26,6688.8,9.87,SIGNAL
RUN_20260808_020316,ChecklistStrategy,SBIN,2026-07-16,2026-07-22,LONG,1030.1,1044.4,71,6,1015.3,1.39,SIGNAL
RUN_20260808_020316,ChecklistStrategy,SHRIRAMFIN,2024-01-31,2024-02-01,LONG,490.0,482.2,152,1,-1185.6,-1.59,SIGNAL
RUN_20260808_020316,ChecklistStrategy,SHRIRAMFIN,2024-02-12,2024-02-13,LONG,467.0,453.4,158,1,-2148.8,-2.91,STOP_LOSS
RUN_20260808_020316,ChecklistStrategy,SHRIRAMFIN,2024-02-14,2024-02-20,LONG,457.0,487.98,155,6,4801.9,6.78,SIGNAL
RUN_20260808_020316,ChecklistStrategy,SHRIRAMFIN,2024-02-23,2024-02-29,LONG,479.7,479.8,158,6,15.8,0.02,SIGNAL
RUN_20260808_020316,ChecklistStrategy,SHRIRAMFIN,2024-03-11,2024-03-13,LONG,489.2,486.98,155,2,-344.1,-0.45,SIGNAL
RUN_20260808_020316,ChecklistStrategy,SHRIRAMFIN,2024-03-19,2024-04-19,LONG,464.6,469.97,163,31,875.31,1.16,SIGNAL
RUN_20260808_020316,ChecklistStrategy,SHRIRAMFIN,2024-05-02,2024-05-06,LONG,509.31,520.0,149,4,1592.81,2.1,SIGNAL
RUN_20260808_020316,ChecklistStrategy,SHRIRAMFIN,2024-06-03,2024-06-05,LONG,490.0,448.38,164,2,-6825.68,-8.49,STOP_LOSS
RUN_20260808_020316,ChecklistStrategy,SHRIRAMFIN,2024-07-04,2024-07-09,LONG,573.59,561.78,126,5,-1488.06,-2.06,STOP_LOSS
RUN_20260808_020316,ChecklistStrategy,SHRIRAMFIN,2024-07-26,2024-08-07,LONG,541.16,578.02,132,12,4865.53,6.81,SIGNAL
RUN_20260808_020316,ChecklistStrategy,SHRIRAMFIN,2024-10-25,2024-10-28,LONG,650.86,632.8,115,3,-2076.9,-2.77,STOP_LOSS
RUN_20260808_020316,ChecklistStrategy,SHRIRAMFIN,2024-11-19,2024-11-26,LONG,569.6,592.95,128,7,2988.8,4.1,SIGNAL
RUN_20260808_020316,ChecklistStrategy,SHRIRAMFIN,2024-12-03,2024-12-04,LONG,626.2,629.11,121,1,352.11,0.46,SIGNAL
RUN_20260808_020316,ChecklistStrategy,SHRIRAMFIN,2025-01-21,2025-01-31,LONG,518.0,546.4,146,10,4146.4,5.48,SIGNAL
RUN_20260808_020316,ChecklistStrategy,SHRIRAMFIN,2025-02-13,2025-02-17,LONG,547.0,537.0,143,4,-1430.0,-1.83,SIGNAL
RUN_20260808_020316,ChecklistStrategy,SHRIRAMFIN,2025-02-19,2025-02-27,LONG,547.8,581.3,140,8,4690.0,6.12,SIGNAL
RUN_20260808_020316,ChecklistStrategy,SHRIRAMFIN,2025-04-04,2025-04-08,LONG,655.5,623.7,123,4,-3911.4,-4.85,STOP_LOSS
RUN_20260808_020316,ChecklistStrategy,SHRIRAMFIN,2025-04-15,2025-04-17,LONG,651.95,677.0,122,2,3056.1,3.84,SIGNAL
RUN_20260808_020316,ChecklistStrategy,SHRIRAMFIN,2025-05-22,2025-06-02,LONG,652.0,638.3,122,11,-1671.4,-2.1,STOP_LOSS
RUN_20260808_020316,ChecklistStrategy,SHRIRAMFIN,2025-06-23,2025-06-24,LONG,661.8,674.0,118,1,1439.6,1.84,SIGNAL
RUN_20260808_020316,ChecklistStrategy,SHRIRAMFIN,2025-07-07,2025-07-08,LONG,676.15,672.0,118,1,-489.7,-0.61,SIGNAL
RUN_20260808_020316,ChecklistStrategy,SHRIRAMFIN,2025-07-22,2025-07-23,LONG,658.0,642.0,121,1,-1936.0,-2.43,STOP_LOSS
RUN_20260808_020316,ChecklistStrategy,SHRIRAMFIN,2025-07-24,2025-07-25,LONG,660.0,625.0,119,1,-4165.0,-5.3,STOP_LOSS
RUN_20260808_020316,ChecklistStrategy,SHRIRAMFIN,2025-07-29,2025-07-31,LONG,632.0,625.0,118,2,-826.0,-1.11,SIGNAL
RUN_20260808_020316,ChecklistStrategy,SHRIRAMFIN,2025-08-05,2025-08-11,LONG,630.5,610.45,119,6,-2385.95,-3.18,STOP_LOSS
RUN_20260808_020316,ChecklistStrategy,SHRIRAMFIN,2025-08-12,2025-08-19,LONG,616.0,626.0,117,7,1170.0,1.62,SIGNAL
RUN_20260808_020316,ChecklistStrategy,SHRIRAMFIN,2025-09-01,2025-09-10,LONG,580.0,598.6,126,9,2343.6,3.21,SIGNAL
RUN_20260808_020316,ChecklistStrategy,SHRIRAMFIN,2025-09-18,2025-09-23,LONG,620.0,628.0,120,5,960.0,1.29,SIGNAL
RUN_20260808_020316,ChecklistStrategy,SHRIRAMFIN,2025-09-24,2025-09-26,LONG,628.2,610.0,120,2,-2184.0,-2.9,STOP_LOSS
RUN_20260808_020316,ChecklistStrategy,SHRIRAMFIN,2025-10-03,2025-10-08,LONG,645.0,662.0,114,5,1938.0,2.64,SIGNAL
RUN_20260808_020316,ChecklistStrategy,SHRIRAMFIN,2025-10-24,2025-10-28,LONG,711.05,719.5,106,4,895.7,1.19,SIGNAL
RUN_20260808_020316,ChecklistStrategy,SHRIRAMFIN,2025-11-03,2025-11-06,LONG,762.8,792.6,101,3,3009.8,3.91,SIGNAL
RUN_20260808_020316,ChecklistStrategy,SHRIRAMFIN,2025-11-10,2025-11-13,LONG,822.0,826.0,96,3,384.0,0.49,SIGNAL
RUN_20260808_020316,ChecklistStrategy,SHRIRAMFIN,2025-12-08,2025-12-09,LONG,858.5,830.0,92,1,-2622.0,-3.32,STOP_LOSS
RUN_20260808_020316,ChecklistStrategy,SHRIRAMFIN,2026-02-09,2026-02-12,LONG,1005.0,1053.5,76,3,3686.0,4.83,SIGNAL
RUN_20260808_020316,ChecklistStrategy,SHRIRAMFIN,2026-02-23,2026-02-25,LONG,1072.8,1065.0,74,2,-577.2,-0.73,SIGNAL
RUN_20260808_020316,ChecklistStrategy,SHRIRAMFIN,2026-03-06,2026-03-09,LONG,1043.9,957.5,75,3,-6480.0,-8.28,STOP_LOSS
RUN_20260808_020316,ChecklistStrategy,SHRIRAMFIN,2026-04-20,2026-04-23,LONG,1040.0,1044.9,71,3,347.9,0.47,SIGNAL
RUN_20260808_020316,ChecklistStrategy,SHRIRAMFIN,2026-05-01,2026-05-06,LONG,937.35,980.0,79,5,3369.35,4.55,SIGNAL
RUN_20260808_020316,ChecklistStrategy,SHRIRAMFIN,2026-05-15,2026-06-08,LONG,921.0,909.0,82,24,-984.0,-1.3,SIGNAL
RUN_20260808_020316,ChecklistStrategy,SHRIRAMFIN,2026-07-10,2026-07-15,LONG,1049.0,1028.0,73,5,-1533.0,-2.0,STOP_LOSS
RUN_20260808_020316,ChecklistStrategy,SHRIRAMFIN,2026-07-20,2026-07-27,LONG,1040.0,1020.0,72,7,-1440.0,-1.92,SIGNAL
RUN_20260808_020316,ChecklistStrategy,SUNPHARMA,2024-02-01,2024-02-15,LONG,1427.0,1529.05,52,14,5306.6,7.15,SIGNAL
RUN_20260808_020316,ChecklistStrategy,SUNPHARMA,2024-03-15,2024-03-21,LONG,1568.75,1564.8,50,6,-197.5,-0.25,SIGNAL
RUN_20260808_020316,ChecklistStrategy,SUNPHARMA,2024-03-22,2024-03-27,LONG,1568.9,1602.0,50,5,1655.0,2.11,SIGNAL
RUN_20260808_020316,ChecklistStrategy,SUNPHARMA,2024-04-10,2024-04-15,LONG,1603.05,1517.6,49,5,-4187.05,-5.33,STOP_LOSS
RUN_20260808_020316,ChecklistStrategy,SUNPHARMA,2024-04-25,2024-05-02,LONG,1490.0,1503.0,51,7,663.0,0.87,SIGNAL
RUN_20260808_020316,ChecklistStrategy,SUNPHARMA,2024-05-21,2024-05-24,LONG,1530.0,1504.0,50,3,-1300.0,-1.7,SIGNAL
RUN_20260808_020316,ChecklistStrategy,SUNPHARMA,2024-06-13,2024-06-21,LONG,1514.6,1480.1,50,8,-1725.0,-2.28,STOP_LOSS
RUN_20260808_020316,ChecklistStrategy,SUNPHARMA,2024-07-03,2024-07-09,LONG,1519.35,1564.8,49,6,2227.05,2.99,SIGNAL
RUN_20260808_020316,ChecklistStrategy,SUNPHARMA,2024-08-05,2024-08-06,LONG,1725.0,1725.0,44,1,0.0,0.0,SIGNAL
RUN_20260808_020316,ChecklistStrategy,SUNPHARMA,2024-09-02,2024-09-04,LONG,1829.95,1811.5,42,2,-774.9,-1.01,SIGNAL
RUN_20260808_020316,ChecklistStrategy,SUNPHARMA,2024-09-05,2024-09-26,LONG,1833.2,1870.55,41,21,1531.35,2.04,SIGNAL
RUN_20260808_020316,ChecklistStrategy,SUNPHARMA,2024-09-27,2024-10-04,LONG,1917.95,1910.85,40,7,-284.0,-0.37,SIGNAL
RUN_20260808_020316,ChecklistStrategy,SUNPHARMA,2024-10-09,2024-10-24,LONG,1894.55,1830.0,40,15,-2582.0,-3.41,STOP_LOSS
RUN_20260808_020316,ChecklistStrategy,SUNPHARMA,2024-11-11,2024-11-13,LONG,1817.4,1791.0,41,2,-1082.4,-1.45,SIGNAL
RUN_20260808_020316,ChecklistStrategy,SUNPHARMA,2024-12-16,2024-12-19,LONG,1818.7,1801.0,40,3,-708.0,-0.97,SIGNAL
RUN_20260808_020316,ChecklistStrategy,SUNPHARMA,2024-12-24,2025-01-01,LONG,1814.9,1889.9,40,8,3000.0,4.13,SIGNAL
RUN_20260808_020316,ChecklistStrategy,SUNPHARMA,2025-01-07,2025-01-08,LONG,1848.55,1862.6,40,1,562.0,0.76,SIGNAL
RUN_20260808_020316,ChecklistStrategy,SUNPHARMA,2025-01-15,2025-01-21,LONG,1772.8,1772.1,42,6,-29.4,-0.04,SIGNAL
RUN_20260808_020316,ChecklistStrategy,SUNPHARMA,2025-01-30,2025-02-03,LONG,1740.45,1781.45,43,4,1763.0,2.36,SIGNAL
RUN_20260808_020316,ChecklistStrategy,SUNPHARMA,2025-02-05,2025-02-11,LONG,1773.8,1725.2,43,6,-2089.8,-2.74,STOP_LOSS
RUN_20260808_020316,ChecklistStrategy,SUNPHARMA,2025-02-18,2025-02-19,LONG,1714.2,1665.1,44,1,-2160.4,-2.86,STOP_LOSS
RUN_20260808_020316,ChecklistStrategy,SUNPHARMA,2025-04-01,2025-04-04,LONG,1731.0,1778.85,42,3,2009.7,2.76,SIGNAL
RUN_20260808_020316,ChecklistStrategy,SUNPHARMA,2025-04-29,2025-04-30,LONG,1845.0,1810.0,40,1,-1400.0,-1.9,SIGNAL
RUN_20260808_020316,ChecklistStrategy,SUNPHARMA,2025-05-13,2025-05-14,LONG,1711.0,1702.0,44,1,-396.0,-0.53,SIGNAL
RUN_20260808_020316,ChecklistStrategy,SUNPHARMA,2025-05-15,2025-05-19,LONG,1701.1,1745.0,43,4,1887.7,2.58,SIGNAL
RUN_20260808_020316,ChecklistStrategy,SUNPHARMA,2025-05-28,2025-06-03,LONG,1683.4,1695.0,44,6,510.4,0.69,SIGNAL
RUN_20260808_020316,ChecklistStrategy,SUNPHARMA,2025-06-23,2025-06-24,LONG,1663.2,1670.5,45,1,328.5,0.44,SIGNAL
RUN_20260808_020316,ChecklistStrategy,SUNPHARMA,2025-06-26,2025-06-27,LONG,1674.8,1670.2,45,1,-207.0,-0.27,SIGNAL
RUN_20260808_020316,ChecklistStrategy,SUNPHARMA,2025-07-03,2025-07-07,LONG,1677.5,1674.7,45,4,-126.0,-0.17,SIGNAL
RUN_20260808_020316,ChecklistStrategy,SUNPHARMA,2025-07-08,2025-07-09,LONG,1680.0,1660.0,45,1,-900.0,-1.19,SIGNAL
RUN_20260808_020316,ChecklistStrategy,SUNPHARMA,2025-08-05,2025-08-07,LONG,1640.9,1581.0,45,2,-2695.5,-3.65,STOP_LOSS
RUN_20260808_020316,ChecklistStrategy,SUNPHARMA,2025-08-12,2025-08-19,LONG,1611.7,1632.8,45,7,949.5,1.31,SIGNAL
RUN_20260808_020316,ChecklistStrategy,SUNPHARMA,2025-08-26,2025-08-28,LONG,1645.0,1593.1,44,2,-2283.6,-3.16,STOP_LOSS
RUN_20260808_020316,ChecklistStrategy,SUNPHARMA,2025-09-01,2025-09-02,LONG,1599.0,1566.0,45,1,-1485.0,-2.06,STOP_LOSS
RUN_20260808_020316,ChecklistStrategy,SUNPHARMA,2025-09-04,2025-09-09,LONG,1597.0,1580.0,44,5,-748.0,-1.06,SIGNAL
RUN_20260808_020316,ChecklistStrategy,SUNPHARMA,2025-09-17,2025-09-25,LONG,1612.6,1627.9,43,8,657.9,0.95,SIGNAL
RUN_20260808_020316,ChecklistStrategy,SUNPHARMA,2025-10-17,2025-10-21,LONG,1658.2,1690.0,42,4,1335.6,1.92,SIGNAL
RUN_20260808_020316,ChecklistStrategy,SUNPHARMA,2025-11-24,2025-12-02,LONG,1785.9,1804.0,40,8,724.0,1.01,SIGNAL
RUN_20260808_020316,ChecklistStrategy,SUNPHARMA,2025-12-11,2025-12-17,LONG,1778.0,1781.0,40,6,120.0,0.17,SIGNAL
RUN_20260808_020316,ChecklistStrategy,SUNPHARMA,2025-12-18,2025-12-19,LONG,1785.0,1747.0,40,1,-1520.0,-2.13,STOP_LOSS
RUN_20260808_020316,ChecklistStrategy,SUNPHARMA,2025-12-31,2026-01-09,LONG,1720.2,1765.2,41,9,1845.0,2.62,SIGNAL
RUN_20260808_020316,ChecklistStrategy,SUNPHARMA,2026-01-13,2026-01-14,LONG,1743.0,1737.1,41,1,-241.9,-0.34,SIGNAL
RUN_20260808_020316,ChecklistStrategy,SUNPHARMA,2026-01-23,2026-01-30,LONG,1640.0,1589.3,44,7,-2230.8,-3.09,STOP_LOSS
RUN_20260808_020316,ChecklistStrategy,SUNPHARMA,2026-02-02,2026-02-09,LONG,1634.0,1706.7,44,7,3198.8,4.45,SIGNAL
RUN_20260808_020316,ChecklistStrategy,SUNPHARMA,2026-02-12,2026-03-12,LONG,1714.8,1828.0,42,28,4754.4,6.6,SIGNAL
RUN_20260808_020316,ChecklistStrategy,SUNPHARMA,2026-03-18,2026-03-20,LONG,1799.6,1755.1,42,2,-1869.0,-2.47,STOP_LOSS
RUN_20260808_020316,ChecklistStrategy,SUNPHARMA,2026-04-07,2026-04-13,LONG,1689.8,1654.9,44,6,-1535.6,-2.07,STOP_LOSS
RUN_20260808_020316,ChecklistStrategy,SUNPHARMA,2026-06-03,2026-06-08,LONG,1781.0,1780.7,41,5,-12.3,-0.02,SIGNAL
RUN_20260808_020316,ChecklistStrategy,SUNPHARMA,2026-07-15,2026-07-27,LONG,1955.0,1948.5,37,12,-240.5,-0.33,SIGNAL
RUN_20260808_020316,ChecklistStrategy,TATACONSUM,2024-01-30,2024-01-31,LONG,1144.95,1125.0,65,1,-1296.75,-1.74,SIGNAL
RUN_20260808_020316,ChecklistStrategy,TATACONSUM,2024-02-02,2024-02-16,LONG,1132.0,1135.0,65,14,195.0,0.27,SIGNAL
RUN_20260808_020316,ChecklistStrategy,TATACONSUM,2024-03-01,2024-03-12,LONG,1204.0,1227.45,62,11,1453.9,1.95,SIGNAL
RUN_20260808_020316,ChecklistStrategy,TATACONSUM,2024-04-26,2024-05-03,LONG,1111.8,1095.0,67,7,-1125.6,-1.51,SIGNAL
RUN_20260808_020316,ChecklistStrategy,TATACONSUM,2024-05-31,2024-06-05,LONG,1069.7,1109.0,69,5,2711.7,3.67,SIGNAL
RUN_20260808_020316,ChecklistStrategy,TATACONSUM,2024-06-12,2024-06-13,LONG,1142.0,1130.0,67,1,-804.0,-1.05,SIGNAL
RUN_20260808_020316,ChecklistStrategy,TATACONSUM,2024-06-19,2024-06-20,LONG,1129.7,1108.05,67,1,-1450.54,-1.92,SIGNAL
RUN_20260808_020316,ChecklistStrategy,TATACONSUM,2024-07-18,2024-08-16,LONG,1160.57,1168.0,63,29,467.81,0.64,SIGNAL
RUN_20260808_020316,ChecklistStrategy,TATACONSUM,2024-08-22,2024-08-28,LONG,1184.05,1210.0,63,6,1634.85,2.19,SIGNAL
RUN_20260808_020316,ChecklistStrategy,TATACONSUM,2024-09-05,2024-09-09,LONG,1199.5,1173.85,63,4,-1615.95,-2.14,STOP_LOSS
RUN_20260808_020316,ChecklistStrategy,TATACONSUM,2024-09-10,2024-09-23,LONG,1200.0,1222.0,62,13,1364.0,1.83,SIGNAL
RUN_20260808_020316,ChecklistStrategy,TATACONSUM,2024-09-27,2024-10-01,LONG,1213.95,1196.95,62,4,-1054.0,-1.4,SIGNAL
RUN_20260808_020316,ChecklistStrategy,TATACONSUM,2024-10-09,2024-10-18,LONG,1127.0,1090.15,66,9,-2432.1,-3.27,STOP_LOSS
RUN_20260808_020316,ChecklistStrategy,TATACONSUM,2024-10-24,2024-10-25,LONG,1017.95,996.9,72,1,-1515.6,-2.07,STOP_LOSS
RUN_20260808_020316,ChecklistStrategy,TATACONSUM,2024-10-29,2024-11-14,LONG,982.0,950.0,73,16,-2336.0,-3.26,STOP_LOSS
RUN_20260808_020316,ChecklistStrategy,TATACONSUM,2024-11-19,2024-11-21,LONG,935.0,917.15,75,2,-1338.75,-1.91,SIGNAL
RUN_20260808_020316,ChecklistStrategy,TATACONSUM,2024-12-02,2024-12-03,LONG,958.65,958.05,72,1,-43.2,-0.06,SIGNAL
RUN_20260808_020316,ChecklistStrategy,TATACONSUM,2024-12-12,2024-12-13,LONG,937.0,919.25,73,1,-1295.75,-1.89,SIGNAL
RUN_20260808_020316,ChecklistStrategy,TATACONSUM,2024-12-19,2024-12-20,LONG,908.0,907.0,74,1,-74.0,-0.11,SIGNAL
RUN_20260808_020316,ChecklistStrategy,TATACONSUM,2024-12-24,2024-12-31,LONG,904.95,899.0,75,7,-446.25,-0.66,SIGNAL
RUN_20260808_020316,ChecklistStrategy,TATACONSUM,2025-01-20,2025-01-27,LONG,960.0,989.05,70,7,2033.5,3.03,SIGNAL
RUN_20260808_020316,ChecklistStrategy,TATACONSUM,2025-01-30,2025-02-04,LONG,965.95,1040.0,71,5,5257.55,7.67,SIGNAL
RUN_20260808_020316,ChecklistStrategy,TATACONSUM,2025-02-07,2025-02-21,LONG,1031.9,1008.0,71,14,-1696.9,-2.32,STOP_LOSS
RUN_20260808_020316,ChecklistStrategy,TATACONSUM,2025-03-28,2025-04-25,LONG,975.5,1160.2,73,28,13483.1,18.93,SIGNAL
RUN_20260808_020316,ChecklistStrategy,TATACONSUM,2025-05-15,2025-05-20,LONG,1120.4,1149.0,72,5,2059.2,2.55,SIGNAL
RUN_20260808_020316,ChecklistStrategy,TATACONSUM,2025-05-22,2025-05-23,LONG,1138.8,1126.5,73,1,-897.9,-1.08,SIGNAL
RUN_20260808_020316,ChecklistStrategy,TATACONSUM,2025-05-26,2025-05-30,LONG,1137.0,1109.8,72,4,-1958.4,-2.39,STOP_LOSS
RUN_20260808_020316,ChecklistStrategy,TATACONSUM,2025-06-03,2025-06-04,LONG,1116.1,1110.0,72,1,-439.2,-0.55,SIGNAL
RUN_20260808_020316,ChecklistStrategy,TATACONSUM,2025-06-20,2025-06-30,LONG,1088.3,1124.0,74,10,2641.8,3.28,SIGNAL
RUN_20260808_020316,ChecklistStrategy,TATACONSUM,2025-07-02,2025-07-04,LONG,1094.0,1091.0,75,2,-225.0,-0.27,SIGNAL
RUN_20260808_020316,ChecklistStrategy,TATACONSUM,2025-07-08,2025-07-14,LONG,1108.0,1076.8,74,6,-2308.8,-2.82,STOP_LOSS
RUN_20260808_020316,ChecklistStrategy,TATACONSUM,2025-07-18,2025-07-22,LONG,1106.0,1089.9,72,4,-1159.2,-1.46,SIGNAL
RUN_20260808_020316,ChecklistStrategy,TATACONSUM,2025-08-12,2025-08-22,LONG,1055.8,1087.2,75,10,2354.99,2.97,SIGNAL
RUN_20260808_020316,ChecklistStrategy,TATACONSUM,2025-09-01,2025-09-04,LONG,1059.1,1126.0,76,3,5084.4,6.32,SIGNAL
RUN_20260808_020316,ChecklistStrategy,TATACONSUM,2025-09-30,2025-10-14,LONG,1123.0,1115.0,75,14,-600.0,-0.71,SIGNAL
RUN_20260808_020316,ChecklistStrategy,TATACONSUM,2025-10-17,2025-10-23,LONG,1152.2,1174.6,73,6,1635.2,1.94,SIGNAL
RUN_20260808_020316,ChecklistStrategy,TATACONSUM,2025-11-04,2025-11-06,LONG,1199.8,1172.1,71,2,-1966.71,-2.31,STOP_LOSS
RUN_20260808_020316,ChecklistStrategy,TATACONSUM,2025-11-12,2025-11-14,LONG,1156.3,1149.0,73,2,-532.9,-0.63,SIGNAL
RUN_20260808_020316,ChecklistStrategy,TATACONSUM,2025-11-20,2025-12-04,LONG,1164.9,1153.0,72,14,-856.8,-1.02,SIGNAL
RUN_20260808_020316,ChecklistStrategy,TATACONSUM,2025-12-05,2025-12-09,LONG,1148.4,1140.6,72,4,-561.6,-0.68,SIGNAL
RUN_20260808_020316,ChecklistStrategy,TATACONSUM,2025-12-22,2025-12-23,LONG,1184.0,1178.8,70,1,-364.0,-0.44,SIGNAL
RUN_20260808_020316,ChecklistStrategy,TATACONSUM,2025-12-24,2026-01-02,LONG,1187.3,1176.9,69,9,-717.6,-0.88,SIGNAL
RUN_20260808_020316,ChecklistStrategy,TATACONSUM,2026-01-06,2026-01-21,LONG,1182.1,1180.5,69,15,-110.4,-0.14,SIGNAL
RUN_20260808_020316,ChecklistStrategy,TATACONSUM,2026-01-23,2026-01-27,LONG,1178.5,1158.6,69,4,-1373.1,-1.69,SIGNAL
RUN_20260808_020316,ChecklistStrategy,TATACONSUM,2026-02-02,2026-02-05,LONG,1092.9,1149.5,71,3,4018.6,5.18,SIGNAL
RUN_20260808_020316,ChecklistStrategy,TATACONSUM,2026-02-24,2026-03-04,LONG,1161.0,1114.5,71,8,-3301.5,-4.01,STOP_LOSS
RUN_20260808_020316,ChecklistStrategy,TATACONSUM,2026-03-06,2026-03-09,LONG,1119.1,1086.7,72,3,-2332.8,-2.9,STOP_LOSS
RUN_20260808_020316,ChecklistStrategy,TATACONSUM,2026-03-16,2026-03-18,LONG,1083.6,1075.6,73,2,-584.0,-0.74,SIGNAL
RUN_20260808_020316,ChecklistStrategy,TATACONSUM,2026-04-06,2026-04-09,LONG,1043.0,1062.5,75,3,1462.5,1.87,SIGNAL
RUN_20260808_020316,ChecklistStrategy,TATACONSUM,2026-04-10,2026-04-16,LONG,1086.1,1098.0,74,6,880.6,1.1,SIGNAL
RUN_20260808_020316,ChecklistStrategy,TATACONSUM,2026-04-30,2026-05-01,LONG,1170.0,1144.6,69,1,-1752.6,-2.17,STOP_LOSS
RUN_20260808_020316,ChecklistStrategy,TATACONSUM,2026-07-10,2026-07-22,LONG,1105.0,1074.2,71,12,-2186.8,-2.79,STOP_LOSS
RUN_20260808_020316,ChecklistStrategy,TATASTEEL,2024-01-30,2024-01-31,LONG,135.6,135.0,555,1,-333.0,-0.44,SIGNAL
RUN_20260808_020316,ChecklistStrategy,TATASTEEL,2024-02-14,2024-02-20,LONG,137.0,141.95,542,6,2682.9,3.61,SIGNAL
RUN_20260808_020316,ChecklistStrategy,TATASTEEL,2024-02-28,2024-02-29,LONG,144.05,140.8,531,1,-1725.75,-2.26,STOP_LOSS
RUN_20260808_020316,ChecklistStrategy,TATASTEEL,2024-03-01,2024-03-07,LONG,143.0,152.4,535,6,5029.0,6.57,SIGNAL
RUN_20260808_020316,ChecklistStrategy,TATASTEEL,2024-03-15,2024-03-20,LONG,142.9,149.6,555,5,3718.51,4.69,SIGNAL
RUN_20260808_020316,ChecklistStrategy,TATASTEEL,2024-04-22,2024-05-27,LONG,163.8,177.7,504,35,7005.6,8.49,SIGNAL
RUN_20260808_020316,ChecklistStrategy,TATASTEEL,2024-06-03,2024-06-05,LONG,173.25,162.15,520,2,-5772.0,-6.41,STOP_LOSS
RUN_20260808_020316,ChecklistStrategy,TATASTEEL,2024-06-06,2024-06-12,LONG,170.0,182.25,488,6,5978.0,7.21,SIGNAL
RUN_20260808_020316,ChecklistStrategy,TATASTEEL,2024-06-28,2024-07-01,LONG,174.17,174.5,500,3,165.0,0.19,SIGNAL
RUN_20260808_020316,ChecklistStrategy,TATASTEEL,2024-07-23,2024-07-26,LONG,161.6,158.75,544,3,-1550.4,-1.76,SIGNAL
RUN_20260808_020316,ChecklistStrategy,TATASTEEL,2024-07-31,2024-08-05,LONG,166.29,153.66,524,5,-6618.11,-7.6,STOP_LOSS
RUN_20260808_020316,ChecklistStrategy,TATASTEEL,2024-08-08,2024-08-09,LONG,153.4,153.0,526,1,-210.4,-0.26,SIGNAL
RUN_20260808_020316,ChecklistStrategy,TATASTEEL,2024-08-19,2024-08-26,LONG,150.85,154.61,540,7,2030.4,2.49,SIGNAL
RUN_20260808_020316,ChecklistStrategy,TATASTEEL,2024-09-24,2024-10-03,LONG,155.15,165.5,534,9,5526.9,6.67,SIGNAL
RUN_20260808_020316,ChecklistStrategy,TATASTEEL,2024-10-11,2024-10-15,LONG,159.3,159.5,541,4,108.2,0.13,SIGNAL
RUN_20260808_020316,ChecklistStrategy,TATASTEEL,2024-10-21,2024-10-23,LONG,156.1,150.3,556,2,-3224.8,-3.72,STOP_LOSS
RUN_20260808_020316,ChecklistStrategy,TATASTEEL,2024-11-06,2024-11-07,LONG,154.0,156.11,551,1,1162.61,1.37,SIGNAL
RUN_20260808_020316,ChecklistStrategy,TATASTEEL,2024-11-22,2024-11-28,LONG,140.15,144.0,605,6,2329.25,2.75,SIGNAL
RUN_20260808_020316,ChecklistStrategy,TATASTEEL,2024-12-16,2024-12-18,LONG,148.94,146.0,581,2,-1708.14,-1.97,SIGNAL
RUN_20260808_020316,ChecklistStrategy,TATASTEEL,2025-01-08,2025-01-09,LONG,133.93,132.0,639,1,-1233.27,-1.44,SIGNAL
RUN_20260808_020316,ChecklistStrategy,TATASTEEL,2025-01-29,2025-02-04,LONG,129.0,132.8,655,6,2489.0,2.95,SIGNAL
RUN_20260808_020316,ChecklistStrategy,TATASTEEL,2025-02-19,2025-03-11,LONG,134.5,148.1,639,20,8690.4,10.11,SIGNAL
RUN_20260808_020316,ChecklistStrategy,TATASTEEL,2025-04-29,2025-05-09,LONG,142.07,140.99,651,10,-703.08,-0.76,SIGNAL
RUN_20260808_020316,ChecklistStrategy,TATASTEEL,2025-06-05,2025-06-11,LONG,158.86,156.45,581,6,-1400.21,-1.52,SIGNAL
RUN_20260808_020316,ChecklistStrategy,TATASTEEL,2025-07-03,2025-07-04,LONG,166.0,165.91,548,1,-49.32,-0.05,SIGNAL
RUN_20260808_020316,ChecklistStrategy,TATASTEEL,2025-07-11,2025-07-17,LONG,160.64,157.5,565,6,-1774.1,-1.95,SIGNAL
RUN_20260808_020316,ChecklistStrategy,TATASTEEL,2025-07-30,2025-08-01,LONG,161.69,157.93,553,2,-2079.29,-2.33,STOP_LOSS
RUN_20260808_020316,ChecklistStrategy,TATASTEEL,2025-08-08,2025-08-11,LONG,159.5,157.95,550,3,-852.5,-0.97,SIGNAL
RUN_20260808_020316,ChecklistStrategy,TATASTEEL,2025-08-20,2025-08-22,LONG,158.2,161.25,547,2,1668.35,1.93,SIGNAL
RUN_20260808_020316,ChecklistStrategy,TATASTEEL,2025-08-26,2025-08-28,LONG,159.16,155.78,553,2,-1869.14,-2.12,STOP_LOSS
RUN_20260808_020316,ChecklistStrategy,TATASTEEL,2025-09-02,2025-09-09,LONG,156.17,169.3,556,7,7300.28,8.41,SIGNAL
RUN_20260808_020316,ChecklistStrategy,TATASTEEL,2025-09-30,2025-10-13,LONG,169.5,173.0,546,13,1911.0,2.06,SIGNAL
RUN_20260808_020316,ChecklistStrategy,TATASTEEL,2025-10-16,2025-10-24,LONG,173.0,174.6,541,8,865.6,0.92,SIGNAL
RUN_20260808_020316,ChecklistStrategy,TATASTEEL,2025-11-10,2025-11-14,LONG,182.03,177.52,520,4,-2345.2,-2.48,STOP_LOSS
RUN_20260808_020316,ChecklistStrategy,TATASTEEL,2025-11-26,2025-12-09,LONG,167.0,163.39,556,13,-2007.16,-2.16,STOP_LOSS
RUN_20260808_020316,ChecklistStrategy,TATASTEEL,2025-12-11,2025-12-23,LONG,163.5,169.35,561,12,3281.85,3.58,SIGNAL
RUN_20260808_020316,ChecklistStrategy,TATASTEEL,2026-01-13,2026-01-21,LONG,183.5,183.56,510,8,30.6,0.03,SIGNAL
RUN_20260808_020316,ChecklistStrategy,TATASTEEL,2026-01-22,2026-02-09,LONG,185.89,202.0,506,18,8151.66,8.67,SIGNAL
RUN_20260808_020316,ChecklistStrategy,TATASTEEL,2026-03-06,2026-03-10,LONG,199.5,194.01,496,4,-2723.04,-2.75,STOP_LOSS
RUN_20260808_020316,ChecklistStrategy,TATASTEEL,2026-05-06,2026-05-13,LONG,214.0,213.24,461,7,-350.36,-0.36,SIGNAL
RUN_20260808_020316,ChecklistStrategy,TATASTEEL,2026-05-19,2026-06-09,LONG,210.59,203.0,463,21,-3514.17,-3.6,STOP_LOSS
RUN_20260808_020316,ChecklistStrategy,TATASTEEL,2026-06-10,2026-06-12,LONG,203.0,200.0,464,2,-1392.0,-1.48,SIGNAL
RUN_20260808_020316,ChecklistStrategy,TCS,2024-02-23,2024-02-27,LONG,4130.0,3999.0,18,4,-2358.0,-3.17,STOP_LOSS
RUN_20260808_020316,ChecklistStrategy,TCS,2024-02-28,2024-03-04,LONG,4095.6,4105.0,17,5,159.8,0.23,SIGNAL
RUN_20260808_020316,ChecklistStrategy,TCS,2024-03-07,2024-03-20,LONG,4065.0,3986.0,18,13,-1422.0,-1.94,SIGNAL
RUN_20260808_020316,ChecklistStrategy,TCS,2024-04-01,2024-04-09,LONG,3897.7,3984.0,18,8,1553.4,2.21,SIGNAL
RUN_20260808_020316,ChecklistStrategy,TCS,2024-05-17,2024-05-21,LONG,3919.0,3830.6,18,4,-1591.2,-2.26,STOP_LOSS
RUN_20260808_020316,ChecklistStrategy,TCS,2024-06-05,2024-06-12,LONG,3716.0,3874.4,19,7,3009.6,4.26,SIGNAL
RUN_20260808_020316,ChecklistStrategy,TCS,2024-07-02,2024-07-04,LONG,3993.6,3999.85,18,2,112.5,0.16,SIGNAL
RUN_20260808_020316,ChecklistStrategy,TCS,2024-09-05,2024-09-06,LONG,4481.0,4473.95,16,1,-112.8,-0.16,SIGNAL
RUN_20260808_020316,ChecklistStrategy,TCS,2024-10-09,2024-10-14,LONG,4260.0,4140.0,17,5,-2040.0,-2.82,STOP_LOSS
RUN_20260808_020316,ChecklistStrategy,TCS,2024-10-24,2024-11-19,LONG,4004.0,4019.9,17,26,270.3,0.4,SIGNAL
RUN_20260808_020316,ChecklistStrategy,TCS,2024-12-03,2024-12-04,LONG,4314.35,4313.55,17,1,-13.6,-0.02,SIGNAL
RUN_20260808_020316,ChecklistStrategy,TCS,2024-12-26,2025-01-01,LONG,4179.5,4094.4,17,6,-1446.7,-2.04,STOP_LOSS
RUN_20260808_020316,ChecklistStrategy,TCS,2025-01-09,2025-01-10,LONG,4101.0,4200.0,17,1,1683.0,2.41,SIGNAL
RUN_20260808_020316,ChecklistStrategy,TCS,2025-02-17,2025-02-19,LONG,3856.5,3872.2,18,2,282.6,0.41,SIGNAL
RUN_20260808_020316,ChecklistStrategy,TCS,2025-03-28,2025-04-02,LONG,3651.0,3544.0,20,5,-2140.0,-2.93,STOP_LOSS
RUN_20260808_020316,ChecklistStrategy,TCS,2025-04-11,2025-05-14,LONG,3289.55,3521.0,22,33,5091.9,7.04,SIGNAL
RUN_20260808_020316,ChecklistStrategy,TCS,2025-05-15,2025-05-19,LONG,3564.0,3550.0,21,4,-294.0,-0.39,SIGNAL
RUN_20260808_020316,ChecklistStrategy,TCS,2025-05-22,2025-06-04,LONG,3495.0,3389.0,21,13,-2226.0,-3.03,STOP_LOSS
RUN_20260808_020316,ChecklistStrategy,TCS,2025-06-09,2025-06-13,LONG,3400.0,3393.2,21,4,-142.8,-0.2,SIGNAL
RUN_20260808_020316,ChecklistStrategy,TCS,2025-06-18,2025-06-19,LONG,3519.1,3450.0,20,1,-1382.0,-1.96,SIGNAL
RUN_20260808_020316,ChecklistStrategy,TCS,2025-07-01,2025-07-03,LONG,3455.0,3430.0,20,2,-500.0,-0.72,SIGNAL
RUN_20260808_020316,ChecklistStrategy,TCS,2025-09-10,2025-09-26,LONG,3056.4,2941.0,23,16,-2654.2,-3.78,STOP_LOSS
RUN_20260808_020316,ChecklistStrategy,TCS,2025-10-17,2025-11-10,LONG,2970.0,2993.0,23,24,529.0,0.77,SIGNAL
RUN_20260808_020316,ChecklistStrategy,TCS,2025-11-24,2025-11-25,LONG,3158.0,3145.3,22,1,-279.4,-0.4,SIGNAL
RUN_20260808_020316,ChecklistStrategy,TCS,2025-12-12,2025-12-24,LONG,3197.7,3304.1,21,12,2234.4,3.33,SIGNAL
RUN_20260808_020316,ChecklistStrategy,TCS,2026-01-02,2026-01-20,LONG,3234.0,3151.6,22,18,-1812.8,-2.55,STOP_LOSS
RUN_20260808_020316,ChecklistStrategy,TCS,2026-02-26,2026-03-05,LONG,2650.0,2600.0,26,7,-1300.0,-1.89,SIGNAL
RUN_20260808_020316,ChecklistStrategy,TCS,2026-03-23,2026-04-02,LONG,2365.0,2386.0,28,10,588.0,0.89,SIGNAL
RUN_20260808_020316,ChecklistStrategy,TCS,2026-04-06,2026-04-24,LONG,2474.0,2488.0,28,18,392.0,0.57,SIGNAL
RUN_20260808_020316,ChecklistStrategy,TCS,2026-04-28,2026-05-11,LONG,2444.0,2371.0,28,13,-2044.0,-2.99,STOP_LOSS
RUN_20260808_020316,ChecklistStrategy,TCS,2026-05-15,2026-06-02,LONG,2252.0,2320.0,30,18,2040.0,3.02,SIGNAL
RUN_20260808_020316,ChecklistStrategy,TCS,2026-06-11,2026-06-19,LONG,2127.0,2105.0,32,8,-704.0,-1.03,SIGNAL
RUN_20260808_020316,ChecklistStrategy,TCS,2026-06-22,2026-06-24,LONG,2132.2,2061.0,32,2,-2278.4,-3.34,STOP_LOSS
RUN_20260808_020316,ChecklistStrategy,TCS,2026-06-25,2026-07-01,LONG,2133.6,2039.9,31,6,-2904.7,-4.39,STOP_LOSS
RUN_20260808_020316,ChecklistStrategy,TCS,2026-07-08,2026-07-09,LONG,2094.0,2057.5,31,1,-1131.5,-1.74,SIGNAL
RUN_20260808_020316,ChecklistStrategy,TCS,2026-07-24,2026-07-31,LONG,2205.1,2385.0,28,7,5037.2,8.16,SIGNAL
RUN_20260808_020316,ChecklistStrategy,TCS,2026-08-04,2026-08-05,LONG,2463.1,2460.0,27,1,-83.7,-0.13,SIGNAL
RUN_20260808_020316,ChecklistStrategy,TECHM,2024-02-07,2024-02-08,LONG,1351.5,1326.0,55,1,-1402.5,-1.89,SIGNAL
RUN_20260808_020316,ChecklistStrategy,TECHM,2024-02-14,2024-02-29,LONG,1310.0,1280.0,55,15,-1650.0,-2.29,STOP_LOSS
RUN_20260808_020316,ChecklistStrategy,TECHM,2024-03-05,2024-03-18,LONG,1274.9,1282.0,56,13,397.6,0.56,SIGNAL
RUN_20260808_020316,ChecklistStrategy,TECHM,2024-04-26,2024-04-29,LONG,1250.0,1290.0,61,3,2440.0,3.2,SIGNAL
RUN_20260808_020316,ChecklistStrategy,TECHM,2024-05-07,2024-05-27,LONG,1268.0,1323.0,59,20,3245.0,4.34,SIGNAL
RUN_20260808_020316,ChecklistStrategy,TECHM,2024-06-05,2024-06-11,LONG,1260.0,1348.9,62,6,5511.8,7.06,SIGNAL
RUN_20260808_020316,ChecklistStrategy,TECHM,2024-06-12,2024-06-18,LONG,1364.8,1380.45,60,6,938.99,1.15,SIGNAL
RUN_20260808_020316,ChecklistStrategy,TECHM,2024-07-02,2024-07-03,LONG,1480.0,1479.95,55,1,-2.75,-0.0,SIGNAL
RUN_20260808_020316,ChecklistStrategy,TECHM,2024-09-11,2024-09-17,LONG,1612.0,1649.0,50,6,1850.0,2.3,SIGNAL
RUN_20260808_020316,ChecklistStrategy,TECHM,2024-09-25,2024-09-26,LONG,1637.1,1610.0,50,1,-1355.0,-1.66,SIGNAL
RUN_20260808_020316,ChecklistStrategy,TECHM,2024-10-07,2024-10-11,LONG,1624.95,1603.0,50,4,-1097.5,-1.35,SIGNAL
RUN_20260808_020316,ChecklistStrategy,TECHM,2024-10-24,2024-10-30,LONG,1735.05,1704.1,46,6,-1423.7,-1.78,SIGNAL
RUN_20260808_020316,ChecklistStrategy,TECHM,2024-11-11,2024-11-29,LONG,1672.8,1708.0,47,18,1654.4,2.1,SIGNAL
RUN_20260808_020316,ChecklistStrategy,TECHM,2024-12-19,2024-12-23,LONG,1739.95,1690.9,45,4,-2207.25,-2.82,STOP_LOSS
RUN_20260808_020316,ChecklistStrategy,TECHM,2024-12-24,2025-01-08,LONG,1717.6,1667.95,46,15,-2283.9,-2.89,STOP_LOSS
RUN_20260808_020316,ChecklistStrategy,TECHM,2025-01-09,2025-01-14,LONG,1663.7,1669.9,46,5,285.2,0.37,SIGNAL
RUN_20260808_020316,ChecklistStrategy,TECHM,2025-01-21,2025-01-22,LONG,1674.6,1642.7,46,1,-1467.4,-1.9,SIGNAL
RUN_20260808_020316,ChecklistStrategy,TECHM,2025-02-13,2025-02-17,LONG,1675.0,1655.9,45,4,-859.5,-1.14,SIGNAL
RUN_20260808_020316,ChecklistStrategy,TECHM,2025-03-05,2025-03-13,LONG,1488.25,1442.0,51,8,-2358.75,-3.11,STOP_LOSS
RUN_20260808_020316,ChecklistStrategy,TECHM,2025-03-21,2025-04-07,LONG,1390.05,1245.0,52,17,-7542.6,-10.43,STOP_LOSS
RUN_20260808_020316,ChecklistStrategy,TECHM,2025-04-15,2025-04-28,LONG,1314.2,1469.3,53,13,8220.31,11.8,SIGNAL
RUN_20260808_020316,ChecklistStrategy,TECHM,2025-05-22,2025-06-03,LONG,1589.7,1555.9,46,12,-1554.8,-2.13,STOP_LOSS
RUN_20260808_020316,ChecklistStrategy,TECHM,2025-07-03,2025-07-08,LONG,1684.9,1623.0,43,5,-2661.7,-3.67,STOP_LOSS
RUN_20260808_020316,ChecklistStrategy,TECHM,2025-07-24,2025-07-25,LONG,1554.0,1490.1,46,1,-2939.4,-4.11,STOP_LOSS
RUN_20260808_020316,ChecklistStrategy,TECHM,2025-07-30,2025-08-11,LONG,1451.3,1480.4,47,12,1367.7,2.01,SIGNAL
RUN_20260808_020316,ChecklistStrategy,TECHM,2025-08-20,2025-09-12,LONG,1488.0,1529.0,47,23,1927.0,2.76,SIGNAL
RUN_20260808_020316,ChecklistStrategy,TECHM,2025-09-22,2025-09-24,LONG,1499.0,1470.0,46,2,-1334.0,-1.93,SIGNAL
RUN_20260808_020316,ChecklistStrategy,TECHM,2025-10-17,2025-10-21,LONG,1465.0,1450.0,48,4,-720.0,-1.02,SIGNAL
RUN_20260808_020316,ChecklistStrategy,TECHM,2025-10-28,2025-10-29,LONG,1469.0,1453.0,48,1,-768.0,-1.09,SIGNAL
RUN_20260808_020316,ChecklistStrategy,TECHM,2025-11-11,2025-11-17,LONG,1405.0,1440.0,49,6,1715.0,2.49,SIGNAL
RUN_20260808_020316,ChecklistStrategy,TECHM,2025-11-20,2025-12-24,LONG,1445.3,1630.0,49,34,9050.3,12.78,SIGNAL
RUN_20260808_020316,ChecklistStrategy,TECHM,2026-01-08,2026-01-09,LONG,1625.0,1583.0,47,1,-1974.0,-2.58,STOP_LOSS
RUN_20260808_020316,ChecklistStrategy,TECHM,2026-01-13,2026-01-15,LONG,1582.0,1588.5,48,2,312.0,0.41,SIGNAL
RUN_20260808_020316,ChecklistStrategy,TECHM,2026-01-22,2026-01-23,LONG,1695.0,1699.0,45,1,180.0,0.24,SIGNAL
RUN_20260808_020316,ChecklistStrategy,TECHM,2026-02-05,2026-02-13,LONG,1630.1,1482.6,46,8,-6785.0,-9.05,STOP_LOSS
RUN_20260808_020316,ChecklistStrategy,TECHM,2026-02-18,2026-02-20,LONG,1524.6,1465.0,46,2,-2741.6,-3.91,STOP_LOSS
RUN_20260808_020316,ChecklistStrategy,TECHM,2026-03-13,2026-03-30,LONG,1342.5,1380.0,51,17,1912.5,2.79,SIGNAL
RUN_20260808_020316,ChecklistStrategy,TECHM,2026-04-06,2026-04-21,LONG,1435.0,1501.0,49,15,3234.0,4.6,SIGNAL
RUN_20260808_020316,ChecklistStrategy,TECHM,2026-04-28,2026-05-15,LONG,1392.5,1350.0,52,17,-2210.0,-3.05,STOP_LOSS
RUN_20260808_020316,ChecklistStrategy,TECHM,2026-05-25,2026-06-15,LONG,1429.4,1441.2,50,21,590.0,0.83,SIGNAL
RUN_20260808_020316,ChecklistStrategy,TECHM,2026-07-08,2026-07-09,LONG,1441.0,1426.0,49,1,-735.0,-1.04,SIGNAL
RUN_20260808_020316,ChecklistStrategy,TITAN,2024-01-25,2024-01-31,LONG,3770.4,3749.0,19,6,-406.6,-0.57,SIGNAL
RUN_20260808_020316,ChecklistStrategy,TITAN,2024-02-28,2024-02-29,LONG,3655.0,3595.2,20,1,-1196.0,-1.64,SIGNAL
RUN_20260808_020316,ChecklistStrategy,TITAN,2024-03-01,2024-03-05,LONG,3630.0,3748.0,20,4,2360.0,3.25,SIGNAL
RUN_20260808_020316,ChecklistStrategy,TITAN,2024-03-13,2024-03-14,LONG,3759.0,3629.95,20,1,-2581.0,-3.43,STOP_LOSS
RUN_20260808_020316,ChecklistStrategy,TITAN,2024-03-15,2024-03-18,LONG,3634.7,3619.0,20,3,-314.0,-0.43,SIGNAL
RUN_20260808_020316,ChecklistStrategy,TITAN,2024-03-21,2024-04-02,LONG,3606.95,3754.0,20,12,2941.0,4.08,SIGNAL
RUN_20260808_020316,ChecklistStrategy,TITAN,2024-04-03,2024-04-15,LONG,3745.1,3607.0,20,12,-2762.0,-3.69,STOP_LOSS
RUN_20260808_020316,ChecklistStrategy,TITAN,2024-04-18,2024-04-19,LONG,3645.9,3525.1,20,1,-2416.0,-3.31,STOP_LOSS
RUN_20260808_020316,ChecklistStrategy,TITAN,2024-04-22,2024-04-25,LONG,3567.0,3595.0,20,3,560.0,0.78,SIGNAL
RUN_20260808_020316,ChecklistStrategy,TITAN,2024-05-24,2024-05-30,LONG,3452.1,3365.0,20,6,-1742.0,-2.52,STOP_LOSS
RUN_20260808_020316,ChecklistStrategy,TITAN,2024-06-05,2024-06-11,LONG,3266.0,3418.2,21,6,3196.2,4.66,SIGNAL
RUN_20260808_020316,ChecklistStrategy,TITAN,2024-07-31,2024-08-06,LONG,3479.05,3380.95,21,6,-2060.1,-2.82,STOP_LOSS
RUN_20260808_020316,ChecklistStrategy,TITAN,2024-08-12,2024-08-21,LONG,3331.65,3474.9,21,9,3008.25,4.3,SIGNAL
RUN_20260808_020316,ChecklistStrategy,TITAN,2024-08-22,2024-08-26,LONG,3574.95,3592.0,20,4,341.0,0.48,SIGNAL
RUN_20260808_020316,ChecklistStrategy,TITAN,2024-09-27,2024-10-03,LONG,3774.0,3689.1,19,6,-1613.1,-2.25,STOP_LOSS
RUN_20260808_020316,ChecklistStrategy,TITAN,2024-10-14,2024-10-18,LONG,3474.4,3395.0,20,4,-1588.0,-2.29,STOP_LOSS
RUN_20260808_020316,ChecklistStrategy,TITAN,2024-10-29,2024-11-01,LONG,3285.8,3304.0,21,3,382.2,0.55,SIGNAL
RUN_20260808_020316,ChecklistStrategy,TITAN,2024-11-25,2024-11-28,LONG,3360.0,3292.0,21,3,-1428.0,-2.02,STOP_LOSS
RUN_20260808_020316,ChecklistStrategy,TITAN,2024-12-02,2024-12-17,LONG,3249.0,3422.05,21,15,3634.05,5.33,SIGNAL
RUN_20260808_020316,ChecklistStrategy,TITAN,2024-12-24,2024-12-30,LONG,3385.35,3309.95,21,6,-1583.4,-2.23,STOP_LOSS
RUN_20260808_020316,ChecklistStrategy,TITAN,2025-02-10,2025-02-11,LONG,3415.0,3334.7,20,1,-1606.0,-2.35,STOP_LOSS
RUN_20260808_020316,ChecklistStrategy,TITAN,2025-03-06,2025-03-10,LONG,3091.2,3080.0,22,4,-246.4,-0.36,SIGNAL
RUN_20260808_020316,ChecklistStrategy,TITAN,2025-03-28,2025-04-02,LONG,3094.0,3011.0,22,5,-1826.0,-2.68,STOP_LOSS
RUN_20260808_020316,ChecklistStrategy,TITAN,2025-05-07,2025-05-20,LONG,3280.0,3617.7,20,13,6754.0,10.3,SIGNAL
RUN_20260808_020316,ChecklistStrategy,TITAN,2025-06-12,2025-06-13,LONG,3548.0,3409.7,20,1,-2766.0,-3.9,STOP_LOSS
RUN_20260808_020316,ChecklistStrategy,TITAN,2025-07-15,2025-07-24,LONG,3418.0,3467.4,21,9,1037.4,1.45,SIGNAL
RUN_20260808_020316,ChecklistStrategy,TITAN,2025-07-25,2025-07-29,LONG,3476.4,3390.0,20,4,-1728.0,-2.49,STOP_LOSS
RUN_20260808_020316,ChecklistStrategy,TITAN,2025-08-05,2025-08-12,LONG,3356.3,3467.9,21,7,2343.6,3.33,SIGNAL
RUN_20260808_020316,ChecklistStrategy,TITAN,2025-09-17,2025-09-18,LONG,3561.9,3530.0,20,1,-638.0,-0.9,SIGNAL
RUN_20260808_020316,ChecklistStrategy,TITAN,2025-09-30,2025-10-01,LONG,3452.0,3370.0,21,1,-1722.0,-2.38,STOP_LOSS
RUN_20260808_020316,ChecklistStrategy,TITAN,2025-11-06,2025-11-07,LONG,3780.0,3766.0,18,1,-252.0,-0.37,SIGNAL
RUN_20260808_020316,ChecklistStrategy,TITAN,2025-12-08,2025-12-22,LONG,3796.3,3940.0,18,14,2586.6,3.79,SIGNAL
RUN_20260808_020316,ChecklistStrategy,TITAN,2025-12-29,2026-01-05,LONG,4010.0,4051.7,18,7,750.6,1.04,SIGNAL
RUN_20260808_020316,ChecklistStrategy,TITAN,2026-01-22,2026-01-23,LONG,4099.0,4025.1,18,1,-1330.2,-1.8,SIGNAL
RUN_20260808_020316,ChecklistStrategy,TITAN,2026-01-30,2026-03-09,LONG,3945.0,4160.0,18,38,3870.0,5.45,SIGNAL
RUN_20260808_020316,ChecklistStrategy,TITAN,2026-04-13,2026-04-17,LONG,4391.1,4461.4,16,4,1124.8,1.6,SIGNAL
RUN_20260808_020316,ChecklistStrategy,TITAN,2026-04-28,2026-05-08,LONG,4412.3,4314.0,17,10,-1671.1,-2.23,STOP_LOSS
RUN_20260808_020316,ChecklistStrategy,TITAN,2026-05-15,2026-06-02,LONG,4155.0,4017.4,18,18,-2476.8,-3.31,STOP_LOSS
RUN_20260808_020316,ChecklistStrategy,TRENT,2024-02-23,2024-02-27,LONG,3950.0,3864.8,18,4,-1533.6,-2.16,STOP_LOSS
RUN_20260808_020316,ChecklistStrategy,TRENT,2024-03-07,2024-03-19,LONG,3890.0,4080.0,19,12,3610.0,4.88,SIGNAL
RUN_20260808_020316,ChecklistStrategy,TRENT,2024-03-22,2024-03-27,LONG,4010.0,3882.5,19,5,-2422.5,-3.18,STOP_LOSS
RUN_20260808_020316,ChecklistStrategy,TRENT,2024-04-01,2024-04-02,LONG,3974.95,3900.0,18,1,-1349.1,-1.89,SIGNAL
RUN_20260808_020316,ChecklistStrategy,TRENT,2024-04-04,2024-04-08,LONG,3950.0,3932.6,18,4,-313.2,-0.44,SIGNAL
RUN_20260808_020316,ChecklistStrategy,TRENT,2024-05-03,2024-05-06,LONG,4680.2,4555.0,15,3,-1878.0,-2.68,STOP_LOSS
RUN_20260808_020316,ChecklistStrategy,TRENT,2024-05-13,2024-05-23,LONG,4475.7,4653.0,16,10,2836.8,3.96,SIGNAL
RUN_20260808_020316,ChecklistStrategy,TRENT,2024-06-05,2024-07-04,LONG,4684.0,5548.0,16,29,13824.0,18.45,SIGNAL
RUN_20260808_020316,ChecklistStrategy,TRENT,2024-07-24,2024-07-25,LONG,5285.0,5274.9,16,1,-161.6,-0.19,SIGNAL
RUN_20260808_020316,ChecklistStrategy,TRENT,2024-10-03,2024-10-07,LONG,7569.5,7307.2,11,4,-2885.3,-3.47,STOP_LOSS
RUN_20260808_020316,ChecklistStrategy,TRENT,2024-10-08,2024-10-22,LONG,7520.0,7634.95,11,14,1264.45,1.53,SIGNAL
RUN_20260808_020316,ChecklistStrategy,TRENT,2024-10-28,2024-10-31,LONG,7362.25,7259.0,11,3,-1135.75,-1.4,SIGNAL
RUN_20260808_020316,ChecklistStrategy,TRENT,2024-12-02,2024-12-03,LONG,6777.05,6805.3,12,1,339.0,0.42,SIGNAL
RUN_20260808_020316,ChecklistStrategy,TRENT,2024-12-19,2024-12-23,LONG,6995.0,6870.0,11,4,-1375.0,-1.79,SIGNAL
RUN_20260808_020316,ChecklistStrategy,TRENT,2024-12-24,2024-12-30,LONG,6976.0,7139.3,11,6,1796.3,2.34,SIGNAL
RUN_20260808_020316,ChecklistStrategy,TRENT,2025-01-13,2025-01-14,LONG,6462.65,6237.4,12,1,-2703.0,-3.49,STOP_LOSS
RUN_20260808_020316,ChecklistStrategy,TRENT,2025-02-10,2025-02-11,LONG,5460.0,5211.55,14,1,-3478.3,-4.55,STOP_LOSS
RUN_20260808_020316,ChecklistStrategy,TRENT,2025-02-12,2025-02-17,LONG,5228.35,5110.0,14,5,-1656.9,-2.26,STOP_LOSS
RUN_20260808_020316,ChecklistStrategy,TRENT,2025-03-12,2025-04-01,LONG,5010.6,5350.85,15,20,5103.75,6.79,SIGNAL
RUN_20260808_020316,ChecklistStrategy,TRENT,2025-05-15,2025-05-26,LONG,5362.0,5455.0,14,11,1302.0,1.73,SIGNAL
RUN_20260808_020316,ChecklistStrategy,TRENT,2025-07-11,2025-07-25,LONG,5419.0,5154.0,14,14,-3710.0,-4.89,STOP_LOSS
RUN_20260808_020316,ChecklistStrategy,TRENT,2025-07-30,2025-08-05,LONG,5011.5,5245.0,15,6,3502.5,4.66,SIGNAL
RUN_20260808_020316,ChecklistStrategy,TRENT,2025-08-06,2025-08-13,LONG,5350.0,5365.5,15,7,232.5,0.29,SIGNAL
RUN_20260808_020316,ChecklistStrategy,TRENT,2025-08-14,2025-08-19,LONG,5424.0,5550.0,15,5,1890.0,2.32,SIGNAL
RUN_20260808_020316,ChecklistStrategy,TRENT,2025-09-16,2025-09-18,LONG,5154.0,5215.0,16,2,976.0,1.18,SIGNAL
RUN_20260808_020316,ChecklistStrategy,TRENT,2025-09-30,2025-10-07,LONG,4744.5,4695.0,17,7,-841.5,-1.04,SIGNAL
RUN_20260808_020316,ChecklistStrategy,TRENT,2025-10-10,2025-10-24,LONG,4670.0,4796.0,17,14,2142.0,2.7,SIGNAL
RUN_20260808_020316,ChecklistStrategy,TRENT,2025-11-12,2025-12-02,LONG,4330.0,4218.1,19,20,-2126.1,-2.58,STOP_LOSS
RUN_20260808_020316,ChecklistStrategy,TRENT,2025-12-12,2026-01-02,LONG,4077.9,2866.67,20,21,-24224.66,-29.7,STOP_LOSS
RUN_20260808_020316,ChecklistStrategy,TRENT,2026-01-08,2026-01-09,LONG,2719.2,2653.33,23,1,-1514.93,-2.42,STOP_LOSS
RUN_20260808_020316,ChecklistStrategy,TRENT,2026-01-20,2026-01-21,LONG,2642.0,2557.33,23,1,-1947.34,-3.2,STOP_LOSS
RUN_20260808_020316,ChecklistStrategy,TRENT,2026-01-23,2026-01-27,LONG,2560.0,2517.73,24,4,-1014.4,-1.65,SIGNAL
RUN_20260808_020316,ChecklistStrategy,TRENT,2026-01-28,2026-02-03,LONG,2538.67,2600.0,24,6,1472.0,2.42,SIGNAL
RUN_20260808_020316,ChecklistStrategy,TRENT,2026-02-19,2026-02-20,LONG,2787.33,2709.87,22,1,-1704.26,-2.78,STOP_LOSS
RUN_20260808_020316,ChecklistStrategy,TRENT,2026-03-02,2026-03-12,LONG,2503.67,2402.0,23,10,-2338.34,-4.06,STOP_LOSS
RUN_20260808_020316,ChecklistStrategy,TRENT,2026-03-17,2026-03-19,LONG,2395.33,2400.0,24,2,112.0,0.19,SIGNAL
RUN_20260808_020316,ChecklistStrategy,TRENT,2026-03-23,2026-03-24,LONG,2334.8,2300.07,24,1,-833.6,-1.49,SIGNAL
RUN_20260808_020316,ChecklistStrategy,TRENT,2026-04-27,2026-04-30,LONG,2890.67,2810.07,20,3,-1612.0,-2.79,STOP_LOSS
RUN_20260808_020316,ChecklistStrategy,TRENT,2026-05-06,2026-05-13,LONG,2771.93,2692.33,20,7,-1592.0,-2.87,STOP_LOSS
RUN_20260808_020316,ChecklistStrategy,TRENT,2026-05-28,2026-06-02,LONG,2832.4,2703.6,19,5,-2447.2,-4.55,STOP_LOSS
RUN_20260808_020316,ChecklistStrategy,ULTRACEMCO,2024-02-05,2024-02-09,LONG,10050.0,10074.8,7,4,173.6,0.25,SIGNAL
RUN_20260808_020316,ChecklistStrategy,ULTRACEMCO,2024-02-15,2024-02-22,LONG,9835.9,10000.0,7,7,1148.7,1.67,SIGNAL
RUN_20260808_020316,ChecklistStrategy,ULTRACEMCO,2024-02-26,2024-02-28,LONG,9999.05,9960.0,7,2,-273.35,-0.39,SIGNAL
RUN_20260808_020316,ChecklistStrategy,ULTRACEMCO,2024-03-11,2024-03-12,LONG,9694.05,9728.95,7,1,244.3,0.36,SIGNAL
RUN_20260808_020316,ChecklistStrategy,ULTRACEMCO,2024-03-14,2024-03-18,LONG,9455.0,9625.0,7,4,1190.0,1.8,SIGNAL
RUN_20260808_020316,ChecklistStrategy,ULTRACEMCO,2024-04-09,2024-04-10,LONG,9900.0,9810.0,7,1,-630.0,-0.91,SIGNAL
RUN_20260808_020316,ChecklistStrategy,ULTRACEMCO,2024-04-12,2024-04-16,LONG,9789.95,9448.9,7,4,-2387.35,-3.48,STOP_LOSS
RUN_20260808_020316,ChecklistStrategy,ULTRACEMCO,2024-05-13,2024-05-14,LONG,9515.95,9535.05,7,1,133.7,0.2,SIGNAL
RUN_20260808_020316,ChecklistStrategy,ULTRACEMCO,2024-06-06,2024-06-14,LONG,9995.0,11170.0,7,8,8225.0,11.76,SIGNAL
RUN_20260808_020316,ChecklistStrategy,ULTRACEMCO,2024-06-25,2024-06-26,LONG,10801.95,10907.7,7,1,740.25,0.98,SIGNAL
RUN_20260808_020316,ChecklistStrategy,ULTRACEMCO,2024-07-23,2024-07-31,LONG,11649.95,11818.95,7,8,1183.0,1.45,SIGNAL
RUN_20260808_020316,ChecklistStrategy,ULTRACEMCO,2024-08-30,2024-09-06,LONG,11225.05,11500.0,7,7,1924.65,2.45,SIGNAL
RUN_20260808_020316,ChecklistStrategy,ULTRACEMCO,2024-09-26,2024-09-30,LONG,11835.0,11924.0,7,4,623.0,0.75,SIGNAL
RUN_20260808_020316,ChecklistStrategy,ULTRACEMCO,2024-10-03,2024-10-04,LONG,11627.1,11700.0,7,1,510.3,0.63,SIGNAL
RUN_20260808_020316,ChecklistStrategy,ULTRACEMCO,2024-10-09,2024-10-11,LONG,11404.05,11390.75,7,2,-93.1,-0.12,SIGNAL
RUN_20260808_020316,ChecklistStrategy,ULTRACEMCO,2024-10-21,2024-10-23,LONG,11050.0,10821.95,7,2,-1596.35,-2.06,STOP_LOSS
RUN_20260808_020316,ChecklistStrategy,ULTRACEMCO,2024-10-25,2024-10-30,LONG,11063.7,11115.0,7,5,359.1,0.46,SIGNAL
RUN_20260808_020316,ChecklistStrategy,ULTRACEMCO,2024-11-06,2024-11-12,LONG,11225.0,10970.5,7,6,-1781.5,-2.27,STOP_LOSS
RUN_20260808_020316,ChecklistStrategy,ULTRACEMCO,2024-12-02,2024-12-10,LONG,11206.7,11745.0,7,8,3768.1,4.8,SIGNAL
RUN_20260808_020316,ChecklistStrategy,ULTRACEMCO,2024-12-16,2024-12-17,LONG,12050.0,11930.65,6,1,-716.1,-0.99,SIGNAL
RUN_20260808_020316,ChecklistStrategy,ULTRACEMCO,2025-01-08,2025-01-09,LONG,11618.55,11403.55,7,1,-1505.0,-1.85,SIGNAL
RUN_20260808_020316,ChecklistStrategy,ULTRACEMCO,2025-01-24,2025-01-27,LONG,11251.0,11260.0,7,3,63.0,0.08,SIGNAL
RUN_20260808_020316,ChecklistStrategy,ULTRACEMCO,2025-01-29,2025-01-31,LONG,11296.35,11488.65,7,2,1346.11,1.7,SIGNAL
RUN_20260808_020316,ChecklistStrategy,ULTRACEMCO,2025-03-20,2025-03-25,LONG,10931.15,11240.0,7,5,2161.95,2.83,SIGNAL
RUN_20260808_020316,ChecklistStrategy,ULTRACEMCO,2025-04-04,2025-04-07,LONG,11599.0,11200.0,7,3,-2793.0,-3.44,STOP_LOSS
RUN_20260808_020316,ChecklistStrategy,ULTRACEMCO,2025-05-07,2025-05-12,LONG,11651.0,11590.0,7,5,-427.0,-0.52,SIGNAL
RUN_20260808_020316,ChecklistStrategy,ULTRACEMCO,2025-05-16,2025-05-21,LONG,11950.0,11697.0,6,5,-1518.0,-2.12,STOP_LOSS
RUN_20260808_020316,ChecklistStrategy,ULTRACEMCO,2025-05-30,2025-06-04,LONG,11265.0,11040.0,7,5,-1575.0,-2.0,SIGNAL
RUN_20260808_020316,ChecklistStrategy,ULTRACEMCO,2025-06-05,2025-06-13,LONG,11038.0,11111.0,7,8,511.0,0.66,SIGNAL
RUN_20260808_020316,ChecklistStrategy,ULTRACEMCO,2025-06-19,2025-06-25,LONG,11400.0,11635.0,7,6,1645.0,2.06,SIGNAL
RUN_20260808_020316,ChecklistStrategy,ULTRACEMCO,2025-09-01,2025-09-05,LONG,12639.0,12680.0,6,4,246.0,0.32,SIGNAL
RUN_20260808_020316,ChecklistStrategy,ULTRACEMCO,2025-09-09,2025-09-10,LONG,12699.0,12625.0,6,1,-444.0,-0.58,SIGNAL
RUN_20260808_020316,ChecklistStrategy,ULTRACEMCO,2025-10-01,2025-10-06,LONG,12274.0,12019.0,6,5,-1530.0,-2.08,STOP_LOSS
RUN_20260808_020316,ChecklistStrategy,ULTRACEMCO,2025-10-07,2025-10-21,LONG,12059.0,12371.0,6,14,1872.0,2.59,SIGNAL
RUN_20260808_020316,ChecklistStrategy,ULTRACEMCO,2025-10-28,2025-11-03,LONG,12025.0,11927.0,6,6,-588.0,-0.81,SIGNAL
RUN_20260808_020316,ChecklistStrategy,ULTRACEMCO,2025-11-12,2025-11-14,LONG,11861.0,11941.0,6,2,480.0,0.67,SIGNAL
RUN_20260808_020316,ChecklistStrategy,ULTRACEMCO,2026-01-13,2026-01-14,LONG,12050.0,12074.0,6,1,144.0,0.2,SIGNAL
RUN_20260808_020316,ChecklistStrategy,ULTRACEMCO,2026-01-19,2026-01-20,LONG,12350.0,12225.0,6,1,-750.0,-1.01,SIGNAL
RUN_20260808_020316,ChecklistStrategy,ULTRACEMCO,2026-01-22,2026-01-28,LONG,12293.0,12640.0,6,6,2082.0,2.82,SIGNAL
RUN_20260808_020316,ChecklistStrategy,ULTRACEMCO,2026-03-06,2026-03-10,LONG,12160.0,11606.0,6,4,-3324.0,-4.56,STOP_LOSS
RUN_20260808_020316,ChecklistStrategy,ULTRACEMCO,2026-03-11,2026-03-13,LONG,11650.0,11000.0,6,2,-3900.0,-5.58,STOP_LOSS
RUN_20260808_020316,ChecklistStrategy,ULTRACEMCO,2026-03-23,2026-03-24,LONG,10877.0,10650.0,7,1,-1589.0,-2.09,STOP_LOSS
RUN_20260808_020316,ChecklistStrategy,ULTRACEMCO,2026-03-25,2026-03-30,LONG,10801.0,10985.0,7,5,1288.0,1.7,SIGNAL
RUN_20260808_020316,ChecklistStrategy,ULTRACEMCO,2026-04-06,2026-04-08,LONG,10611.0,11400.0,7,2,5523.0,7.44,SIGNAL
RUN_20260808_020316,ChecklistStrategy,ULTRACEMCO,2026-04-20,2026-04-24,LONG,11970.0,12203.0,6,4,1398.0,1.95,SIGNAL
RUN_20260808_020316,ChecklistStrategy,ULTRACEMCO,2026-05-28,2026-06-02,LONG,11689.0,11142.0,7,5,-3829.0,-4.68,STOP_LOSS
RUN_20260808_020316,ChecklistStrategy,ULTRACEMCO,2026-06-19,2026-07-07,LONG,11311.0,11655.0,6,18,2064.0,3.04,SIGNAL
RUN_20260808_020316,ChecklistStrategy,ULTRACEMCO,2026-07-10,2026-07-22,LONG,11584.0,12081.0,7,12,3479.0,4.29,SIGNAL
RUN_20260808_020316,ChecklistStrategy,WIPRO,2024-01-25,2024-01-29,LONG,239.02,235.0,313,4,-1259.82,-1.68,SIGNAL
RUN_20260808_020316,ChecklistStrategy,WIPRO,2024-01-30,2024-01-31,LONG,237.2,236.25,312,1,-296.4,-0.4,SIGNAL
RUN_20260808_020316,ChecklistStrategy,WIPRO,2024-02-01,2024-03-18,LONG,238.77,259.0,308,46,6229.3,8.47,SIGNAL
RUN_20260808_020316,ChecklistStrategy,WIPRO,2024-03-26,2024-03-28,LONG,243.0,238.35,321,2,-1492.65,-1.91,SIGNAL
RUN_20260808_020316,ChecklistStrategy,WIPRO,2024-04-04,2024-04-10,LONG,242.9,238.75,319,6,-1323.85,-1.71,SIGNAL
RUN_20260808_020316,ChecklistStrategy,WIPRO,2024-04-22,2024-04-29,LONG,226.38,233.82,336,7,2503.2,3.29,SIGNAL
RUN_20260808_020316,ChecklistStrategy,WIPRO,2024-05-29,2024-05-31,LONG,227.0,218.77,342,2,-2812.95,-3.63,STOP_LOSS
RUN_20260808_020316,ChecklistStrategy,WIPRO,2024-06-03,2024-06-05,LONG,225.1,219.85,346,2,-1816.5,-2.33,STOP_LOSS
RUN_20260808_020316,ChecklistStrategy,WIPRO,2024-06-28,2024-07-01,LONG,256.0,258.95,291,3,858.45,1.15,SIGNAL
RUN_20260808_020316,ChecklistStrategy,WIPRO,2024-07-19,2024-07-22,LONG,289.95,260.5,262,3,-7715.9,-10.16,STOP_LOSS
RUN_20260808_020316,ChecklistStrategy,WIPRO,2024-07-26,2024-08-02,LONG,255.0,257.5,273,7,682.5,0.98,SIGNAL
RUN_20260808_020316,ChecklistStrategy,WIPRO,2024-08-08,2024-08-23,LONG,247.0,259.95,280,15,3626.0,5.24,SIGNAL
RUN_20260808_020316,ChecklistStrategy,WIPRO,2024-09-04,2024-09-09,LONG,264.0,258.55,270,5,-1471.5,-2.06,STOP_LOSS
RUN_20260808_020316,ChecklistStrategy,WIPRO,2024-09-23,2024-10-09,LONG,269.55,264.9,264,16,-1227.6,-1.73,SIGNAL
RUN_20260808_020316,ChecklistStrategy,WIPRO,2024-11-06,2024-11-11,LONG,273.73,284.5,258,5,2779.95,3.93,SIGNAL
RUN_20260808_020316,ChecklistStrategy,WIPRO,2024-11-21,2024-11-22,LONG,281.0,280.98,257,1,-6.42,-0.01,SIGNAL
RUN_20260808_020316,ChecklistStrategy,WIPRO,2024-12-02,2024-12-03,LONG,291.23,295.35,250,1,1031.25,1.41,SIGNAL
RUN_20260808_020316,ChecklistStrategy,WIPRO,2025-01-09,2025-01-17,LONG,297.0,287.8,245,8,-2254.0,-3.1,STOP_LOSS
RUN_20260808_020316,ChecklistStrategy,WIPRO,2025-02-04,2025-02-10,LONG,318.0,318.8,227,6,181.6,0.25,SIGNAL
RUN_20260808_020316,ChecklistStrategy,WIPRO,2025-02-19,2025-02-25,LONG,311.25,294.35,229,6,-3870.1,-5.43,STOP_LOSS
RUN_20260808_020316,ChecklistStrategy,WIPRO,2025-03-04,2025-03-13,LONG,279.0,268.55,241,9,-2518.45,-3.75,STOP_LOSS
RUN_20260808_020316,ChecklistStrategy,WIPRO,2025-04-16,2025-04-21,LONG,244.0,237.4,273,5,-1801.8,-2.7,STOP_LOSS
RUN_20260808_020316,ChecklistStrategy,WIPRO,2025-05-15,2025-05-23,LONG,253.2,246.1,258,8,-1831.8,-2.8,STOP_LOSS
RUN_20260808_020316,ChecklistStrategy,WIPRO,2025-08-05,2025-08-07,LONG,246.05,239.11,259,2,-1797.46,-2.82,STOP_LOSS
RUN_20260808_020316,ChecklistStrategy,WIPRO,2025-08-12,2025-08-28,LONG,242.7,252.02,258,16,2404.56,3.84,SIGNAL
RUN_20260808_020316,ChecklistStrategy,WIPRO,2025-09-02,2025-09-04,LONG,250.36,249.5,256,2,-220.16,-0.34,SIGNAL
RUN_20260808_020316,ChecklistStrategy,WIPRO,2025-09-16,2025-09-24,LONG,252.0,248.33,255,8,-935.85,-1.46,SIGNAL
RUN_20260808_020316,ChecklistStrategy,WIPRO,2025-09-30,2025-10-06,LONG,239.93,240.0,264,6,18.48,0.03,SIGNAL
RUN_20260808_020316,ChecklistStrategy,WIPRO,2025-10-21,2025-10-28,LONG,241.0,243.66,262,7,696.92,1.1,SIGNAL
RUN_20260808_020316,ChecklistStrategy,WIPRO,2025-11-07,2025-11-12,LONG,238.7,242.75,265,5,1073.25,1.7,SIGNAL
RUN_20260808_020316,ChecklistStrategy,WIPRO,2025-12-02,2025-12-05,LONG,250.0,258.2,258,3,2115.6,3.28,SIGNAL
RUN_20260808_020316,ChecklistStrategy,WIPRO,2026-01-01,2026-01-05,LONG,264.5,269.45,251,4,1242.45,1.87,SIGNAL
RUN_20260808_020316,ChecklistStrategy,WIPRO,2026-01-07,2026-01-09,LONG,265.0,261.35,252,2,-919.8,-1.38,SIGNAL
RUN_20260808_020316,ChecklistStrategy,WIPRO,2026-02-05,2026-02-13,LONG,233.34,210.65,284,8,-6443.96,-9.72,STOP_LOSS
RUN_20260808_020316,ChecklistStrategy,WIPRO,2026-02-18,2026-02-19,LONG,216.2,214.0,285,1,-627.0,-1.02,SIGNAL
RUN_20260808_020316,ChecklistStrategy,WIPRO,2026-02-26,2026-03-04,LONG,203.71,196.01,302,6,-2325.4,-3.78,STOP_LOSS
RUN_20260808_020316,ChecklistStrategy,WIPRO,2026-03-06,2026-03-12,LONG,195.6,201.06,302,6,1648.92,2.79,SIGNAL
RUN_20260808_020316,ChecklistStrategy,WIPRO,2026-04-15,2026-04-27,LONG,206.5,199.36,297,12,-2120.58,-3.46,STOP_LOSS
RUN_20260808_020316,ChecklistStrategy,WIPRO,2026-04-28,2026-04-29,LONG,204.56,201.58,286,1,-852.28,-1.46,SIGNAL
RUN_20260808_020316,ChecklistStrategy,WIPRO,2026-05-15,2026-06-09,LONG,189.9,183.97,308,25,-1826.44,-3.12,STOP_LOSS
RUN_20260808_020316,ChecklistStrategy,WIPRO,2026-06-26,2026-07-01,LONG,175.0,171.0,324,5,-1296.0,-2.29,STOP_LOSS
RUN_20260808_020316,ChecklistStrategy,WIPRO,2026-07-03,2026-07-13,LONG,176.2,174.6,320,10,-512.0,-0.91,SIGNAL
