=======================================================
  RUN DAILY — unattended entry point (Render)
  2026-10-07 09:00:07
=======================================================
Open positions in Supabase: ['APOLLOHOSP']
Open position(s) found — running full-day monitor from now until market close...
Logged in successfully
Resolved APOLLOHOSP -> APOLLOHOSP-EQ (token 157)
Resolved HINDALCO -> HINDALCO-EQ (token 1363)
Resolved POWERGRID -> POWERGRID-EQ (token 14977)
Resolved EICHERMOT -> EICHERMOT-EQ (token 910)
Resolved NTPC -> NTPC-EQ (token 11630)
Live feed started
⚠️  WebSocket closed: The Session has been Closed!
⚠️  Feed error: [Errno 110] Connection timed out
⚠️  WebSocket closed: The Session has been Closed!
⚠️  No ticks for 875s — reconnecting (attempt 1)...
Socket Connection has been closed, So! The scripts are already un-subscribed!
The Data has been Un-Subscribed
  subscribe() returned OK (will confirm ticks resume next cycle)
⚠️  No ticks for 61s — reconnecting (attempt 2)...
Socket Connection has been closed, So! The scripts are already un-subscribed!
The Data has been Un-Subscribed
  subscribe() returned OK (will confirm ticks resume next cycle)
⚠️  No ticks for 61s — reconnecting (attempt 3)...
🔴 3 consecutive reconnect attempts produced zero new ticks — forcing full re-login + resubscribe...
Logged in successfully
✅ Re-logged in and resubscribed (will confirm ticks resume next cycle)
⚠️  WebSocket closed: The Session has been Closed!
⚠️  Feed error: [Errno 110] Connection timed out
⚠️  No ticks for 61s — reconnecting (attempt 1)...
Socket Connection has been closed, So! The scripts are already un-subscribed!
The Data has been Un-Subscribed
  subscribe() returned OK (will confirm ticks resume next cycle)
⚠️  WebSocket closed: The Session has been Closed!
⚠️  Feed error: [Errno 110] Connection timed out
⚠️  No ticks for 61s — reconnecting (attempt 2)...
Socket Connection has been closed, So! The scripts are already un-subscribed!
The Data has been Un-Subscribed
  subscribe() returned OK (will confirm ticks resume next cycle)
⚠️  WebSocket closed: The Session has been Closed!
⚠️  Feed error: [Errno 110] Connection timed out
⚠️  WebSocket closed: The Session has been Closed!
⚠️  No ticks for 61s — reconnecting (attempt 3)...
🔴 3 consecutive reconnect attempts produced zero new ticks — forcing full re-login + resubscribe...
Logged in successfully
✅ Re-logged in and resubscribed (will confirm ticks resume next cycle)
⚠️  WebSocket closed: The Session has been Closed!
⚠️  Feed error: [Errno 110] Connection timed out
⚠️  WebSocket closed: The Session has been Closed!
⚠️  No ticks for 61s — reconnecting (attempt 1)...
Socket Connection has been closed, So! The scripts are already un-subscribed!
The Data has been Un-Subscribed
  subscribe() returned OK (will confirm ticks resume next cycle)
⚠️  WebSocket closed: The Session has been Closed!
⚠️  Feed error: [Errno 110] Connection timed out
⚠️  WebSocket closed: The Session has been Closed!
⚠️  WebSocket closed: The Session has been Closed!
⚠️  Feed error: Handshake status 522 <none> -+-+- {'date': 'Wed, 07 Oct 2026 03:51:39 GMT', 'content-type': 'text/plain; charset=UTF-8', 'content-length': '16', 'connection': 'keep-alive', 'cache-control': 'private, max-age=0, no-store, no-cache, must-revalidate, post-check=0, pre-check=0', 'expires': 'Thu, 01 Jan 1970 00:00:01 GMT', 'referrer-policy': 'same-origin', 'server-timing': 'cfEdge;dur=19449,cfOrigin;dur=0', 'x-frame-options': 'SAMEORIGIN', 'server': 'cloudflare', 'cf-ray': 'a469f26029ab34d9-ORD'} -+-+- b'error code: 522\n'
⚠️  WebSocket closed: The Session has been Closed!
⚠️  No ticks for 61s — reconnecting (attempt 2)...
Socket Connection has been closed, So! The scripts are already un-subscribed!
The Data has been Un-Subscribed
  subscribe() returned OK (will confirm ticks resume next cycle)
⚠️  WebSocket closed: The Session has been Closed!
⚠️  Feed error: [Errno 110] Connection timed out
⚠️  WebSocket closed: The Session has been Closed!
⚠️  No ticks for 61s — reconnecting (attempt 3)...
🔴 3 consecutive reconnect attempts produced zero new ticks — forcing full re-login + resubscribe...
Logged in successfully
✅ Re-logged in and resubscribed (will confirm ticks resume next cycle)
⚠️  No ticks for 61s — reconnecting (attempt 1)...
Socket Connection has been closed, So! The scripts are already un-subscribed!
The Data has been Un-Subscribed
  subscribe() returned OK (will confirm ticks resume next cycle)
⚠️  WebSocket closed: The Session has been Closed!
⚠️  Feed error: [Errno 110] Connection timed out
⚠️  WebSocket closed: The Session has been Closed!
⚠️  WebSocket closed: The Session has been Closed!
⚠️  Feed error: Handshake status 522 <none> -+-+- {'date': 'Wed, 07 Oct 2026 03:54:48 GMT', 'content-type': 'text/plain; charset=UTF-8', 'content-length': '16', 'connection': 'keep-alive', 'cache-control': 'private, max-age=0, no-store, no-cache, must-revalidate, post-check=0, pre-check=0', 'expires': 'Thu, 01 Jan 1970 00:00:01 GMT', 'referrer-policy': 'same-origin', 'server-timing': 'cfEdge;dur=19732,cfOrigin;dur=0', 'x-frame-options': 'SAMEORIGIN', 'server': 'cloudflare', 'cf-ray': 'a469f6fb58370bcd-ORD'} -+-+- b'error code: 522\n'
⚠️  WebSocket closed: The Session has been Closed!
⚠️  No ticks for 61s — reconnecting (attempt 2)...
Socket Connection has been closed, So! The scripts are already un-subscribed!
The Data has been Un-Subscribed
  subscribe() returned OK (will confirm ticks resume next cycle)
⚠️  WebSocket closed: The Session has been Closed!
⚠️  Feed error: [Errno 110] Connection timed out
⚠️  No ticks for 61s — reconnecting (attempt 3)...
🔴 3 consecutive reconnect attempts produced zero new ticks — forcing full re-login + resubscribe...
Logged in successfully
✅ Re-logged in and resubscribed (will confirm ticks resume next cycle)
⚠️  No ticks for 61s — reconnecting (attempt 1)...
Socket Connection has been closed, So! The scripts are already un-subscribed!
The Data has been Un-Subscribed
  subscribe() returned OK (will confirm ticks resume next cycle)
⚠️  WebSocket closed: The Session has been Closed!
⚠️  Feed error: [Errno 110] Connection timed out
⚠️  WebSocket closed: The Session has been Closed!
⚠️  No ticks for 61s — reconnecting (attempt 2)...
Socket Connection has been closed, So! The scripts are already un-subscribed!
The Data has been Un-Subscribed
  subscribe() returned OK (will confirm ticks resume next cycle)
⚠️  WebSocket closed: The Session has been Closed!
⚠️  Feed error: [Errno 110] Connection timed out
⚠️  No ticks for 61s — reconnecting (attempt 3)...
🔴 3 consecutive reconnect attempts produced zero new ticks — forcing full re-login + resubscribe...
Logged in successfully
✅ Re-logged in and resubscribed (will confirm ticks resume next cycle)
⚠️  WebSocket closed: The Session has been Closed!
⚠️  Feed error: [Errno 110] Connection timed out
⚠️  WebSocket closed: The Session has been Closed!
⚠️  No ticks for 61s — reconnecting (attempt 1)...
Socket Connection has been closed, So! The scripts are already un-subscribed!
The Data has been Un-Subscribed
  subscribe() returned OK (will confirm ticks resume next cycle)
⚠️  WebSocket closed: The Session has been Closed!
⚠️  Feed error: [Errno 110] Connection timed out
⚠️  WebSocket closed: The Session has been Closed!
⚠️  No ticks for 61s — reconnecting (attempt 2)...
Socket Connection has been closed, So! The scripts are already un-subscribed!
The Data has been Un-Subscribed
  subscribe() returned OK (will confirm ticks resume next cycle)
⚠️  WebSocket closed: The Session has been Closed!
⚠️  Feed error: [Errno 110] Connection timed out
⚠️  WebSocket closed: The Session has been Closed!
⚠️  WebSocket closed: The Session has been Closed!
⚠️  Feed error: Handshake status 522 <none> -+-+- {'date': 'Wed, 07 Oct 2026 04:02:08 GMT', 'content-type': 'text/plain; charset=UTF-8', 'content-length': '16', 'connection': 'keep-alive', 'cache-control': 'private, max-age=0, no-store, no-cache, must-revalidate, post-check=0, pre-check=0', 'expires': 'Thu, 01 Jan 1970 00:00:01 GMT', 'referrer-policy': 'same-origin', 'server-timing': 'cfEdge;dur=19347,cfOrigin;dur=0', 'x-frame-options': 'SAMEORIGIN', 'server': 'cloudflare', 'cf-ray': 'a46a01bbf9bcddf4-ORD'} -+-+- b'error code: 522\n'
⚠️  WebSocket closed: The Session has been Closed!
⚠️  No ticks for 61s — reconnecting (attempt 3)...
🔴 3 consecutive reconnect attempts produced zero new ticks — forcing full re-login + resubscribe...
Logged in successfully
✅ Re-logged in and resubscribed (will confirm ticks resume next cycle)
⚠️  WebSocket closed: The Session has been Closed!
⚠️  Feed error: [Errno 110] Connection timed out
⚠️  WebSocket closed: The Session has been Closed!
⚠️  No ticks for 61s — reconnecting (attempt 1)...
Socket Connection has been closed, So! The scripts are already un-subscribed!
The Data has been Un-Subscribed
  subscribe() returned OK (will confirm ticks resume next cycle)
⚠️  No ticks for 61s — reconnecting (attempt 2)...
Socket Connection has been closed, So! The scripts are already un-subscribed!
The Data has been Un-Subscribed
  subscribe() returned OK (will confirm ticks resume next cycle)
⚠️  WebSocket closed: The Session has been Closed!
⚠️  Feed error: [Errno 110] Connection timed out
⚠️  WebSocket closed: The Session has been Closed!
⚠️  No ticks for 61s — reconnecting (attempt 3)...
🔴 3 consecutive reconnect attempts produced zero new ticks — forcing full re-login + resubscribe...
Logged in successfully
✅ Re-logged in and resubscribed (will confirm ticks resume next cycle)
⚠️  WebSocket closed: The Session has been Closed!
⚠️  Feed error: [Errno 110] Connection timed out
⚠️  No ticks for 61s — reconnecting (attempt 1)...
Socket Connection has been closed, So! The scripts are already un-subscribed!
The Data has been Un-Subscribed
  subscribe() returned OK (will confirm ticks resume next cycle)
⚠️  WebSocket closed: The Session has been Closed!
⚠️  Feed error: [Errno 110] Connection timed out
⚠️  WebSocket closed: The Session has been Closed!
⚠️  No ticks for 61s — reconnecting (attempt 2)...
Socket Connection has been closed, So! The scripts are already un-subscribed!
The Data has been Un-Subscribed
  subscribe() returned OK (will confirm ticks resume next cycle)
⚠️  WebSocket closed: The Session has been Closed!
⚠️  Feed error: [Errno 110] Connection timed out
⚠️  WebSocket closed: The Session has been Closed!
⚠️  No ticks for 61s — reconnecting (attempt 3)...
🔴 3 consecutive reconnect attempts produced zero new ticks — forcing full re-login + resubscribe...
Logged in successfully
✅ Re-logged in and resubscribed (will confirm ticks resume next cycle)
⚠️  WebSocket closed: The Session has been Closed!
⚠️  Feed error: [Errno 110] Connection timed out
⚠️  WebSocket closed: The Session has been Closed!
⚠️  No ticks for 61s — reconnecting (attempt 1)...
Socket Connection has been closed, So! The scripts are already un-subscribed!
The Data has been Un-Subscribed
  subscribe() returned OK (will confirm ticks resume next cycle)
⚠️  WebSocket closed: The Session has been Closed!
⚠️  Feed error: [Errno 110] Connection timed out
⚠️  WebSocket closed: The Session has been Closed!
⚠️  No ticks for 61s — reconnecting (attempt 2)...
Socket Connection has been closed, So! The scripts are already un-subscribed!
The Data has been Un-Subscribed
  subscribe() returned OK (will confirm ticks resume next cycle)
⚠️  WebSocket closed: The Session has been Closed!
⚠️  Feed error: [Errno 110] Connection timed out
⚠️  WebSocket closed: The Session has been Closed!
⚠️  No ticks for 61s — reconnecting (attempt 3)...
🔴 3 consecutive reconnect attempts produced zero new ticks — forcing full re-login + resubscribe...
Logged in successfully
✅ Re-logged in and resubscribed (will confirm ticks resume next cycle)
⚠️  WebSocket closed: The Session has been Closed!
⚠️  Feed error: [Errno 110] Connection timed out
⚠️  WebSocket closed: The Session has been Closed!
⚠️  No ticks for 61s — reconnecting (attempt 1)...
Socket Connection has been closed, So! The scripts are already un-subscribed!
The Data has been Un-Subscribed
  subscribe() returned OK (will confirm ticks resume next cycle)
⚠️  WebSocket closed: The Session has been Closed!
⚠️  Feed error: [Errno 110] Connection timed out
⚠️  WebSocket closed: The Session has been Closed!
⚠️  No ticks for 61s — reconnecting (attempt 2)...
Socket Connection has been closed, So! The scripts are already un-subscribed!
The Data has been Un-Subscribed
  subscribe() returned OK (will confirm ticks resume next cycle)
⚠️  WebSocket closed: The Session has been Closed!
⚠️  Feed error: [Errno 110] Connection timed out
⚠️  WebSocket closed: The Session has been Closed!
⚠️  No ticks for 61s — reconnecting (attempt 3)...
🔴 3 consecutive reconnect attempts produced zero new ticks — forcing full re-login + resubscribe...
Logged in successfully
✅ Re-logged in and resubscribed (will confirm ticks resume next cycle)
⚠️  WebSocket closed: The Session has been Closed!
⚠️  Feed error: [Errno 110] Connection timed out
⚠️  WebSocket closed: The Session has been Closed!
⚠️  No ticks for 61s — reconnecting (attempt 1)...
Socket Connection has been closed, So! The scripts are already un-subscribed!
The Data has been Un-Subscribed
  subscribe() returned OK (will confirm ticks resume next cycle)
⚠️  WebSocket closed: The Session has been Closed!
⚠️  Feed error: [Errno 110] Connection timed out
⚠️  WebSocket closed: The Session has been Closed!
⚠️  No ticks for 61s — reconnecting (attempt 2)...
Socket Connection has been closed, So! The scripts are already un-subscribed!
The Data has been Un-Subscribed
  subscribe() returned OK (will confirm ticks resume next cycle)
⚠️  WebSocket closed: The Session has been Closed!
⚠️  Feed error: [Errno 110] Connection timed out
⚠️  WebSocket closed: The Session has been Closed!
⚠️  No ticks for 61s — reconnecting (attempt 3)...
🔴 3 consecutive reconnect attempts produced zero new ticks — forcing full re-login + resubscribe...
Logged in successfully
✅ Re-logged in and resubscribed (will confirm ticks resume next cycle)
⚠️  WebSocket closed: The Session has been Closed!
⚠️  Feed error: [Errno 110] Connection timed out
⚠️  WebSocket closed: The Session has been Closed!
⚠️  No ticks for 61s — reconnecting (attempt 1)...
Socket Connection has been closed, So! The scripts are already un-subscribed!
The Data has been Un-Subscribed
  subscribe() returned OK (will confirm ticks resume next cycle)
⚠️  WebSocket closed: The Session has been Closed!
⚠️  Feed error: [Errno 110] Connection timed out
⚠️  WebSocket closed: The Session has been Closed!
⚠️  No ticks for 61s — reconnecting (attempt 2)...
Socket Connection has been closed, So! The scripts are already un-subscribed!
The Data has been Un-Subscribed
  subscribe() returned OK (will confirm ticks resume next cycle)
⚠️  WebSocket closed: The Session has been Closed!
⚠️  Feed error: [Errno 110] Connection timed out
⚠️  WebSocket closed: The Session has been Closed!
⚠️  No ticks for 61s — reconnecting (attempt 3)...
🔴 3 consecutive reconnect attempts produced zero new ticks — forcing full re-login + resubscribe...
Logged in successfully
✅ Re-logged in and resubscribed (will confirm ticks resume next cycle)
⚠️  WebSocket closed: The Session has been Closed!
⚠️  Feed error: [Errno 110] Connection timed out
⚠️  WebSocket closed: The Session has been Closed!
⚠️  No ticks for 61s — reconnecting (attempt 1)...
Socket Connection has been closed, So! The scripts are already un-subscribed!
The Data has been Un-Subscribed
  subscribe() returned OK (will confirm ticks resume next cycle)
⚠️  WebSocket closed: The Session has been Closed!
⚠️  Feed error: [Errno 110] Connection timed out
⚠️  WebSocket closed: The Session has been Closed!
⚠️  No ticks for 61s — reconnecting (attempt 2)...
Socket Connection has been closed, So! The scripts are already un-subscribed!
The Data has been Un-Subscribed
  subscribe() returned OK (will confirm ticks resume next cycle)
⚠️  WebSocket closed: The Session has been Closed!
⚠️  Feed error: [Errno 110] Connection timed out
⚠️  WebSocket closed: The Session has been Closed!
⚠️  WebSocket closed: The Session has been Closed!
⚠️  Feed error: Handshake status 522 <none> -+-+- {'date': 'Wed, 07 Oct 2026 04:24:10 GMT', 'content-type': 'text/plain; charset=UTF-8', 'content-length': '16', 'connection': 'keep-alive', 'cache-control': 'private, max-age=0, no-store, no-cache, must-revalidate, post-check=0, pre-check=0', 'expires': 'Thu, 01 Jan 1970 00:00:01 GMT', 'referrer-policy': 'same-origin', 'server-timing': 'cfEdge;dur=19368,cfOrigin;dur=0', 'x-frame-options': 'SAMEORIGIN', 'server': 'cloudflare', 'cf-ray': 'a46a21ffbdab0056-ORD'} -+-+- b'error code: 522\n'
⚠️  WebSocket closed: The Session has been Closed!
⚠️  No ticks for 61s — reconnecting (attempt 3)...
🔴 3 consecutive reconnect attempts produced zero new ticks — forcing full re-login + resubscribe...
Logged in successfully
✅ Re-logged in and resubscribed (will confirm ticks resume next cycle)
⚠️  WebSocket closed: The Session has been Closed!
⚠️  Feed error: [Errno 110] Connection timed out
⚠️  WebSocket closed: The Session has been Closed!
⚠️  No ticks for 61s — reconnecting (attempt 1)...
Socket Connection has been closed, So! The scripts are already un-subscribed!
The Data has been Un-Subscribed
  subscribe() returned OK (will confirm ticks resume next cycle)
⚠️  No ticks for 61s — reconnecting (attempt 2)...
Socket Connection has been closed, So! The scripts are already un-subscribed!
The Data has been Un-Subscribed
  subscribe() returned OK (will confirm ticks resume next cycle)
⚠️  WebSocket closed: The Session has been Closed!
⚠️  Feed error: [Errno 110] Connection timed out
⚠️  WebSocket closed: The Session has been Closed!
⚠️  No ticks for 61s — reconnecting (attempt 3)...
🔴 3 consecutive reconnect attempts produced zero new ticks — forcing full re-login + resubscribe...
Logged in successfully
✅ Re-logged in and resubscribed (will confirm ticks resume next cycle)
⚠️  WebSocket closed: The Session has been Closed!
⚠️  Feed error: [Errno 110] Connection timed out
⚠️  WebSocket closed: The Session has been Closed!
⚠️  Feed error: Handshake status 522 <none> -+-+- {'date': 'Wed, 07 Oct 2026 04:28:21 GMT', 'content-type': 'text/plain; charset=UTF-8', 'content-length': '16', 'connection': 'keep-alive', 'cache-control': 'private, max-age=0, no-store, no-cache, must-revalidate, post-check=0, pre-check=0', 'expires': 'Thu, 01 Jan 1970 00:00:01 GMT', 'referrer-policy': 'same-origin', 'server-timing': 'cfEdge;dur=19415,cfOrigin;dur=0', 'x-frame-options': 'SAMEORIGIN', 'server': 'cloudflare', 'cf-ray': 'a46a28239fac1151-ORD'} -+-+- b'error code: 522\n'
⚠️  WebSocket closed: The Session has been Closed!
⚠️  No ticks for 61s — reconnecting (attempt 1)...
Socket Connection has been closed, So! The scripts are already un-subscribed!
The Data has been Un-Subscribed
  subscribe() returned OK (will confirm ticks resume next cycle)
⚠️  WebSocket closed: The Session has been Closed!
⚠️  Feed error: [Errno 110] Connection timed out
⚠️  WebSocket closed: The Session has been Closed!
⚠️  No ticks for 61s — reconnecting (attempt 2)...
Socket Connection has been closed, So! The scripts are already un-subscribed!
The Data has been Un-Subscribed
  subscribe() returned OK (will confirm ticks resume next cycle)
⚠️  No ticks for 61s — reconnecting (attempt 3)...
🔴 3 consecutive reconnect attempts produced zero new ticks — forcing full re-login + resubscribe...
Logged in successfully
✅ Re-logged in and resubscribed (will confirm ticks resume next cycle)
⚠️  WebSocket closed: The Session has been Closed!
⚠️  Feed error: [Errno 110] Connection timed out
⚠️  WebSocket closed: The Session has been Closed!
⚠️  No ticks for 61s — reconnecting (attempt 1)...
Socket Connection has been closed, So! The scripts are already un-subscribed!
The Data has been Un-Subscribed
  subscribe() returned OK (will confirm ticks resume next cycle)
⚠️  WebSocket closed: The Session has been Closed!
⚠️  Feed error: [Errno 110] Connection timed out
⚠️  No ticks for 61s — reconnecting (attempt 2)...
Socket Connection has been closed, So! The scripts are already un-subscribed!
The Data has been Un-Subscribed
  subscribe() returned OK (will confirm ticks resume next cycle)
⚠️  WebSocket closed: The Session has been Closed!
⚠️  Feed error: [Errno 110] Connection timed out
⚠️  WebSocket closed: The Session has been Closed!
⚠️  No ticks for 61s — reconnecting (attempt 3)...
🔴 3 consecutive reconnect attempts produced zero new ticks — forcing full re-login + resubscribe...
Logged in successfully
✅ Re-logged in and resubscribed (will confirm ticks resume next cycle)
⚠️  WebSocket closed: The Session has been Closed!
⚠️  Feed error: [Errno 110] Connection timed out
⚠️  WebSocket closed: The Session has been Closed!
⚠️  No ticks for 61s — reconnecting (attempt 1)...
Socket Connection has been closed, So! The scripts are already un-subscribed!
The Data has been Un-Subscribed
  subscribe() returned OK (will confirm ticks resume next cycle)
⚠️  WebSocket closed: The Session has been Closed!
⚠️  Feed error: [Errno 110] Connection timed out
⚠️  WebSocket closed: The Session has been Closed!
⚠️  No ticks for 61s — reconnecting (attempt 2)...
Socket Connection has been closed, So! The scripts are already un-subscribed!
The Data has been Un-Subscribed
  subscribe() returned OK (will confirm ticks resume next cycle)
⚠️  WebSocket closed: The Session has been Closed!
⚠️  Feed error: [Errno 110] Connection timed out
⚠️  WebSocket closed: The Session has been Closed!
⚠️  No ticks for 61s — reconnecting (attempt 3)...
🔴 3 consecutive reconnect attempts produced zero new ticks — forcing full re-login + resubscribe...
Logged in successfully
✅ Re-logged in and resubscribed (will confirm ticks resume next cycle)
⚠️  WebSocket closed: The Session has been Closed!
⚠️  Feed error: [Errno 110] Connection timed out
⚠️  WebSocket closed: The Session has been Closed!
⚠️  No ticks for 61s — reconnecting (attempt 1)...
Socket Connection has been closed, So! The scripts are already un-subscribed!
The Data has been Un-Subscribed
  subscribe() returned OK (will confirm ticks resume next cycle)
⚠️  WebSocket closed: The Session has been Closed!
⚠️  Feed error: [Errno 110] Connection timed out
⚠️  WebSocket closed: The Session has been Closed!
⚠️  WebSocket closed: The Session has been Closed!
⚠️  Feed error: Handshake status 522 <none> -+-+- {'date': 'Wed, 07 Oct 2026 04:38:51 GMT', 'content-type': 'text/plain; charset=UTF-8', 'content-length': '16', 'connection': 'keep-alive', 'cache-control': 'private, max-age=0, no-store, no-cache, must-revalidate, post-check=0, pre-check=0', 'expires': 'Thu, 01 Jan 1970 00:00:01 GMT', 'referrer-policy': 'same-origin', 'server-timing': 'cfEdge;dur=19432,cfOrigin;dur=0', 'x-frame-options': 'SAMEORIGIN', 'server': 'cloudflare', 'cf-ray': 'a46a378059611041-ORD'} -+-+- b'error code: 522\n'
⚠️  WebSocket closed: The Session has been Closed!
⚠️  No ticks for 61s — reconnecting (attempt 2)...
Socket Connection has been closed, So! The scripts are already un-subscribed!
The Data has been Un-Subscribed
  subscribe() returned OK (will confirm ticks resume next cycle)
⚠️  WebSocket closed: The Session has been Closed!
⚠️  Feed error: [Errno 110] Connection timed out
⚠️  WebSocket closed: The Session has been Closed!
⚠️  No ticks for 61s — reconnecting (attempt 3)...
🔴 3 consecutive reconnect attempts produced zero new ticks — forcing full re-login + resubscribe...
Logged in successfully
✅ Re-logged in and resubscribed (will confirm ticks resume next cycle)
⚠️  No ticks for 61s — reconnecting (attempt 1)...
Socket Connection has been closed, So! The scripts are already un-subscribed!
The Data has been Un-Subscribed
  subscribe() returned OK (will confirm ticks resume next cycle)
⚠️  WebSocket closed: The Session has been Closed!
⚠️  Feed error: [Errno 110] Connection timed out
⚠️  WebSocket closed: The Session has been Closed!
⚠️  No ticks for 61s — reconnecting (attempt 2)...
Socket Connection has been closed, So! The scripts are already un-subscribed!
The Data has been Un-Subscribed
  subscribe() returned OK (will confirm ticks resume next cycle)
⚠️  WebSocket closed: The Session has been Closed!
⚠️  Feed error: [Errno 110] Connection timed out
⚠️  No ticks for 61s — reconnecting (attempt 3)...
🔴 3 consecutive reconnect attempts produced zero new ticks — forcing full re-login + resubscribe...
Logged in successfully
✅ Re-logged in and resubscribed (will confirm ticks resume next cycle)
⚠️  WebSocket closed: The Session has been Closed!
⚠️  Feed error: [Errno 110] Connection timed out
⚠️  WebSocket closed: The Session has been Closed!
⚠️  WebSocket closed: The Session has been Closed!
⚠️  Feed error: Handshake status 522 <none> -+-+- {'date': 'Wed, 07 Oct 2026 04:44:05 GMT', 'content-type': 'text/plain; charset=UTF-8', 'content-length': '16', 'connection': 'keep-alive', 'cache-control': 'private, max-age=0, no-store, no-cache, must-revalidate, post-check=0, pre-check=0', 'expires': 'Thu, 01 Jan 1970 00:00:01 GMT', 'referrer-policy': 'same-origin', 'server-timing': 'cfEdge;dur=19568,cfOrigin;dur=0', 'x-frame-options': 'SAMEORIGIN', 'server': 'cloudflare', 'cf-ray': 'a46a3f2d99cffa1d-ORD'} -+-+- b'error code: 522\n'
⚠️  WebSocket closed: The Session has been Closed!
⚠️  No ticks for 61s — reconnecting (attempt 1)...
Socket Connection has been closed, So! The scripts are already un-subscribed!
The Data has been Un-Subscribed
  subscribe() returned OK (will confirm ticks resume next cycle)
⚠️  WebSocket closed: The Session has been Closed!
⚠️  Feed error: [Errno 110] Connection timed out
⚠️  WebSocket closed: The Session has been Closed!
⚠️  No ticks for 61s — reconnecting (attempt 2)...
Socket Connection has been closed, So! The scripts are already un-subscribed!
The Data has been Un-Subscribed
  subscribe() returned OK (will confirm ticks resume next cycle)
⚠️  WebSocket closed: The Session has been Closed!
⚠️  Feed error: Handshake status 522 <none> -+-+- {'date': 'Wed, 07 Oct 2026 04:46:11 GMT', 'content-type': 'text/plain; charset=UTF-8', 'content-length': '16', 'connection': 'keep-alive', 'cache-control': 'private, max-age=0, no-store, no-cache, must-revalidate, post-check=0, pre-check=0', 'expires': 'Thu, 01 Jan 1970 00:00:01 GMT', 'referrer-policy': 'same-origin', 'server-timing': 'cfEdge;dur=19656,cfOrigin;dur=0', 'x-frame-options': 'SAMEORIGIN', 'server': 'cloudflare', 'cf-ray': 'a46a42418cb40d35-ORD'} -+-+- b'error code: 522\n'
⚠️  WebSocket closed: The Session has been Closed!
⚠️  No ticks for 61s — reconnecting (attempt 3)...
🔴 3 consecutive reconnect attempts produced zero new ticks — forcing full re-login + resubscribe...
Logged in successfully
✅ Re-logged in and resubscribed (will confirm ticks resume next cycle)
⚠️  WebSocket closed: The Session has been Closed!
⚠️  Feed error: [Errno 110] Connection timed out
⚠️  WebSocket closed: The Session has been Closed!
⚠️  No ticks for 61s — reconnecting (attempt 1)...
Socket Connection has been closed, So! The scripts are already un-subscribed!
The Data has been Un-Subscribed
  subscribe() returned OK (will confirm ticks resume next cycle)
⚠️  No ticks for 61s — reconnecting (attempt 2)...
Socket Connection has been closed, So! The scripts are already un-subscribed!
The Data has been Un-Subscribed
  subscribe() returned OK (will confirm ticks resume next cycle)
⚠️  WebSocket closed: The Session has been Closed!
⚠️  Feed error: [Errno 110] Connection timed out
⚠️  WebSocket closed: The Session has been Closed!
⚠️  No ticks for 61s — reconnecting (attempt 3)...
🔴 3 consecutive reconnect attempts produced zero new ticks — forcing full re-login + resubscribe...
Logged in successfully
✅ Re-logged in and resubscribed (will confirm ticks resume next cycle)
⚠️  WebSocket closed: The Session has been Closed!
⚠️  Feed error: [Errno 110] Connection timed out
⚠️  WebSocket closed: The Session has been Closed!
⚠️  Feed error: Handshake status 522 <none> -+-+- {'date': 'Wed, 07 Oct 2026 04:50:23 GMT', 'content-type': 'text/plain; charset=UTF-8', 'content-length': '16', 'connection': 'keep-alive', 'cache-control': 'private, max-age=0, no-store, no-cache, must-revalidate, post-check=0, pre-check=0', 'expires': 'Thu, 01 Jan 1970 00:00:01 GMT', 'referrer-policy': 'same-origin', 'server-timing': 'cfEdge;dur=19743,cfOrigin;dur=0', 'x-frame-options': 'SAMEORIGIN', 'server': 'cloudflare', 'cf-ray': 'a46a486468c255fa-ORD'} -+-+- b'error code: 522\n'
⚠️  WebSocket closed: The Session has been Closed!
⚠️  No ticks for 61s — reconnecting (attempt 1)...
Socket Connection has been closed, So! The scripts are already un-subscribed!
The Data has been Un-Subscribed
  subscribe() returned OK (will confirm ticks resume next cycle)
⚠️  WebSocket closed: The Session has been Closed!
⚠️  Feed error: [Errno 110] Connection timed out
⚠️  WebSocket closed: The Session has been Closed!
⚠️  No ticks for 61s — reconnecting (attempt 2)...
Socket Connection has been closed, So! The scripts are already un-subscribed!
The Data has been Un-Subscribed
  subscribe() returned OK (will confirm ticks resume next cycle)
⚠️  WebSocket closed: The Session has been Closed!
⚠️  Feed error: Handshake status 522 <none> -+-+- {'date': 'Wed, 07 Oct 2026 04:52:29 GMT', 'content-type': 'text/plain; charset=UTF-8', 'content-length': '16', 'connection': 'keep-alive', 'cache-control': 'private, max-age=0, no-store, no-cache, must-revalidate, post-check=0, pre-check=0', 'expires': 'Thu, 01 Jan 1970 00:00:01 GMT', 'referrer-policy': 'same-origin', 'server-timing': 'cfEdge;dur=19742,cfOrigin;dur=0', 'x-frame-options': 'SAMEORIGIN', 'server': 'cloudflare', 'cf-ray': 'a46a4b780b69871c-ORD'} -+-+- b'error code: 522\n'
⚠️  WebSocket closed: The Session has been Closed!
⚠️  No ticks for 61s — reconnecting (attempt 3)...
🔴 3 consecutive reconnect attempts produced zero new ticks — forcing full re-login + resubscribe...
Logged in successfully
✅ Re-logged in and resubscribed (will confirm ticks resume next cycle)
⚠️  WebSocket closed: The Session has been Closed!
⚠️  Feed error: [Errno 110] Connection timed out
⚠️  WebSocket closed: The Session has been Closed!
⚠️  No ticks for 61s — reconnecting (attempt 1)...
Socket Connection has been closed, So! The scripts are already un-subscribed!
The Data has been Un-Subscribed
  subscribe() returned OK (will confirm ticks resume next cycle)
⚠️  WebSocket closed: The Session has been Closed!
⚠️  Feed error: Handshake status 522 <none> -+-+- {'date': 'Wed, 07 Oct 2026 04:54:34 GMT', 'content-type': 'text/plain; charset=UTF-8', 'content-length': '16', 'connection': 'keep-alive', 'cache-control': 'private, max-age=0, no-store, no-cache, must-revalidate, post-check=0, pre-check=0', 'expires': 'Thu, 01 Jan 1970 00:00:01 GMT', 'referrer-policy': 'same-origin', 'server-timing': 'cfEdge;dur=19382,cfOrigin;dur=0', 'x-frame-options': 'SAMEORIGIN', 'server': 'cloudflare', 'cf-ray': 'a46a4e8a1b61ead3-ORD'} -+-+- b'error code: 522\n'
⚠️  WebSocket closed: The Session has been Closed!
⚠️  No ticks for 61s — reconnecting (attempt 2)...
Socket Connection has been closed, So! The scripts are already un-subscribed!
The Data has been Un-Subscribed
  subscribe() returned OK (will confirm ticks resume next cycle)
⚠️  WebSocket closed: The Session has been Closed!
⚠️  Feed error: [Errno 110] Connection timed out
⚠️  WebSocket closed: The Session has been Closed!
⚠️  No ticks for 61s — reconnecting (attempt 3)...
🔴 3 consecutive reconnect attempts produced zero new ticks — forcing full re-login + resubscribe...
Logged in successfully
✅ Re-logged in and resubscribed (will confirm ticks resume next cycle)
⚠️  No ticks for 61s — reconnecting (attempt 1)...
Socket Connection has been closed, So! The scripts are already un-subscribed!
The Data has been Un-Subscribed
  subscribe() returned OK (will confirm ticks resume next cycle)
⚠️  WebSocket closed: The Session has been Closed!
⚠️  Feed error: [Errno 110] Connection timed out
⚠️  WebSocket closed: The Session has been Closed!
⚠️  WebSocket closed: The Session has been Closed!
⚠️  Feed error: Handshake status 522 <none> -+-+- {'date': 'Wed, 07 Oct 2026 04:57:43 GMT', 'content-type': 'text/plain; charset=UTF-8', 'content-length': '16', 'connection': 'keep-alive', 'cache-control': 'private, max-age=0, no-store, no-cache, must-revalidate, post-check=0, pre-check=0', 'expires': 'Thu, 01 Jan 1970 00:00:01 GMT', 'referrer-policy': 'same-origin', 'server-timing': 'cfEdge;dur=19346,cfOrigin;dur=0', 'x-frame-options': 'SAMEORIGIN', 'server': 'cloudflare', 'cf-ray': 'a46a5326e957253f-ORD'} -+-+- b'error code: 522\n'
⚠️  WebSocket closed: The Session has been Closed!
⚠️  No ticks for 61s — reconnecting (attempt 2)...
Socket Connection has been closed, So! The scripts are already un-subscribed!
The Data has been Un-Subscribed
  subscribe() returned OK (will confirm ticks resume next cycle)
⚠️  WebSocket closed: The Session has been Closed!
⚠️  Feed error: [Errno 110] Connection timed out
⚠️  No ticks for 61s — reconnecting (attempt 3)...
🔴 3 consecutive reconnect attempts produced zero new ticks — forcing full re-login + resubscribe...
Logged in successfully
✅ Re-logged in and resubscribed (will confirm ticks resume next cycle)
⚠️  No ticks for 61s — reconnecting (attempt 1)...
Socket Connection has been closed, So! The scripts are already un-subscribed!
The Data has been Un-Subscribed
  subscribe() returned OK (will confirm ticks resume next cycle)
⚠️  WebSocket closed: The Session has been Closed!
⚠️  Feed error: [Errno 110] Connection timed out
⚠️  WebSocket closed: The Session has been Closed!
⚠️  No ticks for 61s — reconnecting (attempt 2)...
Socket Connection has been closed, So! The scripts are already un-subscribed!
The Data has been Un-Subscribed
  subscribe() returned OK (will confirm ticks resume next cycle)
⚠️  WebSocket closed: The Session has been Closed!
⚠️  Feed error: [Errno 110] Connection timed out
⚠️  No ticks for 61s — reconnecting (attempt 3)...
🔴 3 consecutive reconnect attempts produced zero new ticks — forcing full re-login + resubscribe...
Logged in successfully
✅ Re-logged in and resubscribed (will confirm ticks resume next cycle)
⚠️  WebSocket closed: The Session has been Closed!
⚠️  Feed error: [Errno 110] Connection timed out
⚠️  WebSocket closed: The Session has been Closed!
⚠️  No ticks for 61s — reconnecting (attempt 1)...
Socket Connection has been closed, So! The scripts are already un-subscribed!
The Data has been Un-Subscribed
  subscribe() returned OK (will confirm ticks resume next cycle)
⚠️  WebSocket closed: The Session has been Closed!
⚠️  Feed error: [Errno 110] Connection timed out
⚠️  WebSocket closed: The Session has been Closed!
⚠️  No ticks for 61s — reconnecting (attempt 2)...
Socket Connection has been closed, So! The scripts are already un-subscribed!
The Data has been Un-Subscribed
  subscribe() returned OK (will confirm ticks resume next cycle)
⚠️  WebSocket closed: The Session has been Closed!
⚠️  Feed error: [Errno 110] Connection timed out
⚠️  WebSocket closed: The Session has been Closed!
⚠️  No ticks for 61s — reconnecting (attempt 3)...
🔴 3 consecutive reconnect attempts produced zero new ticks — forcing full re-login + resubscribe...
Logged in successfully
✅ Re-logged in and resubscribed (will confirm ticks resume next cycle)
⚠️  WebSocket closed: The Session has been Closed!
⚠️  Feed error: [Errno 110] Connection timed out
⚠️  WebSocket closed: The Session has been Closed!
⚠️  No ticks for 61s — reconnecting (attempt 1)...
Socket Connection has been closed, So! The scripts are already un-subscribed!
The Data has been Un-Subscribed
  subscribe() returned OK (will confirm ticks resume next cycle)
⚠️  WebSocket closed: The Session has been Closed!
⚠️  Feed error: [Errno 110] Connection timed out
⚠️  WebSocket closed: The Session has been Closed!
⚠️  No ticks for 61s — reconnecting (attempt 2)...
Socket Connection has been closed, So! The scripts are already un-subscribed!
The Data has been Un-Subscribed
  subscribe() returned OK (will confirm ticks resume next cycle)
⚠️  WebSocket closed: The Session has been Closed!
⚠️  Feed error: [Errno 110] Connection timed out
⚠️  WebSocket closed: The Session has been Closed!
⚠️  No ticks for 61s — reconnecting (attempt 3)...
🔴 3 consecutive reconnect attempts produced zero new ticks — forcing full re-login + resubscribe...
Logged in successfully
✅ Re-logged in and resubscribed (will confirm ticks resume next cycle)
⚠️  WebSocket closed: The Session has been Closed!
⚠️  Feed error: [Errno 110] Connection timed out
⚠️  WebSocket closed: The Session has been Closed!
⚠️  No ticks for 61s — reconnecting (attempt 1)...
Socket Connection has been closed, So! The scripts are already un-subscribed!
The Data has been Un-Subscribed
  subscribe() returned OK (will confirm ticks resume next cycle)
⚠️  WebSocket closed: The Session has been Closed!
⚠️  Feed error: [Errno 110] Connection timed out
⚠️  WebSocket closed: The Session has been Closed!
⚠️  No ticks for 61s — reconnecting (attempt 2)...
Socket Connection has been closed, So! The scripts are already un-subscribed!
The Data has been Un-Subscribed
  subscribe() returned OK (will confirm ticks resume next cycle)
⚠️  WebSocket closed: The Session has been Closed!
⚠️  Feed error: [Errno 110] Connection timed out
⚠️  WebSocket closed: The Session has been Closed!
⚠️  WebSocket closed: The Session has been Closed!
⚠️  Feed error: Handshake status 522 <none> -+-+- {'date': 'Wed, 07 Oct 2026 05:11:22 GMT', 'content-type': 'text/plain; charset=UTF-8', 'content-length': '16', 'connection': 'keep-alive', 'cache-control': 'private, max-age=0, no-store, no-cache, must-revalidate, post-check=0, pre-check=0', 'expires': 'Thu, 01 Jan 1970 00:00:01 GMT', 'referrer-policy': 'same-origin', 'server-timing': 'cfEdge;dur=19633,cfOrigin;dur=0', 'x-frame-options': 'SAMEORIGIN', 'server': 'cloudflare', 'cf-ray': 'a46a672009afc0f3-ORD'} -+-+- b'error code: 522\n'
⚠️  WebSocket closed: The Session has been Closed!
⚠️  No ticks for 61s — reconnecting (attempt 3)...
🔴 3 consecutive reconnect attempts produced zero new ticks — forcing full re-login + resubscribe...
Logged in successfully
✅ Re-logged in and resubscribed (will confirm ticks resume next cycle)
⚠️  WebSocket closed: The Session has been Closed!
⚠️  Feed error: [Errno 110] Connection timed out
⚠️  WebSocket closed: The Session has been Closed!
⚠️  WebSocket closed: The Session has been Closed!
⚠️  Feed error: Handshake status 522 <none> -+-+- {'date': 'Wed, 07 Oct 2026 05:12:24 GMT', 'content-type': 'text/plain; charset=UTF-8', 'content-length': '16', 'connection': 'keep-alive', 'cache-control': 'private, max-age=0, no-store, no-cache, must-revalidate, post-check=0, pre-check=0', 'expires': 'Thu, 01 Jan 1970 00:00:01 GMT', 'referrer-policy': 'same-origin', 'server-timing': 'cfEdge;dur=19334,cfOrigin;dur=0', 'x-frame-options': 'SAMEORIGIN', 'server': 'cloudflare', 'cf-ray': 'a46a68aa3842f97d-ORD'} -+-+- b'error code: 522\n'
⚠️  WebSocket closed: The Session has been Closed!
⚠️  No ticks for 61s — reconnecting (attempt 1)...
Socket Connection has been closed, So! The scripts are already un-subscribed!
The Data has been Un-Subscribed
  subscribe() returned OK (will confirm ticks resume next cycle)
⚠️  No ticks for 61s — reconnecting (attempt 2)...
Socket Connection has been closed, So! The scripts are already un-subscribed!
The Data has been Un-Subscribed
  subscribe() returned OK (will confirm ticks resume next cycle)
⚠️  No ticks for 61s — reconnecting (attempt 3)...
🔴 3 consecutive reconnect attempts produced zero new ticks — forcing full re-login + resubscribe...
Logged in successfully
✅ Re-logged in and resubscribed (will confirm ticks resume next cycle)
⚠️  WebSocket closed: The Session has been Closed!
⚠️  Feed error: [Errno 110] Connection timed out
⚠️  WebSocket closed: The Session has been Closed!
⚠️  Feed error: Handshake status 522 <none> -+-+- {'date': 'Wed, 07 Oct 2026 05:15:33 GMT', 'content-type': 'text/plain; charset=UTF-8', 'content-length': '16', 'connection': 'keep-alive', 'cache-control': 'private, max-age=0, no-store, no-cache, must-revalidate, post-check=0, pre-check=0', 'expires': 'Thu, 01 Jan 1970 00:00:01 GMT', 'referrer-policy': 'same-origin', 'server-timing': 'cfEdge;dur=19594,cfOrigin;dur=0', 'x-frame-options': 'SAMEORIGIN', 'server': 'cloudflare', 'cf-ray': 'a46a6d45ec78b002-ORD'} -+-+- b'error code: 522\n'
⚠️  WebSocket closed: The Session has been Closed!
⚠️  No ticks for 61s — reconnecting (attempt 1)...
Socket Connection has been closed, So! The scripts are already un-subscribed!
The Data has been Un-Subscribed
  subscribe() returned OK (will confirm ticks resume next cycle)
⚠️  WebSocket closed: The Session has been Closed!
⚠️  Feed error: [Errno 110] Connection timed out
⚠️  WebSocket closed: The Session has been Closed!
⚠️  Feed error: Handshake status 522 <none> -+-+- {'date': 'Wed, 07 Oct 2026 05:16:36 GMT', 'content-type': 'text/plain; charset=UTF-8', 'content-length': '16', 'connection': 'keep-alive', 'cache-control': 'private, max-age=0, no-store, no-cache, must-revalidate, post-check=0, pre-check=0', 'expires': 'Thu, 01 Jan 1970 00:00:01 GMT', 'referrer-policy': 'same-origin', 'server-timing': 'cfEdge;dur=19468,cfOrigin;dur=0', 'x-frame-options': 'SAMEORIGIN', 'server': 'cloudflare', 'cf-ray': 'a46a6ecfcaff7815-ORD'} -+-+- b'error code: 522\n'
⚠️  WebSocket closed: The Session has been Closed!
⚠️  No ticks for 61s — reconnecting (attempt 2)...
Socket Connection has been closed, So! The scripts are already un-subscribed!
The Data has been Un-Subscribed
  subscribe() returned OK (will confirm ticks resume next cycle)
⚠️  WebSocket closed: The Session has been Closed!
⚠️  Feed error: Handshake status 522 <none> -+-+- {'date': 'Wed, 07 Oct 2026 05:17:39 GMT', 'content-type': 'text/plain; charset=UTF-8', 'content-length': '16', 'connection': 'keep-alive', 'cache-control': 'private, max-age=0, no-store, no-cache, must-revalidate, post-check=0, pre-check=0', 'expires': 'Thu, 01 Jan 1970 00:00:01 GMT', 'referrer-policy': 'same-origin', 'server-timing': 'cfEdge;dur=19484,cfOrigin;dur=0', 'x-frame-options': 'SAMEORIGIN', 'server': 'cloudflare', 'cf-ray': 'a46a7059cb89e544-ORD'} -+-+- b'error code: 522\n'
⚠️  WebSocket closed: The Session has been Closed!
⚠️  No ticks for 61s — reconnecting (attempt 3)...
🔴 3 consecutive reconnect attempts produced zero new ticks — forcing full re-login + resubscribe...
Logged in successfully
✅ Re-logged in and resubscribed (will confirm ticks resume next cycle)
⚠️  WebSocket closed: The Session has been Closed!
⚠️  Feed error: Handshake status 522 <none> -+-+- {'date': 'Wed, 07 Oct 2026 05:18:42 GMT', 'content-type': 'text/plain; charset=UTF-8', 'content-length': '16', 'connection': 'keep-alive', 'cache-control': 'private, max-age=0, no-store, no-cache, must-revalidate, post-check=0, pre-check=0', 'expires': 'Thu, 01 Jan 1970 00:00:01 GMT', 'referrer-policy': 'same-origin', 'server-timing': 'cfEdge;dur=19402,cfOrigin;dur=0', 'x-frame-options': 'SAMEORIGIN', 'server': 'cloudflare', 'cf-ray': 'a46a71e17871dacc-ORD'} -+-+- b'error code: 522\n'
⚠️  WebSocket closed: The Session has been Closed!
⚠️  No ticks for 61s — reconnecting (attempt 1)...
Socket Connection has been closed, So! The scripts are already un-subscribed!
The Data has been Un-Subscribed
  subscribe() returned OK (will confirm ticks resume next cycle)
⚠️  No ticks for 61s — reconnecting (attempt 2)...
Socket Connection has been closed, So! The scripts are already un-subscribed!
The Data has been Un-Subscribed
  subscribe() returned OK (will confirm ticks resume next cycle)
⚠️  No ticks for 61s — reconnecting (attempt 3)...
🔴 3 consecutive reconnect attempts produced zero new ticks — forcing full re-login + resubscribe...
Logged in successfully
✅ Re-logged in and resubscribed (will confirm ticks resume next cycle)
⚠️  WebSocket closed: The Session has been Closed!
⚠️  Feed error: [Errno 110] Connection timed out
⚠️  No ticks for 61s — reconnecting (attempt 1)...
Socket Connection has been closed, So! The scripts are already un-subscribed!
The Data has been Un-Subscribed
  subscribe() returned OK (will confirm ticks resume next cycle)
⚠️  WebSocket closed: The Session has been Closed!
⚠️  Feed error: [Errno 110] Connection timed out
⚠️  No ticks for 61s — reconnecting (attempt 2)...
Socket Connection has been closed, So! The scripts are already un-subscribed!
The Data has been Un-Subscribed
  subscribe() returned OK (will confirm ticks resume next cycle)
⚠️  WebSocket closed: The Session has been Closed!
⚠️  Feed error: [Errno 110] Connection timed out
⚠️  WebSocket closed: The Session has been Closed!
⚠️  No ticks for 61s — reconnecting (attempt 3)...
🔴 3 consecutive reconnect attempts produced zero new ticks — forcing full re-login + resubscribe...
Logged in successfully
✅ Re-logged in and resubscribed (will confirm ticks resume next cycle)
⚠️  WebSocket closed: The Session has been Closed!
⚠️  Feed error: [Errno 110] Connection timed out
⚠️  WebSocket closed: The Session has been Closed!
⚠️  No ticks for 61s — reconnecting (attempt 1)...
Socket Connection has been closed, So! The scripts are already un-subscribed!
The Data has been Un-Subscribed
  subscribe() returned OK (will confirm ticks resume next cycle)
⚠️  WebSocket closed: The Session has been Closed!
⚠️  Feed error: [Errno 110] Connection timed out
⚠️  WebSocket closed: The Session has been Closed!
⚠️  WebSocket closed: The Session has been Closed!
⚠️  Feed error: Handshake status 522 <none> -+-+- {'date': 'Wed, 07 Oct 2026 05:26:02 GMT', 'content-type': 'text/plain; charset=UTF-8', 'content-length': '16', 'connection': 'keep-alive', 'cache-control': 'private, max-age=0, no-store, no-cache, must-revalidate, post-check=0, pre-check=0', 'expires': 'Thu, 01 Jan 1970 00:00:01 GMT', 'referrer-policy': 'same-origin', 'server-timing': 'cfEdge;dur=19465,cfOrigin;dur=0', 'x-frame-options': 'SAMEORIGIN', 'server': 'cloudflare', 'cf-ray': 'a46a7ca2fcfbfa11-ORD'} -+-+- b'error code: 522\n'
⚠️  WebSocket closed: The Session has been Closed!
⚠️  No ticks for 61s — reconnecting (attempt 2)...
Socket Connection has been closed, So! The scripts are already un-subscribed!
The Data has been Un-Subscribed
  subscribe() returned OK (will confirm ticks resume next cycle)
⚠️  WebSocket closed: The Session has been Closed!
⚠️  Feed error: [Errno 110] Connection timed out
⚠️  WebSocket closed: The Session has been Closed!
⚠️  No ticks for 61s — reconnecting (attempt 3)...
🔴 3 consecutive reconnect attempts produced zero new ticks — forcing full re-login + resubscribe...
Logged in successfully
✅ Re-logged in and resubscribed (will confirm ticks resume next cycle)
⚠️  No ticks for 61s — reconnecting (attempt 1)...
Socket Connection has been closed, So! The scripts are already un-subscribed!
The Data has been Un-Subscribed
  subscribe() returned OK (will confirm ticks resume next cycle)
⚠️  WebSocket closed: The Session has been Closed!
⚠️  Feed error: [Errno 110] Connection timed out
⚠️  WebSocket closed: The Session has been Closed!
⚠️  No ticks for 61s — reconnecting (attempt 2)...
Socket Connection has been closed, So! The scripts are already un-subscribed!
The Data has been Un-Subscribed
  subscribe() returned OK (will confirm ticks resume next cycle)
⚠️  WebSocket closed: The Session has been Closed!
⚠️  Feed error: [Errno 110] Connection timed out
⚠️  No ticks for 61s — reconnecting (attempt 3)...
🔴 3 consecutive reconnect attempts produced zero new ticks — forcing full re-login + resubscribe...
Logged in successfully
✅ Re-logged in and resubscribed (will confirm ticks resume next cycle)
⚠️  WebSocket closed: The Session has been Closed!
⚠️  Feed error: [Errno 110] Connection timed out
⚠️  WebSocket closed: The Session has been Closed!
⚠️  WebSocket closed: The Session has been Closed!
⚠️  Feed error: Handshake status 522 <none> -+-+- {'date': 'Wed, 07 Oct 2026 05:31:17 GMT', 'content-type': 'text/plain; charset=UTF-8', 'content-length': '16', 'connection': 'keep-alive', 'cache-control': 'private, max-age=0, no-store, no-cache, must-revalidate, post-check=0, pre-check=0', 'expires': 'Thu, 01 Jan 1970 00:00:01 GMT', 'referrer-policy': 'same-origin', 'server-timing': 'cfEdge;dur=19478,cfOrigin;dur=0', 'x-frame-options': 'SAMEORIGIN', 'server': 'cloudflare', 'cf-ray': 'a46a8450295952a6-ORD'} -+-+- b'error code: 522\n'
⚠️  WebSocket closed: The Session has been Closed!
⚠️  No ticks for 61s — reconnecting (attempt 1)...
Socket Connection has been closed, So! The scripts are already un-subscribed!
The Data has been Un-Subscribed
  subscribe() returned OK (will confirm ticks resume next cycle)
⚠️  WebSocket closed: The Session has been Closed!
⚠️  Feed error: [Errno 110] Connection timed out
⚠️  WebSocket closed: The Session has been Closed!
⚠️  No ticks for 61s — reconnecting (attempt 2)...
Socket Connection has been closed, So! The scripts are already un-subscribed!
The Data has been Un-Subscribed
  subscribe() returned OK (will confirm ticks resume next cycle)
⚠️  No ticks for 61s — reconnecting (attempt 3)...
🔴 3 consecutive reconnect attempts produced zero new ticks — forcing full re-login + resubscribe...
Logged in successfully
✅ Re-logged in and resubscribed (will confirm ticks resume next cycle)
⚠️  WebSocket closed: The Session has been Closed!
⚠️  Feed error: [Errno 110] Connection timed out
⚠️  WebSocket closed: The Session has been Closed!
⚠️  No ticks for 61s — reconnecting (attempt 1)...
Socket Connection has been closed, So! The scripts are already un-subscribed!
The Data has been Un-Subscribed
  subscribe() returned OK (will confirm ticks resume next cycle)
⚠️  WebSocket closed: The Session has been Closed!
⚠️  Feed error: [Errno 110] Connection timed out
⚠️  No ticks for 61s — reconnecting (attempt 2)...
Socket Connection has been closed, So! The scripts are already un-subscribed!
The Data has been Un-Subscribed
  subscribe() returned OK (will confirm ticks resume next cycle)
⚠️  WebSocket closed: The Session has been Closed!
⚠️  Feed error: [Errno 110] Connection timed out
⚠️  WebSocket closed: The Session has been Closed!
⚠️  No ticks for 61s — reconnecting (attempt 3)...
🔴 3 consecutive reconnect attempts produced zero new ticks — forcing full re-login + resubscribe...
Logged in successfully
✅ Re-logged in and resubscribed (will confirm ticks resume next cycle)
⚠️  WebSocket closed: The Session has been Closed!
⚠️  Feed error: [Errno 110] Connection timed out
⚠️  WebSocket closed: The Session has been Closed!
⚠️  No ticks for 61s — reconnecting (attempt 1)...
Socket Connection has been closed, So! The scripts are already un-subscribed!
The Data has been Un-Subscribed
  subscribe() returned OK (will confirm ticks resume next cycle)
⚠️  WebSocket closed: The Session has been Closed!
⚠️  Feed error: [Errno 110] Connection timed out
⚠️  WebSocket closed: The Session has been Closed!
⚠️  No ticks for 61s — reconnecting (attempt 2)...
Socket Connection has been closed, So! The scripts are already un-subscribed!
The Data has been Un-Subscribed
  subscribe() returned OK (will confirm ticks resume next cycle)
⚠️  WebSocket closed: The Session has been Closed!
⚠️  Feed error: [Errno 110] Connection timed out
⚠️  WebSocket closed: The Session has been Closed!
⚠️  No ticks for 61s — reconnecting (attempt 3)...
🔴 3 consecutive reconnect attempts produced zero new ticks — forcing full re-login + resubscribe...
Logged in successfully
✅ Re-logged in and resubscribed (will confirm ticks resume next cycle)
⚠️  WebSocket closed: The Session has been Closed!
⚠️  Feed error: [Errno 110] Connection timed out
⚠️  WebSocket closed: The Session has been Closed!
⚠️  No ticks for 61s — reconnecting (attempt 1)...
Socket Connection has been closed, So! The scripts are already un-subscribed!
The Data has been Un-Subscribed
  subscribe() returned OK (will confirm ticks resume next cycle)
⚠️  WebSocket closed: The Session has been Closed!
⚠️  Feed error: [Errno 110] Connection timed out
⚠️  WebSocket closed: The Session has been Closed!
⚠️  WebSocket closed: The Session has been Closed!
⚠️  Feed error: Handshake status 522 <none> -+-+- {'date': 'Wed, 07 Oct 2026 05:41:46 GMT', 'content-type': 'text/plain; charset=UTF-8', 'content-length': '16', 'connection': 'keep-alive', 'cache-control': 'private, max-age=0, no-store, no-cache, must-revalidate, post-check=0, pre-check=0', 'expires': 'Thu, 01 Jan 1970 00:00:01 GMT', 'referrer-policy': 'same-origin', 'server-timing': 'cfEdge;dur=19319,cfOrigin;dur=0', 'x-frame-options': 'SAMEORIGIN', 'server': 'cloudflare', 'cf-ray': 'a46a93add93d4138-ORD'} -+-+- b'error code: 522\n'
⚠️  WebSocket closed: The Session has been Closed!
⚠️  No ticks for 61s — reconnecting (attempt 2)...
Socket Connection has been closed, So! The scripts are already un-subscribed!
The Data has been Un-Subscribed
  subscribe() returned OK (will confirm ticks resume next cycle)
⚠️  WebSocket closed: The Session has been Closed!
⚠️  Feed error: [Errno 110] Connection timed out
⚠️  WebSocket closed: The Session has been Closed!
⚠️  No ticks for 61s — reconnecting (attempt 3)...
🔴 3 consecutive reconnect attempts produced zero new ticks — forcing full re-login + resubscribe...
Logged in successfully
✅ Re-logged in and resubscribed (will confirm ticks resume next cycle)
⚠️  No ticks for 61s — reconnecting (attempt 1)...
Socket Connection has been closed, So! The scripts are already un-subscribed!
The Data has been Un-Subscribed
  subscribe() returned OK (will confirm ticks resume next cycle)
⚠️  WebSocket closed: The Session has been Closed!
⚠️  Feed error: [Errno 110] Connection timed out
⚠️  WebSocket closed: The Session has been Closed!
⚠️  No ticks for 61s — reconnecting (attempt 2)...
Socket Connection has been closed, So! The scripts are already un-subscribed!
The Data has been Un-Subscribed
  subscribe() returned OK (will confirm ticks resume next cycle)
⚠️  WebSocket closed: The Session has been Closed!
⚠️  Feed error: [Errno 110] Connection timed out
⚠️  No ticks for 61s — reconnecting (attempt 3)...
🔴 3 consecutive reconnect attempts produced zero new ticks — forcing full re-login + resubscribe...
Logged in successfully
✅ Re-logged in and resubscribed (will confirm ticks resume next cycle)
⚠️  WebSocket closed: The Session has been Closed!
⚠️  Feed error: [Errno 110] Connection timed out
⚠️  WebSocket closed: The Session has been Closed!
⚠️  No ticks for 61s — reconnecting (attempt 1)...
Socket Connection has been closed, So! The scripts are already un-subscribed!
The Data has been Un-Subscribed
  subscribe() returned OK (will confirm ticks resume next cycle)
⚠️  WebSocket closed: The Session has been Closed!
⚠️  Feed error: [Errno 110] Connection timed out
⚠️  WebSocket closed: The Session has been Closed!
⚠️  No ticks for 61s — reconnecting (attempt 2)...
Socket Connection has been closed, So! The scripts are already un-subscribed!
The Data has been Un-Subscribed
  subscribe() returned OK (will confirm ticks resume next cycle)
⚠️  WebSocket closed: The Session has been Closed!
⚠️  Feed error: [Errno 110] Connection timed out
⚠️  WebSocket closed: The Session has been Closed!
⚠️  WebSocket closed: The Session has been Closed!
⚠️  Feed error: Handshake status 522 <none> -+-+- {'date': 'Wed, 07 Oct 2026 05:49:07 GMT', 'content-type': 'text/plain; charset=UTF-8', 'content-length': '16', 'connection': 'keep-alive', 'cache-control': 'private, max-age=0, no-store, no-cache, must-revalidate, post-check=0, pre-check=0', 'expires': 'Thu, 01 Jan 1970 00:00:01 GMT', 'referrer-policy': 'same-origin', 'server-timing': 'cfEdge;dur=19577,cfOrigin;dur=0', 'x-frame-options': 'SAMEORIGIN', 'server': 'cloudflare', 'cf-ray': 'a46a9e6f099ec474-ORD'} -+-+- b'error code: 522\n'
⚠️  WebSocket closed: The Session has been Closed!
⚠️  No ticks for 61s — reconnecting (attempt 3)...
🔴 3 consecutive reconnect attempts produced zero new ticks — forcing full re-login + resubscribe...
Logged in successfully
✅ Re-logged in and resubscribed (will confirm ticks resume next cycle)
⚠️  WebSocket closed: The Session has been Closed!
⚠️  Feed error: [Errno 110] Connection timed out
⚠️  WebSocket closed: The Session has been Closed!
⚠️  WebSocket closed: The Session has been Closed!
⚠️  Feed error: Handshake status 522 <none> -+-+- {'date': 'Wed, 07 Oct 2026 05:50:10 GMT', 'content-type': 'text/plain; charset=UTF-8', 'content-length': '16', 'connection': 'keep-alive', 'cache-control': 'private, max-age=0, no-store, no-cache, must-revalidate, post-check=0, pre-check=0', 'expires': 'Thu, 01 Jan 1970 00:00:01 GMT', 'referrer-policy': 'same-origin', 'server-timing': 'cfEdge;dur=19732,cfOrigin;dur=0', 'x-frame-options': 'SAMEORIGIN', 'server': 'cloudflare', 'cf-ray': 'a46a9ff6ccfb49ad-ORD'} -+-+- b'error code: 522\n'
⚠️  WebSocket closed: The Session has been Closed!
⚠️  No ticks for 61s — reconnecting (attempt 1)...
Socket Connection has been closed, So! The scripts are already un-subscribed!
The Data has been Un-Subscribed
  subscribe() returned OK (will confirm ticks resume next cycle)
⚠️  No ticks for 61s — reconnecting (attempt 2)...
Socket Connection has been closed, So! The scripts are already un-subscribed!
The Data has been Un-Subscribed
  subscribe() returned OK (will confirm ticks resume next cycle)
⚠️  No ticks for 61s — reconnecting (attempt 3)...
🔴 3 consecutive reconnect attempts produced zero new ticks — forcing full re-login + resubscribe...
Logged in successfully
✅ Re-logged in and resubscribed (will confirm ticks resume next cycle)
⚠️  WebSocket closed: The Session has been Closed!
⚠️  Feed error: [Errno 110] Connection timed out
⚠️  No ticks for 61s — reconnecting (attempt 1)...
Socket Connection has been closed, So! The scripts are already un-subscribed!
The Data has been Un-Subscribed
  subscribe() returned OK (will confirm ticks resume next cycle)
⚠️  WebSocket closed: The Session has been Closed!
⚠️  Feed error: [Errno 110] Connection timed out
⚠️  No ticks for 61s — reconnecting (attempt 2)...
Socket Connection has been closed, So! The scripts are already un-subscribed!
The Data has been Un-Subscribed
  subscribe() returned OK (will confirm ticks resume next cycle)
⚠️  WebSocket closed: The Session has been Closed!
⚠️  Feed error: [Errno 110] Connection timed out
⚠️  WebSocket closed: The Session has been Closed!
⚠️  No ticks for 61s — reconnecting (attempt 3)...
🔴 3 consecutive reconnect attempts produced zero new ticks — forcing full re-login + resubscribe...
Logged in successfully
✅ Re-logged in and resubscribed (will confirm ticks resume next cycle)
⚠️  WebSocket closed: The Session has been Closed!
⚠️  Feed error: [Errno 110] Connection timed out
⚠️  WebSocket closed: The Session has been Closed!
⚠️  No ticks for 61s — reconnecting (attempt 1)...
Socket Connection has been closed, So! The scripts are already un-subscribed!
The Data has been Un-Subscribed
  subscribe() returned OK (will confirm ticks resume next cycle)
⚠️  WebSocket closed: The Session has been Closed!
⚠️  Feed error: [Errno 110] Connection timed out
⚠️  WebSocket closed: The Session has been Closed!
⚠️  No ticks for 61s — reconnecting (attempt 2)...
Socket Connection has been closed, So! The scripts are already un-subscribed!
The Data has been Un-Subscribed
  subscribe() returned OK (will confirm ticks resume next cycle)
⚠️  WebSocket closed: The Session has been Closed!
⚠️  Feed error: [Errno 110] Connection timed out
⚠️  WebSocket closed: The Session has been Closed!
⚠️  No ticks for 61s — reconnecting (attempt 3)...
🔴 3 consecutive reconnect attempts produced zero new ticks — forcing full re-login + resubscribe...
Logged in successfully
✅ Re-logged in and resubscribed (will confirm ticks resume next cycle)
⚠️  WebSocket closed: The Session has been Closed!
⚠️  Feed error: [Errno 110] Connection timed out
⚠️  WebSocket closed: The Session has been Closed!
⚠️  WebSocket closed: The Session has been Closed!
⚠️  Feed error: Handshake status 522 <none> -+-+- {'date': 'Wed, 07 Oct 2026 05:59:36 GMT', 'content-type': 'text/plain; charset=UTF-8', 'content-length': '16', 'connection': 'keep-alive', 'cache-control': 'private, max-age=0, no-store, no-cache, must-revalidate, post-check=0, pre-check=0', 'expires': 'Thu, 01 Jan 1970 00:00:01 GMT', 'referrer-policy': 'same-origin', 'server-timing': 'cfEdge;dur=19471,cfOrigin;dur=0', 'x-frame-options': 'SAMEORIGIN', 'server': 'cloudflare', 'cf-ray': 'a46aadca0d4be258-ORD'} -+-+- b'error code: 522\n'
⚠️  WebSocket closed: The Session has been Closed!
⚠️  No ticks for 61s — reconnecting (attempt 1)...
Socket Connection has been closed, So! The scripts are already un-subscribed!
The Data has been Un-Subscribed
  subscribe() returned OK (will confirm ticks resume next cycle)
⚠️  WebSocket closed: The Session has been Closed!
⚠️  Feed error: [Errno 110] Connection timed out
⚠️  WebSocket closed: The Session has been Closed!
⚠️  No ticks for 61s — reconnecting (attempt 2)...
Socket Connection has been closed, So! The scripts are already un-subscribed!
The Data has been Un-Subscribed
  subscribe() returned OK (will confirm ticks resume next cycle)
⚠️  No ticks for 61s — reconnecting (attempt 3)...
🔴 3 consecutive reconnect attempts produced zero new ticks — forcing full re-login + resubscribe...
Logged in successfully
✅ Re-logged in and resubscribed (will confirm ticks resume next cycle)
⚠️  WebSocket closed: The Session has been Closed!
⚠️  Feed error: [Errno 110] Connection timed out
⚠️  WebSocket closed: The Session has been Closed!
⚠️  WebSocket closed: The Session has been Closed!
⚠️  Feed error: Handshake status 522 <none> -+-+- {'date': 'Wed, 07 Oct 2026 06:02:44 GMT', 'content-type': 'text/plain; charset=UTF-8', 'content-length': '16', 'connection': 'keep-alive', 'cache-control': 'private, max-age=0, no-store, no-cache, must-revalidate, post-check=0, pre-check=0', 'expires': 'Thu, 01 Jan 1970 00:00:01 GMT', 'referrer-policy': 'same-origin', 'server-timing': 'cfEdge;dur=19342,cfOrigin;dur=0', 'x-frame-options': 'SAMEORIGIN', 'server': 'cloudflare', 'cf-ray': 'a46ab2661f7461b4-ORD'} -+-+- b'error code: 522\n'
⚠️  WebSocket closed: The Session has been Closed!
⚠️  No ticks for 61s — reconnecting (attempt 1)...
Socket Connection has been closed, So! The scripts are already un-subscribed!
The Data has been Un-Subscribed
  subscribe() returned OK (will confirm ticks resume next cycle)
⚠️  WebSocket closed: The Session has been Closed!
⚠️  Feed error: [Errno 110] Connection timed out
⚠️  WebSocket closed: The Session has been Closed!
⚠️  Feed error: Handshake status 522 <none> -+-+- {'date': 'Wed, 07 Oct 2026 06:03:48 GMT', 'content-type': 'text/plain; charset=UTF-8', 'content-length': '16', 'connection': 'keep-alive', 'cache-control': 'private, max-age=0, no-store, no-cache, must-revalidate, post-check=0, pre-check=0', 'expires': 'Thu, 01 Jan 1970 00:00:01 GMT', 'referrer-policy': 'same-origin', 'server-timing': 'cfEdge;dur=19575,cfOrigin;dur=0', 'x-frame-options': 'SAMEORIGIN', 'server': 'cloudflare', 'cf-ray': 'a46ab3efe8ca634a-ORD'} -+-+- b'error code: 522\n'
⚠️  WebSocket closed: The Session has been Closed!
⚠️  No ticks for 61s — reconnecting (attempt 2)...
Socket Connection has been closed, So! The scripts are already un-subscribed!
The Data has been Un-Subscribed
  subscribe() returned OK (will confirm ticks resume next cycle)
⚠️  No ticks for 61s — reconnecting (attempt 3)...
🔴 3 consecutive reconnect attempts produced zero new ticks — forcing full re-login + resubscribe...
Logged in successfully
✅ Re-logged in and resubscribed (will confirm ticks resume next cycle)
⚠️  No ticks for 61s — reconnecting (attempt 1)...
Socket Connection has been closed, So! The scripts are already un-subscribed!
The Data has been Un-Subscribed
  subscribe() returned OK (will confirm ticks resume next cycle)
⚠️  WebSocket closed: The Session has been Closed!
⚠️  Feed error: [Errno 110] Connection timed out
⚠️  No ticks for 61s — reconnecting (attempt 2)...
Socket Connection has been closed, So! The scripts are already un-subscribed!
The Data has been Un-Subscribed
  subscribe() returned OK (will confirm ticks resume next cycle)
⚠️  WebSocket closed: The Session has been Closed!
⚠️  Feed error: [Errno 110] Connection timed out
⚠️  No ticks for 61s — reconnecting (attempt 3)...
🔴 3 consecutive reconnect attempts produced zero new ticks — forcing full re-login + resubscribe...
Logged in successfully
✅ Re-logged in and resubscribed (will confirm ticks resume next cycle)
⚠️  WebSocket closed: The Session has been Closed!
⚠️  Feed error: [Errno 110] Connection timed out
⚠️  WebSocket closed: The Session has been Closed!
⚠️  No ticks for 61s — reconnecting (attempt 1)...
Socket Connection has been closed, So! The scripts are already un-subscribed!
The Data has been Un-Subscribed
  subscribe() returned OK (will confirm ticks resume next cycle)
⚠️  WebSocket closed: The Session has been Closed!
⚠️  Feed error: [Errno 110] Connection timed out
⚠️  WebSocket closed: The Session has been Closed!
⚠️  No ticks for 61s — reconnecting (attempt 2)...
Socket Connection has been closed, So! The scripts are already un-subscribed!
The Data has been Un-Subscribed
  subscribe() returned OK (will confirm ticks resume next cycle)
⚠️  WebSocket closed: The Session has been Closed!
⚠️  Feed error: [Errno 110] Connection timed out
⚠️  WebSocket closed: The Session has been Closed!
⚠️  No ticks for 61s — reconnecting (attempt 3)...
🔴 3 consecutive reconnect attempts produced zero new ticks — forcing full re-login + resubscribe...
Logged in successfully
✅ Re-logged in and resubscribed (will confirm ticks resume next cycle)
⚠️  WebSocket closed: The Session has been Closed!
⚠️  Feed error: [Errno 110] Connection timed out
⚠️  WebSocket closed: The Session has been Closed!
⚠️  No ticks for 61s — reconnecting (attempt 1)...
Socket Connection has been closed, So! The scripts are already un-subscribed!
The Data has been Un-Subscribed
  subscribe() returned OK (will confirm ticks resume next cycle)
⚠️  WebSocket closed: The Session has been Closed!
⚠️  Feed error: [Errno 110] Connection timed out
⚠️  WebSocket closed: The Session has been Closed!
⚠️  No ticks for 61s — reconnecting (attempt 2)...
Socket Connection has been closed, So! The scripts are already un-subscribed!
The Data has been Un-Subscribed
  subscribe() returned OK (will confirm ticks resume next cycle)
⚠️  WebSocket closed: The Session has been Closed!
⚠️  Feed error: [Errno 110] Connection timed out
⚠️  WebSocket closed: The Session has been Closed!
⚠️  No ticks for 61s — reconnecting (attempt 3)...
🔴 3 consecutive reconnect attempts produced zero new ticks — forcing full re-login + resubscribe...
Logged in successfully
✅ Re-logged in and resubscribed (will confirm ticks resume next cycle)
⚠️  WebSocket closed: The Session has been Closed!
⚠️  Feed error: [Errno 110] Connection timed out
⚠️  WebSocket closed: The Session has been Closed!
⚠️  No ticks for 61s — reconnecting (attempt 1)...
Socket Connection has been closed, So! The scripts are already un-subscribed!
The Data has been Un-Subscribed
  subscribe() returned OK (will confirm ticks resume next cycle)
⚠️  WebSocket closed: The Session has been Closed!
⚠️  Feed error: [Errno 110] Connection timed out
⚠️  WebSocket closed: The Session has been Closed!
⚠️  No ticks for 61s — reconnecting (attempt 2)...
Socket Connection has been closed, So! The scripts are already un-subscribed!
The Data has been Un-Subscribed
  subscribe() returned OK (will confirm ticks resume next cycle)
⚠️  WebSocket closed: The Session has been Closed!
⚠️  Feed error: [Errno 110] Connection timed out
⚠️  WebSocket closed: The Session has been Closed!
⚠️  WebSocket closed: The Session has been Closed!
⚠️  Feed error: Handshake status 522 <none> -+-+- {'date': 'Wed, 07 Oct 2026 06:17:26 GMT', 'content-type': 'text/plain; charset=UTF-8', 'content-length': '16', 'connection': 'keep-alive', 'cache-control': 'private, max-age=0, no-store, no-cache, must-revalidate, post-check=0, pre-check=0', 'expires': 'Thu, 01 Jan 1970 00:00:01 GMT', 'referrer-policy': 'same-origin', 'server-timing': 'cfEdge;dur=19597,cfOrigin;dur=0', 'x-frame-options': 'SAMEORIGIN', 'server': 'cloudflare', 'cf-ray': 'a46ac7e948fbc694-ORD'} -+-+- b'error code: 522\n'
⚠️  WebSocket closed: The Session has been Closed!
⚠️  No ticks for 61s — reconnecting (attempt 3)...
🔴 3 consecutive reconnect attempts produced zero new ticks — forcing full re-login + resubscribe...
Logged in successfully
✅ Re-logged in and resubscribed (will confirm ticks resume next cycle)
⚠️  WebSocket closed: The Session has been Closed!
⚠️  Feed error: [Errno 110] Connection timed out
⚠️  WebSocket closed: The Session has been Closed!
⚠️  WebSocket closed: The Session has been Closed!
⚠️  Feed error: Handshake status 522 <none> -+-+- {'date': 'Wed, 07 Oct 2026 06:18:29 GMT', 'content-type': 'text/plain; charset=UTF-8', 'content-length': '16', 'connection': 'keep-alive', 'cache-control': 'private, max-age=0, no-store, no-cache, must-revalidate, post-check=0, pre-check=0', 'expires': 'Thu, 01 Jan 1970 00:00:01 GMT', 'referrer-policy': 'same-origin', 'server-timing': 'cfEdge;dur=19754,cfOrigin;dur=0', 'x-frame-options': 'SAMEORIGIN', 'server': 'cloudflare', 'cf-ray': 'a46ac9722a8fb57d-ORD'} -+-+- b'error code: 522\n'
⚠️  WebSocket closed: The Session has been Closed!
⚠️  No ticks for 61s — reconnecting (attempt 1)...
Socket Connection has been closed, So! The scripts are already un-subscribed!
The Data has been Un-Subscribed
  subscribe() returned OK (will confirm ticks resume next cycle)
⚠️  WebSocket closed: The Session has been Closed!
⚠️  Feed error: Handshake status 522 <none> -+-+- {'date': 'Wed, 07 Oct 2026 06:19:32 GMT', 'content-type': 'text/plain; charset=UTF-8', 'content-length': '16', 'connection': 'keep-alive', 'cache-control': 'private, max-age=0, no-store, no-cache, must-revalidate, post-check=0, pre-check=0', 'expires': 'Thu, 01 Jan 1970 00:00:01 GMT', 'referrer-policy': 'same-origin', 'server-timing': 'cfEdge;dur=19640,cfOrigin;dur=0', 'x-frame-options': 'SAMEORIGIN', 'server': 'cloudflare', 'cf-ray': 'a46acafc0e8c5078-ORD'} -+-+- b'error code: 522\n'
⚠️  WebSocket closed: The Session has been Closed!
⚠️  No ticks for 61s — reconnecting (attempt 2)...
Socket Connection has been closed, So! The scripts are already un-subscribed!
The Data has been Un-Subscribed
  subscribe() returned OK (will confirm ticks resume next cycle)
⚠️  No ticks for 61s — reconnecting (attempt 3)...
🔴 3 consecutive reconnect attempts produced zero new ticks — forcing full re-login + resubscribe...
Logged in successfully
✅ Re-logged in and resubscribed (will confirm ticks resume next cycle)
⚠️  WebSocket closed: The Session has been Closed!
⚠️  Feed error: Handshake status 522 <none> -+-+- {'date': 'Wed, 07 Oct 2026 06:21:37 GMT', 'content-type': 'text/plain; charset=UTF-8', 'content-length': '16', 'connection': 'keep-alive', 'cache-control': 'private, max-age=0, no-store, no-cache, must-revalidate, post-check=0, pre-check=0', 'expires': 'Thu, 01 Jan 1970 00:00:01 GMT', 'referrer-policy': 'same-origin', 'server-timing': 'cfEdge;dur=19516,cfOrigin;dur=0', 'x-frame-options': 'SAMEORIGIN', 'server': 'cloudflare', 'cf-ray': 'a46ace0e291b1413-ORD'} -+-+- b'error code: 522\n'
⚠️  WebSocket closed: The Session has been Closed!
⚠️  No ticks for 61s — reconnecting (attempt 1)...
Socket Connection has been closed, So! The scripts are already un-subscribed!
The Data has been Un-Subscribed
  subscribe() returned OK (will confirm ticks resume next cycle)
⚠️  WebSocket closed: The Session has been Closed!
⚠️  Feed error: [Errno 110] Connection timed out
⚠️  WebSocket closed: The Session has been Closed!
⚠️  Feed error: Handshake status 522 <none> -+-+- {'date': 'Wed, 07 Oct 2026 06:22:40 GMT', 'content-type': 'text/plain; charset=UTF-8', 'content-length': '16', 'connection': 'keep-alive', 'cache-control': 'private, max-age=0, no-store, no-cache, must-revalidate, post-check=0, pre-check=0', 'expires': 'Thu, 01 Jan 1970 00:00:01 GMT', 'referrer-policy': 'same-origin', 'server-timing': 'cfEdge;dur=19306,cfOrigin;dur=0', 'x-frame-options': 'SAMEORIGIN', 'server': 'cloudflare', 'cf-ray': 'a46acf980db8f53a-ORD'} -+-+- b'error code: 522\n'
⚠️  WebSocket closed: The Session has been Closed!
⚠️  No ticks for 61s — reconnecting (attempt 2)...
Socket Connection has been closed, So! The scripts are already un-subscribed!
The Data has been Un-Subscribed
  subscribe() returned OK (will confirm ticks resume next cycle)
⚠️  No ticks for 61s — reconnecting (attempt 3)...
🔴 3 consecutive reconnect attempts produced zero new ticks — forcing full re-login + resubscribe...
Logged in successfully
✅ Re-logged in and resubscribed (will confirm ticks resume next cycle)
⚠️  No ticks for 61s — reconnecting (attempt 1)...
Socket Connection has been closed, So! The scripts are already un-subscribed!
The Data has been Un-Subscribed
  subscribe() returned OK (will confirm ticks resume next cycle)
⚠️  WebSocket closed: The Session has been Closed!
⚠️  Feed error: [Errno 110] Connection timed out
⚠️  No ticks for 61s — reconnecting (attempt 2)...
Socket Connection has been closed, So! The scripts are already un-subscribed!
The Data has been Un-Subscribed
  subscribe() returned OK (will confirm ticks resume next cycle)
⚠️  WebSocket closed: The Session has been Closed!
⚠️  Feed error: [Errno 110] Connection timed out
⚠️  No ticks for 61s — reconnecting (attempt 3)...
🔴 3 consecutive reconnect attempts produced zero new ticks — forcing full re-login + resubscribe...
Logged in successfully
✅ Re-logged in and resubscribed (will confirm ticks resume next cycle)
⚠️  WebSocket closed: The Session has been Closed!
⚠️  Feed error: [Errno 110] Connection timed out
⚠️  WebSocket closed: The Session has been Closed!
⚠️  No ticks for 61s — reconnecting (attempt 1)...
Socket Connection has been closed, So! The scripts are already un-subscribed!
The Data has been Un-Subscribed
  subscribe() returned OK (will confirm ticks resume next cycle)
⚠️  WebSocket closed: The Session has been Closed!
⚠️  Feed error: [Errno 110] Connection timed out
⚠️  WebSocket closed: The Session has been Closed!
⚠️  WebSocket closed: The Session has been Closed!
⚠️  Feed error: Handshake status 522 <none> -+-+- {'date': 'Wed, 07 Oct 2026 06:28:58 GMT', 'content-type': 'text/plain; charset=UTF-8', 'content-length': '16', 'connection': 'keep-alive', 'cache-control': 'private, max-age=0, no-store, no-cache, must-revalidate, post-check=0, pre-check=0', 'expires': 'Thu, 01 Jan 1970 00:00:01 GMT', 'referrer-policy': 'same-origin', 'server-timing': 'cfEdge;dur=19758,cfOrigin;dur=0', 'x-frame-options': 'SAMEORIGIN', 'server': 'cloudflare', 'cf-ray': 'a46ad8cfaecffa1d-ORD'} -+-+- b'error code: 522\n'
⚠️  WebSocket closed: The Session has been Closed!
⚠️  No ticks for 61s — reconnecting (attempt 2)...
Socket Connection has been closed, So! The scripts are already un-subscribed!
The Data has been Un-Subscribed
  subscribe() returned OK (will confirm ticks resume next cycle)
⚠️  WebSocket closed: The Session has been Closed!
⚠️  Feed error: [Errno 110] Connection timed out
⚠️  WebSocket closed: The Session has been Closed!
⚠️  No ticks for 61s — reconnecting (attempt 3)...
🔴 3 consecutive reconnect attempts produced zero new ticks — forcing full re-login + resubscribe...
Logged in successfully
✅ Re-logged in and resubscribed (will confirm ticks resume next cycle)
⚠️  No ticks for 61s — reconnecting (attempt 1)...
Socket Connection has been closed, So! The scripts are already un-subscribed!
The Data has been Un-Subscribed
  subscribe() returned OK (will confirm ticks resume next cycle)
⚠️  WebSocket closed: The Session has been Closed!
⚠️  Feed error: [Errno 110] Connection timed out
⚠️  WebSocket closed: The Session has been Closed!
⚠️  No ticks for 61s — reconnecting (attempt 2)...
Socket Connection has been closed, So! The scripts are already un-subscribed!
The Data has been Un-Subscribed
  subscribe() returned OK (will confirm ticks resume next cycle)
⚠️  WebSocket closed: The Session has been Closed!
⚠️  Feed error: [Errno 110] Connection timed out
⚠️  No ticks for 61s — reconnecting (attempt 3)...
🔴 3 consecutive reconnect attempts produced zero new ticks — forcing full re-login + resubscribe...
Logged in successfully
✅ Re-logged in and resubscribed (will confirm ticks resume next cycle)
⚠️  WebSocket closed: The Session has been Closed!
⚠️  Feed error: [Errno 110] Connection timed out
⚠️  WebSocket closed: The Session has been Closed!
⚠️  No ticks for 61s — reconnecting (attempt 1)...
Socket Connection has been closed, So! The scripts are already un-subscribed!
The Data has been Un-Subscribed
  subscribe() returned OK (will confirm ticks resume next cycle)
⚠️  WebSocket closed: The Session has been Closed!
⚠️  Feed error: [Errno 110] Connection timed out
⚠️  WebSocket closed: The Session has been Closed!
⚠️  No ticks for 61s — reconnecting (attempt 2)...
Socket Connection has been closed, So! The scripts are already un-subscribed!
The Data has been Un-Subscribed
  subscribe() returned OK (will confirm ticks resume next cycle)
⚠️  WebSocket closed: The Session has been Closed!
⚠️  Feed error: [Errno 110] Connection timed out
⚠️  WebSocket closed: The Session has been Closed!
⚠️  WebSocket closed: The Session has been Closed!
⚠️  Feed error: Handshake status 522 <none> -+-+- {'date': 'Wed, 07 Oct 2026 06:36:19 GMT', 'content-type': 'text/plain; charset=UTF-8', 'content-length': '16', 'connection': 'keep-alive', 'cache-control': 'private, max-age=0, no-store, no-cache, must-revalidate, post-check=0, pre-check=0', 'expires': 'Thu, 01 Jan 1970 00:00:01 GMT', 'referrer-policy': 'same-origin', 'server-timing': 'cfEdge;dur=19570,cfOrigin;dur=0', 'x-frame-options': 'SAMEORIGIN', 'server': 'cloudflare', 'cf-ray': 'a46ae391c9c7eaca-ORD'} -+-+- b'error code: 522\n'
⚠️  WebSocket closed: The Session has been Closed!
⚠️  No ticks for 61s — reconnecting (attempt 3)...
🔴 3 consecutive reconnect attempts produced zero new ticks — forcing full re-login + resubscribe...
Logged in successfully
✅ Re-logged in and resubscribed (will confirm ticks resume next cycle)
⚠️  WebSocket closed: The Session has been Closed!
⚠️  Feed error: [Errno 110] Connection timed out
⚠️  WebSocket closed: The Session has been Closed!
⚠️  No ticks for 61s — reconnecting (attempt 1)...
Socket Connection has been closed, So! The scripts are already un-subscribed!
The Data has been Un-Subscribed
  subscribe() returned OK (will confirm ticks resume next cycle)
⚠️  WebSocket closed: The Session has been Closed!
⚠️  Feed error: Handshake status 522 <none> -+-+- {'date': 'Wed, 07 Oct 2026 06:38:24 GMT', 'content-type': 'text/plain; charset=UTF-8', 'content-length': '16', 'connection': 'keep-alive', 'cache-control': 'private, max-age=0, no-store, no-cache, must-revalidate, post-check=0, pre-check=0', 'expires': 'Thu, 01 Jan 1970 00:00:01 GMT', 'referrer-policy': 'same-origin', 'server-timing': 'cfEdge;dur=19280,cfOrigin;dur=0', 'x-frame-options': 'SAMEORIGIN', 'server': 'cloudflare', 'cf-ray': 'a46ae6a48a2f69dd-ORD'} -+-+- b'error code: 522\n'
⚠️  WebSocket closed: The Session has been Closed!
⚠️  No ticks for 61s — reconnecting (attempt 2)...
Socket Connection has been closed, So! The scripts are already un-subscribed!
The Data has been Un-Subscribed
  subscribe() returned OK (will confirm ticks resume next cycle)
⚠️  WebSocket closed: The Session has been Closed!
⚠️  Feed error: [Errno 110] Connection timed out
⚠️  WebSocket closed: The Session has been Closed!
⚠️  No ticks for 61s — reconnecting (attempt 3)...
🔴 3 consecutive reconnect attempts produced zero new ticks — forcing full re-login + resubscribe...
Logged in successfully
✅ Re-logged in and resubscribed (will confirm ticks resume next cycle)
⚠️  No ticks for 61s — reconnecting (attempt 1)...
Socket Connection has been closed, So! The scripts are already un-subscribed!
The Data has been Un-Subscribed
  subscribe() returned OK (will confirm ticks resume next cycle)
⚠️  WebSocket closed: The Session has been Closed!
⚠️  Feed error: [Errno 110] Connection timed out
⚠️  WebSocket closed: The Session has been Closed!
⚠️  No ticks for 61s — reconnecting (attempt 2)...
Socket Connection has been closed, So! The scripts are already un-subscribed!
The Data has been Un-Subscribed
  subscribe() returned OK (will confirm ticks resume next cycle)
⚠️  WebSocket closed: The Session has been Closed!
⚠️  Feed error: [Errno 110] Connection timed out
⚠️  No ticks for 61s — reconnecting (attempt 3)...
🔴 3 consecutive reconnect attempts produced zero new ticks — forcing full re-login + resubscribe...
Logged in successfully
✅ Re-logged in and resubscribed (will confirm ticks resume next cycle)
⚠️  WebSocket closed: The Session has been Closed!
⚠️  Feed error: [Errno 110] Connection timed out
⚠️  WebSocket closed: The Session has been Closed!
⚠️  No ticks for 61s — reconnecting (attempt 1)...
Socket Connection has been closed, So! The scripts are already un-subscribed!
The Data has been Un-Subscribed
  subscribe() returned OK (will confirm ticks resume next cycle)
⚠️  WebSocket closed: The Session has been Closed!
⚠️  Feed error: [Errno 110] Connection timed out
⚠️  WebSocket closed: The Session has been Closed!
⚠️  No ticks for 61s — reconnecting (attempt 2)...
Socket Connection has been closed, So! The scripts are already un-subscribed!
The Data has been Un-Subscribed
  subscribe() returned OK (will confirm ticks resume next cycle)
⚠️  WebSocket closed: The Session has been Closed!
⚠️  Feed error: [Errno 110] Connection timed out
⚠️  WebSocket closed: The Session has been Closed!
⚠️  No ticks for 61s — reconnecting (attempt 3)...
🔴 3 consecutive reconnect attempts produced zero new ticks — forcing full re-login + resubscribe...
Logged in successfully
✅ Re-logged in and resubscribed (will confirm ticks resume next cycle)
⚠️  WebSocket closed: The Session has been Closed!
⚠️  Feed error: [Errno 110] Connection timed out
⚠️  WebSocket closed: The Session has been Closed!
⚠️  No ticks for 61s — reconnecting (attempt 1)...
Socket Connection has been closed, So! The scripts are already un-subscribed!
The Data has been Un-Subscribed
  subscribe() returned OK (will confirm ticks resume next cycle)
⚠️  WebSocket closed: The Session has been Closed!
⚠️  Feed error: [Errno 110] Connection timed out
⚠️  WebSocket closed: The Session has been Closed!
⚠️  No ticks for 61s — reconnecting (attempt 2)...
Socket Connection has been closed, So! The scripts are already un-subscribed!
The Data has been Un-Subscribed
  subscribe() returned OK (will confirm ticks resume next cycle)
⚠️  WebSocket closed: The Session has been Closed!
⚠️  Feed error: [Errno 110] Connection timed out
⚠️  WebSocket closed: The Session has been Closed!
⚠️  No ticks for 61s — reconnecting (attempt 3)...
🔴 3 consecutive reconnect attempts produced zero new ticks — forcing full re-login + resubscribe...
Logged in successfully
✅ Re-logged in and resubscribed (will confirm ticks resume next cycle)
⚠️  WebSocket closed: The Session has been Closed!
⚠️  Feed error: [Errno 110] Connection timed out
⚠️  WebSocket closed: The Session has been Closed!
⚠️  WebSocket closed: The Session has been Closed!
⚠️  Feed error: Handshake status 522 <none> -+-+- {'date': 'Wed, 07 Oct 2026 06:49:57 GMT', 'content-type': 'text/plain; charset=UTF-8', 'content-length': '16', 'connection': 'keep-alive', 'cache-control': 'private, max-age=0, no-store, no-cache, must-revalidate, post-check=0, pre-check=0', 'expires': 'Thu, 01 Jan 1970 00:00:01 GMT', 'referrer-policy': 'same-origin', 'server-timing': 'cfEdge;dur=19502,cfOrigin;dur=0', 'x-frame-options': 'SAMEORIGIN', 'server': 'cloudflare', 'cf-ray': 'a46af78a0ee27e6b-ORD'} -+-+- b'error code: 522\n'
⚠️  WebSocket closed: The Session has been Closed!
⚠️  No ticks for 61s — reconnecting (attempt 1)...
Socket Connection has been closed, So! The scripts are already un-subscribed!
The Data has been Un-Subscribed
  subscribe() returned OK (will confirm ticks resume next cycle)
⚠️  WebSocket closed: The Session has been Closed!
⚠️  Feed error: [Errno 110] Connection timed out
⚠️  WebSocket closed: The Session has been Closed!
⚠️  No ticks for 61s — reconnecting (attempt 2)...
Socket Connection has been closed, So! The scripts are already un-subscribed!
The Data has been Un-Subscribed
  subscribe() returned OK (will confirm ticks resume next cycle)
⚠️  No ticks for 61s — reconnecting (attempt 3)...
🔴 3 consecutive reconnect attempts produced zero new ticks — forcing full re-login + resubscribe...
Logged in successfully
✅ Re-logged in and resubscribed (will confirm ticks resume next cycle)
⚠️  WebSocket closed: The Session has been Closed!
⚠️  Feed error: [Errno 110] Connection timed out
⚠️  WebSocket closed: The Session has been Closed!
⚠️  No ticks for 61s — reconnecting (attempt 1)...
Socket Connection has been closed, So! The scripts are already un-subscribed!
The Data has been Un-Subscribed
  subscribe() returned OK (will confirm ticks resume next cycle)
⚠️  WebSocket closed: The Session has been Closed!
⚠️  Feed error: [Errno 110] Connection timed out
⚠️  No ticks for 61s — reconnecting (attempt 2)...
Socket Connection has been closed, So! The scripts are already un-subscribed!
The Data has been Un-Subscribed
  subscribe() returned OK (will confirm ticks resume next cycle)
⚠️  WebSocket closed: The Session has been Closed!
⚠️  Feed error: [Errno 110] Connection timed out
⚠️  WebSocket closed: The Session has been Closed!
⚠️  No ticks for 61s — reconnecting (attempt 3)...
🔴 3 consecutive reconnect attempts produced zero new ticks — forcing full re-login + resubscribe...
Logged in successfully
✅ Re-logged in and resubscribed (will confirm ticks resume next cycle)
⚠️  WebSocket closed: The Session has been Closed!
⚠️  Feed error: [Errno 110] Connection timed out
⚠️  WebSocket closed: The Session has been Closed!
⚠️  No ticks for 61s — reconnecting (attempt 1)...
Socket Connection has been closed, So! The scripts are already un-subscribed!
The Data has been Un-Subscribed
  subscribe() returned OK (will confirm ticks resume next cycle)
⚠️  WebSocket closed: The Session has been Closed!
⚠️  Feed error: [Errno 110] Connection timed out
⚠️  WebSocket closed: The Session has been Closed!
⚠️  No ticks for 61s — reconnecting (attempt 2)...
Socket Connection has been closed, So! The scripts are already un-subscribed!
The Data has been Un-Subscribed
  subscribe() returned OK (will confirm ticks resume next cycle)
⚠️  WebSocket closed: The Session has been Closed!
⚠️  Feed error: [Errno 110] Connection timed out
⚠️  WebSocket closed: The Session has been Closed!
⚠️  No ticks for 61s — reconnecting (attempt 3)...
🔴 3 consecutive reconnect attempts produced zero new ticks — forcing full re-login + resubscribe...
Logged in successfully
✅ Re-logged in and resubscribed (will confirm ticks resume next cycle)
⚠️  WebSocket closed: The Session has been Closed!
⚠️  Feed error: [Errno 110] Connection timed out
⚠️  WebSocket closed: The Session has been Closed!
⚠️  No ticks for 61s — reconnecting (attempt 1)...
Socket Connection has been closed, So! The scripts are already un-subscribed!
The Data has been Un-Subscribed
  subscribe() returned OK (will confirm ticks resume next cycle)
⚠️  WebSocket closed: The Session has been Closed!
⚠️  Feed error: [Errno 110] Connection timed out
⚠️  WebSocket closed: The Session has been Closed!
⚠️  No ticks for 61s — reconnecting (attempt 2)...
Socket Connection has been closed, So! The scripts are already un-subscribed!
The Data has been Un-Subscribed
  subscribe() returned OK (will confirm ticks resume next cycle)
⚠️  WebSocket closed: The Session has been Closed!
⚠️  Feed error: [Errno 110] Connection timed out
⚠️  WebSocket closed: The Session has been Closed!
⚠️  No ticks for 61s — reconnecting (attempt 3)...
🔴 3 consecutive reconnect attempts produced zero new ticks — forcing full re-login + resubscribe...
Logged in successfully
✅ Re-logged in and resubscribed (will confirm ticks resume next cycle)
⚠️  WebSocket closed: The Session has been Closed!
⚠️  Feed error: [Errno 110] Connection timed out
⚠️  WebSocket closed: The Session has been Closed!
⚠️  No ticks for 61s — reconnecting (attempt 1)...
Socket Connection has been closed, So! The scripts are already un-subscribed!
The Data has been Un-Subscribed
  subscribe() returned OK (will confirm ticks resume next cycle)
⚠️  WebSocket closed: The Session has been Closed!
⚠️  Feed error: [Errno 110] Connection timed out
⚠️  WebSocket closed: The Session has been Closed!
⚠️  No ticks for 61s — reconnecting (attempt 2)...
Socket Connection has been closed, So! The scripts are already un-subscribed!
The Data has been Un-Subscribed
  subscribe() returned OK (will confirm ticks resume next cycle)
⚠️  WebSocket closed: The Session has been Closed!
⚠️  Feed error: [Errno 110] Connection timed out
⚠️  WebSocket closed: The Session has been Closed!
⚠️  No ticks for 61s — reconnecting (attempt 3)...
🔴 3 consecutive reconnect attempts produced zero new ticks — forcing full re-login + resubscribe...
Logged in successfully
✅ Re-logged in and resubscribed (will confirm ticks resume next cycle)
⚠️  WebSocket closed: The Session has been Closed!
⚠️  Feed error: [Errno 110] Connection timed out
⚠️  WebSocket closed: The Session has been Closed!
⚠️  No ticks for 61s — reconnecting (attempt 1)...
Socket Connection has been closed, So! The scripts are already un-subscribed!
The Data has been Un-Subscribed
  subscribe() returned OK (will confirm ticks resume next cycle)
⚠️  WebSocket closed: The Session has been Closed!
⚠️  Feed error: [Errno 110] Connection timed out
⚠️  WebSocket closed: The Session has been Closed!
⚠️  WebSocket closed: The Session has been Closed!
⚠️  Feed error: Handshake status 522 <none> -+-+- {'date': 'Wed, 07 Oct 2026 07:06:44 GMT', 'content-type': 'text/plain; charset=UTF-8', 'content-length': '16', 'connection': 'keep-alive', 'cache-control': 'private, max-age=0, no-store, no-cache, must-revalidate, post-check=0, pre-check=0', 'expires': 'Thu, 01 Jan 1970 00:00:01 GMT', 'referrer-policy': 'same-origin', 'server-timing': 'cfEdge;dur=19603,cfOrigin;dur=0', 'x-frame-options': 'SAMEORIGIN', 'server': 'cloudflare', 'cf-ray': 'a46b101efc3a9652-ORD'} -+-+- b'error code: 522\n'
⚠️  WebSocket closed: The Session has been Closed!
⚠️  No ticks for 61s — reconnecting (attempt 2)...
Socket Connection has been closed, So! The scripts are already un-subscribed!
The Data has been Un-Subscribed
  subscribe() returned OK (will confirm ticks resume next cycle)
⚠️  WebSocket closed: The Session has been Closed!
⚠️  Feed error: [Errno 110] Connection timed out
⚠️  WebSocket closed: The Session has been Closed!
⚠️  No ticks for 61s — reconnecting (attempt 3)...
🔴 3 consecutive reconnect attempts produced zero new ticks — forcing full re-login + resubscribe...
Logged in successfully
✅ Re-logged in and resubscribed (will confirm ticks resume next cycle)
⚠️  WebSocket closed: The Session has been Closed!
⚠️  Feed error: Handshake status 522 <none> -+-+- {'date': 'Wed, 07 Oct 2026 07:08:49 GMT', 'content-type': 'text/plain; charset=UTF-8', 'content-length': '16', 'connection': 'keep-alive', 'cache-control': 'private, max-age=0, no-store, no-cache, must-revalidate, post-check=0, pre-check=0', 'expires': 'Thu, 01 Jan 1970 00:00:01 GMT', 'referrer-policy': 'same-origin', 'server-timing': 'cfEdge;dur=19432,cfOrigin;dur=0', 'x-frame-options': 'SAMEORIGIN', 'server': 'cloudflare', 'cf-ray': 'a46b13312b4eb837-ORD'} -+-+- b'error code: 522\n'
⚠️  WebSocket closed: The Session has been Closed!
⚠️  No ticks for 61s — reconnecting (attempt 1)...
Socket Connection has been closed, So! The scripts are already un-subscribed!
The Data has been Un-Subscribed
  subscribe() returned OK (will confirm ticks resume next cycle)
⚠️  WebSocket closed: The Session has been Closed!
⚠️  Feed error: [Errno 110] Connection timed out
⚠️  WebSocket closed: The Session has been Closed!
⚠️  No ticks for 61s — reconnecting (attempt 2)...
Socket Connection has been closed, So! The scripts are already un-subscribed!
The Data has been Un-Subscribed
  subscribe() returned OK (will confirm ticks resume next cycle)
⚠️  No ticks for 61s — reconnecting (attempt 3)...
🔴 3 consecutive reconnect attempts produced zero new ticks — forcing full re-login + resubscribe...
Logged in successfully
✅ Re-logged in and resubscribed (will confirm ticks resume next cycle)
⚠️  WebSocket closed: The Session has been Closed!
⚠️  Feed error: [Errno 110] Connection timed out
⚠️  WebSocket closed: The Session has been Closed!
⚠️  No ticks for 61s — reconnecting (attempt 1)...
Socket Connection has been closed, So! The scripts are already un-subscribed!
The Data has been Un-Subscribed
  subscribe() returned OK (will confirm ticks resume next cycle)
⚠️  WebSocket closed: The Session has been Closed!
⚠️  Feed error: [Errno 110] Connection timed out
⚠️  No ticks for 61s — reconnecting (attempt 2)...
Socket Connection has been closed, So! The scripts are already un-subscribed!
The Data has been Un-Subscribed
  subscribe() returned OK (will confirm ticks resume next cycle)
⚠️  WebSocket closed: The Session has been Closed!
⚠️  Feed error: [Errno 110] Connection timed out
⚠️  WebSocket closed: The Session has been Closed!
⚠️  No ticks for 61s — reconnecting (attempt 3)...
🔴 3 consecutive reconnect attempts produced zero new ticks — forcing full re-login + resubscribe...
Logged in successfully
✅ Re-logged in and resubscribed (will confirm ticks resume next cycle)
⚠️  WebSocket closed: The Session has been Closed!
⚠️  Feed error: [Errno 110] Connection timed out
⚠️  WebSocket closed: The Session has been Closed!
⚠️  WebSocket closed: The Session has been Closed!
⚠️  Feed error: Handshake status 522 <none> -+-+- {'date': 'Wed, 07 Oct 2026 07:15:07 GMT', 'content-type': 'text/plain; charset=UTF-8', 'content-length': '16', 'connection': 'keep-alive', 'cache-control': 'private, max-age=0, no-store, no-cache, must-revalidate, post-check=0, pre-check=0', 'expires': 'Thu, 01 Jan 1970 00:00:01 GMT', 'referrer-policy': 'same-origin', 'server-timing': 'cfEdge;dur=19461,cfOrigin;dur=0', 'x-frame-options': 'SAMEORIGIN', 'server': 'cloudflare', 'cf-ray': 'a46b1c68e964115e-ORD'} -+-+- b'error code: 522\n'
⚠️  WebSocket closed: The Session has been Closed!
⚠️  No ticks for 61s — reconnecting (attempt 1)...
Socket Connection has been closed, So! The scripts are already un-subscribed!
The Data has been Un-Subscribed
  subscribe() returned OK (will confirm ticks resume next cycle)
⚠️  WebSocket closed: The Session has been Closed!
⚠️  Feed error: [Errno 110] Connection timed out
⚠️  WebSocket closed: The Session has been Closed!
⚠️  No ticks for 61s — reconnecting (attempt 2)...
Socket Connection has been closed, So! The scripts are already un-subscribed!
The Data has been Un-Subscribed
  subscribe() returned OK (will confirm ticks resume next cycle)
⚠️  No ticks for 61s — reconnecting (attempt 3)...
🔴 3 consecutive reconnect attempts produced zero new ticks — forcing full re-login + resubscribe...
Logged in successfully
✅ Re-logged in and resubscribed (will confirm ticks resume next cycle)
⚠️  WebSocket closed: The Session has been Closed!
⚠️  Feed error: [Errno 110] Connection timed out
⚠️  WebSocket closed: The Session has been Closed!
⚠️  No ticks for 61s — reconnecting (attempt 1)...
Socket Connection has been closed, So! The scripts are already un-subscribed!
The Data has been Un-Subscribed
  subscribe() returned OK (will confirm ticks resume next cycle)
⚠️  WebSocket closed: The Session has been Closed!
⚠️  Feed error: [Errno 110] Connection timed out
⚠️  No ticks for 61s — reconnecting (attempt 2)...
Socket Connection has been closed, So! The scripts are already un-subscribed!
The Data has been Un-Subscribed
  subscribe() returned OK (will confirm ticks resume next cycle)
⚠️  WebSocket closed: The Session has been Closed!
⚠️  Feed error: [Errno 110] Connection timed out
⚠️  WebSocket closed: The Session has been Closed!
⚠️  No ticks for 61s — reconnecting (attempt 3)...
🔴 3 consecutive reconnect attempts produced zero new ticks — forcing full re-login + resubscribe...
Logged in successfully
✅ Re-logged in and resubscribed (will confirm ticks resume next cycle)
⚠️  WebSocket closed: The Session has been Closed!
⚠️  Feed error: [Errno 110] Connection timed out
⚠️  WebSocket closed: The Session has been Closed!
⚠️  No ticks for 61s — reconnecting (attempt 1)...
Socket Connection has been closed, So! The scripts are already un-subscribed!
The Data has been Un-Subscribed
  subscribe() returned OK (will confirm ticks resume next cycle)
⚠️  WebSocket closed: The Session has been Closed!
⚠️  Feed error: [Errno 110] Connection timed out
⚠️  WebSocket closed: The Session has been Closed!
⚠️  No ticks for 61s — reconnecting (attempt 2)...
Socket Connection has been closed, So! The scripts are already un-subscribed!
The Data has been Un-Subscribed
  subscribe() returned OK (will confirm ticks resume next cycle)
⚠️  WebSocket closed: The Session has been Closed!
⚠️  Feed error: [Errno 110] Connection timed out
⚠️  WebSocket closed: The Session has been Closed!
⚠️  WebSocket closed: The Session has been Closed!
⚠️  Feed error: Handshake status 522 <none> -+-+- {'date': 'Wed, 07 Oct 2026 07:23:30 GMT', 'content-type': 'text/plain; charset=UTF-8', 'content-length': '16', 'connection': 'keep-alive', 'cache-control': 'private, max-age=0, no-store, no-cache, must-revalidate, post-check=0, pre-check=0', 'expires': 'Thu, 01 Jan 1970 00:00:01 GMT', 'referrer-policy': 'same-origin', 'server-timing': 'cfEdge;dur=19331,cfOrigin;dur=0', 'x-frame-options': 'SAMEORIGIN', 'server': 'cloudflare', 'cf-ray': 'a46b28b50898ead6-ORD'} -+-+- b'error code: 522\n'
⚠️  WebSocket closed: The Session has been Closed!
⚠️  No ticks for 61s — reconnecting (attempt 3)...
🔴 3 consecutive reconnect attempts produced zero new ticks — forcing full re-login + resubscribe...
Logged in successfully
✅ Re-logged in and resubscribed (will confirm ticks resume next cycle)
⚠️  WebSocket closed: The Session has been Closed!
⚠️  Feed error: [Errno 110] Connection timed out
⚠️  WebSocket closed: The Session has been Closed!
⚠️  WebSocket closed: The Session has been Closed!
⚠️  Feed error: Handshake status 522 <none> -+-+- {'date': 'Wed, 07 Oct 2026 07:24:33 GMT', 'content-type': 'text/plain; charset=UTF-8', 'content-length': '16', 'connection': 'keep-alive', 'cache-control': 'private, max-age=0, no-store, no-cache, must-revalidate, post-check=0, pre-check=0', 'expires': 'Thu, 01 Jan 1970 00:00:01 GMT', 'referrer-policy': 'same-origin', 'server-timing': 'cfEdge;dur=19646,cfOrigin;dur=0', 'x-frame-options': 'SAMEORIGIN', 'server': 'cloudflare', 'cf-ray': 'a46b2a3d7fd986e1-ORD'} -+-+- b'error code: 522\n'
⚠️  WebSocket closed: The Session has been Closed!
⚠️  No ticks for 61s — reconnecting (attempt 1)...
Socket Connection has been closed, So! The scripts are already un-subscribed!
The Data has been Un-Subscribed
  subscribe() returned OK (will confirm ticks resume next cycle)
⚠️  No ticks for 61s — reconnecting (attempt 2)...
Socket Connection has been closed, So! The scripts are already un-subscribed!
The Data has been Un-Subscribed
  subscribe() returned OK (will confirm ticks resume next cycle)
⚠️  No ticks for 61s — reconnecting (attempt 3)...
🔴 3 consecutive reconnect attempts produced zero new ticks — forcing full re-login + resubscribe...
Logged in successfully
✅ Re-logged in and resubscribed (will confirm ticks resume next cycle)
⚠️  WebSocket closed: The Session has been Closed!
⚠️  Feed error: [Errno 110] Connection timed out
⚠️  No ticks for 61s — reconnecting (attempt 1)...
Socket Connection has been closed, So! The scripts are already un-subscribed!
The Data has been Un-Subscribed
  subscribe() returned OK (will confirm ticks resume next cycle)
⚠️  WebSocket closed: The Session has been Closed!
⚠️  Feed error: [Errno 110] Connection timed out
⚠️  No ticks for 61s — reconnecting (attempt 2)...
Socket Connection has been closed, So! The scripts are already un-subscribed!
The Data has been Un-Subscribed
  subscribe() returned OK (will confirm ticks resume next cycle)
⚠️  WebSocket closed: The Session has been Closed!
⚠️  Feed error: [Errno 110] Connection timed out
⚠️  WebSocket closed: The Session has been Closed!
⚠️  No ticks for 61s — reconnecting (attempt 3)...
🔴 3 consecutive reconnect attempts produced zero new ticks — forcing full re-login + resubscribe...
Logged in successfully
✅ Re-logged in and resubscribed (will confirm ticks resume next cycle)
⚠️  WebSocket closed: The Session has been Closed!
⚠️  Feed error: [Errno 110] Connection timed out
⚠️  WebSocket closed: The Session has been Closed!
⚠️  WebSocket closed: The Session has been Closed!
⚠️  Feed error: Handshake status 522 <none> -+-+- {'date': 'Wed, 07 Oct 2026 07:30:51 GMT', 'content-type': 'text/plain; charset=UTF-8', 'content-length': '16', 'connection': 'keep-alive', 'cache-control': 'private, max-age=0, no-store, no-cache, must-revalidate, post-check=0, pre-check=0', 'expires': 'Thu, 01 Jan 1970 00:00:01 GMT', 'referrer-policy': 'same-origin', 'server-timing': 'cfEdge;dur=19473,cfOrigin;dur=0', 'x-frame-options': 'SAMEORIGIN', 'server': 'cloudflare', 'cf-ray': 'a46b33755c94344d-ORD'} -+-+- b'error code: 522\n'
⚠️  WebSocket closed: The Session has been Closed!
⚠️  No ticks for 61s — reconnecting (attempt 1)...
Socket Connection has been closed, So! The scripts are already un-subscribed!
The Data has been Un-Subscribed
  subscribe() returned OK (will confirm ticks resume next cycle)
⚠️  WebSocket closed: The Session has been Closed!
⚠️  Feed error: [Errno 110] Connection timed out
⚠️  WebSocket closed: The Session has been Closed!
⚠️  No ticks for 61s — reconnecting (attempt 2)...
Socket Connection has been closed, So! The scripts are already un-subscribed!
The Data has been Un-Subscribed
  subscribe() returned OK (will confirm ticks resume next cycle)
⚠️  No ticks for 61s — reconnecting (attempt 3)...
🔴 3 consecutive reconnect attempts produced zero new ticks — forcing full re-login + resubscribe...
Logged in successfully
✅ Re-logged in and resubscribed (will confirm ticks resume next cycle)
⚠️  WebSocket closed: The Session has been Closed!
⚠️  Feed error: [Errno 110] Connection timed out
⚠️  WebSocket closed: The Session has been Closed!
⚠️  No ticks for 61s — reconnecting (attempt 1)...
Socket Connection has been closed, So! The scripts are already un-subscribed!
The Data has been Un-Subscribed
  subscribe() returned OK (will confirm ticks resume next cycle)
⚠️  WebSocket closed: The Session has been Closed!
⚠️  Feed error: [Errno 110] Connection timed out
⚠️  No ticks for 61s — reconnecting (attempt 2)...
Socket Connection has been closed, So! The scripts are already un-subscribed!
The Data has been Un-Subscribed
  subscribe() returned OK (will confirm ticks resume next cycle)
⚠️  WebSocket closed: The Session has been Closed!
⚠️  Feed error: [Errno 110] Connection timed out
⚠️  WebSocket closed: The Session has been Closed!
⚠️  WebSocket closed: The Session has been Closed!
⚠️  Feed error: Handshake status 522 <none> -+-+- {'date': 'Wed, 07 Oct 2026 07:36:06 GMT', 'content-type': 'text/plain; charset=UTF-8', 'content-length': '16', 'connection': 'keep-alive', 'cache-control': 'private, max-age=0, no-store, no-cache, must-revalidate, post-check=0, pre-check=0', 'expires': 'Thu, 01 Jan 1970 00:00:01 GMT', 'referrer-policy': 'same-origin', 'server-timing': 'cfEdge;dur=19639,cfOrigin;dur=0', 'x-frame-options': 'SAMEORIGIN', 'server': 'cloudflare', 'cf-ray': 'a46b3b247e78f151-ORD'} -+-+- b'error code: 522\n'
⚠️  WebSocket closed: The Session has been Closed!
⚠️  No ticks for 61s — reconnecting (attempt 3)...
🔴 3 consecutive reconnect attempts produced zero new ticks — forcing full re-login + resubscribe...
Logged in successfully
✅ Re-logged in and resubscribed (will confirm ticks resume next cycle)
⚠️  WebSocket closed: The Session has been Closed!
⚠️  Feed error: [Errno 110] Connection timed out
⚠️  WebSocket closed: The Session has been Closed!
⚠️  No ticks for 61s — reconnecting (attempt 1)...
Socket Connection has been closed, So! The scripts are already un-subscribed!
The Data has been Un-Subscribed
  subscribe() returned OK (will confirm ticks resume next cycle)
⚠️  WebSocket closed: The Session has been Closed!
⚠️  Feed error: Handshake status 522 <none> -+-+- {'date': 'Wed, 07 Oct 2026 07:38:12 GMT', 'content-type': 'text/plain; charset=UTF-8', 'content-length': '16', 'connection': 'keep-alive', 'cache-control': 'private, max-age=0, no-store, no-cache, must-revalidate, post-check=0, pre-check=0', 'expires': 'Thu, 01 Jan 1970 00:00:01 GMT', 'referrer-policy': 'same-origin', 'server-timing': 'cfEdge;dur=19584,cfOrigin;dur=0', 'x-frame-options': 'SAMEORIGIN', 'server': 'cloudflare', 'cf-ray': 'a46b3e376f6b0008-ORD'} -+-+- b'error code: 522\n'
⚠️  WebSocket closed: The Session has been Closed!
⚠️  No ticks for 61s — reconnecting (attempt 2)...
Socket Connection has been closed, So! The scripts are already un-subscribed!
The Data has been Un-Subscribed
  subscribe() returned OK (will confirm ticks resume next cycle)
⚠️  WebSocket closed: The Session has been Closed!
⚠️  Feed error: [Errno 110] Connection timed out
⚠️  WebSocket closed: The Session has been Closed!
⚠️  No ticks for 61s — reconnecting (attempt 3)...
🔴 3 consecutive reconnect attempts produced zero new ticks — forcing full re-login + resubscribe...
Logged in successfully
✅ Re-logged in and resubscribed (will confirm ticks resume next cycle)
⚠️  No ticks for 61s — reconnecting (attempt 1)...
Socket Connection has been closed, So! The scripts are already un-subscribed!
The Data has been Un-Subscribed
  subscribe() returned OK (will confirm ticks resume next cycle)
⚠️  WebSocket closed: The Session has been Closed!
⚠️  Feed error: [Errno 110] Connection timed out
⚠️  WebSocket closed: The Session has been Closed!
⚠️  No ticks for 61s — reconnecting (attempt 2)...
Socket Connection has been closed, So! The scripts are already un-subscribed!
The Data has been Un-Subscribed
  subscribe() returned OK (will confirm ticks resume next cycle)
⚠️  WebSocket closed: The Session has been Closed!
⚠️  Feed error: [Errno 110] Connection timed out
⚠️  No ticks for 61s — reconnecting (attempt 3)...
🔴 3 consecutive reconnect attempts produced zero new ticks — forcing full re-login + resubscribe...
Logged in successfully
✅ Re-logged in and resubscribed (will confirm ticks resume next cycle)
⚠️  WebSocket closed: The Session has been Closed!
⚠️  Feed error: [Errno 110] Connection timed out
⚠️  WebSocket closed: The Session has been Closed!
⚠️  No ticks for 61s — reconnecting (attempt 1)...
Socket Connection has been closed, So! The scripts are already un-subscribed!
The Data has been Un-Subscribed
  subscribe() returned OK (will confirm ticks resume next cycle)
⚠️  WebSocket closed: The Session has been Closed!
⚠️  Feed error: [Errno 110] Connection timed out
⚠️  WebSocket closed: The Session has been Closed!
⚠️  No ticks for 61s — reconnecting (attempt 2)...
Socket Connection has been closed, So! The scripts are already un-subscribed!
The Data has been Un-Subscribed
  subscribe() returned OK (will confirm ticks resume next cycle)
⚠️  WebSocket closed: The Session has been Closed!
⚠️  Feed error: [Errno 110] Connection timed out
⚠️  WebSocket closed: The Session has been Closed!
⚠️  WebSocket closed: The Session has been Closed!
⚠️  Feed error: Handshake status 522 <none> -+-+- {'date': 'Wed, 07 Oct 2026 07:45:32 GMT', 'content-type': 'text/plain; charset=UTF-8', 'content-length': '16', 'connection': 'keep-alive', 'cache-control': 'private, max-age=0, no-store, no-cache, must-revalidate, post-check=0, pre-check=0', 'expires': 'Thu, 01 Jan 1970 00:00:01 GMT', 'referrer-policy': 'same-origin', 'server-timing': 'cfEdge;dur=19541,cfOrigin;dur=0', 'x-frame-options': 'SAMEORIGIN', 'server': 'cloudflare', 'cf-ray': 'a46b48f9dc690105-ORD'} -+-+- b'error code: 522\n'
⚠️  WebSocket closed: The Session has been Closed!
⚠️  No ticks for 61s — reconnecting (attempt 3)...
🔴 3 consecutive reconnect attempts produced zero new ticks — forcing full re-login + resubscribe...
Logged in successfully
✅ Re-logged in and resubscribed (will confirm ticks resume next cycle)
⚠️  WebSocket closed: The Session has been Closed!
⚠️  Feed error: [Errno 110] Connection timed out
⚠️  WebSocket closed: The Session has been Closed!
⚠️  No ticks for 61s — reconnecting (attempt 1)...
Socket Connection has been closed, So! The scripts are already un-subscribed!
The Data has been Un-Subscribed
  subscribe() returned OK (will confirm ticks resume next cycle)
⚠️  No ticks for 61s — reconnecting (attempt 2)...
Socket Connection has been closed, So! The scripts are already un-subscribed!
The Data has been Un-Subscribed
  subscribe() returned OK (will confirm ticks resume next cycle)
⚠️  WebSocket closed: The Session has been Closed!
⚠️  Feed error: [Errno 110] Connection timed out
⚠️  WebSocket closed: The Session has been Closed!
⚠️  WebSocket closed: The Session has been Closed!
⚠️  Feed error: Handshake status 522 <none> -+-+- {'date': 'Wed, 07 Oct 2026 07:48:41 GMT', 'content-type': 'text/plain; charset=UTF-8', 'content-length': '16', 'connection': 'keep-alive', 'cache-control': 'private, max-age=0, no-store, no-cache, must-revalidate, post-check=0, pre-check=0', 'expires': 'Thu, 01 Jan 1970 00:00:01 GMT', 'referrer-policy': 'same-origin', 'server-timing': 'cfEdge;dur=19735,cfOrigin;dur=0', 'x-frame-options': 'SAMEORIGIN', 'server': 'cloudflare', 'cf-ray': 'a46b4d958bbd91ef-ORD'} -+-+- b'error code: 522\n'
⚠️  WebSocket closed: The Session has been Closed!
⚠️  No ticks for 61s — reconnecting (attempt 3)...
🔴 3 consecutive reconnect attempts produced zero new ticks — forcing full re-login + resubscribe...
Logged in successfully
✅ Re-logged in and resubscribed (will confirm ticks resume next cycle)
⚠️  WebSocket closed: The Session has been Closed!
⚠️  Feed error: [Errno 110] Connection timed out
⚠️  No ticks for 61s — reconnecting (attempt 1)...
Socket Connection has been closed, So! The scripts are already un-subscribed!
The Data has been Un-Subscribed
  subscribe() returned OK (will confirm ticks resume next cycle)
⚠️  WebSocket closed: The Session has been Closed!
⚠️  Feed error: Handshake status 522 <none> -+-+- {'date': 'Wed, 07 Oct 2026 07:50:47 GMT', 'content-type': 'text/plain; charset=UTF-8', 'content-length': '16', 'connection': 'keep-alive', 'cache-control': 'private, max-age=0, no-store, no-cache, must-revalidate, post-check=0, pre-check=0', 'expires': 'Thu, 01 Jan 1970 00:00:01 GMT', 'referrer-policy': 'same-origin', 'server-timing': 'cfEdge;dur=19430,cfOrigin;dur=0', 'x-frame-options': 'SAMEORIGIN', 'server': 'cloudflare', 'cf-ray': 'a46b50a7af38feda-ORD'} -+-+- b'error code: 522\n'
⚠️  WebSocket closed: The Session has been Closed!
⚠️  No ticks for 61s — reconnecting (attempt 2)...
Socket Connection has been closed, So! The scripts are already un-subscribed!
The Data has been Un-Subscribed
  subscribe() returned OK (will confirm ticks resume next cycle)
⚠️  WebSocket closed: The Session has been Closed!
⚠️  Feed error: [Errno 110] Connection timed out
⚠️  WebSocket closed: The Session has been Closed!
⚠️  No ticks for 61s — reconnecting (attempt 3)...
🔴 3 consecutive reconnect attempts produced zero new ticks — forcing full re-login + resubscribe...
Logged in successfully
✅ Re-logged in and resubscribed (will confirm ticks resume next cycle)
⚠️  No ticks for 61s — reconnecting (attempt 1)...
Socket Connection has been closed, So! The scripts are already un-subscribed!
The Data has been Un-Subscribed
  subscribe() returned OK (will confirm ticks resume next cycle)
⚠️  WebSocket closed: The Session has been Closed!
⚠️  Feed error: [Errno 110] Connection timed out
⚠️  WebSocket closed: The Session has been Closed!
⚠️  No ticks for 61s — reconnecting (attempt 2)...
Socket Connection has been closed, So! The scripts are already un-subscribed!
The Data has been Un-Subscribed
  subscribe() returned OK (will confirm ticks resume next cycle)
⚠️  WebSocket closed: The Session has been Closed!
⚠️  Feed error: [Errno 110] Connection timed out
⚠️  No ticks for 61s — reconnecting (attempt 3)...
🔴 3 consecutive reconnect attempts produced zero new ticks — forcing full re-login + resubscribe...
Logged in successfully
✅ Re-logged in and resubscribed (will confirm ticks resume next cycle)
⚠️  WebSocket closed: The Session has been Closed!
⚠️  Feed error: [Errno 110] Connection timed out
⚠️  WebSocket closed: The Session has been Closed!
⚠️  No ticks for 61s — reconnecting (attempt 1)...
Socket Connection has been closed, So! The scripts are already un-subscribed!
The Data has been Un-Subscribed
  subscribe() returned OK (will confirm ticks resume next cycle)
⚠️  WebSocket closed: The Session has been Closed!
⚠️  Feed error: [Errno 110] Connection timed out
⚠️  WebSocket closed: The Session has been Closed!
⚠️  No ticks for 61s — reconnecting (attempt 2)...
Socket Connection has been closed, So! The scripts are already un-subscribed!
The Data has been Un-Subscribed
  subscribe() returned OK (will confirm ticks resume next cycle)
⚠️  WebSocket closed: The Session has been Closed!
⚠️  Feed error: [Errno 110] Connection timed out
⚠️  WebSocket closed: The Session has been Closed!
⚠️  WebSocket closed: The Session has been Closed!
⚠️  Feed error: Handshake status 522 <none> -+-+- {'date': 'Wed, 07 Oct 2026 07:58:07 GMT', 'content-type': 'text/plain; charset=UTF-8', 'content-length': '16', 'connection': 'keep-alive', 'cache-control': 'private, max-age=0, no-store, no-cache, must-revalidate, post-check=0, pre-check=0', 'expires': 'Thu, 01 Jan 1970 00:00:01 GMT', 'referrer-policy': 'same-origin', 'server-timing': 'cfEdge;dur=19343,cfOrigin;dur=0', 'x-frame-options': 'SAMEORIGIN', 'server': 'cloudflare', 'cf-ray': 'a46b5b68dc62e450-ORD'} -+-+- b'error code: 522\n'
⚠️  WebSocket closed: The Session has been Closed!
⚠️  No ticks for 61s — reconnecting (attempt 3)...
🔴 3 consecutive reconnect attempts produced zero new ticks — forcing full re-login + resubscribe...
Logged in successfully
✅ Re-logged in and resubscribed (will confirm ticks resume next cycle)
⚠️  WebSocket closed: The Session has been Closed!
⚠️  Feed error: [Errno 110] Connection timed out
⚠️  WebSocket closed: The Session has been Closed!
⚠️  No ticks for 61s — reconnecting (attempt 1)...
Socket Connection has been closed, So! The scripts are already un-subscribed!
The Data has been Un-Subscribed
  subscribe() returned OK (will confirm ticks resume next cycle)
⚠️  WebSocket closed: The Session has been Closed!
⚠️  Feed error: Handshake status 522 <none> -+-+- {'date': 'Wed, 07 Oct 2026 08:00:13 GMT', 'content-type': 'text/plain; charset=UTF-8', 'content-length': '16', 'connection': 'keep-alive', 'cache-control': 'private, max-age=0, no-store, no-cache, must-revalidate, post-check=0, pre-check=0', 'expires': 'Thu, 01 Jan 1970 00:00:01 GMT', 'referrer-policy': 'same-origin', 'server-timing': 'cfEdge;dur=19747,cfOrigin;dur=0', 'x-frame-options': 'SAMEORIGIN', 'server': 'cloudflare', 'cf-ray': 'a46b5e7abf07f8d7-ORD'} -+-+- b'error code: 522\n'
⚠️  WebSocket closed: The Session has been Closed!
⚠️  No ticks for 61s — reconnecting (attempt 2)...
Socket Connection has been closed, So! The scripts are already un-subscribed!
The Data has been Un-Subscribed
  subscribe() returned OK (will confirm ticks resume next cycle)
⚠️  WebSocket closed: The Session has been Closed!
⚠️  Feed error: [Errno 110] Connection timed out
⚠️  WebSocket closed: The Session has been Closed!
⚠️  No ticks for 61s — reconnecting (attempt 3)...
🔴 3 consecutive reconnect attempts produced zero new ticks — forcing full re-login + resubscribe...
Logged in successfully
✅ Re-logged in and resubscribed (will confirm ticks resume next cycle)
⚠️  No ticks for 61s — reconnecting (attempt 1)...
Socket Connection has been closed, So! The scripts are already un-subscribed!
The Data has been Un-Subscribed
  subscribe() returned OK (will confirm ticks resume next cycle)
⚠️  WebSocket closed: The Session has been Closed!
⚠️  Feed error: [Errno 110] Connection timed out
⚠️  WebSocket closed: The Session has been Closed!
⚠️  No ticks for 61s — reconnecting (attempt 2)...
Socket Connection has been closed, So! The scripts are already un-subscribed!
The Data has been Un-Subscribed
  subscribe() returned OK (will confirm ticks resume next cycle)
⚠️  WebSocket closed: The Session has been Closed!
⚠️  Feed error: [Errno 110] Connection timed out
⚠️  No ticks for 61s — reconnecting (attempt 3)...
🔴 3 consecutive reconnect attempts produced zero new ticks — forcing full re-login + resubscribe...
Logged in successfully
✅ Re-logged in and resubscribed (will confirm ticks resume next cycle)
⚠️  WebSocket closed: The Session has been Closed!
⚠️  Feed error: [Errno 110] Connection timed out
⚠️  WebSocket closed: The Session has been Closed!
⚠️  No ticks for 61s — reconnecting (attempt 1)...
Socket Connection has been closed, So! The scripts are already un-subscribed!
The Data has been Un-Subscribed
  subscribe() returned OK (will confirm ticks resume next cycle)
⚠️  WebSocket closed: The Session has been Closed!
⚠️  Feed error: [Errno 110] Connection timed out
⚠️  WebSocket closed: The Session has been Closed!
⚠️  No ticks for 61s — reconnecting (attempt 2)...
Socket Connection has been closed, So! The scripts are already un-subscribed!
The Data has been Un-Subscribed
  subscribe() returned OK (will confirm ticks resume next cycle)
⚠️  WebSocket closed: The Session has been Closed!
⚠️  Feed error: [Errno 110] Connection timed out
⚠️  WebSocket closed: The Session has been Closed!
⚠️  No ticks for 61s — reconnecting (attempt 3)...
🔴 3 consecutive reconnect attempts produced zero new ticks — forcing full re-login + resubscribe...
Logged in successfully
✅ Re-logged in and resubscribed (will confirm ticks resume next cycle)
⚠️  WebSocket closed: The Session has been Closed!
⚠️  Feed error: [Errno 110] Connection timed out
⚠️  WebSocket closed: The Session has been Closed!
⚠️  No ticks for 61s — reconnecting (attempt 1)...
Socket Connection has been closed, So! The scripts are already un-subscribed!
The Data has been Un-Subscribed
  subscribe() returned OK (will confirm ticks resume next cycle)
⚠️  WebSocket closed: The Session has been Closed!
⚠️  Feed error: [Errno 110] Connection timed out
⚠️  WebSocket closed: The Session has been Closed!
⚠️  WebSocket closed: The Session has been Closed!
⚠️  Feed error: Handshake status 522 <none> -+-+- {'date': 'Wed, 07 Oct 2026 08:09:39 GMT', 'content-type': 'text/plain; charset=UTF-8', 'content-length': '16', 'connection': 'keep-alive', 'cache-control': 'private, max-age=0, no-store, no-cache, must-revalidate, post-check=0, pre-check=0', 'expires': 'Thu, 01 Jan 1970 00:00:01 GMT', 'referrer-policy': 'same-origin', 'server-timing': 'cfEdge;dur=19399,cfOrigin;dur=0', 'x-frame-options': 'SAMEORIGIN', 'server': 'cloudflare', 'cf-ray': 'a46b6c4ecb3c0ccc-ORD'} -+-+- b'error code: 522\n'
⚠️  WebSocket closed: The Session has been Closed!
⚠️  No ticks for 61s — reconnecting (attempt 2)...
Socket Connection has been closed, So! The scripts are already un-subscribed!
The Data has been Un-Subscribed
  subscribe() returned OK (will confirm ticks resume next cycle)
⚠️  WebSocket closed: The Session has been Closed!
⚠️  Feed error: [Errno 110] Connection timed out
⚠️  WebSocket closed: The Session has been Closed!
⚠️  No ticks for 61s — reconnecting (attempt 3)...
🔴 3 consecutive reconnect attempts produced zero new ticks — forcing full re-login + resubscribe...
Logged in successfully
✅ Re-logged in and resubscribed (will confirm ticks resume next cycle)
⚠️  No ticks for 61s — reconnecting (attempt 1)...
Socket Connection has been closed, So! The scripts are already un-subscribed!
The Data has been Un-Subscribed
  subscribe() returned OK (will confirm ticks resume next cycle)
⚠️  WebSocket closed: The Session has been Closed!
⚠️  Feed error: [Errno 110] Connection timed out
⚠️  WebSocket closed: The Session has been Closed!
⚠️  No ticks for 61s — reconnecting (attempt 2)...
Socket Connection has been closed, So! The scripts are already un-subscribed!
The Data has been Un-Subscribed
  subscribe() returned OK (will confirm ticks resume next cycle)
⚠️  WebSocket closed: The Session has been Closed!
⚠️  Feed error: [Errno 110] Connection timed out
⚠️  WebSocket closed: The Session has been Closed!
⚠️  Feed error: Handshake status 522 <none> -+-+- {'date': 'Wed, 07 Oct 2026 08:13:51 GMT', 'content-type': 'text/plain; charset=UTF-8', 'content-length': '16', 'connection': 'keep-alive', 'cache-control': 'private, max-age=0, no-store, no-cache, must-revalidate, post-check=0, pre-check=0', 'expires': 'Thu, 01 Jan 1970 00:00:01 GMT', 'referrer-policy': 'same-origin', 'server-timing': 'cfEdge;dur=19623,cfOrigin;dur=0', 'x-frame-options': 'SAMEORIGIN', 'server': 'cloudflare', 'cf-ray': 'a46b72749adb09db-ORD'} -+-+- b'error code: 522\n'
⚠️  WebSocket closed: The Session has been Closed!
⚠️  No ticks for 61s — reconnecting (attempt 3)...
🔴 3 consecutive reconnect attempts produced zero new ticks — forcing full re-login + resubscribe...
Logged in successfully
✅ Re-logged in and resubscribed (will confirm ticks resume next cycle)
⚠️  WebSocket closed: The Session has been Closed!
⚠️  Feed error: [Errno 110] Connection timed out
⚠️  WebSocket closed: The Session has been Closed!
⚠️  No ticks for 61s — reconnecting (attempt 1)...
Socket Connection has been closed, So! The scripts are already un-subscribed!
The Data has been Un-Subscribed
  subscribe() returned OK (will confirm ticks resume next cycle)
⚠️  No ticks for 61s — reconnecting (attempt 2)...
Socket Connection has been closed, So! The scripts are already un-subscribed!
The Data has been Un-Subscribed
  subscribe() returned OK (will confirm ticks resume next cycle)
⚠️  WebSocket closed: The Session has been Closed!
⚠️  Feed error: [Errno 110] Connection timed out
⚠️  WebSocket closed: The Session has been Closed!
⚠️  No ticks for 61s — reconnecting (attempt 3)...
🔴 3 consecutive reconnect attempts produced zero new ticks — forcing full re-login + resubscribe...
Logged in successfully
✅ Re-logged in and resubscribed (will confirm ticks resume next cycle)
⚠️  WebSocket closed: The Session has been Closed!
⚠️  Feed error: [Errno 110] Connection timed out
⚠️  No ticks for 61s — reconnecting (attempt 1)...
Socket Connection has been closed, So! The scripts are already un-subscribed!
The Data has been Un-Subscribed
  subscribe() returned OK (will confirm ticks resume next cycle)
⚠️  WebSocket closed: The Session has been Closed!
⚠️  Feed error: [Errno 110] Connection timed out
⚠️  WebSocket closed: The Session has been Closed!
⚠️  No ticks for 61s — reconnecting (attempt 2)...
Socket Connection has been closed, So! The scripts are already un-subscribed!
The Data has been Un-Subscribed
  subscribe() returned OK (will confirm ticks resume next cycle)
⚠️  WebSocket closed: The Session has been Closed!
⚠️  Feed error: [Errno 110] Connection timed out
⚠️  WebSocket closed: The Session has been Closed!
⚠️  No ticks for 61s — reconnecting (attempt 3)...
🔴 3 consecutive reconnect attempts produced zero new ticks — forcing full re-login + resubscribe...
Logged in successfully
✅ Re-logged in and resubscribed (will confirm ticks resume next cycle)
⚠️  WebSocket closed: The Session has been Closed!
⚠️  Feed error: [Errno 110] Connection timed out
⚠️  WebSocket closed: The Session has been Closed!
⚠️  No ticks for 61s — reconnecting (attempt 1)...
Socket Connection has been closed, So! The scripts are already un-subscribed!
The Data has been Un-Subscribed
  subscribe() returned OK (will confirm ticks resume next cycle)
⚠️  WebSocket closed: The Session has been Closed!
⚠️  Feed error: [Errno 110] Connection timed out
⚠️  WebSocket closed: The Session has been Closed!
⚠️  WebSocket closed: The Session has been Closed!
⚠️  Feed error: Handshake status 522 <none> -+-+- {'date': 'Wed, 07 Oct 2026 08:22:15 GMT', 'content-type': 'text/plain; charset=UTF-8', 'content-length': '16', 'connection': 'keep-alive', 'cache-control': 'private, max-age=0, no-store, no-cache, must-revalidate, post-check=0, pre-check=0', 'expires': 'Thu, 01 Jan 1970 00:00:01 GMT', 'referrer-policy': 'same-origin', 'server-timing': 'cfEdge;dur=19487,cfOrigin;dur=0', 'x-frame-options': 'SAMEORIGIN', 'server': 'cloudflare', 'cf-ray': 'a46b7ebe5ad0570f-ORD'} -+-+- b'error code: 522\n'
⚠️  WebSocket closed: The Session has been Closed!
⚠️  No ticks for 61s — reconnecting (attempt 2)...
Socket Connection has been closed, So! The scripts are already un-subscribed!
The Data has been Un-Subscribed
  subscribe() returned OK (will confirm ticks resume next cycle)
⚠️  WebSocket closed: The Session has been Closed!
⚠️  Feed error: [Errno 110] Connection timed out
⚠️  WebSocket closed: The Session has been Closed!
⚠️  WebSocket closed: The Session has been Closed!
⚠️  Feed error: Handshake status 522 <none> -+-+- {'date': 'Wed, 07 Oct 2026 08:23:18 GMT', 'content-type': 'text/plain; charset=UTF-8', 'content-length': '16', 'connection': 'keep-alive', 'cache-control': 'private, max-age=0, no-store, no-cache, must-revalidate, post-check=0, pre-check=0', 'expires': 'Thu, 01 Jan 1970 00:00:01 GMT', 'referrer-policy': 'same-origin', 'server-timing': 'cfEdge;dur=19633,cfOrigin;dur=0', 'x-frame-options': 'SAMEORIGIN', 'server': 'cloudflare', 'cf-ray': 'a46b80480a621e7d-ORD'} -+-+- b'error code: 522\n'
⚠️  WebSocket closed: The Session has been Closed!
⚠️  No ticks for 61s — reconnecting (attempt 3)...
🔴 3 consecutive reconnect attempts produced zero new ticks — forcing full re-login + resubscribe...
Logged in successfully
✅ Re-logged in and resubscribed (will confirm ticks resume next cycle)
⚠️  No ticks for 61s — reconnecting (attempt 1)...
Socket Connection has been closed, So! The scripts are already un-subscribed!
The Data has been Un-Subscribed
  subscribe() returned OK (will confirm ticks resume next cycle)
⚠️  No ticks for 61s — reconnecting (attempt 2)...
Socket Connection has been closed, So! The scripts are already un-subscribed!
The Data has been Un-Subscribed
  subscribe() returned OK (will confirm ticks resume next cycle)
⚠️  WebSocket closed: The Session has been Closed!
⚠️  Feed error: [Errno 110] Connection timed out
⚠️  No ticks for 61s — reconnecting (attempt 3)...
🔴 3 consecutive reconnect attempts produced zero new ticks — forcing full re-login + resubscribe...
Logged in successfully
✅ Re-logged in and resubscribed (will confirm ticks resume next cycle)
⚠️  WebSocket closed: The Session has been Closed!
⚠️  Feed error: [Errno 110] Connection timed out
⚠️  WebSocket closed: The Session has been Closed!
⚠️  Feed error: Handshake status 522 <none> -+-+- {'date': 'Wed, 07 Oct 2026 08:27:29 GMT', 'content-type': 'text/plain; charset=UTF-8', 'content-length': '16', 'connection': 'keep-alive', 'cache-control': 'private, max-age=0, no-store, no-cache, must-revalidate, post-check=0, pre-check=0', 'expires': 'Thu, 01 Jan 1970 00:00:01 GMT', 'referrer-policy': 'same-origin', 'server-timing': 'cfEdge;dur=19271,cfOrigin;dur=0', 'x-frame-options': 'SAMEORIGIN', 'server': 'cloudflare', 'cf-ray': 'a46b866cade513e9-ORD'} -+-+- b'error code: 522\n'
⚠️  WebSocket closed: The Session has been Closed!
⚠️  No ticks for 61s — reconnecting (attempt 1)...
Socket Connection has been closed, So! The scripts are already un-subscribed!
The Data has been Un-Subscribed
  subscribe() returned OK (will confirm ticks resume next cycle)
⚠️  WebSocket closed: The Session has been Closed!
⚠️  Feed error: [Errno 110] Connection timed out
⚠️  WebSocket closed: The Session has been Closed!
⚠️  WebSocket closed: The Session has been Closed!
⚠️  Feed error: Handshake status 522 <none> -+-+- {'date': 'Wed, 07 Oct 2026 08:28:32 GMT', 'content-type': 'text/plain; charset=UTF-8', 'content-length': '16', 'connection': 'keep-alive', 'cache-control': 'private, max-age=0, no-store, no-cache, must-revalidate, post-check=0, pre-check=0', 'expires': 'Thu, 01 Jan 1970 00:00:01 GMT', 'referrer-policy': 'same-origin', 'server-timing': 'cfEdge;dur=19317,cfOrigin;dur=0', 'x-frame-options': 'SAMEORIGIN', 'server': 'cloudflare', 'cf-ray': 'a46b87f65b017a9d-ORD'} -+-+- b'error code: 522\n'
⚠️  WebSocket closed: The Session has been Closed!
⚠️  No ticks for 61s — reconnecting (attempt 2)...
Socket Connection has been closed, So! The scripts are already un-subscribed!
The Data has been Un-Subscribed
  subscribe() returned OK (will confirm ticks resume next cycle)
⚠️  No ticks for 61s — reconnecting (attempt 3)...
🔴 3 consecutive reconnect attempts produced zero new ticks — forcing full re-login + resubscribe...
Logged in successfully
✅ Re-logged in and resubscribed (will confirm ticks resume next cycle)
⚠️  No ticks for 61s — reconnecting (attempt 1)...
Socket Connection has been closed, So! The scripts are already un-subscribed!
The Data has been Un-Subscribed
  subscribe() returned OK (will confirm ticks resume next cycle)
⚠️  WebSocket closed: The Session has been Closed!
⚠️  Feed error: [Errno 110] Connection timed out
⚠️  No ticks for 61s — reconnecting (attempt 2)...
Socket Connection has been closed, So! The scripts are already un-subscribed!
The Data has been Un-Subscribed
  subscribe() returned OK (will confirm ticks resume next cycle)
⚠️  WebSocket closed: The Session has been Closed!
⚠️  Feed error: [Errno 110] Connection timed out
⚠️  No ticks for 61s — reconnecting (attempt 3)...
🔴 3 consecutive reconnect attempts produced zero new ticks — forcing full re-login + resubscribe...
Logged in successfully
✅ Re-logged in and resubscribed (will confirm ticks resume next cycle)
⚠️  WebSocket closed: The Session has been Closed!
⚠️  Feed error: [Errno 110] Connection timed out
⚠️  WebSocket closed: The Session has been Closed!
⚠️  No ticks for 61s — reconnecting (attempt 1)...
Socket Connection has been closed, So! The scripts are already un-subscribed!
The Data has been Un-Subscribed
  subscribe() returned OK (will confirm ticks resume next cycle)
⚠️  WebSocket closed: The Session has been Closed!
⚠️  Feed error: [Errno 110] Connection timed out
⚠️  WebSocket closed: The Session has been Closed!
⚠️  No ticks for 61s — reconnecting (attempt 2)...
Socket Connection has been closed, So! The scripts are already un-subscribed!
The Data has been Un-Subscribed
  subscribe() returned OK (will confirm ticks resume next cycle)
⚠️  WebSocket closed: The Session has been Closed!
⚠️  Feed error: [Errno 110] Connection timed out
⚠️  WebSocket closed: The Session has been Closed!
⚠️  No ticks for 61s — reconnecting (attempt 3)...
🔴 3 consecutive reconnect attempts produced zero new ticks — forcing full re-login + resubscribe...
Logged in successfully
✅ Re-logged in and resubscribed (will confirm ticks resume next cycle)
⚠️  WebSocket closed: The Session has been Closed!
⚠️  Feed error: [Errno 110] Connection timed out
⚠️  WebSocket closed: The Session has been Closed!
⚠️  No ticks for 61s — reconnecting (attempt 1)...
Socket Connection has been closed, So! The scripts are already un-subscribed!
The Data has been Un-Subscribed
  subscribe() returned OK (will confirm ticks resume next cycle)
⚠️  WebSocket closed: The Session has been Closed!
⚠️  Feed error: [Errno 110] Connection timed out
⚠️  WebSocket closed: The Session has been Closed!
⚠️  WebSocket closed: The Session has been Closed!
⚠️  Feed error: Handshake status 522 <none> -+-+- {'date': 'Wed, 07 Oct 2026 08:37:59 GMT', 'content-type': 'text/plain; charset=UTF-8', 'content-length': '16', 'connection': 'keep-alive', 'cache-control': 'private, max-age=0, no-store, no-cache, must-revalidate, post-check=0, pre-check=0', 'expires': 'Thu, 01 Jan 1970 00:00:01 GMT', 'referrer-policy': 'same-origin', 'server-timing': 'cfEdge;dur=19719,cfOrigin;dur=0', 'x-frame-options': 'SAMEORIGIN', 'server': 'cloudflare', 'cf-ray': 'a46b95caff2acb9d-ORD'} -+-+- b'error code: 522\n'
⚠️  WebSocket closed: The Session has been Closed!
⚠️  No ticks for 61s — reconnecting (attempt 2)...
Socket Connection has been closed, So! The scripts are already un-subscribed!
The Data has been Un-Subscribed
  subscribe() returned OK (will confirm ticks resume next cycle)
⚠️  WebSocket closed: The Session has been Closed!
⚠️  Feed error: [Errno 110] Connection timed out
⚠️  WebSocket closed: The Session has been Closed!
⚠️  No ticks for 61s — reconnecting (attempt 3)...
🔴 3 consecutive reconnect attempts produced zero new ticks — forcing full re-login + resubscribe...
Logged in successfully
✅ Re-logged in and resubscribed (will confirm ticks resume next cycle)
⚠️  No ticks for 61s — reconnecting (attempt 1)...
Socket Connection has been closed, So! The scripts are already un-subscribed!
The Data has been Un-Subscribed
  subscribe() returned OK (will confirm ticks resume next cycle)
⚠️  WebSocket closed: The Session has been Closed!
⚠️  Feed error: [Errno 110] Connection timed out
⚠️  WebSocket closed: The Session has been Closed!
⚠️  WebSocket closed: The Session has been Closed!
⚠️  Feed error: Handshake status 522 <none> -+-+- {'date': 'Wed, 07 Oct 2026 08:41:08 GMT', 'content-type': 'text/plain; charset=UTF-8', 'content-length': '16', 'connection': 'keep-alive', 'cache-control': 'private, max-age=0, no-store, no-cache, must-revalidate, post-check=0, pre-check=0', 'expires': 'Thu, 01 Jan 1970 00:00:01 GMT', 'referrer-policy': 'same-origin', 'server-timing': 'cfEdge;dur=19731,cfOrigin;dur=0', 'x-frame-options': 'SAMEORIGIN', 'server': 'cloudflare', 'cf-ray': 'a46b9a65be1c53b3-ORD'} -+-+- b'error code: 522\n'
⚠️  WebSocket closed: The Session has been Closed!
⚠️  No ticks for 61s — reconnecting (attempt 2)...
Socket Connection has been closed, So! The scripts are already un-subscribed!
The Data has been Un-Subscribed
  subscribe() returned OK (will confirm ticks resume next cycle)
⚠️  WebSocket closed: The Session has been Closed!
⚠️  Feed error: [Errno 110] Connection timed out
⚠️  No ticks for 61s — reconnecting (attempt 3)...
🔴 3 consecutive reconnect attempts produced zero new ticks — forcing full re-login + resubscribe...
Logged in successfully
✅ Re-logged in and resubscribed (will confirm ticks resume next cycle)
⚠️  No ticks for 61s — reconnecting (attempt 1)...
Socket Connection has been closed, So! The scripts are already un-subscribed!
The Data has been Un-Subscribed
  subscribe() returned OK (will confirm ticks resume next cycle)
⚠️  WebSocket closed: The Session has been Closed!
⚠️  Feed error: [Errno 110] Connection timed out
⚠️  WebSocket closed: The Session has been Closed!
⚠️  No ticks for 61s — reconnecting (attempt 2)...
Socket Connection has been closed, So! The scripts are already un-subscribed!
The Data has been Un-Subscribed
  subscribe() returned OK (will confirm ticks resume next cycle)
⚠️  WebSocket closed: The Session has been Closed!
⚠️  Feed error: [Errno 110] Connection timed out
⚠️  No ticks for 61s — reconnecting (attempt 3)...
🔴 3 consecutive reconnect attempts produced zero new ticks — forcing full re-login + resubscribe...
Logged in successfully
✅ Re-logged in and resubscribed (will confirm ticks resume next cycle)
⚠️  WebSocket closed: The Session has been Closed!
⚠️  Feed error: [Errno 110] Connection timed out
⚠️  WebSocket closed: The Session has been Closed!
⚠️  No ticks for 61s — reconnecting (attempt 1)...
Socket Connection has been closed, So! The scripts are already un-subscribed!
The Data has been Un-Subscribed
  subscribe() returned OK (will confirm ticks resume next cycle)
⚠️  WebSocket closed: The Session has been Closed!
⚠️  Feed error: [Errno 110] Connection timed out
⚠️  WebSocket closed: The Session has been Closed!
⚠️  No ticks for 61s — reconnecting (attempt 2)...
Socket Connection has been closed, So! The scripts are already un-subscribed!
The Data has been Un-Subscribed
  subscribe() returned OK (will confirm ticks resume next cycle)
⚠️  WebSocket closed: The Session has been Closed!
⚠️  Feed error: [Errno 110] Connection timed out
⚠️  WebSocket closed: The Session has been Closed!
⚠️  No ticks for 61s — reconnecting (attempt 3)...
🔴 3 consecutive reconnect attempts produced zero new ticks — forcing full re-login + resubscribe...
Logged in successfully
✅ Re-logged in and resubscribed (will confirm ticks resume next cycle)
⚠️  WebSocket closed: The Session has been Closed!
⚠️  Feed error: [Errno 110] Connection timed out
⚠️  WebSocket closed: The Session has been Closed!
⚠️  WebSocket closed: The Session has been Closed!
⚠️  Feed error: Handshake status 522 <none> -+-+- {'date': 'Wed, 07 Oct 2026 08:49:31 GMT', 'content-type': 'text/plain; charset=UTF-8', 'content-length': '16', 'connection': 'keep-alive', 'cache-control': 'private, max-age=0, no-store, no-cache, must-revalidate, post-check=0, pre-check=0', 'expires': 'Thu, 01 Jan 1970 00:00:01 GMT', 'referrer-policy': 'same-origin', 'server-timing': 'cfEdge;dur=19699,cfOrigin;dur=0', 'x-frame-options': 'SAMEORIGIN', 'server': 'cloudflare', 'cf-ray': 'a46ba6af38fee8ea-ORD'} -+-+- b'error code: 522\n'
⚠️  WebSocket closed: The Session has been Closed!
⚠️  No ticks for 61s — reconnecting (attempt 1)...
Socket Connection has been closed, So! The scripts are already un-subscribed!
The Data has been Un-Subscribed
  subscribe() returned OK (will confirm ticks resume next cycle)
⚠️  WebSocket closed: The Session has been Closed!
⚠️  Feed error: [Errno 110] Connection timed out
⚠️  WebSocket closed: The Session has been Closed!
⚠️  No ticks for 61s — reconnecting (attempt 2)...
Socket Connection has been closed, So! The scripts are already un-subscribed!
The Data has been Un-Subscribed
  subscribe() returned OK (will confirm ticks resume next cycle)
⚠️  No ticks for 61s — reconnecting (attempt 3)...
🔴 3 consecutive reconnect attempts produced zero new ticks — forcing full re-login + resubscribe...
Logged in successfully
✅ Re-logged in and resubscribed (will confirm ticks resume next cycle)
⚠️  WebSocket closed: The Session has been Closed!
⚠️  Feed error: [Errno 110] Connection timed out
⚠️  WebSocket closed: The Session has been Closed!
⚠️  No ticks for 61s — reconnecting (attempt 1)...
Socket Connection has been closed, So! The scripts are already un-subscribed!
The Data has been Un-Subscribed
  subscribe() returned OK (will confirm ticks resume next cycle)
⚠️  WebSocket closed: The Session has been Closed!
⚠️  Feed error: [Errno 110] Connection timed out
⚠️  No ticks for 61s — reconnecting (attempt 2)...
Socket Connection has been closed, So! The scripts are already un-subscribed!
The Data has been Un-Subscribed
  subscribe() returned OK (will confirm ticks resume next cycle)
⚠️  WebSocket closed: The Session has been Closed!
⚠️  Feed error: [Errno 110] Connection timed out
⚠️  WebSocket closed: The Session has been Closed!
⚠️  No ticks for 61s — reconnecting (attempt 3)...
🔴 3 consecutive reconnect attempts produced zero new ticks — forcing full re-login + resubscribe...
Logged in successfully
✅ Re-logged in and resubscribed (will confirm ticks resume next cycle)
⚠️  WebSocket closed: The Session has been Closed!
⚠️  Feed error: [Errno 110] Connection timed out
⚠️  WebSocket closed: The Session has been Closed!
⚠️  No ticks for 61s — reconnecting (attempt 1)...
Socket Connection has been closed, So! The scripts are already un-subscribed!
The Data has been Un-Subscribed
  subscribe() returned OK (will confirm ticks resume next cycle)
⚠️  WebSocket closed: The Session has been Closed!
⚠️  Feed error: [Errno 110] Connection timed out
⚠️  WebSocket closed: The Session has been Closed!
⚠️  No ticks for 61s — reconnecting (attempt 2)...
Socket Connection has been closed, So! The scripts are already un-subscribed!
The Data has been Un-Subscribed
  subscribe() returned OK (will confirm ticks resume next cycle)
⚠️  WebSocket closed: The Session has been Closed!
⚠️  Feed error: [Errno 110] Connection timed out
⚠️  WebSocket closed: The Session has been Closed!
⚠️  No ticks for 61s — reconnecting (attempt 3)...
🔴 3 consecutive reconnect attempts produced zero new ticks — forcing full re-login + resubscribe...
Logged in successfully
✅ Re-logged in and resubscribed (will confirm ticks resume next cycle)
⚠️  WebSocket closed: The Session has been Closed!
⚠️  Feed error: [Errno 110] Connection timed out
⚠️  WebSocket closed: The Session has been Closed!
⚠️  WebSocket closed: The Session has been Closed!
⚠️  Feed error: Handshake status 522 <none> -+-+- {'date': 'Wed, 07 Oct 2026 08:58:57 GMT', 'content-type': 'text/plain; charset=UTF-8', 'content-length': '16', 'connection': 'keep-alive', 'cache-control': 'private, max-age=0, no-store, no-cache, must-revalidate, post-check=0, pre-check=0', 'expires': 'Thu, 01 Jan 1970 00:00:01 GMT', 'referrer-policy': 'same-origin', 'server-timing': 'cfEdge;dur=19356,cfOrigin;dur=0', 'x-frame-options': 'SAMEORIGIN', 'server': 'cloudflare', 'cf-ray': 'a46bb4828f9cf571-ORD'} -+-+- b'error code: 522\n'
⚠️  WebSocket closed: The Session has been Closed!
⚠️  No ticks for 61s — reconnecting (attempt 1)...
Socket Connection has been closed, So! The scripts are already un-subscribed!
The Data has been Un-Subscribed
  subscribe() returned OK (will confirm ticks resume next cycle)
⚠️  WebSocket closed: The Session has been Closed!
⚠️  Feed error: [Errno 110] Connection timed out
⚠️  WebSocket closed: The Session has been Closed!
⚠️  WebSocket closed: The Session has been Closed!
⚠️  Feed error: Handshake status 522 <none> -+-+- {'date': 'Wed, 07 Oct 2026 09:00:00 GMT', 'content-type': 'text/plain; charset=UTF-8', 'content-length': '16', 'connection': 'keep-alive', 'cache-control': 'private, max-age=0, no-store, no-cache, must-revalidate, post-check=0, pre-check=0', 'expires': 'Thu, 01 Jan 1970 00:00:01 GMT', 'referrer-policy': 'same-origin', 'server-timing': 'cfEdge;dur=19600,cfOrigin;dur=0', 'x-frame-options': 'SAMEORIGIN', 'server': 'cloudflare', 'cf-ray': 'a46bb60c4e66771e-ORD'} -+-+- b'error code: 522\n'
⚠️  WebSocket closed: The Session has been Closed!
⚠️  No ticks for 61s — reconnecting (attempt 2)...
Socket Connection has been closed, So! The scripts are already un-subscribed!
The Data has been Un-Subscribed
  subscribe() returned OK (will confirm ticks resume next cycle)
⚠️  No ticks for 61s — reconnecting (attempt 3)...
🔴 3 consecutive reconnect attempts produced zero new ticks — forcing full re-login + resubscribe...
Logged in successfully
✅ Re-logged in and resubscribed (will confirm ticks resume next cycle)
⚠️  No ticks for 61s — reconnecting (attempt 1)...
Socket Connection has been closed, So! The scripts are already un-subscribed!
The Data has been Un-Subscribed
  subscribe() returned OK (will confirm ticks resume next cycle)
⚠️  WebSocket closed: The Session has been Closed!
⚠️  Feed error: [Errno 110] Connection timed out
⚠️  No ticks for 61s — reconnecting (attempt 2)...
Socket Connection has been closed, So! The scripts are already un-subscribed!
The Data has been Un-Subscribed
  subscribe() returned OK (will confirm ticks resume next cycle)
⚠️  WebSocket closed: The Session has been Closed!
⚠️  Feed error: [Errno 110] Connection timed out
⚠️  WebSocket closed: The Session has been Closed!
⚠️  Feed error: Handshake status 522 <none> -+-+- {'date': 'Wed, 07 Oct 2026 09:04:12 GMT', 'content-type': 'text/plain; charset=UTF-8', 'content-length': '16', 'connection': 'keep-alive', 'cache-control': 'private, max-age=0, no-store, no-cache, must-revalidate, post-check=0, pre-check=0', 'expires': 'Thu, 01 Jan 1970 00:00:01 GMT', 'referrer-policy': 'same-origin', 'server-timing': 'cfEdge;dur=19691,cfOrigin;dur=0', 'x-frame-options': 'SAMEORIGIN', 'server': 'cloudflare', 'cf-ray': 'a46bbc319b50253a-ORD'} -+-+- b'error code: 522\n'
⚠️  WebSocket closed: The Session has been Closed!
⚠️  No ticks for 61s — reconnecting (attempt 3)...
🔴 3 consecutive reconnect attempts produced zero new ticks — forcing full re-login + resubscribe...
Logged in successfully
✅ Re-logged in and resubscribed (will confirm ticks resume next cycle)
⚠️  WebSocket closed: The Session has been Closed!
⚠️  Feed error: [Errno 110] Connection timed out
⚠️  WebSocket closed: The Session has been Closed!
⚠️  No ticks for 61s — reconnecting (attempt 1)...
Socket Connection has been closed, So! The scripts are already un-subscribed!
The Data has been Un-Subscribed
  subscribe() returned OK (will confirm ticks resume next cycle)
⚠️  No ticks for 61s — reconnecting (attempt 2)...
Socket Connection has been closed, So! The scripts are already un-subscribed!
The Data has been Un-Subscribed
  subscribe() returned OK (will confirm ticks resume next cycle)
⚠️  WebSocket closed: The Session has been Closed!
⚠️  Feed error: [Errno 110] Connection timed out
⚠️  WebSocket closed: The Session has been Closed!
⚠️  No ticks for 61s — reconnecting (attempt 3)...
🔴 3 consecutive reconnect attempts produced zero new ticks — forcing full re-login + resubscribe...
Logged in successfully
✅ Re-logged in and resubscribed (will confirm ticks resume next cycle)
⚠️  WebSocket closed: The Session has been Closed!
⚠️  Feed error: [Errno 110] Connection timed out
⚠️  No ticks for 61s — reconnecting (attempt 1)...
Socket Connection has been closed, So! The scripts are already un-subscribed!
The Data has been Un-Subscribed
  subscribe() returned OK (will confirm ticks resume next cycle)
⚠️  WebSocket closed: The Session has been Closed!
⚠️  Feed error: [Errno 110] Connection timed out
⚠️  WebSocket closed: The Session has been Closed!
⚠️  No ticks for 61s — reconnecting (attempt 2)...
Socket Connection has been closed, So! The scripts are already un-subscribed!
The Data has been Un-Subscribed
  subscribe() returned OK (will confirm ticks resume next cycle)
⚠️  WebSocket closed: The Session has been Closed!
⚠️  Feed error: [Errno 110] Connection timed out
⚠️  WebSocket closed: The Session has been Closed!
⚠️  WebSocket closed: The Session has been Closed!
⚠️  Feed error: Handshake status 522 <none> -+-+- {'date': 'Wed, 07 Oct 2026 09:10:29 GMT', 'content-type': 'text/plain; charset=UTF-8', 'content-length': '16', 'connection': 'keep-alive', 'cache-control': 'private, max-age=0, no-store, no-cache, must-revalidate, post-check=0, pre-check=0', 'expires': 'Thu, 01 Jan 1970 00:00:01 GMT', 'referrer-policy': 'same-origin', 'server-timing': 'cfEdge;dur=19568,cfOrigin;dur=0', 'x-frame-options': 'SAMEORIGIN', 'server': 'cloudflare', 'cf-ray': 'a46bc569bd4bfc36-ORD'} -+-+- b'error code: 522\n'
⚠️  WebSocket closed: The Session has been Closed!
⚠️  No ticks for 61s — reconnecting (attempt 3)...
🔴 3 consecutive reconnect attempts produced zero new ticks — forcing full re-login + resubscribe...
Logged in successfully
✅ Re-logged in and resubscribed (will confirm ticks resume next cycle)
⚠️  WebSocket closed: The Session has been Closed!
⚠️  Feed error: [Errno 110] Connection timed out
⚠️  WebSocket closed: The Session has been Closed!
⚠️  No ticks for 61s — reconnecting (attempt 1)...
Socket Connection has been closed, So! The scripts are already un-subscribed!
The Data has been Un-Subscribed
  subscribe() returned OK (will confirm ticks resume next cycle)
⚠️  No ticks for 61s — reconnecting (attempt 2)...
Socket Connection has been closed, So! The scripts are already un-subscribed!
The Data has been Un-Subscribed
  subscribe() returned OK (will confirm ticks resume next cycle)
⚠️  WebSocket closed: The Session has been Closed!
⚠️  Feed error: [Errno 110] Connection timed out
⚠️  WebSocket closed: The Session has been Closed!
⚠️  WebSocket closed: The Session has been Closed!
⚠️  Feed error: Handshake status 522 <none> -+-+- {'date': 'Wed, 07 Oct 2026 09:13:38 GMT', 'content-type': 'text/plain; charset=UTF-8', 'content-length': '16', 'connection': 'keep-alive', 'cache-control': 'private, max-age=0, no-store, no-cache, must-revalidate, post-check=0, pre-check=0', 'expires': 'Thu, 01 Jan 1970 00:00:01 GMT', 'referrer-policy': 'same-origin', 'server-timing': 'cfEdge;dur=19939,cfOrigin;dur=0', 'x-frame-options': 'SAMEORIGIN', 'server': 'cloudflare', 'cf-ray': 'a46bca053a8a2881-ORD'} -+-+- b'error code: 522\n'
⚠️  WebSocket closed: The Session has been Closed!
⚠️  No ticks for 61s — reconnecting (attempt 3)...
🔴 3 consecutive reconnect attempts produced zero new ticks — forcing full re-login + resubscribe...
Logged in successfully
✅ Re-logged in and resubscribed (will confirm ticks resume next cycle)
⚠️  WebSocket closed: The Session has been Closed!
⚠️  Feed error: [Errno 110] Connection timed out
⚠️  No ticks for 61s — reconnecting (attempt 1)...
Socket Connection has been closed, So! The scripts are already un-subscribed!
The Data has been Un-Subscribed
  subscribe() returned OK (will confirm ticks resume next cycle)
⚠️  WebSocket closed: The Session has been Closed!
⚠️  Feed error: Handshake status 522 <none> -+-+- {'date': 'Wed, 07 Oct 2026 09:15:44 GMT', 'content-type': 'text/plain; charset=UTF-8', 'content-length': '16', 'connection': 'keep-alive', 'cache-control': 'private, max-age=0, no-store, no-cache, must-revalidate, post-check=0, pre-check=0', 'expires': 'Thu, 01 Jan 1970 00:00:01 GMT', 'referrer-policy': 'same-origin', 'server-timing': 'cfEdge;dur=19341,cfOrigin;dur=0', 'x-frame-options': 'SAMEORIGIN', 'server': 'cloudflare', 'cf-ray': 'a46bcd172a38ead3-ORD'} -+-+- b'error code: 522\n'
⚠️  WebSocket closed: The Session has been Closed!
⚠️  No ticks for 61s — reconnecting (attempt 2)...
Socket Connection has been closed, So! The scripts are already un-subscribed!
The Data has been Un-Subscribed
  subscribe() returned OK (will confirm ticks resume next cycle)
⚠️  WebSocket closed: The Session has been Closed!
⚠️  Feed error: [Errno 110] Connection timed out
⚠️  WebSocket closed: The Session has been Closed!
⚠️  No ticks for 61s — reconnecting (attempt 3)...
🔴 3 consecutive reconnect attempts produced zero new ticks — forcing full re-login + resubscribe...
Logged in successfully
✅ Re-logged in and resubscribed (will confirm ticks resume next cycle)
⚠️  No ticks for 61s — reconnecting (attempt 1)...
Socket Connection has been closed, So! The scripts are already un-subscribed!
The Data has been Un-Subscribed
  subscribe() returned OK (will confirm ticks resume next cycle)
⚠️  WebSocket closed: The Session has been Closed!
⚠️  Feed error: [Errno 110] Connection timed out
⚠️  WebSocket closed: The Session has been Closed!
⚠️  No ticks for 61s — reconnecting (attempt 2)...
Socket Connection has been closed, So! The scripts are already un-subscribed!
The Data has been Un-Subscribed
  subscribe() returned OK (will confirm ticks resume next cycle)
⚠️  WebSocket closed: The Session has been Closed!
⚠️  Feed error: [Errno 110] Connection timed out
⚠️  No ticks for 61s — reconnecting (attempt 3)...
🔴 3 consecutive reconnect attempts produced zero new ticks — forcing full re-login + resubscribe...
Logged in successfully
✅ Re-logged in and resubscribed (will confirm ticks resume next cycle)
⚠️  WebSocket closed: The Session has been Closed!
⚠️  Feed error: [Errno 110] Connection timed out
⚠️  WebSocket closed: The Session has been Closed!
⚠️  No ticks for 61s — reconnecting (attempt 1)...
Socket Connection has been closed, So! The scripts are already un-subscribed!
The Data has been Un-Subscribed
  subscribe() returned OK (will confirm ticks resume next cycle)
⚠️  WebSocket closed: The Session has been Closed!
⚠️  Feed error: [Errno 110] Connection timed out
⚠️  WebSocket closed: The Session has been Closed!
⚠️  No ticks for 61s — reconnecting (attempt 2)...
Socket Connection has been closed, So! The scripts are already un-subscribed!
The Data has been Un-Subscribed
  subscribe() returned OK (will confirm ticks resume next cycle)
⚠️  WebSocket closed: The Session has been Closed!
⚠️  Feed error: [Errno 110] Connection timed out
⚠️  WebSocket closed: The Session has been Closed!
⚠️  No ticks for 61s — reconnecting (attempt 3)...
🔴 3 consecutive reconnect attempts produced zero new ticks — forcing full re-login + resubscribe...
Logged in successfully
✅ Re-logged in and resubscribed (will confirm ticks resume next cycle)
⚠️  WebSocket closed: The Session has been Closed!
⚠️  Feed error: [Errno 110] Connection timed out
⚠️  WebSocket closed: The Session has been Closed!
⚠️  No ticks for 61s — reconnecting (attempt 1)...
Socket Connection has been closed, So! The scripts are already un-subscribed!
The Data has been Un-Subscribed
  subscribe() returned OK (will confirm ticks resume next cycle)
⚠️  WebSocket closed: The Session has been Closed!
⚠️  Feed error: [Errno 110] Connection timed out
⚠️  WebSocket closed: The Session has been Closed!
⚠️  No ticks for 61s — reconnecting (attempt 2)...
Socket Connection has been closed, So! The scripts are already un-subscribed!
The Data has been Un-Subscribed
  subscribe() returned OK (will confirm ticks resume next cycle)
⚠️  WebSocket closed: The Session has been Closed!
⚠️  Feed error: [Errno 110] Connection timed out
⚠️  WebSocket closed: The Session has been Closed!
⚠️  No ticks for 61s — reconnecting (attempt 3)...
🔴 3 consecutive reconnect attempts produced zero new ticks — forcing full re-login + resubscribe...
Logged in successfully
✅ Re-logged in and resubscribed (will confirm ticks resume next cycle)
⚠️  WebSocket closed: The Session has been Closed!
⚠️  Feed error: [Errno 110] Connection timed out
⚠️  WebSocket closed: The Session has been Closed!
⚠️  No ticks for 61s — reconnecting (attempt 1)...
Socket Connection has been closed, So! The scripts are already un-subscribed!
The Data has been Un-Subscribed
  subscribe() returned OK (will confirm ticks resume next cycle)
⚠️  WebSocket closed: The Session has been Closed!
⚠️  Feed error: [Errno 110] Connection timed out
⚠️  WebSocket closed: The Session has been Closed!
⚠️  No ticks for 61s — reconnecting (attempt 2)...
Socket Connection has been closed, So! The scripts are already un-subscribed!
The Data has been Un-Subscribed
  subscribe() returned OK (will confirm ticks resume next cycle)
⚠️  WebSocket closed: The Session has been Closed!
⚠️  Feed error: [Errno 110] Connection timed out
⚠️  WebSocket closed: The Session has been Closed!
⚠️  No ticks for 61s — reconnecting (attempt 3)...
🔴 3 consecutive reconnect attempts produced zero new ticks — forcing full re-login + resubscribe...
Logged in successfully
✅ Re-logged in and resubscribed (will confirm ticks resume next cycle)
⚠️  WebSocket closed: The Session has been Closed!
⚠️  Feed error: [Errno 110] Connection timed out
⚠️  WebSocket closed: The Session has been Closed!
⚠️  No ticks for 61s — reconnecting (attempt 1)...
Socket Connection has been closed, So! The scripts are already un-subscribed!
The Data has been Un-Subscribed
  subscribe() returned OK (will confirm ticks resume next cycle)
⚠️  WebSocket closed: The Session has been Closed!
⚠️  Feed error: [Errno 110] Connection timed out
⚠️  WebSocket closed: The Session has been Closed!
⚠️  WebSocket closed: The Session has been Closed!
⚠️  Feed error: Handshake status 522 <none> -+-+- {'date': 'Wed, 07 Oct 2026 09:31:28 GMT', 'content-type': 'text/plain; charset=UTF-8', 'content-length': '16', 'connection': 'keep-alive', 'cache-control': 'private, max-age=0, no-store, no-cache, must-revalidate, post-check=0, pre-check=0', 'expires': 'Thu, 01 Jan 1970 00:00:01 GMT', 'referrer-policy': 'same-origin', 'server-timing': 'cfEdge;dur=19426,cfOrigin;dur=0', 'x-frame-options': 'SAMEORIGIN', 'server': 'cloudflare', 'cf-ray': 'a46be4232dc1fca8-ORD'} -+-+- b'error code: 522\n'
⚠️  WebSocket closed: The Session has been Closed!
⚠️  No ticks for 61s — reconnecting (attempt 2)...
Socket Connection has been closed, So! The scripts are already un-subscribed!
The Data has been Un-Subscribed
  subscribe() returned OK (will confirm ticks resume next cycle)
⚠️  WebSocket closed: The Session has been Closed!
⚠️  Feed error: [Errno 110] Connection timed out
⚠️  WebSocket closed: The Session has been Closed!
⚠️  No ticks for 61s — reconnecting (attempt 3)...
🔴 3 consecutive reconnect attempts produced zero new ticks — forcing full re-login + resubscribe...
Logged in successfully
✅ Re-logged in and resubscribed (will confirm ticks resume next cycle)
⚠️  No ticks for 61s — reconnecting (attempt 1)...
Socket Connection has been closed, So! The scripts are already un-subscribed!
The Data has been Un-Subscribed
  subscribe() returned OK (will confirm ticks resume next cycle)
⚠️  WebSocket closed: The Session has been Closed!
⚠️  Feed error: [Errno 110] Connection timed out
⚠️  WebSocket closed: The Session has been Closed!
⚠️  No ticks for 61s — reconnecting (attempt 2)...
Socket Connection has been closed, So! The scripts are already un-subscribed!
The Data has been Un-Subscribed
  subscribe() returned OK (will confirm ticks resume next cycle)
⚠️  WebSocket closed: The Session has been Closed!
⚠️  Feed error: [Errno 110] Connection timed out
⚠️  No ticks for 61s — reconnecting (attempt 3)...
🔴 3 consecutive reconnect attempts produced zero new ticks — forcing full re-login + resubscribe...
Logged in successfully
✅ Re-logged in and resubscribed (will confirm ticks resume next cycle)
⚠️  WebSocket closed: The Session has been Closed!
⚠️  Feed error: [Errno 110] Connection timed out
⚠️  WebSocket closed: The Session has been Closed!
⚠️  No ticks for 61s — reconnecting (attempt 1)...
Socket Connection has been closed, So! The scripts are already un-subscribed!
The Data has been Un-Subscribed
  subscribe() returned OK (will confirm ticks resume next cycle)
⚠️  WebSocket closed: The Session has been Closed!
⚠️  Feed error: [Errno 110] Connection timed out
⚠️  WebSocket closed: The Session has been Closed!
⚠️  No ticks for 61s — reconnecting (attempt 2)...
Socket Connection has been closed, So! The scripts are already un-subscribed!
The Data has been Un-Subscribed
  subscribe() returned OK (will confirm ticks resume next cycle)
⚠️  WebSocket closed: The Session has been Closed!
⚠️  Feed error: [Errno 110] Connection timed out
⚠️  WebSocket closed: The Session has been Closed!
⚠️  No ticks for 61s — reconnecting (attempt 3)...
🔴 3 consecutive reconnect attempts produced zero new ticks — forcing full re-login + resubscribe...
Logged in successfully
✅ Re-logged in and resubscribed (will confirm ticks resume next cycle)
⚠️  WebSocket closed: The Session has been Closed!
⚠️  Feed error: [Errno 110] Connection timed out
⚠️  WebSocket closed: The Session has been Closed!

⏰ 3:10 PM — running signal scan from today's aggregated ticks...
⚠️  No ticks collected today — cannot generate signals.
⚠️  No ticks for 61s — reconnecting (attempt 1)...
Socket Connection has been closed, So! The scripts are already un-subscribed!
The Data has been Un-Subscribed
  subscribe() returned OK (will confirm ticks resume next cycle)
⚠️  WebSocket closed: The Session has been Closed!
⚠️  Feed error: [Errno 110] Connection timed out
⚠️  WebSocket closed: The Session has been Closed!
⚠️  No ticks for 61s — reconnecting (attempt 2)...
Socket Connection has been closed, So! The scripts are already un-subscribed!
The Data has been Un-Subscribed
  subscribe() returned OK (will confirm ticks resume next cycle)
⚠️  WebSocket closed: The Session has been Closed!
⚠️  Feed error: [Errno 110] Connection timed out
⚠️  WebSocket closed: The Session has been Closed!
⚠️  No ticks for 61s — reconnecting (attempt 3)...
🔴 3 consecutive reconnect attempts produced zero new ticks — forcing full re-login + resubscribe...
Logged in successfully
✅ Re-logged in and resubscribed (will confirm ticks resume next cycle)
⚠️  WebSocket closed: The Session has been Closed!
⚠️  Feed error: [Errno 110] Connection timed out
⚠️  WebSocket closed: The Session has been Closed!
⚠️  No ticks for 61s — reconnecting (attempt 1)...
Socket Connection has been closed, So! The scripts are already un-subscribed!
The Data has been Un-Subscribed
  subscribe() returned OK (will confirm ticks resume next cycle)
⚠️  WebSocket closed: The Session has been Closed!
⚠️  Feed error: [Errno 110] Connection timed out
⚠️  WebSocket closed: The Session has been Closed!
⚠️  No ticks for 61s — reconnecting (attempt 2)...
Socket Connection has been closed, So! The scripts are already un-subscribed!
The Data has been Un-Subscribed
  subscribe() returned OK (will confirm ticks resume next cycle)
⚠️  WebSocket closed: The Session has been Closed!
⚠️  Feed error: [Errno 110] Connection timed out
⚠️  WebSocket closed: The Session has been Closed!
⚠️  No ticks for 61s — reconnecting (attempt 3)...
🔴 3 consecutive reconnect attempts produced zero new ticks — forcing full re-login + resubscribe...
Logged in successfully
✅ Re-logged in and resubscribed (will confirm ticks resume next cycle)
⚠️  WebSocket closed: The Session has been Closed!
⚠️  Feed error: [Errno 110] Connection timed out
⚠️  WebSocket closed: The Session has been Closed!
⚠️  No ticks for 61s — reconnecting (attempt 1)...
Socket Connection has been closed, So! The scripts are already un-subscribed!
The Data has been Un-Subscribed
  subscribe() returned OK (will confirm ticks resume next cycle)
⚠️  WebSocket closed: The Session has been Closed!
⚠️  Feed error: [Errno 110] Connection timed out
⚠️  WebSocket closed: The Session has been Closed!
⚠️  WebSocket closed: The Session has been Closed!
⚠️  Feed error: Handshake status 522 <none> -+-+- {'date': 'Wed, 07 Oct 2026 09:47:11 GMT', 'content-type': 'text/plain; charset=UTF-8', 'content-length': '16', 'connection': 'keep-alive', 'cache-control': 'private, max-age=0, no-store, no-cache, must-revalidate, post-check=0, pre-check=0', 'expires': 'Thu, 01 Jan 1970 00:00:01 GMT', 'referrer-policy': 'same-origin', 'server-timing': 'cfEdge;dur=19484,cfOrigin;dur=0', 'x-frame-options': 'SAMEORIGIN', 'server': 'cloudflare', 'cf-ray': 'a46bfb2d88cef602-ORD'} -+-+- b'error code: 522\n'
⚠️  WebSocket closed: The Session has been Closed!
⚠️  No ticks for 61s — reconnecting (attempt 2)...
Socket Connection has been closed, So! The scripts are already un-subscribed!
The Data has been Un-Subscribed
  subscribe() returned OK (will confirm ticks resume next cycle)
⚠️  WebSocket closed: The Session has been Closed!
⚠️  Feed error: [Errno 110] Connection timed out
⚠️  WebSocket closed: The Session has been Closed!
⚠️  No ticks for 61s — reconnecting (attempt 3)...
🔴 3 consecutive reconnect attempts produced zero new ticks — forcing full re-login + resubscribe...
Logged in successfully
✅ Re-logged in and resubscribed (will confirm ticks resume next cycle)
⚠️  No ticks for 61s — reconnecting (attempt 1)...
Socket Connection has been closed, So! The scripts are already un-subscribed!
The Data has been Un-Subscribed
  subscribe() returned OK (will confirm ticks resume next cycle)
⚠️  WebSocket closed: The Session has been Closed!
⚠️  Feed error: [Errno 110] Connection timed out
⚠️  WebSocket closed: The Session has been Closed!
⚠️  No ticks for 61s — reconnecting (attempt 2)...
Socket Connection has been closed, So! The scripts are already un-subscribed!
The Data has been Un-Subscribed
  subscribe() returned OK (will confirm ticks resume next cycle)
⚠️  WebSocket closed: The Session has been Closed!
⚠️  Feed error: [Errno 110] Connection timed out
⚠️  No ticks for 61s — reconnecting (attempt 3)...
🔴 3 consecutive reconnect attempts produced zero new ticks — forcing full re-login + resubscribe...
Logged in successfully
✅ Re-logged in and resubscribed (will confirm ticks resume next cycle)
⚠️  WebSocket closed: The Session has been Closed!
⚠️  Feed error: [Errno 110] Connection timed out
⚠️  WebSocket closed: The Session has been Closed!
⚠️  No ticks for 61s — reconnecting (attempt 1)...
Socket Connection has been closed, So! The scripts are already un-subscribed!
The Data has been Un-Subscribed
  subscribe() returned OK (will confirm ticks resume next cycle)
⚠️  WebSocket closed: The Session has been Closed!
⚠️  Feed error: [Errno 110] Connection timed out
⚠️  WebSocket closed: The Session has been Closed!
⚠️  WebSocket closed: The Session has been Closed!
⚠️  Feed error: Handshake status 522 <none> -+-+- {'date': 'Wed, 07 Oct 2026 09:53:29 GMT', 'content-type': 'text/plain; charset=UTF-8', 'content-length': '16', 'connection': 'keep-alive', 'cache-control': 'private, max-age=0, no-store, no-cache, must-revalidate, post-check=0, pre-check=0', 'expires': 'Thu, 01 Jan 1970 00:00:01 GMT', 'referrer-policy': 'same-origin', 'server-timing': 'cfEdge;dur=19573,cfOrigin;dur=0', 'x-frame-options': 'SAMEORIGIN', 'server': 'cloudflare', 'cf-ray': 'a46c04651960a468-ORD'} -+-+- b'error code: 522\n'
⚠️  WebSocket closed: The Session has been Closed!
⚠️  No ticks for 61s — reconnecting (attempt 2)...
Socket Connection has been closed, So! The scripts are already un-subscribed!
The Data has been Un-Subscribed
  subscribe() returned OK (will confirm ticks resume next cycle)
⚠️  WebSocket closed: The Session has been Closed!
⚠️  Feed error: [Errno 110] Connection timed out
⚠️  WebSocket closed: The Session has been Closed!
⚠️  No ticks for 61s — reconnecting (attempt 3)...
🔴 3 consecutive reconnect attempts produced zero new ticks — forcing full re-login + resubscribe...
Logged in successfully
✅ Re-logged in and resubscribed (will confirm ticks resume next cycle)
⚠️  No ticks for 61s — reconnecting (attempt 1)...
Socket Connection has been closed, So! The scripts are already un-subscribed!
The Data has been Un-Subscribed
  subscribe() returned OK (will confirm ticks resume next cycle)
⚠️  WebSocket closed: The Session has been Closed!
⚠️  Feed error: [Errno 110] Connection timed out
⚠️  WebSocket closed: The Session has been Closed!
⚠️  No ticks for 61s — reconnecting (attempt 2)...
Socket Connection has been closed, So! The scripts are already un-subscribed!
The Data has been Un-Subscribed
  subscribe() returned OK (will confirm ticks resume next cycle)
⚠️  WebSocket closed: The Session has been Closed!
⚠️  Feed error: [Errno 110] Connection timed out
⚠️  No ticks for 61s — reconnecting (attempt 3)...
🔴 3 consecutive reconnect attempts produced zero new ticks — forcing full re-login + resubscribe...
Logged in successfully
✅ Re-logged in and resubscribed (will confirm ticks resume next cycle)
⚠️  WebSocket closed: The Session has been Closed!
⚠️  Feed error: [Errno 110] Connection timed out
⚠️  WebSocket closed: The Session has been Closed!
⚠️  No ticks for 61s — reconnecting (attempt 1)...
Socket Connection has been closed, So! The scripts are already un-subscribed!
The Data has been Un-Subscribed
  subscribe() returned OK (will confirm ticks resume next cycle)
⚠️  WebSocket closed: The Session has been Closed!
⚠️  Feed error: [Errno 110] Connection timed out
⚠️  WebSocket closed: The Session has been Closed!

✅ Market closed. Run ending.
Open positions carried forward: ['APOLLOHOSP']
⚠️  WebSocket closed: The Session has been Closed!
⚠️  Feed error: [Errno 110] Connection timed out
⚠️  WebSocket closed: The Session has been Closed!
⚠️  WebSocket closed: The Session has been Closed!
⚠️  Feed error: [Errno 110] Connection timed out
⚠️  WebSocket closed: The Session has been Closed!
[run_daily_and_push] WARNING: run_daily.py hit the 8h timeout and was killed — investigate for a hang.
