=======================================================
  RUN DAILY — unattended entry point (Render)
  2026-10-06 09:00:07
=======================================================
Open positions in Supabase: ['APOLLOHOSP']
Open position(s) found — running full-day monitor from now until market close...
Logged in successfully
Resolved APOLLOHOSP -> APOLLOHOSP-EQ (token 157)
Resolved HINDALCO -> HINDALCO-EQ (token 1363)
Resolved POWERGRID -> POWERGRID-EQ (token 14977)
Resolved EICHERMOT -> EICHERMOT-EQ (token 910)
Resolved NTPC -> NTPC-EQ (token 11630)
Live feed started
⚠️  WebSocket closed: The Session has been Closed!
⚠️  Feed error: [Errno 110] Connection timed out
⚠️  WebSocket closed: The Session has been Closed!
⚠️  No ticks for 877s — reconnecting (attempt 1)...
Socket Connection has been closed, So! The scripts are already un-subscribed!
The Data has been Un-Subscribed
  subscribe() returned OK (will confirm ticks resume next cycle)
⚠️  No ticks for 61s — reconnecting (attempt 2)...
Socket Connection has been closed, So! The scripts are already un-subscribed!
The Data has been Un-Subscribed
  subscribe() returned OK (will confirm ticks resume next cycle)
⚠️  No ticks for 61s — reconnecting (attempt 3)...
🔴 3 consecutive reconnect attempts produced zero new ticks — forcing full re-login + resubscribe...
Logged in successfully
✅ Re-logged in and resubscribed (will confirm ticks resume next cycle)
⚠️  WebSocket closed: The Session has been Closed!
⚠️  Feed error: [Errno 110] Connection timed out
⚠️  No ticks for 61s — reconnecting (attempt 1)...
Socket Connection has been closed, So! The scripts are already un-subscribed!
The Data has been Un-Subscribed
  subscribe() returned OK (will confirm ticks resume next cycle)
⚠️  WebSocket closed: The Session has been Closed!
⚠️  Feed error: [Errno 110] Connection timed out
⚠️  No ticks for 61s — reconnecting (attempt 2)...
Socket Connection has been closed, So! The scripts are already un-subscribed!
The Data has been Un-Subscribed
  subscribe() returned OK (will confirm ticks resume next cycle)
⚠️  WebSocket closed: The Session has been Closed!
⚠️  Feed error: [Errno 110] Connection timed out
⚠️  WebSocket closed: The Session has been Closed!
⚠️  No ticks for 61s — reconnecting (attempt 3)...
🔴 3 consecutive reconnect attempts produced zero new ticks — forcing full re-login + resubscribe...
Logged in successfully
✅ Re-logged in and resubscribed (will confirm ticks resume next cycle)
⚠️  WebSocket closed: The Session has been Closed!
⚠️  Feed error: [Errno 110] Connection timed out
⚠️  WebSocket closed: The Session has been Closed!
⚠️  No ticks for 61s — reconnecting (attempt 1)...
Socket Connection has been closed, So! The scripts are already un-subscribed!
The Data has been Un-Subscribed
  subscribe() returned OK (will confirm ticks resume next cycle)
⚠️  WebSocket closed: The Session has been Closed!
⚠️  Feed error: [Errno 110] Connection timed out
⚠️  WebSocket closed: The Session has been Closed!
⚠️  No ticks for 61s — reconnecting (attempt 2)...
Socket Connection has been closed, So! The scripts are already un-subscribed!
The Data has been Un-Subscribed
  subscribe() returned OK (will confirm ticks resume next cycle)
⚠️  WebSocket closed: The Session has been Closed!
⚠️  Feed error: [Errno 110] Connection timed out
⚠️  WebSocket closed: The Session has been Closed!
⚠️  No ticks for 61s — reconnecting (attempt 3)...
🔴 3 consecutive reconnect attempts produced zero new ticks — forcing full re-login + resubscribe...
Logged in successfully
✅ Re-logged in and resubscribed (will confirm ticks resume next cycle)
⚠️  WebSocket closed: The Session has been Closed!
⚠️  Feed error: [Errno 110] Connection timed out
⚠️  WebSocket closed: The Session has been Closed!
⚠️  No ticks for 61s — reconnecting (attempt 1)...
Socket Connection has been closed, So! The scripts are already un-subscribed!
The Data has been Un-Subscribed
  subscribe() returned OK (will confirm ticks resume next cycle)
⚠️  WebSocket closed: The Session has been Closed!
⚠️  Feed error: [Errno 110] Connection timed out
⚠️  WebSocket closed: The Session has been Closed!
⚠️  No ticks for 61s — reconnecting (attempt 2)...
Socket Connection has been closed, So! The scripts are already un-subscribed!
The Data has been Un-Subscribed
  subscribe() returned OK (will confirm ticks resume next cycle)
⚠️  WebSocket closed: The Session has been Closed!
⚠️  Feed error: [Errno 110] Connection timed out
⚠️  WebSocket closed: The Session has been Closed!
⚠️  WebSocket closed: The Session has been Closed!
⚠️  Feed error: Handshake status 522 <none> -+-+- {'date': 'Tue, 06 Oct 2026 03:55:51 GMT', 'content-type': 'text/plain; charset=UTF-8', 'content-length': '16', 'connection': 'keep-alive', 'cache-control': 'private, max-age=0, no-store, no-cache, must-revalidate, post-check=0, pre-check=0', 'expires': 'Thu, 01 Jan 1970 00:00:01 GMT', 'referrer-policy': 'same-origin', 'server-timing': 'cfEdge;dur=19644,cfOrigin;dur=0', 'x-frame-options': 'SAMEORIGIN', 'server': 'cloudflare', 'cf-ray': 'a461bb21dba0454f-ORD'} -+-+- b'error code: 522\n'
⚠️  WebSocket closed: The Session has been Closed!
⚠️  No ticks for 61s — reconnecting (attempt 3)...
🔴 3 consecutive reconnect attempts produced zero new ticks — forcing full re-login + resubscribe...
Logged in successfully
✅ Re-logged in and resubscribed (will confirm ticks resume next cycle)
⚠️  WebSocket closed: The Session has been Closed!
⚠️  Feed error: [Errno 110] Connection timed out
⚠️  WebSocket closed: The Session has been Closed!
⚠️  No ticks for 61s — reconnecting (attempt 1)...
Socket Connection has been closed, So! The scripts are already un-subscribed!
The Data has been Un-Subscribed
  subscribe() returned OK (will confirm ticks resume next cycle)
⚠️  No ticks for 61s — reconnecting (attempt 2)...
Socket Connection has been closed, So! The scripts are already un-subscribed!
The Data has been Un-Subscribed
  subscribe() returned OK (will confirm ticks resume next cycle)
⚠️  WebSocket closed: The Session has been Closed!
⚠️  Feed error: [Errno 110] Connection timed out
⚠️  WebSocket closed: The Session has been Closed!
⚠️  No ticks for 61s — reconnecting (attempt 3)...
🔴 3 consecutive reconnect attempts produced zero new ticks — forcing full re-login + resubscribe...
Logged in successfully
✅ Re-logged in and resubscribed (will confirm ticks resume next cycle)
⚠️  WebSocket closed: The Session has been Closed!
⚠️  Feed error: [Errno 110] Connection timed out
⚠️  No ticks for 61s — reconnecting (attempt 1)...
Socket Connection has been closed, So! The scripts are already un-subscribed!
The Data has been Un-Subscribed
  subscribe() returned OK (will confirm ticks resume next cycle)
⚠️  WebSocket closed: The Session has been Closed!
⚠️  Feed error: [Errno 110] Connection timed out
⚠️  WebSocket closed: The Session has been Closed!
⚠️  No ticks for 61s — reconnecting (attempt 2)...
Socket Connection has been closed, So! The scripts are already un-subscribed!
The Data has been Un-Subscribed
  subscribe() returned OK (will confirm ticks resume next cycle)
⚠️  WebSocket closed: The Session has been Closed!
⚠️  Feed error: [Errno 110] Connection timed out
⚠️  WebSocket closed: The Session has been Closed!
⚠️  No ticks for 61s — reconnecting (attempt 3)...
🔴 3 consecutive reconnect attempts produced zero new ticks — forcing full re-login + resubscribe...
Logged in successfully
✅ Re-logged in and resubscribed (will confirm ticks resume next cycle)
⚠️  WebSocket closed: The Session has been Closed!
⚠️  Feed error: [Errno 110] Connection timed out
⚠️  WebSocket closed: The Session has been Closed!
⚠️  WebSocket closed: The Session has been Closed!
⚠️  Feed error: Handshake status 522 <none> -+-+- {'date': 'Tue, 06 Oct 2026 04:03:11 GMT', 'content-type': 'text/plain; charset=UTF-8', 'content-length': '16', 'connection': 'keep-alive', 'cache-control': 'private, max-age=0, no-store, no-cache, must-revalidate, post-check=0, pre-check=0', 'expires': 'Thu, 01 Jan 1970 00:00:01 GMT', 'referrer-policy': 'same-origin', 'server-timing': 'cfEdge;dur=19702,cfOrigin;dur=0', 'x-frame-options': 'SAMEORIGIN', 'server': 'cloudflare', 'cf-ray': 'a461c5e04823e7fc-ORD'} -+-+- b'error code: 522\n'
⚠️  WebSocket closed: The Session has been Closed!
⚠️  No ticks for 61s — reconnecting (attempt 1)...
Socket Connection has been closed, So! The scripts are already un-subscribed!
The Data has been Un-Subscribed
  subscribe() returned OK (will confirm ticks resume next cycle)
⚠️  WebSocket closed: The Session has been Closed!
⚠️  Feed error: [Errno 110] Connection timed out
⚠️  WebSocket closed: The Session has been Closed!
⚠️  No ticks for 61s — reconnecting (attempt 2)...
Socket Connection has been closed, So! The scripts are already un-subscribed!
The Data has been Un-Subscribed
  subscribe() returned OK (will confirm ticks resume next cycle)
⚠️  No ticks for 61s — reconnecting (attempt 3)...
🔴 3 consecutive reconnect attempts produced zero new ticks — forcing full re-login + resubscribe...
Logged in successfully
✅ Re-logged in and resubscribed (will confirm ticks resume next cycle)
⚠️  WebSocket closed: The Session has been Closed!
⚠️  Feed error: [Errno 110] Connection timed out
⚠️  WebSocket closed: The Session has been Closed!
⚠️  No ticks for 61s — reconnecting (attempt 1)...
Socket Connection has been closed, So! The scripts are already un-subscribed!
The Data has been Un-Subscribed
  subscribe() returned OK (will confirm ticks resume next cycle)
⚠️  WebSocket closed: The Session has been Closed!
⚠️  Feed error: [Errno 110] Connection timed out
⚠️  No ticks for 61s — reconnecting (attempt 2)...
Socket Connection has been closed, So! The scripts are already un-subscribed!
The Data has been Un-Subscribed
  subscribe() returned OK (will confirm ticks resume next cycle)
⚠️  WebSocket closed: The Session has been Closed!
⚠️  Feed error: [Errno 110] Connection timed out
⚠️  WebSocket closed: The Session has been Closed!
⚠️  No ticks for 61s — reconnecting (attempt 3)...
🔴 3 consecutive reconnect attempts produced zero new ticks — forcing full re-login + resubscribe...
Logged in successfully
✅ Re-logged in and resubscribed (will confirm ticks resume next cycle)
⚠️  WebSocket closed: The Session has been Closed!
⚠️  Feed error: [Errno 110] Connection timed out
⚠️  WebSocket closed: The Session has been Closed!
⚠️  WebSocket closed: The Session has been Closed!
⚠️  Feed error: Handshake status 522 <none> -+-+- {'date': 'Tue, 06 Oct 2026 04:09:28 GMT', 'content-type': 'text/plain; charset=UTF-8', 'content-length': '16', 'connection': 'keep-alive', 'cache-control': 'private, max-age=0, no-store, no-cache, must-revalidate, post-check=0, pre-check=0', 'expires': 'Thu, 01 Jan 1970 00:00:01 GMT', 'referrer-policy': 'same-origin', 'server-timing': 'cfEdge;dur=19349,cfOrigin;dur=0', 'x-frame-options': 'SAMEORIGIN', 'server': 'cloudflare', 'cf-ray': 'a461cf187f65bd06-ORD'} -+-+- b'error code: 522\n'
⚠️  WebSocket closed: The Session has been Closed!
⚠️  No ticks for 61s — reconnecting (attempt 1)...
Socket Connection has been closed, So! The scripts are already un-subscribed!
The Data has been Un-Subscribed
  subscribe() returned OK (will confirm ticks resume next cycle)
⚠️  WebSocket closed: The Session has been Closed!
⚠️  Feed error: [Errno 110] Connection timed out
⚠️  WebSocket closed: The Session has been Closed!
⚠️  No ticks for 61s — reconnecting (attempt 2)...
Socket Connection has been closed, So! The scripts are already un-subscribed!
The Data has been Un-Subscribed
  subscribe() returned OK (will confirm ticks resume next cycle)
⚠️  No ticks for 61s — reconnecting (attempt 3)...
🔴 3 consecutive reconnect attempts produced zero new ticks — forcing full re-login + resubscribe...
Logged in successfully
✅ Re-logged in and resubscribed (will confirm ticks resume next cycle)
⚠️  WebSocket closed: The Session has been Closed!
⚠️  Feed error: [Errno 110] Connection timed out
⚠️  WebSocket closed: The Session has been Closed!
⚠️  No ticks for 61s — reconnecting (attempt 1)...
Socket Connection has been closed, So! The scripts are already un-subscribed!
The Data has been Un-Subscribed
  subscribe() returned OK (will confirm ticks resume next cycle)
⚠️  WebSocket closed: The Session has been Closed!
⚠️  Feed error: [Errno 110] Connection timed out
⚠️  No ticks for 61s — reconnecting (attempt 2)...
Socket Connection has been closed, So! The scripts are already un-subscribed!
The Data has been Un-Subscribed
  subscribe() returned OK (will confirm ticks resume next cycle)
⚠️  WebSocket closed: The Session has been Closed!
⚠️  Feed error: [Errno 110] Connection timed out
⚠️  WebSocket closed: The Session has been Closed!
⚠️  No ticks for 61s — reconnecting (attempt 3)...
🔴 3 consecutive reconnect attempts produced zero new ticks — forcing full re-login + resubscribe...
Logged in successfully
✅ Re-logged in and resubscribed (will confirm ticks resume next cycle)
⚠️  WebSocket closed: The Session has been Closed!
⚠️  Feed error: [Errno 110] Connection timed out
⚠️  WebSocket closed: The Session has been Closed!
⚠️  No ticks for 61s — reconnecting (attempt 1)...
Socket Connection has been closed, So! The scripts are already un-subscribed!
The Data has been Un-Subscribed
  subscribe() returned OK (will confirm ticks resume next cycle)
⚠️  WebSocket closed: The Session has been Closed!
⚠️  Feed error: [Errno 110] Connection timed out
⚠️  WebSocket closed: The Session has been Closed!
⚠️  WebSocket closed: The Session has been Closed!
⚠️  Feed error: Handshake status 522 <none> -+-+- {'date': 'Tue, 06 Oct 2026 04:16:49 GMT', 'content-type': 'text/plain; charset=UTF-8', 'content-length': '16', 'connection': 'keep-alive', 'cache-control': 'private, max-age=0, no-store, no-cache, must-revalidate, post-check=0, pre-check=0', 'expires': 'Thu, 01 Jan 1970 00:00:01 GMT', 'referrer-policy': 'same-origin', 'server-timing': 'cfEdge;dur=19743,cfOrigin;dur=0', 'x-frame-options': 'SAMEORIGIN', 'server': 'cloudflare', 'cf-ray': 'a461d9d958206cba-ORD'} -+-+- b'error code: 522\n'
⚠️  WebSocket closed: The Session has been Closed!
⚠️  No ticks for 61s — reconnecting (attempt 2)...
Socket Connection has been closed, So! The scripts are already un-subscribed!
The Data has been Un-Subscribed
  subscribe() returned OK (will confirm ticks resume next cycle)
⚠️  WebSocket closed: The Session has been Closed!
⚠️  Feed error: [Errno 110] Connection timed out
⚠️  WebSocket closed: The Session has been Closed!
⚠️  No ticks for 61s — reconnecting (attempt 3)...
🔴 3 consecutive reconnect attempts produced zero new ticks — forcing full re-login + resubscribe...
Logged in successfully
✅ Re-logged in and resubscribed (will confirm ticks resume next cycle)
⚠️  No ticks for 61s — reconnecting (attempt 1)...
Socket Connection has been closed, So! The scripts are already un-subscribed!
The Data has been Un-Subscribed
  subscribe() returned OK (will confirm ticks resume next cycle)
⚠️  WebSocket closed: The Session has been Closed!
⚠️  Feed error: [Errno 110] Connection timed out
⚠️  WebSocket closed: The Session has been Closed!
⚠️  No ticks for 61s — reconnecting (attempt 2)...
Socket Connection has been closed, So! The scripts are already un-subscribed!
The Data has been Un-Subscribed
  subscribe() returned OK (will confirm ticks resume next cycle)
⚠️  WebSocket closed: The Session has been Closed!
⚠️  Feed error: [Errno 110] Connection timed out
⚠️  No ticks for 61s — reconnecting (attempt 3)...
🔴 3 consecutive reconnect attempts produced zero new ticks — forcing full re-login + resubscribe...
Logged in successfully
✅ Re-logged in and resubscribed (will confirm ticks resume next cycle)
⚠️  WebSocket closed: The Session has been Closed!
⚠️  Feed error: [Errno 110] Connection timed out
⚠️  WebSocket closed: The Session has been Closed!
⚠️  No ticks for 61s — reconnecting (attempt 1)...
Socket Connection has been closed, So! The scripts are already un-subscribed!
The Data has been Un-Subscribed
  subscribe() returned OK (will confirm ticks resume next cycle)
⚠️  WebSocket closed: The Session has been Closed!
⚠️  Feed error: [Errno 110] Connection timed out
⚠️  WebSocket closed: The Session has been Closed!
⚠️  No ticks for 61s — reconnecting (attempt 2)...
Socket Connection has been closed, So! The scripts are already un-subscribed!
The Data has been Un-Subscribed
  subscribe() returned OK (will confirm ticks resume next cycle)
⚠️  WebSocket closed: The Session has been Closed!
⚠️  Feed error: [Errno 110] Connection timed out
⚠️  WebSocket closed: The Session has been Closed!
⚠️  No ticks for 61s — reconnecting (attempt 3)...
🔴 3 consecutive reconnect attempts produced zero new ticks — forcing full re-login + resubscribe...
Logged in successfully
✅ Re-logged in and resubscribed (will confirm ticks resume next cycle)
⚠️  WebSocket closed: The Session has been Closed!
⚠️  Feed error: [Errno 110] Connection timed out
⚠️  WebSocket closed: The Session has been Closed!
⚠️  No ticks for 61s — reconnecting (attempt 1)...
Socket Connection has been closed, So! The scripts are already un-subscribed!
The Data has been Un-Subscribed
  subscribe() returned OK (will confirm ticks resume next cycle)
⚠️  WebSocket closed: The Session has been Closed!
⚠️  Feed error: [Errno 110] Connection timed out
⚠️  WebSocket closed: The Session has been Closed!
⚠️  No ticks for 61s — reconnecting (attempt 2)...
Socket Connection has been closed, So! The scripts are already un-subscribed!
The Data has been Un-Subscribed
  subscribe() returned OK (will confirm ticks resume next cycle)
⚠️  WebSocket closed: The Session has been Closed!
⚠️  Feed error: [Errno 110] Connection timed out
⚠️  WebSocket closed: The Session has been Closed!
⚠️  WebSocket closed: The Session has been Closed!
⚠️  Feed error: Handshake status 522 <none> -+-+- {'date': 'Tue, 06 Oct 2026 04:27:18 GMT', 'content-type': 'text/plain; charset=UTF-8', 'content-length': '16', 'connection': 'keep-alive', 'cache-control': 'private, max-age=0, no-store, no-cache, must-revalidate, post-check=0, pre-check=0', 'expires': 'Thu, 01 Jan 1970 00:00:01 GMT', 'referrer-policy': 'same-origin', 'server-timing': 'cfEdge;dur=19289,cfOrigin;dur=0', 'x-frame-options': 'SAMEORIGIN', 'server': 'cloudflare', 'cf-ray': 'a461e936cee70231-ORD'} -+-+- b'error code: 522\n'
⚠️  WebSocket closed: The Session has been Closed!
⚠️  No ticks for 61s — reconnecting (attempt 3)...
🔴 3 consecutive reconnect attempts produced zero new ticks — forcing full re-login + resubscribe...
Logged in successfully
✅ Re-logged in and resubscribed (will confirm ticks resume next cycle)
⚠️  WebSocket closed: The Session has been Closed!
⚠️  Feed error: [Errno 110] Connection timed out
⚠️  WebSocket closed: The Session has been Closed!
⚠️  WebSocket closed: The Session has been Closed!
⚠️  Feed error: Handshake status 522 <none> -+-+- {'date': 'Tue, 06 Oct 2026 04:28:21 GMT', 'content-type': 'text/plain; charset=UTF-8', 'content-length': '16', 'connection': 'keep-alive', 'cache-control': 'private, max-age=0, no-store, no-cache, must-revalidate, post-check=0, pre-check=0', 'expires': 'Thu, 01 Jan 1970 00:00:01 GMT', 'referrer-policy': 'same-origin', 'server-timing': 'cfEdge;dur=19366,cfOrigin;dur=0', 'x-frame-options': 'SAMEORIGIN', 'server': 'cloudflare', 'cf-ray': 'a461eabe6b1b53b3-ORD'} -+-+- b'error code: 522\n'
⚠️  WebSocket closed: The Session has been Closed!
⚠️  No ticks for 61s — reconnecting (attempt 1)...
Socket Connection has been closed, So! The scripts are already un-subscribed!
The Data has been Un-Subscribed
  subscribe() returned OK (will confirm ticks resume next cycle)
⚠️  No ticks for 61s — reconnecting (attempt 2)...
Socket Connection has been closed, So! The scripts are already un-subscribed!
The Data has been Un-Subscribed
  subscribe() returned OK (will confirm ticks resume next cycle)
⚠️  No ticks for 61s — reconnecting (attempt 3)...
🔴 3 consecutive reconnect attempts produced zero new ticks — forcing full re-login + resubscribe...
Logged in successfully
✅ Re-logged in and resubscribed (will confirm ticks resume next cycle)
⚠️  WebSocket closed: The Session has been Closed!
⚠️  Feed error: [Errno 110] Connection timed out
⚠️  WebSocket closed: The Session has been Closed!
⚠️  Feed error: Handshake status 522 <none> -+-+- {'date': 'Tue, 06 Oct 2026 04:31:30 GMT', 'content-type': 'text/plain; charset=UTF-8', 'content-length': '16', 'connection': 'keep-alive', 'cache-control': 'private, max-age=0, no-store, no-cache, must-revalidate, post-check=0, pre-check=0', 'expires': 'Thu, 01 Jan 1970 00:00:01 GMT', 'referrer-policy': 'same-origin', 'server-timing': 'cfEdge;dur=19713,cfOrigin;dur=0', 'x-frame-options': 'SAMEORIGIN', 'server': 'cloudflare', 'cf-ray': 'a461ef5abe3bcd87-ORD'} -+-+- b'error code: 522\n'
⚠️  WebSocket closed: The Session has been Closed!
⚠️  No ticks for 61s — reconnecting (attempt 1)...
Socket Connection has been closed, So! The scripts are already un-subscribed!
The Data has been Un-Subscribed
  subscribe() returned OK (will confirm ticks resume next cycle)
⚠️  WebSocket closed: The Session has been Closed!
⚠️  Feed error: [Errno 110] Connection timed out
⚠️  No ticks for 61s — reconnecting (attempt 2)...
Socket Connection has been closed, So! The scripts are already un-subscribed!
The Data has been Un-Subscribed
  subscribe() returned OK (will confirm ticks resume next cycle)
⚠️  No ticks for 61s — reconnecting (attempt 3)...
🔴 3 consecutive reconnect attempts produced zero new ticks — forcing full re-login + resubscribe...
Logged in successfully
✅ Re-logged in and resubscribed (will confirm ticks resume next cycle)
⚠️  WebSocket closed: The Session has been Closed!
⚠️  Feed error: [Errno 110] Connection timed out
⚠️  WebSocket closed: The Session has been Closed!
⚠️  WebSocket closed: The Session has been Closed!
⚠️  Feed error: Handshake status 522 <none> -+-+- {'date': 'Tue, 06 Oct 2026 04:34:38 GMT', 'content-type': 'text/plain; charset=UTF-8', 'content-length': '16', 'connection': 'keep-alive', 'cache-control': 'private, max-age=0, no-store, no-cache, must-revalidate, post-check=0, pre-check=0', 'expires': 'Thu, 01 Jan 1970 00:00:01 GMT', 'referrer-policy': 'same-origin', 'server-timing': 'cfEdge;dur=19642,cfOrigin;dur=0', 'x-frame-options': 'SAMEORIGIN', 'server': 'cloudflare', 'cf-ray': 'a461f3f6cce4f165-ORD'} -+-+- b'error code: 522\n'
⚠️  WebSocket closed: The Session has been Closed!
⚠️  No ticks for 61s — reconnecting (attempt 1)...
Socket Connection has been closed, So! The scripts are already un-subscribed!
The Data has been Un-Subscribed
  subscribe() returned OK (will confirm ticks resume next cycle)
⚠️  WebSocket closed: The Session has been Closed!
⚠️  Feed error: [Errno 110] Connection timed out
⚠️  No ticks for 61s — reconnecting (attempt 2)...
Socket Connection has been closed, So! The scripts are already un-subscribed!
The Data has been Un-Subscribed
  subscribe() returned OK (will confirm ticks resume next cycle)
⚠️  No ticks for 61s — reconnecting (attempt 3)...
🔴 3 consecutive reconnect attempts produced zero new ticks — forcing full re-login + resubscribe...
Logged in successfully
✅ Re-logged in and resubscribed (will confirm ticks resume next cycle)
⚠️  WebSocket closed: The Session has been Closed!
⚠️  Feed error: [Errno 110] Connection timed out
⚠️  WebSocket closed: The Session has been Closed!
⚠️  No ticks for 61s — reconnecting (attempt 1)...
Socket Connection has been closed, So! The scripts are already un-subscribed!
The Data has been Un-Subscribed
  subscribe() returned OK (will confirm ticks resume next cycle)
⚠️  WebSocket closed: The Session has been Closed!
⚠️  Feed error: [Errno 110] Connection timed out
⚠️  WebSocket closed: The Session has been Closed!
⚠️  Feed error: Handshake status 522 <none> -+-+- {'date': 'Tue, 06 Oct 2026 04:38:50 GMT', 'content-type': 'text/plain; charset=UTF-8', 'content-length': '16', 'connection': 'keep-alive', 'cache-control': 'private, max-age=0, no-store, no-cache, must-revalidate, post-check=0, pre-check=0', 'expires': 'Thu, 01 Jan 1970 00:00:01 GMT', 'referrer-policy': 'same-origin', 'server-timing': 'cfEdge;dur=19496,cfOrigin;dur=0', 'x-frame-options': 'SAMEORIGIN', 'server': 'cloudflare', 'cf-ray': 'a461fa1cb8ebe810-ORD'} -+-+- b'error code: 522\n'
⚠️  WebSocket closed: The Session has been Closed!
⚠️  No ticks for 61s — reconnecting (attempt 2)...
Socket Connection has been closed, So! The scripts are already un-subscribed!
The Data has been Un-Subscribed
  subscribe() returned OK (will confirm ticks resume next cycle)
⚠️  WebSocket closed: The Session has been Closed!
⚠️  Feed error: [Errno 110] Connection timed out
⚠️  WebSocket closed: The Session has been Closed!
⚠️  WebSocket closed: The Session has been Closed!
⚠️  Feed error: Handshake status 522 <none> -+-+- {'date': 'Tue, 06 Oct 2026 04:39:53 GMT', 'content-type': 'text/plain; charset=UTF-8', 'content-length': '16', 'connection': 'keep-alive', 'cache-control': 'private, max-age=0, no-store, no-cache, must-revalidate, post-check=0, pre-check=0', 'expires': 'Thu, 01 Jan 1970 00:00:01 GMT', 'referrer-policy': 'same-origin', 'server-timing': 'cfEdge;dur=19712,cfOrigin;dur=0', 'x-frame-options': 'SAMEORIGIN', 'server': 'cloudflare', 'cf-ray': 'a461fba6a9f4f3ee-ORD'} -+-+- b'error code: 522\n'
⚠️  WebSocket closed: The Session has been Closed!
⚠️  No ticks for 61s — reconnecting (attempt 3)...
🔴 3 consecutive reconnect attempts produced zero new ticks — forcing full re-login + resubscribe...
Logged in successfully
✅ Re-logged in and resubscribed (will confirm ticks resume next cycle)
⚠️  No ticks for 61s — reconnecting (attempt 1)...
Socket Connection has been closed, So! The scripts are already un-subscribed!
The Data has been Un-Subscribed
  subscribe() returned OK (will confirm ticks resume next cycle)
⚠️  No ticks for 61s — reconnecting (attempt 2)...
Socket Connection has been closed, So! The scripts are already un-subscribed!
The Data has been Un-Subscribed
  subscribe() returned OK (will confirm ticks resume next cycle)
⚠️  WebSocket closed: The Session has been Closed!
⚠️  Feed error: [Errno 110] Connection timed out
⚠️  No ticks for 61s — reconnecting (attempt 3)...
🔴 3 consecutive reconnect attempts produced zero new ticks — forcing full re-login + resubscribe...
Logged in successfully
✅ Re-logged in and resubscribed (will confirm ticks resume next cycle)
⚠️  WebSocket closed: The Session has been Closed!
⚠️  Feed error: [Errno 110] Connection timed out
⚠️  No ticks for 61s — reconnecting (attempt 1)...
Socket Connection has been closed, So! The scripts are already un-subscribed!
The Data has been Un-Subscribed
  subscribe() returned OK (will confirm ticks resume next cycle)
⚠️  WebSocket closed: The Session has been Closed!
⚠️  Feed error: [Errno 110] Connection timed out
⚠️  WebSocket closed: The Session has been Closed!
⚠️  No ticks for 61s — reconnecting (attempt 2)...
Socket Connection has been closed, So! The scripts are already un-subscribed!
The Data has been Un-Subscribed
  subscribe() returned OK (will confirm ticks resume next cycle)
⚠️  WebSocket closed: The Session has been Closed!
⚠️  Feed error: [Errno 110] Connection timed out
⚠️  WebSocket closed: The Session has been Closed!
⚠️  No ticks for 61s — reconnecting (attempt 3)...
🔴 3 consecutive reconnect attempts produced zero new ticks — forcing full re-login + resubscribe...
Logged in successfully
✅ Re-logged in and resubscribed (will confirm ticks resume next cycle)
⚠️  WebSocket closed: The Session has been Closed!
⚠️  Feed error: [Errno 110] Connection timed out
⚠️  WebSocket closed: The Session has been Closed!
⚠️  No ticks for 61s — reconnecting (attempt 1)...
Socket Connection has been closed, So! The scripts are already un-subscribed!
The Data has been Un-Subscribed
  subscribe() returned OK (will confirm ticks resume next cycle)
⚠️  WebSocket closed: The Session has been Closed!
⚠️  Feed error: [Errno 110] Connection timed out
⚠️  WebSocket closed: The Session has been Closed!
⚠️  No ticks for 61s — reconnecting (attempt 2)...
Socket Connection has been closed, So! The scripts are already un-subscribed!
The Data has been Un-Subscribed
  subscribe() returned OK (will confirm ticks resume next cycle)
⚠️  WebSocket closed: The Session has been Closed!
⚠️  Feed error: [Errno 110] Connection timed out
⚠️  WebSocket closed: The Session has been Closed!
⚠️  No ticks for 61s — reconnecting (attempt 3)...
🔴 3 consecutive reconnect attempts produced zero new ticks — forcing full re-login + resubscribe...
Logged in successfully
✅ Re-logged in and resubscribed (will confirm ticks resume next cycle)
⚠️  WebSocket closed: The Session has been Closed!
⚠️  Feed error: [Errno 110] Connection timed out
⚠️  WebSocket closed: The Session has been Closed!
⚠️  No ticks for 61s — reconnecting (attempt 1)...
Socket Connection has been closed, So! The scripts are already un-subscribed!
The Data has been Un-Subscribed
  subscribe() returned OK (will confirm ticks resume next cycle)
⚠️  WebSocket closed: The Session has been Closed!
⚠️  Feed error: [Errno 110] Connection timed out
⚠️  WebSocket closed: The Session has been Closed!
⚠️  WebSocket closed: The Session has been Closed!
⚠️  Feed error: Handshake status 522 <none> -+-+- {'date': 'Tue, 06 Oct 2026 04:51:26 GMT', 'content-type': 'text/plain; charset=UTF-8', 'content-length': '16', 'connection': 'keep-alive', 'cache-control': 'private, max-age=0, no-store, no-cache, must-revalidate, post-check=0, pre-check=0', 'expires': 'Thu, 01 Jan 1970 00:00:01 GMT', 'referrer-policy': 'same-origin', 'server-timing': 'cfEdge;dur=19317,cfOrigin;dur=0', 'x-frame-options': 'SAMEORIGIN', 'server': 'cloudflare', 'cf-ray': 'a4620c925a9938bd-ORD'} -+-+- b'error code: 522\n'
⚠️  WebSocket closed: The Session has been Closed!
⚠️  No ticks for 61s — reconnecting (attempt 2)...
Socket Connection has been closed, So! The scripts are already un-subscribed!
The Data has been Un-Subscribed
  subscribe() returned OK (will confirm ticks resume next cycle)
⚠️  WebSocket closed: The Session has been Closed!
⚠️  Feed error: [Errno 110] Connection timed out
⚠️  WebSocket closed: The Session has been Closed!
⚠️  No ticks for 61s — reconnecting (attempt 3)...
🔴 3 consecutive reconnect attempts produced zero new ticks — forcing full re-login + resubscribe...
Logged in successfully
✅ Re-logged in and resubscribed (will confirm ticks resume next cycle)
⚠️  No ticks for 61s — reconnecting (attempt 1)...
Socket Connection has been closed, So! The scripts are already un-subscribed!
The Data has been Un-Subscribed
  subscribe() returned OK (will confirm ticks resume next cycle)
⚠️  WebSocket closed: The Session has been Closed!
⚠️  Feed error: [Errno 110] Connection timed out
⚠️  WebSocket closed: The Session has been Closed!
⚠️  No ticks for 61s — reconnecting (attempt 2)...
Socket Connection has been closed, So! The scripts are already un-subscribed!
The Data has been Un-Subscribed
  subscribe() returned OK (will confirm ticks resume next cycle)
⚠️  WebSocket closed: The Session has been Closed!
⚠️  Feed error: [Errno 110] Connection timed out
⚠️  No ticks for 61s — reconnecting (attempt 3)...
🔴 3 consecutive reconnect attempts produced zero new ticks — forcing full re-login + resubscribe...
Logged in successfully
✅ Re-logged in and resubscribed (will confirm ticks resume next cycle)
⚠️  WebSocket closed: The Session has been Closed!
⚠️  Feed error: [Errno 110] Connection timed out
⚠️  WebSocket closed: The Session has been Closed!
⚠️  No ticks for 61s — reconnecting (attempt 1)...
Socket Connection has been closed, So! The scripts are already un-subscribed!
The Data has been Un-Subscribed
  subscribe() returned OK (will confirm ticks resume next cycle)
⚠️  WebSocket closed: The Session has been Closed!
⚠️  Feed error: [Errno 110] Connection timed out
⚠️  WebSocket closed: The Session has been Closed!
⚠️  No ticks for 61s — reconnecting (attempt 2)...
Socket Connection has been closed, So! The scripts are already un-subscribed!
The Data has been Un-Subscribed
  subscribe() returned OK (will confirm ticks resume next cycle)
⚠️  WebSocket closed: The Session has been Closed!
⚠️  Feed error: [Errno 110] Connection timed out
⚠️  WebSocket closed: The Session has been Closed!
⚠️  No ticks for 61s — reconnecting (attempt 3)...
🔴 3 consecutive reconnect attempts produced zero new ticks — forcing full re-login + resubscribe...
Logged in successfully
✅ Re-logged in and resubscribed (will confirm ticks resume next cycle)
⚠️  WebSocket closed: The Session has been Closed!
⚠️  Feed error: [Errno 110] Connection timed out
⚠️  WebSocket closed: The Session has been Closed!
⚠️  No ticks for 61s — reconnecting (attempt 1)...
Socket Connection has been closed, So! The scripts are already un-subscribed!
The Data has been Un-Subscribed
  subscribe() returned OK (will confirm ticks resume next cycle)
⚠️  WebSocket closed: The Session has been Closed!
⚠️  Feed error: [Errno 110] Connection timed out
⚠️  WebSocket closed: The Session has been Closed!
⚠️  WebSocket closed: The Session has been Closed!
⚠️  Feed error: Handshake status 522 <none> -+-+- {'date': 'Tue, 06 Oct 2026 05:00:53 GMT', 'content-type': 'text/plain; charset=UTF-8', 'content-length': '16', 'connection': 'keep-alive', 'cache-control': 'private, max-age=0, no-store, no-cache, must-revalidate, post-check=0, pre-check=0', 'expires': 'Thu, 01 Jan 1970 00:00:01 GMT', 'referrer-policy': 'same-origin', 'server-timing': 'cfEdge;dur=19449,cfOrigin;dur=0', 'x-frame-options': 'SAMEORIGIN', 'server': 'cloudflare', 'cf-ray': 'a4621a6618932c83-ORD'} -+-+- b'error code: 522\n'
⚠️  WebSocket closed: The Session has been Closed!
⚠️  No ticks for 61s — reconnecting (attempt 2)...
Socket Connection has been closed, So! The scripts are already un-subscribed!
The Data has been Un-Subscribed
  subscribe() returned OK (will confirm ticks resume next cycle)
⚠️  WebSocket closed: The Session has been Closed!
⚠️  Feed error: [Errno 110] Connection timed out
⚠️  WebSocket closed: The Session has been Closed!
⚠️  WebSocket closed: The Session has been Closed!
⚠️  Feed error: Handshake status 522 <none> -+-+- {'date': 'Tue, 06 Oct 2026 05:01:56 GMT', 'content-type': 'text/plain; charset=UTF-8', 'content-length': '16', 'connection': 'keep-alive', 'cache-control': 'private, max-age=0, no-store, no-cache, must-revalidate, post-check=0, pre-check=0', 'expires': 'Thu, 01 Jan 1970 00:00:01 GMT', 'referrer-policy': 'same-origin', 'server-timing': 'cfEdge;dur=19740,cfOrigin;dur=0', 'x-frame-options': 'SAMEORIGIN', 'server': 'cloudflare', 'cf-ray': 'a4621bf00e9f8711-ORD'} -+-+- b'error code: 522\n'
⚠️  WebSocket closed: The Session has been Closed!
⚠️  No ticks for 61s — reconnecting (attempt 3)...
🔴 3 consecutive reconnect attempts produced zero new ticks — forcing full re-login + resubscribe...
Logged in successfully
✅ Re-logged in and resubscribed (will confirm ticks resume next cycle)
⚠️  No ticks for 61s — reconnecting (attempt 1)...
Socket Connection has been closed, So! The scripts are already un-subscribed!
The Data has been Un-Subscribed
  subscribe() returned OK (will confirm ticks resume next cycle)
⚠️  No ticks for 61s — reconnecting (attempt 2)...
Socket Connection has been closed, So! The scripts are already un-subscribed!
The Data has been Un-Subscribed
  subscribe() returned OK (will confirm ticks resume next cycle)
⚠️  WebSocket closed: The Session has been Closed!
⚠️  Feed error: [Errno 110] Connection timed out
⚠️  No ticks for 61s — reconnecting (attempt 3)...
🔴 3 consecutive reconnect attempts produced zero new ticks — forcing full re-login + resubscribe...
Logged in successfully
✅ Re-logged in and resubscribed (will confirm ticks resume next cycle)
⚠️  WebSocket closed: The Session has been Closed!
⚠️  Feed error: [Errno 110] Connection timed out
⚠️  WebSocket closed: The Session has been Closed!
⚠️  Feed error: Handshake status 522 <none> -+-+- {'date': 'Tue, 06 Oct 2026 05:06:07 GMT', 'content-type': 'text/plain; charset=UTF-8', 'content-length': '16', 'connection': 'keep-alive', 'cache-control': 'private, max-age=0, no-store, no-cache, must-revalidate, post-check=0, pre-check=0', 'expires': 'Thu, 01 Jan 1970 00:00:01 GMT', 'referrer-policy': 'same-origin', 'server-timing': 'cfEdge;dur=19532,cfOrigin;dur=0', 'x-frame-options': 'SAMEORIGIN', 'server': 'cloudflare', 'cf-ray': 'a46222143c13a700-ORD'} -+-+- b'error code: 522\n'
⚠️  WebSocket closed: The Session has been Closed!
⚠️  No ticks for 61s — reconnecting (attempt 1)...
Socket Connection has been closed, So! The scripts are already un-subscribed!
The Data has been Un-Subscribed
  subscribe() returned OK (will confirm ticks resume next cycle)
⚠️  WebSocket closed: The Session has been Closed!
⚠️  Feed error: [Errno 110] Connection timed out
⚠️  WebSocket closed: The Session has been Closed!
⚠️  WebSocket closed: The Session has been Closed!
⚠️  Feed error: Handshake status 522 <none> -+-+- {'date': 'Tue, 06 Oct 2026 05:07:10 GMT', 'content-type': 'text/plain; charset=UTF-8', 'content-length': '16', 'connection': 'keep-alive', 'cache-control': 'private, max-age=0, no-store, no-cache, must-revalidate, post-check=0, pre-check=0', 'expires': 'Thu, 01 Jan 1970 00:00:01 GMT', 'referrer-policy': 'same-origin', 'server-timing': 'cfEdge;dur=19722,cfOrigin;dur=0', 'x-frame-options': 'SAMEORIGIN', 'server': 'cloudflare', 'cf-ray': 'a462239e4a124d2c-ORD'} -+-+- b'error code: 522\n'
⚠️  WebSocket closed: The Session has been Closed!
⚠️  No ticks for 61s — reconnecting (attempt 2)...
Socket Connection has been closed, So! The scripts are already un-subscribed!
The Data has been Un-Subscribed
  subscribe() returned OK (will confirm ticks resume next cycle)
⚠️  No ticks for 61s — reconnecting (attempt 3)...
🔴 3 consecutive reconnect attempts produced zero new ticks — forcing full re-login + resubscribe...
Logged in successfully
✅ Re-logged in and resubscribed (will confirm ticks resume next cycle)
⚠️  No ticks for 61s — reconnecting (attempt 1)...
Socket Connection has been closed, So! The scripts are already un-subscribed!
The Data has been Un-Subscribed
  subscribe() returned OK (will confirm ticks resume next cycle)
⚠️  WebSocket closed: The Session has been Closed!
⚠️  Feed error: [Errno 110] Connection timed out
⚠️  WebSocket closed: The Session has been Closed!
⚠️  Feed error: Handshake status 522 <none> -+-+- {'date': 'Tue, 06 Oct 2026 05:10:19 GMT', 'content-type': 'text/plain; charset=UTF-8', 'content-length': '16', 'connection': 'keep-alive', 'cache-control': 'private, max-age=0, no-store, no-cache, must-revalidate, post-check=0, pre-check=0', 'expires': 'Thu, 01 Jan 1970 00:00:01 GMT', 'referrer-policy': 'same-origin', 'server-timing': 'cfEdge;dur=19641,cfOrigin;dur=0', 'x-frame-options': 'SAMEORIGIN', 'server': 'cloudflare', 'cf-ray': 'a4622839b850c9f2-ORD'} -+-+- b'error code: 522\n'
⚠️  WebSocket closed: The Session has been Closed!
⚠️  No ticks for 61s — reconnecting (attempt 2)...
Socket Connection has been closed, So! The scripts are already un-subscribed!
The Data has been Un-Subscribed
  subscribe() returned OK (will confirm ticks resume next cycle)
⚠️  WebSocket closed: The Session has been Closed!
⚠️  Feed error: [Errno 110] Connection timed out
⚠️  No ticks for 61s — reconnecting (attempt 3)...
🔴 3 consecutive reconnect attempts produced zero new ticks — forcing full re-login + resubscribe...
Logged in successfully
✅ Re-logged in and resubscribed (will confirm ticks resume next cycle)
⚠️  WebSocket closed: The Session has been Closed!
⚠️  Feed error: Handshake status 522 <none> -+-+- {'date': 'Tue, 06 Oct 2026 05:12:25 GMT', 'content-type': 'text/plain; charset=UTF-8', 'content-length': '16', 'connection': 'keep-alive', 'cache-control': 'private, max-age=0, no-store, no-cache, must-revalidate, post-check=0, pre-check=0', 'expires': 'Thu, 01 Jan 1970 00:00:01 GMT', 'referrer-policy': 'same-origin', 'server-timing': 'cfEdge;dur=19463,cfOrigin;dur=0', 'x-frame-options': 'SAMEORIGIN', 'server': 'cloudflare', 'cf-ray': 'a4622b4b78f9f571-ORD'} -+-+- b'error code: 522\n'
⚠️  WebSocket closed: The Session has been Closed!
⚠️  No ticks for 61s — reconnecting (attempt 1)...
Socket Connection has been closed, So! The scripts are already un-subscribed!
The Data has been Un-Subscribed
  subscribe() returned OK (will confirm ticks resume next cycle)
⚠️  WebSocket closed: The Session has been Closed!
⚠️  Feed error: [Errno 110] Connection timed out
⚠️  WebSocket closed: The Session has been Closed!
⚠️  No ticks for 61s — reconnecting (attempt 2)...
Socket Connection has been closed, So! The scripts are already un-subscribed!
The Data has been Un-Subscribed
  subscribe() returned OK (will confirm ticks resume next cycle)
⚠️  No ticks for 61s — reconnecting (attempt 3)...
🔴 3 consecutive reconnect attempts produced zero new ticks — forcing full re-login + resubscribe...
Logged in successfully
✅ Re-logged in and resubscribed (will confirm ticks resume next cycle)
⚠️  WebSocket closed: The Session has been Closed!
⚠️  Feed error: [Errno 110] Connection timed out
⚠️  WebSocket closed: The Session has been Closed!
⚠️  No ticks for 61s — reconnecting (attempt 1)...
Socket Connection has been closed, So! The scripts are already un-subscribed!
The Data has been Un-Subscribed
  subscribe() returned OK (will confirm ticks resume next cycle)
⚠️  WebSocket closed: The Session has been Closed!
⚠️  Feed error: [Errno 110] Connection timed out
⚠️  No ticks for 61s — reconnecting (attempt 2)...
Socket Connection has been closed, So! The scripts are already un-subscribed!
The Data has been Un-Subscribed
  subscribe() returned OK (will confirm ticks resume next cycle)
⚠️  WebSocket closed: The Session has been Closed!
⚠️  Feed error: [Errno 110] Connection timed out
⚠️  WebSocket closed: The Session has been Closed!
⚠️  No ticks for 61s — reconnecting (attempt 3)...
🔴 3 consecutive reconnect attempts produced zero new ticks — forcing full re-login + resubscribe...
Logged in successfully
✅ Re-logged in and resubscribed (will confirm ticks resume next cycle)
⚠️  WebSocket closed: The Session has been Closed!
⚠️  Feed error: [Errno 110] Connection timed out
⚠️  WebSocket closed: The Session has been Closed!
⚠️  No ticks for 61s — reconnecting (attempt 1)...
Socket Connection has been closed, So! The scripts are already un-subscribed!
The Data has been Un-Subscribed
  subscribe() returned OK (will confirm ticks resume next cycle)
⚠️  WebSocket closed: The Session has been Closed!
⚠️  Feed error: [Errno 110] Connection timed out
⚠️  WebSocket closed: The Session has been Closed!
⚠️  WebSocket closed: The Session has been Closed!
⚠️  Feed error: Handshake status 522 <none> -+-+- {'date': 'Tue, 06 Oct 2026 05:19:45 GMT', 'content-type': 'text/plain; charset=UTF-8', 'content-length': '16', 'connection': 'keep-alive', 'cache-control': 'private, max-age=0, no-store, no-cache, must-revalidate, post-check=0, pre-check=0', 'expires': 'Thu, 01 Jan 1970 00:00:01 GMT', 'referrer-policy': 'same-origin', 'server-timing': 'cfEdge;dur=19362,cfOrigin;dur=0', 'x-frame-options': 'SAMEORIGIN', 'server': 'cloudflare', 'cf-ray': 'a462360c5c59338f-ORD'} -+-+- b'error code: 522\n'
⚠️  WebSocket closed: The Session has been Closed!
⚠️  No ticks for 61s — reconnecting (attempt 2)...
Socket Connection has been closed, So! The scripts are already un-subscribed!
The Data has been Un-Subscribed
  subscribe() returned OK (will confirm ticks resume next cycle)
⚠️  WebSocket closed: The Session has been Closed!
⚠️  Feed error: [Errno 110] Connection timed out
⚠️  WebSocket closed: The Session has been Closed!
⚠️  No ticks for 61s — reconnecting (attempt 3)...
🔴 3 consecutive reconnect attempts produced zero new ticks — forcing full re-login + resubscribe...
Logged in successfully
✅ Re-logged in and resubscribed (will confirm ticks resume next cycle)
⚠️  No ticks for 61s — reconnecting (attempt 1)...
Socket Connection has been closed, So! The scripts are already un-subscribed!
The Data has been Un-Subscribed
  subscribe() returned OK (will confirm ticks resume next cycle)
⚠️  WebSocket closed: The Session has been Closed!
⚠️  Feed error: [Errno 110] Connection timed out
⚠️  WebSocket closed: The Session has been Closed!
⚠️  No ticks for 61s — reconnecting (attempt 2)...
Socket Connection has been closed, So! The scripts are already un-subscribed!
The Data has been Un-Subscribed
  subscribe() returned OK (will confirm ticks resume next cycle)
⚠️  WebSocket closed: The Session has been Closed!
⚠️  Feed error: [Errno 110] Connection timed out
⚠️  No ticks for 61s — reconnecting (attempt 3)...
🔴 3 consecutive reconnect attempts produced zero new ticks — forcing full re-login + resubscribe...
Logged in successfully
✅ Re-logged in and resubscribed (will confirm ticks resume next cycle)
⚠️  WebSocket closed: The Session has been Closed!
⚠️  Feed error: [Errno 110] Connection timed out
⚠️  WebSocket closed: The Session has been Closed!
⚠️  No ticks for 61s — reconnecting (attempt 1)...
Socket Connection has been closed, So! The scripts are already un-subscribed!
The Data has been Un-Subscribed
  subscribe() returned OK (will confirm ticks resume next cycle)
⚠️  WebSocket closed: The Session has been Closed!
⚠️  Feed error: [Errno 110] Connection timed out
⚠️  WebSocket closed: The Session has been Closed!
⚠️  No ticks for 61s — reconnecting (attempt 2)...
Socket Connection has been closed, So! The scripts are already un-subscribed!
The Data has been Un-Subscribed
  subscribe() returned OK (will confirm ticks resume next cycle)
⚠️  WebSocket closed: The Session has been Closed!
⚠️  Feed error: [Errno 110] Connection timed out
⚠️  WebSocket closed: The Session has been Closed!
⚠️  No ticks for 61s — reconnecting (attempt 3)...
🔴 3 consecutive reconnect attempts produced zero new ticks — forcing full re-login + resubscribe...
Logged in successfully
✅ Re-logged in and resubscribed (will confirm ticks resume next cycle)
⚠️  WebSocket closed: The Session has been Closed!
⚠️  Feed error: [Errno 110] Connection timed out
⚠️  WebSocket closed: The Session has been Closed!
⚠️  No ticks for 61s — reconnecting (attempt 1)...
Socket Connection has been closed, So! The scripts are already un-subscribed!
The Data has been Un-Subscribed
  subscribe() returned OK (will confirm ticks resume next cycle)
⚠️  WebSocket closed: The Session has been Closed!
⚠️  Feed error: [Errno 110] Connection timed out
⚠️  WebSocket closed: The Session has been Closed!
⚠️  WebSocket closed: The Session has been Closed!
⚠️  Feed error: Handshake status 522 <none> -+-+- {'date': 'Tue, 06 Oct 2026 05:29:12 GMT', 'content-type': 'text/plain; charset=UTF-8', 'content-length': '16', 'connection': 'keep-alive', 'cache-control': 'private, max-age=0, no-store, no-cache, must-revalidate, post-check=0, pre-check=0', 'expires': 'Thu, 01 Jan 1970 00:00:01 GMT', 'referrer-policy': 'same-origin', 'server-timing': 'cfEdge;dur=19614,cfOrigin;dur=0', 'x-frame-options': 'SAMEORIGIN', 'server': 'cloudflare', 'cf-ray': 'a46243dff9915af6-ORD'} -+-+- b'error code: 522\n'
⚠️  WebSocket closed: The Session has been Closed!
⚠️  No ticks for 61s — reconnecting (attempt 2)...
Socket Connection has been closed, So! The scripts are already un-subscribed!
The Data has been Un-Subscribed
  subscribe() returned OK (will confirm ticks resume next cycle)
⚠️  WebSocket closed: The Session has been Closed!
⚠️  Feed error: [Errno 110] Connection timed out
⚠️  WebSocket closed: The Session has been Closed!
⚠️  No ticks for 61s — reconnecting (attempt 3)...
🔴 3 consecutive reconnect attempts produced zero new ticks — forcing full re-login + resubscribe...
Logged in successfully
✅ Re-logged in and resubscribed (will confirm ticks resume next cycle)
⚠️  No ticks for 61s — reconnecting (attempt 1)...
Socket Connection has been closed, So! The scripts are already un-subscribed!
The Data has been Un-Subscribed
  subscribe() returned OK (will confirm ticks resume next cycle)
⚠️  WebSocket closed: The Session has been Closed!
⚠️  Feed error: [Errno 110] Connection timed out
⚠️  WebSocket closed: The Session has been Closed!
⚠️  No ticks for 61s — reconnecting (attempt 2)...
Socket Connection has been closed, So! The scripts are already un-subscribed!
The Data has been Un-Subscribed
  subscribe() returned OK (will confirm ticks resume next cycle)
⚠️  WebSocket closed: The Session has been Closed!
⚠️  Feed error: [Errno 110] Connection timed out
⚠️  WebSocket closed: The Session has been Closed!
⚠️  Feed error: Handshake status 522 <none> -+-+- {'date': 'Tue, 06 Oct 2026 05:33:23 GMT', 'content-type': 'text/plain; charset=UTF-8', 'content-length': '16', 'connection': 'keep-alive', 'cache-control': 'private, max-age=0, no-store, no-cache, must-revalidate, post-check=0, pre-check=0', 'expires': 'Thu, 01 Jan 1970 00:00:01 GMT', 'referrer-policy': 'same-origin', 'server-timing': 'cfEdge;dur=19447,cfOrigin;dur=0', 'x-frame-options': 'SAMEORIGIN', 'server': 'cloudflare', 'cf-ray': 'a4624a057f20000a-ORD'} -+-+- b'error code: 522\n'
⚠️  WebSocket closed: The Session has been Closed!
⚠️  No ticks for 61s — reconnecting (attempt 3)...
🔴 3 consecutive reconnect attempts produced zero new ticks — forcing full re-login + resubscribe...
Logged in successfully
✅ Re-logged in and resubscribed (will confirm ticks resume next cycle)
⚠️  WebSocket closed: The Session has been Closed!
⚠️  Feed error: [Errno 110] Connection timed out
⚠️  WebSocket closed: The Session has been Closed!
⚠️  No ticks for 61s — reconnecting (attempt 1)...
Socket Connection has been closed, So! The scripts are already un-subscribed!
The Data has been Un-Subscribed
  subscribe() returned OK (will confirm ticks resume next cycle)
⚠️  No ticks for 61s — reconnecting (attempt 2)...
Socket Connection has been closed, So! The scripts are already un-subscribed!
The Data has been Un-Subscribed
  subscribe() returned OK (will confirm ticks resume next cycle)
⚠️  WebSocket closed: The Session has been Closed!
⚠️  Feed error: [Errno 110] Connection timed out
⚠️  WebSocket closed: The Session has been Closed!
⚠️  No ticks for 61s — reconnecting (attempt 3)...
🔴 3 consecutive reconnect attempts produced zero new ticks — forcing full re-login + resubscribe...
Logged in successfully
✅ Re-logged in and resubscribed (will confirm ticks resume next cycle)
⚠️  WebSocket closed: The Session has been Closed!
⚠️  Feed error: [Errno 110] Connection timed out
⚠️  No ticks for 61s — reconnecting (attempt 1)...
Socket Connection has been closed, So! The scripts are already un-subscribed!
The Data has been Un-Subscribed
  subscribe() returned OK (will confirm ticks resume next cycle)
⚠️  WebSocket closed: The Session has been Closed!
⚠️  Feed error: [Errno 110] Connection timed out
⚠️  WebSocket closed: The Session has been Closed!
⚠️  No ticks for 61s — reconnecting (attempt 2)...
Socket Connection has been closed, So! The scripts are already un-subscribed!
The Data has been Un-Subscribed
  subscribe() returned OK (will confirm ticks resume next cycle)
⚠️  WebSocket closed: The Session has been Closed!
⚠️  Feed error: [Errno 110] Connection timed out
⚠️  WebSocket closed: The Session has been Closed!
⚠️  WebSocket closed: The Session has been Closed!
⚠️  Feed error: Handshake status 522 <none> -+-+- {'date': 'Tue, 06 Oct 2026 05:39:41 GMT', 'content-type': 'text/plain; charset=UTF-8', 'content-length': '16', 'connection': 'keep-alive', 'cache-control': 'private, max-age=0, no-store, no-cache, must-revalidate, post-check=0, pre-check=0', 'expires': 'Thu, 01 Jan 1970 00:00:01 GMT', 'referrer-policy': 'same-origin', 'server-timing': 'cfEdge;dur=19722,cfOrigin;dur=0', 'x-frame-options': 'SAMEORIGIN', 'server': 'cloudflare', 'cf-ray': 'a462533d096f65a0-ORD'} -+-+- b'error code: 522\n'
⚠️  WebSocket closed: The Session has been Closed!
⚠️  No ticks for 61s — reconnecting (attempt 3)...
🔴 3 consecutive reconnect attempts produced zero new ticks — forcing full re-login + resubscribe...
Logged in successfully
✅ Re-logged in and resubscribed (will confirm ticks resume next cycle)
⚠️  WebSocket closed: The Session has been Closed!
⚠️  Feed error: [Errno 110] Connection timed out
⚠️  WebSocket closed: The Session has been Closed!
⚠️  WebSocket closed: The Session has been Closed!
⚠️  Feed error: Handshake status 522 <none> -+-+- {'date': 'Tue, 06 Oct 2026 05:40:44 GMT', 'content-type': 'text/plain; charset=UTF-8', 'content-length': '16', 'connection': 'keep-alive', 'cache-control': 'private, max-age=0, no-store, no-cache, must-revalidate, post-check=0, pre-check=0', 'expires': 'Thu, 01 Jan 1970 00:00:01 GMT', 'referrer-policy': 'same-origin', 'server-timing': 'cfEdge;dur=19560,cfOrigin;dur=0', 'x-frame-options': 'SAMEORIGIN', 'server': 'cloudflare', 'cf-ray': 'a46254c4d82ed234-ORD'} -+-+- b'error code: 522\n'
⚠️  WebSocket closed: The Session has been Closed!
⚠️  No ticks for 61s — reconnecting (attempt 1)...
Socket Connection has been closed, So! The scripts are already un-subscribed!
The Data has been Un-Subscribed
  subscribe() returned OK (will confirm ticks resume next cycle)
⚠️  No ticks for 61s — reconnecting (attempt 2)...
Socket Connection has been closed, So! The scripts are already un-subscribed!
The Data has been Un-Subscribed
  subscribe() returned OK (will confirm ticks resume next cycle)
⚠️  No ticks for 61s — reconnecting (attempt 3)...
🔴 3 consecutive reconnect attempts produced zero new ticks — forcing full re-login + resubscribe...
Logged in successfully
✅ Re-logged in and resubscribed (will confirm ticks resume next cycle)
⚠️  WebSocket closed: The Session has been Closed!
⚠️  Feed error: [Errno 110] Connection timed out
⚠️  No ticks for 61s — reconnecting (attempt 1)...
Socket Connection has been closed, So! The scripts are already un-subscribed!
The Data has been Un-Subscribed
  subscribe() returned OK (will confirm ticks resume next cycle)
⚠️  WebSocket closed: The Session has been Closed!
⚠️  Feed error: [Errno 110] Connection timed out
⚠️  No ticks for 61s — reconnecting (attempt 2)...
Socket Connection has been closed, So! The scripts are already un-subscribed!
The Data has been Un-Subscribed
  subscribe() returned OK (will confirm ticks resume next cycle)
⚠️  WebSocket closed: The Session has been Closed!
⚠️  Feed error: [Errno 110] Connection timed out
⚠️  WebSocket closed: The Session has been Closed!
⚠️  No ticks for 61s — reconnecting (attempt 3)...
🔴 3 consecutive reconnect attempts produced zero new ticks — forcing full re-login + resubscribe...
Logged in successfully
✅ Re-logged in and resubscribed (will confirm ticks resume next cycle)
⚠️  WebSocket closed: The Session has been Closed!
⚠️  Feed error: [Errno 110] Connection timed out
⚠️  WebSocket closed: The Session has been Closed!
⚠️  WebSocket closed: The Session has been Closed!
⚠️  Feed error: Handshake status 522 <none> -+-+- {'date': 'Tue, 06 Oct 2026 05:47:01 GMT', 'content-type': 'text/plain; charset=UTF-8', 'content-length': '16', 'connection': 'keep-alive', 'cache-control': 'private, max-age=0, no-store, no-cache, must-revalidate, post-check=0, pre-check=0', 'expires': 'Thu, 01 Jan 1970 00:00:01 GMT', 'referrer-policy': 'same-origin', 'server-timing': 'cfEdge;dur=19277,cfOrigin;dur=0', 'x-frame-options': 'SAMEORIGIN', 'server': 'cloudflare', 'cf-ray': 'a4625dfd2cfbe264-ORD'} -+-+- b'error code: 522\n'
⚠️  WebSocket closed: The Session has been Closed!
⚠️  No ticks for 61s — reconnecting (attempt 1)...
Socket Connection has been closed, So! The scripts are already un-subscribed!
The Data has been Un-Subscribed
  subscribe() returned OK (will confirm ticks resume next cycle)
⚠️  WebSocket closed: The Session has been Closed!
⚠️  Feed error: [Errno 110] Connection timed out
⚠️  WebSocket closed: The Session has been Closed!
⚠️  No ticks for 61s — reconnecting (attempt 2)...
Socket Connection has been closed, So! The scripts are already un-subscribed!
The Data has been Un-Subscribed
  subscribe() returned OK (will confirm ticks resume next cycle)
⚠️  No ticks for 61s — reconnecting (attempt 3)...
🔴 3 consecutive reconnect attempts produced zero new ticks — forcing full re-login + resubscribe...
Logged in successfully
✅ Re-logged in and resubscribed (will confirm ticks resume next cycle)
⚠️  WebSocket closed: The Session has been Closed!
⚠️  Feed error: [Errno 110] Connection timed out
⚠️  WebSocket closed: The Session has been Closed!
⚠️  No ticks for 61s — reconnecting (attempt 1)...
Socket Connection has been closed, So! The scripts are already un-subscribed!
The Data has been Un-Subscribed
  subscribe() returned OK (will confirm ticks resume next cycle)
⚠️  WebSocket closed: The Session has been Closed!
⚠️  Feed error: [Errno 110] Connection timed out
⚠️  No ticks for 61s — reconnecting (attempt 2)...
Socket Connection has been closed, So! The scripts are already un-subscribed!
The Data has been Un-Subscribed
  subscribe() returned OK (will confirm ticks resume next cycle)
⚠️  WebSocket closed: The Session has been Closed!
⚠️  Feed error: [Errno 110] Connection timed out
⚠️  WebSocket closed: The Session has been Closed!
⚠️  No ticks for 61s — reconnecting (attempt 3)...
🔴 3 consecutive reconnect attempts produced zero new ticks — forcing full re-login + resubscribe...
Logged in successfully
✅ Re-logged in and resubscribed (will confirm ticks resume next cycle)
⚠️  WebSocket closed: The Session has been Closed!
⚠️  Feed error: [Errno 110] Connection timed out
⚠️  WebSocket closed: The Session has been Closed!
⚠️  No ticks for 61s — reconnecting (attempt 1)...
Socket Connection has been closed, So! The scripts are already un-subscribed!
The Data has been Un-Subscribed
  subscribe() returned OK (will confirm ticks resume next cycle)
⚠️  WebSocket closed: The Session has been Closed!
⚠️  Feed error: [Errno 110] Connection timed out
⚠️  WebSocket closed: The Session has been Closed!
⚠️  No ticks for 61s — reconnecting (attempt 2)...
Socket Connection has been closed, So! The scripts are already un-subscribed!
The Data has been Un-Subscribed
  subscribe() returned OK (will confirm ticks resume next cycle)
⚠️  WebSocket closed: The Session has been Closed!
⚠️  Feed error: [Errno 110] Connection timed out
⚠️  WebSocket closed: The Session has been Closed!
⚠️  No ticks for 61s — reconnecting (attempt 3)...
🔴 3 consecutive reconnect attempts produced zero new ticks — forcing full re-login + resubscribe...
Logged in successfully
✅ Re-logged in and resubscribed (will confirm ticks resume next cycle)
⚠️  WebSocket closed: The Session has been Closed!
⚠️  Feed error: [Errno 110] Connection timed out
⚠️  WebSocket closed: The Session has been Closed!
⚠️  WebSocket closed: The Session has been Closed!
⚠️  Feed error: Handshake status 522 <none> -+-+- {'date': 'Tue, 06 Oct 2026 05:56:27 GMT', 'content-type': 'text/plain; charset=UTF-8', 'content-length': '16', 'connection': 'keep-alive', 'cache-control': 'private, max-age=0, no-store, no-cache, must-revalidate, post-check=0, pre-check=0', 'expires': 'Thu, 01 Jan 1970 00:00:01 GMT', 'referrer-policy': 'same-origin', 'server-timing': 'cfEdge;dur=19381,cfOrigin;dur=0', 'x-frame-options': 'SAMEORIGIN', 'server': 'cloudflare', 'cf-ray': 'a4626bd08e1b34d9-ORD'} -+-+- b'error code: 522\n'
⚠️  WebSocket closed: The Session has been Closed!
⚠️  No ticks for 61s — reconnecting (attempt 1)...
Socket Connection has been closed, So! The scripts are already un-subscribed!
The Data has been Un-Subscribed
  subscribe() returned OK (will confirm ticks resume next cycle)
⚠️  WebSocket closed: The Session has been Closed!
⚠️  Feed error: [Errno 110] Connection timed out
⚠️  WebSocket closed: The Session has been Closed!
⚠️  No ticks for 61s — reconnecting (attempt 2)...
Socket Connection has been closed, So! The scripts are already un-subscribed!
The Data has been Un-Subscribed
  subscribe() returned OK (will confirm ticks resume next cycle)
⚠️  No ticks for 61s — reconnecting (attempt 3)...
🔴 3 consecutive reconnect attempts produced zero new ticks — forcing full re-login + resubscribe...
Logged in successfully
✅ Re-logged in and resubscribed (will confirm ticks resume next cycle)
⚠️  WebSocket closed: The Session has been Closed!
⚠️  Feed error: [Errno 110] Connection timed out
⚠️  WebSocket closed: The Session has been Closed!
⚠️  No ticks for 61s — reconnecting (attempt 1)...
Socket Connection has been closed, So! The scripts are already un-subscribed!
The Data has been Un-Subscribed
  subscribe() returned OK (will confirm ticks resume next cycle)
⚠️  WebSocket closed: The Session has been Closed!
⚠️  Feed error: [Errno 110] Connection timed out
⚠️  No ticks for 61s — reconnecting (attempt 2)...
Socket Connection has been closed, So! The scripts are already un-subscribed!
The Data has been Un-Subscribed
  subscribe() returned OK (will confirm ticks resume next cycle)
⚠️  WebSocket closed: The Session has been Closed!
⚠️  Feed error: [Errno 110] Connection timed out
⚠️  WebSocket closed: The Session has been Closed!
⚠️  No ticks for 61s — reconnecting (attempt 3)...
🔴 3 consecutive reconnect attempts produced zero new ticks — forcing full re-login + resubscribe...
Logged in successfully
✅ Re-logged in and resubscribed (will confirm ticks resume next cycle)
⚠️  WebSocket closed: The Session has been Closed!
⚠️  Feed error: [Errno 110] Connection timed out
⚠️  WebSocket closed: The Session has been Closed!
⚠️  No ticks for 61s — reconnecting (attempt 1)...
Socket Connection has been closed, So! The scripts are already un-subscribed!
The Data has been Un-Subscribed
  subscribe() returned OK (will confirm ticks resume next cycle)
⚠️  WebSocket closed: The Session has been Closed!
⚠️  Feed error: [Errno 110] Connection timed out
⚠️  WebSocket closed: The Session has been Closed!
⚠️  No ticks for 61s — reconnecting (attempt 2)...
Socket Connection has been closed, So! The scripts are already un-subscribed!
The Data has been Un-Subscribed
  subscribe() returned OK (will confirm ticks resume next cycle)
⚠️  WebSocket closed: The Session has been Closed!
⚠️  Feed error: [Errno 110] Connection timed out
⚠️  WebSocket closed: The Session has been Closed!
⚠️  No ticks for 61s — reconnecting (attempt 3)...
🔴 3 consecutive reconnect attempts produced zero new ticks — forcing full re-login + resubscribe...
Logged in successfully
✅ Re-logged in and resubscribed (will confirm ticks resume next cycle)
⚠️  WebSocket closed: The Session has been Closed!
⚠️  Feed error: [Errno 110] Connection timed out
⚠️  WebSocket closed: The Session has been Closed!
⚠️  No ticks for 61s — reconnecting (attempt 1)...
Socket Connection has been closed, So! The scripts are already un-subscribed!
The Data has been Un-Subscribed
  subscribe() returned OK (will confirm ticks resume next cycle)
⚠️  WebSocket closed: The Session has been Closed!
⚠️  Feed error: [Errno 110] Connection timed out
⚠️  WebSocket closed: The Session has been Closed!
⚠️  No ticks for 61s — reconnecting (attempt 2)...
Socket Connection has been closed, So! The scripts are already un-subscribed!
The Data has been Un-Subscribed
  subscribe() returned OK (will confirm ticks resume next cycle)
⚠️  WebSocket closed: The Session has been Closed!
⚠️  Feed error: [Errno 110] Connection timed out
⚠️  WebSocket closed: The Session has been Closed!
⚠️  No ticks for 61s — reconnecting (attempt 3)...
🔴 3 consecutive reconnect attempts produced zero new ticks — forcing full re-login + resubscribe...
Logged in successfully
✅ Re-logged in and resubscribed (will confirm ticks resume next cycle)
⚠️  WebSocket closed: The Session has been Closed!
⚠️  Feed error: [Errno 110] Connection timed out
⚠️  WebSocket closed: The Session has been Closed!
⚠️  No ticks for 61s — reconnecting (attempt 1)...
Socket Connection has been closed, So! The scripts are already un-subscribed!
The Data has been Un-Subscribed
  subscribe() returned OK (will confirm ticks resume next cycle)
⚠️  WebSocket closed: The Session has been Closed!
⚠️  Feed error: [Errno 110] Connection timed out
⚠️  WebSocket closed: The Session has been Closed!
⚠️  No ticks for 61s — reconnecting (attempt 2)...
Socket Connection has been closed, So! The scripts are already un-subscribed!
The Data has been Un-Subscribed
  subscribe() returned OK (will confirm ticks resume next cycle)
⚠️  WebSocket closed: The Session has been Closed!
⚠️  Feed error: [Errno 110] Connection timed out
⚠️  WebSocket closed: The Session has been Closed!
⚠️  WebSocket closed: The Session has been Closed!
⚠️  Feed error: Handshake status 522 <none> -+-+- {'date': 'Tue, 06 Oct 2026 06:11:09 GMT', 'content-type': 'text/plain; charset=UTF-8', 'content-length': '16', 'connection': 'keep-alive', 'cache-control': 'private, max-age=0, no-store, no-cache, must-revalidate, post-check=0, pre-check=0', 'expires': 'Thu, 01 Jan 1970 00:00:01 GMT', 'referrer-policy': 'same-origin', 'server-timing': 'cfEdge;dur=19510,cfOrigin;dur=0', 'x-frame-options': 'SAMEORIGIN', 'server': 'cloudflare', 'cf-ray': 'a4628153eff38b98-ORD'} -+-+- b'error code: 522\n'
⚠️  WebSocket closed: The Session has been Closed!
⚠️  No ticks for 61s — reconnecting (attempt 3)...
🔴 3 consecutive reconnect attempts produced zero new ticks — forcing full re-login + resubscribe...
Logged in successfully
✅ Re-logged in and resubscribed (will confirm ticks resume next cycle)
⚠️  WebSocket closed: The Session has been Closed!
⚠️  Feed error: [Errno 110] Connection timed out
⚠️  WebSocket closed: The Session has been Closed!
⚠️  No ticks for 61s — reconnecting (attempt 1)...
Socket Connection has been closed, So! The scripts are already un-subscribed!
The Data has been Un-Subscribed
  subscribe() returned OK (will confirm ticks resume next cycle)
⚠️  No ticks for 61s — reconnecting (attempt 2)...
Socket Connection has been closed, So! The scripts are already un-subscribed!
The Data has been Un-Subscribed
  subscribe() returned OK (will confirm ticks resume next cycle)
⚠️  WebSocket closed: The Session has been Closed!
⚠️  Feed error: [Errno 110] Connection timed out
⚠️  WebSocket closed: The Session has been Closed!
⚠️  No ticks for 61s — reconnecting (attempt 3)...
🔴 3 consecutive reconnect attempts produced zero new ticks — forcing full re-login + resubscribe...
Logged in successfully
✅ Re-logged in and resubscribed (will confirm ticks resume next cycle)
⚠️  WebSocket closed: The Session has been Closed!
⚠️  Feed error: [Errno 110] Connection timed out
⚠️  No ticks for 61s — reconnecting (attempt 1)...
Socket Connection has been closed, So! The scripts are already un-subscribed!
The Data has been Un-Subscribed
  subscribe() returned OK (will confirm ticks resume next cycle)
⚠️  WebSocket closed: The Session has been Closed!
⚠️  Feed error: [Errno 110] Connection timed out
⚠️  WebSocket closed: The Session has been Closed!
⚠️  No ticks for 61s — reconnecting (attempt 2)...
Socket Connection has been closed, So! The scripts are already un-subscribed!
The Data has been Un-Subscribed
  subscribe() returned OK (will confirm ticks resume next cycle)
⚠️  WebSocket closed: The Session has been Closed!
⚠️  Feed error: [Errno 110] Connection timed out
⚠️  WebSocket closed: The Session has been Closed!
⚠️  No ticks for 61s — reconnecting (attempt 3)...
🔴 3 consecutive reconnect attempts produced zero new ticks — forcing full re-login + resubscribe...
Logged in successfully
✅ Re-logged in and resubscribed (will confirm ticks resume next cycle)
⚠️  WebSocket closed: The Session has been Closed!
⚠️  Feed error: [Errno 110] Connection timed out
⚠️  WebSocket closed: The Session has been Closed!
⚠️  No ticks for 61s — reconnecting (attempt 1)...
Socket Connection has been closed, So! The scripts are already un-subscribed!
The Data has been Un-Subscribed
  subscribe() returned OK (will confirm ticks resume next cycle)
⚠️  WebSocket closed: The Session has been Closed!
⚠️  Feed error: [Errno 110] Connection timed out
⚠️  WebSocket closed: The Session has been Closed!
⚠️  WebSocket closed: The Session has been Closed!
⚠️  Feed error: Handshake status 522 <none> -+-+- {'date': 'Tue, 06 Oct 2026 06:19:32 GMT', 'content-type': 'text/plain; charset=UTF-8', 'content-length': '16', 'connection': 'keep-alive', 'cache-control': 'private, max-age=0, no-store, no-cache, must-revalidate, post-check=0, pre-check=0', 'expires': 'Thu, 01 Jan 1970 00:00:01 GMT', 'referrer-policy': 'same-origin', 'server-timing': 'cfEdge;dur=19491,cfOrigin;dur=0', 'x-frame-options': 'SAMEORIGIN', 'server': 'cloudflare', 'cf-ray': 'a4628d9c69f29d42-ORD'} -+-+- b'error code: 522\n'
⚠️  WebSocket closed: The Session has been Closed!
⚠️  No ticks for 61s — reconnecting (attempt 2)...
Socket Connection has been closed, So! The scripts are already un-subscribed!
The Data has been Un-Subscribed
  subscribe() returned OK (will confirm ticks resume next cycle)
⚠️  WebSocket closed: The Session has been Closed!
⚠️  Feed error: [Errno 110] Connection timed out
⚠️  WebSocket closed: The Session has been Closed!
⚠️  No ticks for 61s — reconnecting (attempt 3)...
🔴 3 consecutive reconnect attempts produced zero new ticks — forcing full re-login + resubscribe...
Logged in successfully
✅ Re-logged in and resubscribed (will confirm ticks resume next cycle)
⚠️  No ticks for 61s — reconnecting (attempt 1)...
Socket Connection has been closed, So! The scripts are already un-subscribed!
The Data has been Un-Subscribed
  subscribe() returned OK (will confirm ticks resume next cycle)
⚠️  WebSocket closed: The Session has been Closed!
⚠️  Feed error: [Errno 110] Connection timed out
⚠️  WebSocket closed: The Session has been Closed!
⚠️  WebSocket closed: The Session has been Closed!
⚠️  Feed error: Handshake status 522 <none> -+-+- {'date': 'Tue, 06 Oct 2026 06:22:41 GMT', 'content-type': 'text/plain; charset=UTF-8', 'content-length': '16', 'connection': 'keep-alive', 'cache-control': 'private, max-age=0, no-store, no-cache, must-revalidate, post-check=0, pre-check=0', 'expires': 'Thu, 01 Jan 1970 00:00:01 GMT', 'referrer-policy': 'same-origin', 'server-timing': 'cfEdge;dur=19589,cfOrigin;dur=0', 'x-frame-options': 'SAMEORIGIN', 'server': 'cloudflare', 'cf-ray': 'a46292387e97eb5c-ORD'} -+-+- b'error code: 522\n'
⚠️  WebSocket closed: The Session has been Closed!
⚠️  No ticks for 61s — reconnecting (attempt 2)...
Socket Connection has been closed, So! The scripts are already un-subscribed!
The Data has been Un-Subscribed
  subscribe() returned OK (will confirm ticks resume next cycle)
⚠️  WebSocket closed: The Session has been Closed!
⚠️  Feed error: [Errno 110] Connection timed out
⚠️  WebSocket closed: The Session has been Closed!
⚠️  Feed error: Handshake status 522 <none> -+-+- {'date': 'Tue, 06 Oct 2026 06:23:44 GMT', 'content-type': 'text/plain; charset=UTF-8', 'content-length': '16', 'connection': 'keep-alive', 'cache-control': 'private, max-age=0, no-store, no-cache, must-revalidate, post-check=0, pre-check=0', 'expires': 'Thu, 01 Jan 1970 00:00:01 GMT', 'referrer-policy': 'same-origin', 'server-timing': 'cfEdge;dur=19571,cfOrigin;dur=0', 'x-frame-options': 'SAMEORIGIN', 'server': 'cloudflare', 'cf-ray': 'a46293c239a1b595-ORD'} -+-+- b'error code: 522\n'
⚠️  WebSocket closed: The Session has been Closed!
⚠️  No ticks for 61s — reconnecting (attempt 3)...
🔴 3 consecutive reconnect attempts produced zero new ticks — forcing full re-login + resubscribe...
Logged in successfully
✅ Re-logged in and resubscribed (will confirm ticks resume next cycle)
⚠️  No ticks for 61s — reconnecting (attempt 1)...
Socket Connection has been closed, So! The scripts are already un-subscribed!
The Data has been Un-Subscribed
  subscribe() returned OK (will confirm ticks resume next cycle)
⚠️  No ticks for 61s — reconnecting (attempt 2)...
Socket Connection has been closed, So! The scripts are already un-subscribed!
The Data has been Un-Subscribed
  subscribe() returned OK (will confirm ticks resume next cycle)
⚠️  WebSocket closed: The Session has been Closed!
⚠️  Feed error: [Errno 110] Connection timed out
⚠️  No ticks for 61s — reconnecting (attempt 3)...
🔴 3 consecutive reconnect attempts produced zero new ticks — forcing full re-login + resubscribe...
Logged in successfully
✅ Re-logged in and resubscribed (will confirm ticks resume next cycle)
⚠️  WebSocket closed: The Session has been Closed!
⚠️  Feed error: [Errno 110] Connection timed out
⚠️  No ticks for 61s — reconnecting (attempt 1)...
Socket Connection has been closed, So! The scripts are already un-subscribed!
The Data has been Un-Subscribed
  subscribe() returned OK (will confirm ticks resume next cycle)
⚠️  WebSocket closed: The Session has been Closed!
⚠️  Feed error: [Errno 110] Connection timed out
⚠️  WebSocket closed: The Session has been Closed!
⚠️  WebSocket closed: The Session has been Closed!
⚠️  Feed error: Handshake status 522 <none> -+-+- {'date': 'Tue, 06 Oct 2026 06:28:58 GMT', 'content-type': 'text/plain; charset=UTF-8', 'content-length': '16', 'connection': 'keep-alive', 'cache-control': 'private, max-age=0, no-store, no-cache, must-revalidate, post-check=0, pre-check=0', 'expires': 'Thu, 01 Jan 1970 00:00:01 GMT', 'referrer-policy': 'same-origin', 'server-timing': 'cfEdge;dur=19486,cfOrigin;dur=0', 'x-frame-options': 'SAMEORIGIN', 'server': 'cloudflare', 'cf-ray': 'a4629b6ffcc1e814-ORD'} -+-+- b'error code: 522\n'
⚠️  WebSocket closed: The Session has been Closed!
⚠️  No ticks for 61s — reconnecting (attempt 2)...
Socket Connection has been closed, So! The scripts are already un-subscribed!
The Data has been Un-Subscribed
  subscribe() returned OK (will confirm ticks resume next cycle)
⚠️  WebSocket closed: The Session has been Closed!
⚠️  Feed error: [Errno 110] Connection timed out
⚠️  WebSocket closed: The Session has been Closed!
⚠️  No ticks for 61s — reconnecting (attempt 3)...
🔴 3 consecutive reconnect attempts produced zero new ticks — forcing full re-login + resubscribe...
Logged in successfully
✅ Re-logged in and resubscribed (will confirm ticks resume next cycle)
⚠️  No ticks for 61s — reconnecting (attempt 1)...
Socket Connection has been closed, So! The scripts are already un-subscribed!
The Data has been Un-Subscribed
  subscribe() returned OK (will confirm ticks resume next cycle)
⚠️  WebSocket closed: The Session has been Closed!
⚠️  Feed error: [Errno 110] Connection timed out
⚠️  WebSocket closed: The Session has been Closed!
⚠️  No ticks for 61s — reconnecting (attempt 2)...
Socket Connection has been closed, So! The scripts are already un-subscribed!
The Data has been Un-Subscribed
  subscribe() returned OK (will confirm ticks resume next cycle)
⚠️  WebSocket closed: The Session has been Closed!
⚠️  Feed error: [Errno 110] Connection timed out
⚠️  No ticks for 61s — reconnecting (attempt 3)...
🔴 3 consecutive reconnect attempts produced zero new ticks — forcing full re-login + resubscribe...
Logged in successfully
✅ Re-logged in and resubscribed (will confirm ticks resume next cycle)
⚠️  WebSocket closed: The Session has been Closed!
⚠️  Feed error: [Errno 110] Connection timed out
⚠️  WebSocket closed: The Session has been Closed!
⚠️  No ticks for 61s — reconnecting (attempt 1)...
Socket Connection has been closed, So! The scripts are already un-subscribed!
The Data has been Un-Subscribed
  subscribe() returned OK (will confirm ticks resume next cycle)
⚠️  WebSocket closed: The Session has been Closed!
⚠️  Feed error: [Errno 110] Connection timed out
⚠️  WebSocket closed: The Session has been Closed!
⚠️  No ticks for 61s — reconnecting (attempt 2)...
Socket Connection has been closed, So! The scripts are already un-subscribed!
The Data has been Un-Subscribed
  subscribe() returned OK (will confirm ticks resume next cycle)
⚠️  WebSocket closed: The Session has been Closed!
⚠️  Feed error: [Errno 110] Connection timed out
⚠️  WebSocket closed: The Session has been Closed!
⚠️  No ticks for 61s — reconnecting (attempt 3)...
🔴 3 consecutive reconnect attempts produced zero new ticks — forcing full re-login + resubscribe...
Logged in successfully
✅ Re-logged in and resubscribed (will confirm ticks resume next cycle)
⚠️  WebSocket closed: The Session has been Closed!
⚠️  Feed error: [Errno 110] Connection timed out
⚠️  WebSocket closed: The Session has been Closed!
⚠️  No ticks for 61s — reconnecting (attempt 1)...
Socket Connection has been closed, So! The scripts are already un-subscribed!
The Data has been Un-Subscribed
  subscribe() returned OK (will confirm ticks resume next cycle)
⚠️  WebSocket closed: The Session has been Closed!
⚠️  Feed error: [Errno 110] Connection timed out
⚠️  WebSocket closed: The Session has been Closed!
⚠️  WebSocket closed: The Session has been Closed!
⚠️  Feed error: Handshake status 522 <none> -+-+- {'date': 'Tue, 06 Oct 2026 06:38:24 GMT', 'content-type': 'text/plain; charset=UTF-8', 'content-length': '16', 'connection': 'keep-alive', 'cache-control': 'private, max-age=0, no-store, no-cache, must-revalidate, post-check=0, pre-check=0', 'expires': 'Thu, 01 Jan 1970 00:00:01 GMT', 'referrer-policy': 'same-origin', 'server-timing': 'cfEdge;dur=19289,cfOrigin;dur=0', 'x-frame-options': 'SAMEORIGIN', 'server': 'cloudflare', 'cf-ray': 'a462a94378854616-ORD'} -+-+- b'error code: 522\n'
⚠️  WebSocket closed: The Session has been Closed!
⚠️  No ticks for 61s — reconnecting (attempt 2)...
Socket Connection has been closed, So! The scripts are already un-subscribed!
The Data has been Un-Subscribed
  subscribe() returned OK (will confirm ticks resume next cycle)
⚠️  WebSocket closed: The Session has been Closed!
⚠️  Feed error: [Errno 110] Connection timed out
⚠️  WebSocket closed: The Session has been Closed!
⚠️  No ticks for 61s — reconnecting (attempt 3)...
🔴 3 consecutive reconnect attempts produced zero new ticks — forcing full re-login + resubscribe...
Logged in successfully
✅ Re-logged in and resubscribed (will confirm ticks resume next cycle)
⚠️  No ticks for 61s — reconnecting (attempt 1)...
Socket Connection has been closed, So! The scripts are already un-subscribed!
The Data has been Un-Subscribed
  subscribe() returned OK (will confirm ticks resume next cycle)
⚠️  WebSocket closed: The Session has been Closed!
⚠️  Feed error: [Errno 110] Connection timed out
⚠️  WebSocket closed: The Session has been Closed!
⚠️  No ticks for 61s — reconnecting (attempt 2)...
Socket Connection has been closed, So! The scripts are already un-subscribed!
The Data has been Un-Subscribed
  subscribe() returned OK (will confirm ticks resume next cycle)
⚠️  WebSocket closed: The Session has been Closed!
⚠️  Feed error: [Errno 110] Connection timed out
⚠️  No ticks for 61s — reconnecting (attempt 3)...
🔴 3 consecutive reconnect attempts produced zero new ticks — forcing full re-login + resubscribe...
Logged in successfully
✅ Re-logged in and resubscribed (will confirm ticks resume next cycle)
⚠️  WebSocket closed: The Session has been Closed!
⚠️  Feed error: [Errno 110] Connection timed out
⚠️  WebSocket closed: The Session has been Closed!
⚠️  No ticks for 61s — reconnecting (attempt 1)...
Socket Connection has been closed, So! The scripts are already un-subscribed!
The Data has been Un-Subscribed
  subscribe() returned OK (will confirm ticks resume next cycle)
⚠️  WebSocket closed: The Session has been Closed!
⚠️  Feed error: [Errno 110] Connection timed out
⚠️  WebSocket closed: The Session has been Closed!
⚠️  No ticks for 61s — reconnecting (attempt 2)...
Socket Connection has been closed, So! The scripts are already un-subscribed!
The Data has been Un-Subscribed
  subscribe() returned OK (will confirm ticks resume next cycle)
⚠️  WebSocket closed: The Session has been Closed!
⚠️  Feed error: [Errno 110] Connection timed out
⚠️  WebSocket closed: The Session has been Closed!
⚠️  No ticks for 61s — reconnecting (attempt 3)...
🔴 3 consecutive reconnect attempts produced zero new ticks — forcing full re-login + resubscribe...
Logged in successfully
✅ Re-logged in and resubscribed (will confirm ticks resume next cycle)
⚠️  WebSocket closed: The Session has been Closed!
⚠️  Feed error: [Errno 110] Connection timed out
⚠️  WebSocket closed: The Session has been Closed!
⚠️  No ticks for 61s — reconnecting (attempt 1)...
Socket Connection has been closed, So! The scripts are already un-subscribed!
The Data has been Un-Subscribed
  subscribe() returned OK (will confirm ticks resume next cycle)
⚠️  WebSocket closed: The Session has been Closed!
⚠️  Feed error: [Errno 110] Connection timed out
⚠️  WebSocket closed: The Session has been Closed!
⚠️  WebSocket closed: The Session has been Closed!
⚠️  Feed error: Handshake status 522 <none> -+-+- {'date': 'Tue, 06 Oct 2026 06:47:51 GMT', 'content-type': 'text/plain; charset=UTF-8', 'content-length': '16', 'connection': 'keep-alive', 'cache-control': 'private, max-age=0, no-store, no-cache, must-revalidate, post-check=0, pre-check=0', 'expires': 'Thu, 01 Jan 1970 00:00:01 GMT', 'referrer-policy': 'same-origin', 'server-timing': 'cfEdge;dur=19685,cfOrigin;dur=0', 'x-frame-options': 'SAMEORIGIN', 'server': 'cloudflare', 'cf-ray': 'a462b7168e14608f-ORD'} -+-+- b'error code: 522\n'
⚠️  WebSocket closed: The Session has been Closed!
⚠️  No ticks for 61s — reconnecting (attempt 2)...
Socket Connection has been closed, So! The scripts are already un-subscribed!
The Data has been Un-Subscribed
  subscribe() returned OK (will confirm ticks resume next cycle)
⚠️  WebSocket closed: The Session has been Closed!
⚠️  Feed error: [Errno 110] Connection timed out
⚠️  WebSocket closed: The Session has been Closed!
⚠️  No ticks for 61s — reconnecting (attempt 3)...
🔴 3 consecutive reconnect attempts produced zero new ticks — forcing full re-login + resubscribe...
Logged in successfully
✅ Re-logged in and resubscribed (will confirm ticks resume next cycle)
⚠️  No ticks for 61s — reconnecting (attempt 1)...
Socket Connection has been closed, So! The scripts are already un-subscribed!
The Data has been Un-Subscribed
  subscribe() returned OK (will confirm ticks resume next cycle)
⚠️  WebSocket closed: The Session has been Closed!
⚠️  Feed error: [Errno 110] Connection timed out
⚠️  WebSocket closed: The Session has been Closed!
⚠️  No ticks for 61s — reconnecting (attempt 2)...
Socket Connection has been closed, So! The scripts are already un-subscribed!
The Data has been Un-Subscribed
  subscribe() returned OK (will confirm ticks resume next cycle)
⚠️  WebSocket closed: The Session has been Closed!
⚠️  Feed error: [Errno 110] Connection timed out
⚠️  WebSocket closed: The Session has been Closed!
⚠️  Feed error: Handshake status 522 <none> -+-+- {'date': 'Tue, 06 Oct 2026 06:52:02 GMT', 'content-type': 'text/plain; charset=UTF-8', 'content-length': '16', 'connection': 'keep-alive', 'cache-control': 'private, max-age=0, no-store, no-cache, must-revalidate, post-check=0, pre-check=0', 'expires': 'Thu, 01 Jan 1970 00:00:01 GMT', 'referrer-policy': 'same-origin', 'server-timing': 'cfEdge;dur=19541,cfOrigin;dur=0', 'x-frame-options': 'SAMEORIGIN', 'server': 'cloudflare', 'cf-ray': 'a462bd3bfca49af3-ORD'} -+-+- b'error code: 522\n'
⚠️  WebSocket closed: The Session has been Closed!
⚠️  No ticks for 61s — reconnecting (attempt 3)...
🔴 3 consecutive reconnect attempts produced zero new ticks — forcing full re-login + resubscribe...
Logged in successfully
✅ Re-logged in and resubscribed (will confirm ticks resume next cycle)
⚠️  WebSocket closed: The Session has been Closed!
⚠️  Feed error: [Errno 110] Connection timed out
⚠️  WebSocket closed: The Session has been Closed!
⚠️  No ticks for 61s — reconnecting (attempt 1)...
Socket Connection has been closed, So! The scripts are already un-subscribed!
The Data has been Un-Subscribed
  subscribe() returned OK (will confirm ticks resume next cycle)
⚠️  WebSocket closed: The Session has been Closed!
⚠️  Feed error: Handshake status 522 <none> -+-+- {'date': 'Tue, 06 Oct 2026 06:54:08 GMT', 'content-type': 'text/plain; charset=UTF-8', 'content-length': '16', 'connection': 'keep-alive', 'cache-control': 'private, max-age=0, no-store, no-cache, must-revalidate, post-check=0, pre-check=0', 'expires': 'Thu, 01 Jan 1970 00:00:01 GMT', 'referrer-policy': 'same-origin', 'server-timing': 'cfEdge;dur=19422,cfOrigin;dur=0', 'x-frame-options': 'SAMEORIGIN', 'server': 'cloudflare', 'cf-ray': 'a462c04dc828fced-ORD'} -+-+- b'error code: 522\n'
⚠️  WebSocket closed: The Session has been Closed!
⚠️  No ticks for 61s — reconnecting (attempt 2)...
Socket Connection has been closed, So! The scripts are already un-subscribed!
The Data has been Un-Subscribed
  subscribe() returned OK (will confirm ticks resume next cycle)
⚠️  WebSocket closed: The Session has been Closed!
⚠️  Feed error: [Errno 110] Connection timed out
⚠️  WebSocket closed: The Session has been Closed!
⚠️  WebSocket closed: The Session has been Closed!
⚠️  Feed error: Handshake status 522 <none> -+-+- {'date': 'Tue, 06 Oct 2026 06:55:11 GMT', 'content-type': 'text/plain; charset=UTF-8', 'content-length': '16', 'connection': 'keep-alive', 'cache-control': 'private, max-age=0, no-store, no-cache, must-revalidate, post-check=0, pre-check=0', 'expires': 'Thu, 01 Jan 1970 00:00:01 GMT', 'referrer-policy': 'same-origin', 'server-timing': 'cfEdge;dur=19605,cfOrigin;dur=0', 'x-frame-options': 'SAMEORIGIN', 'server': 'cloudflare', 'cf-ray': 'a462c1d798bb7dd6-ORD'} -+-+- b'error code: 522\n'
⚠️  WebSocket closed: The Session has been Closed!
⚠️  No ticks for 61s — reconnecting (attempt 3)...
🔴 3 consecutive reconnect attempts produced zero new ticks — forcing full re-login + resubscribe...
Logged in successfully
✅ Re-logged in and resubscribed (will confirm ticks resume next cycle)
⚠️  WebSocket closed: The Session has been Closed!
⚠️  Feed error: Handshake status 522 <none> -+-+- {'date': 'Tue, 06 Oct 2026 06:56:14 GMT', 'content-type': 'text/plain; charset=UTF-8', 'content-length': '16', 'connection': 'keep-alive', 'cache-control': 'private, max-age=0, no-store, no-cache, must-revalidate, post-check=0, pre-check=0', 'expires': 'Thu, 01 Jan 1970 00:00:01 GMT', 'referrer-policy': 'same-origin', 'server-timing': 'cfEdge;dur=19667,cfOrigin;dur=0', 'x-frame-options': 'SAMEORIGIN', 'server': 'cloudflare', 'cf-ray': 'a462c35f8ca2c0b2-ORD'} -+-+- b'error code: 522\n'
⚠️  WebSocket closed: The Session has been Closed!
⚠️  No ticks for 61s — reconnecting (attempt 1)...
Socket Connection has been closed, So! The scripts are already un-subscribed!
The Data has been Un-Subscribed
  subscribe() returned OK (will confirm ticks resume next cycle)
⚠️  No ticks for 61s — reconnecting (attempt 2)...
Socket Connection has been closed, So! The scripts are already un-subscribed!
The Data has been Un-Subscribed
  subscribe() returned OK (will confirm ticks resume next cycle)
⚠️  No ticks for 61s — reconnecting (attempt 3)...
🔴 3 consecutive reconnect attempts produced zero new ticks — forcing full re-login + resubscribe...
Logged in successfully
✅ Re-logged in and resubscribed (will confirm ticks resume next cycle)
⚠️  WebSocket closed: The Session has been Closed!
⚠️  Feed error: [Errno 110] Connection timed out
⚠️  WebSocket closed: The Session has been Closed!
⚠️  Feed error: Handshake status 522 <none> -+-+- {'date': 'Tue, 06 Oct 2026 06:59:22 GMT', 'content-type': 'text/plain; charset=UTF-8', 'content-length': '16', 'connection': 'keep-alive', 'cache-control': 'private, max-age=0, no-store, no-cache, must-revalidate, post-check=0, pre-check=0', 'expires': 'Thu, 01 Jan 1970 00:00:01 GMT', 'referrer-policy': 'same-origin', 'server-timing': 'cfEdge;dur=19403,cfOrigin;dur=0', 'x-frame-options': 'SAMEORIGIN', 'server': 'cloudflare', 'cf-ray': 'a462c7fade19af34-ORD'} -+-+- b'error code: 522\n'
⚠️  WebSocket closed: The Session has been Closed!
⚠️  No ticks for 61s — reconnecting (attempt 1)...
Socket Connection has been closed, So! The scripts are already un-subscribed!
The Data has been Un-Subscribed
  subscribe() returned OK (will confirm ticks resume next cycle)
⚠️  WebSocket closed: The Session has been Closed!
⚠️  Feed error: [Errno 110] Connection timed out
⚠️  No ticks for 61s — reconnecting (attempt 2)...
Socket Connection has been closed, So! The scripts are already un-subscribed!
The Data has been Un-Subscribed
  subscribe() returned OK (will confirm ticks resume next cycle)
⚠️  No ticks for 61s — reconnecting (attempt 3)...
🔴 3 consecutive reconnect attempts produced zero new ticks — forcing full re-login + resubscribe...
Logged in successfully
✅ Re-logged in and resubscribed (will confirm ticks resume next cycle)
⚠️  WebSocket closed: The Session has been Closed!
⚠️  Feed error: [Errno 110] Connection timed out
⚠️  WebSocket closed: The Session has been Closed!
⚠️  No ticks for 61s — reconnecting (attempt 1)...
Socket Connection has been closed, So! The scripts are already un-subscribed!
The Data has been Un-Subscribed
  subscribe() returned OK (will confirm ticks resume next cycle)
⚠️  WebSocket closed: The Session has been Closed!
⚠️  Feed error: [Errno 110] Connection timed out
⚠️  No ticks for 61s — reconnecting (attempt 2)...
Socket Connection has been closed, So! The scripts are already un-subscribed!
The Data has been Un-Subscribed
  subscribe() returned OK (will confirm ticks resume next cycle)
⚠️  WebSocket closed: The Session has been Closed!
⚠️  Feed error: [Errno 110] Connection timed out
⚠️  WebSocket closed: The Session has been Closed!
⚠️  No ticks for 61s — reconnecting (attempt 3)...
🔴 3 consecutive reconnect attempts produced zero new ticks — forcing full re-login + resubscribe...
Logged in successfully
✅ Re-logged in and resubscribed (will confirm ticks resume next cycle)
⚠️  WebSocket closed: The Session has been Closed!
⚠️  Feed error: [Errno 110] Connection timed out
⚠️  WebSocket closed: The Session has been Closed!
⚠️  No ticks for 61s — reconnecting (attempt 1)...
Socket Connection has been closed, So! The scripts are already un-subscribed!
The Data has been Un-Subscribed
  subscribe() returned OK (will confirm ticks resume next cycle)
⚠️  WebSocket closed: The Session has been Closed!
⚠️  Feed error: [Errno 110] Connection timed out
⚠️  WebSocket closed: The Session has been Closed!
⚠️  No ticks for 61s — reconnecting (attempt 2)...
Socket Connection has been closed, So! The scripts are already un-subscribed!
The Data has been Un-Subscribed
  subscribe() returned OK (will confirm ticks resume next cycle)
⚠️  WebSocket closed: The Session has been Closed!
⚠️  Feed error: [Errno 110] Connection timed out
⚠️  WebSocket closed: The Session has been Closed!
⚠️  No ticks for 61s — reconnecting (attempt 3)...
🔴 3 consecutive reconnect attempts produced zero new ticks — forcing full re-login + resubscribe...
Logged in successfully
✅ Re-logged in and resubscribed (will confirm ticks resume next cycle)
⚠️  WebSocket closed: The Session has been Closed!
⚠️  Feed error: [Errno 110] Connection timed out
⚠️  WebSocket closed: The Session has been Closed!
⚠️  No ticks for 61s — reconnecting (attempt 1)...
Socket Connection has been closed, So! The scripts are already un-subscribed!
The Data has been Un-Subscribed
  subscribe() returned OK (will confirm ticks resume next cycle)
⚠️  WebSocket closed: The Session has been Closed!
⚠️  Feed error: [Errno 110] Connection timed out
⚠️  WebSocket closed: The Session has been Closed!
⚠️  WebSocket closed: The Session has been Closed!
⚠️  Feed error: Handshake status 522 <none> -+-+- {'date': 'Tue, 06 Oct 2026 07:09:52 GMT', 'content-type': 'text/plain; charset=UTF-8', 'content-length': '16', 'connection': 'keep-alive', 'cache-control': 'private, max-age=0, no-store, no-cache, must-revalidate, post-check=0, pre-check=0', 'expires': 'Thu, 01 Jan 1970 00:00:01 GMT', 'referrer-policy': 'same-origin', 'server-timing': 'cfEdge;dur=19477,cfOrigin;dur=0', 'x-frame-options': 'SAMEORIGIN', 'server': 'cloudflare', 'cf-ray': 'a462d758591ff4ae-ORD'} -+-+- b'error code: 522\n'
⚠️  WebSocket closed: The Session has been Closed!
⚠️  No ticks for 61s — reconnecting (attempt 2)...
Socket Connection has been closed, So! The scripts are already un-subscribed!
The Data has been Un-Subscribed
  subscribe() returned OK (will confirm ticks resume next cycle)
⚠️  WebSocket closed: The Session has been Closed!
⚠️  Feed error: [Errno 110] Connection timed out
⚠️  WebSocket closed: The Session has been Closed!
⚠️  No ticks for 61s — reconnecting (attempt 3)...
🔴 3 consecutive reconnect attempts produced zero new ticks — forcing full re-login + resubscribe...
Logged in successfully
✅ Re-logged in and resubscribed (will confirm ticks resume next cycle)
⚠️  No ticks for 61s — reconnecting (attempt 1)...
Socket Connection has been closed, So! The scripts are already un-subscribed!
The Data has been Un-Subscribed
  subscribe() returned OK (will confirm ticks resume next cycle)
⚠️  WebSocket closed: The Session has been Closed!
⚠️  Feed error: [Errno 110] Connection timed out
⚠️  WebSocket closed: The Session has been Closed!
⚠️  WebSocket closed: The Session has been Closed!
⚠️  Feed error: Handshake status 522 <none> -+-+- {'date': 'Tue, 06 Oct 2026 07:13:00 GMT', 'content-type': 'text/plain; charset=UTF-8', 'content-length': '16', 'connection': 'keep-alive', 'cache-control': 'private, max-age=0, no-store, no-cache, must-revalidate, post-check=0, pre-check=0', 'expires': 'Thu, 01 Jan 1970 00:00:01 GMT', 'referrer-policy': 'same-origin', 'server-timing': 'cfEdge;dur=19255,cfOrigin;dur=0', 'x-frame-options': 'SAMEORIGIN', 'server': 'cloudflare', 'cf-ray': 'a462dbf468311054-ORD'} -+-+- b'error code: 522\n'
⚠️  WebSocket closed: The Session has been Closed!
⚠️  No ticks for 61s — reconnecting (attempt 2)...
Socket Connection has been closed, So! The scripts are already un-subscribed!
The Data has been Un-Subscribed
  subscribe() returned OK (will confirm ticks resume next cycle)
⚠️  WebSocket closed: The Session has been Closed!
⚠️  Feed error: [Errno 110] Connection timed out
⚠️  No ticks for 61s — reconnecting (attempt 3)...
🔴 3 consecutive reconnect attempts produced zero new ticks — forcing full re-login + resubscribe...
Logged in successfully
✅ Re-logged in and resubscribed (will confirm ticks resume next cycle)
⚠️  No ticks for 61s — reconnecting (attempt 1)...
Socket Connection has been closed, So! The scripts are already un-subscribed!
The Data has been Un-Subscribed
  subscribe() returned OK (will confirm ticks resume next cycle)
⚠️  WebSocket closed: The Session has been Closed!
⚠️  Feed error: [Errno 110] Connection timed out
⚠️  WebSocket closed: The Session has been Closed!
⚠️  No ticks for 61s — reconnecting (attempt 2)...
Socket Connection has been closed, So! The scripts are already un-subscribed!
The Data has been Un-Subscribed
  subscribe() returned OK (will confirm ticks resume next cycle)
⚠️  WebSocket closed: The Session has been Closed!
⚠️  Feed error: [Errno 110] Connection timed out
⚠️  No ticks for 61s — reconnecting (attempt 3)...
🔴 3 consecutive reconnect attempts produced zero new ticks — forcing full re-login + resubscribe...
Logged in successfully
✅ Re-logged in and resubscribed (will confirm ticks resume next cycle)
⚠️  WebSocket closed: The Session has been Closed!
⚠️  Feed error: [Errno 110] Connection timed out
⚠️  WebSocket closed: The Session has been Closed!
⚠️  No ticks for 61s — reconnecting (attempt 1)...
Socket Connection has been closed, So! The scripts are already un-subscribed!
The Data has been Un-Subscribed
  subscribe() returned OK (will confirm ticks resume next cycle)
⚠️  WebSocket closed: The Session has been Closed!
⚠️  Feed error: [Errno 110] Connection timed out
⚠️  WebSocket closed: The Session has been Closed!
⚠️  No ticks for 61s — reconnecting (attempt 2)...
Socket Connection has been closed, So! The scripts are already un-subscribed!
The Data has been Un-Subscribed
  subscribe() returned OK (will confirm ticks resume next cycle)
⚠️  WebSocket closed: The Session has been Closed!
⚠️  Feed error: [Errno 110] Connection timed out
⚠️  WebSocket closed: The Session has been Closed!
⚠️  No ticks for 61s — reconnecting (attempt 3)...
🔴 3 consecutive reconnect attempts produced zero new ticks — forcing full re-login + resubscribe...
Logged in successfully
✅ Re-logged in and resubscribed (will confirm ticks resume next cycle)
⚠️  WebSocket closed: The Session has been Closed!
⚠️  Feed error: [Errno 110] Connection timed out
⚠️  WebSocket closed: The Session has been Closed!
⚠️  No ticks for 61s — reconnecting (attempt 1)...
Socket Connection has been closed, So! The scripts are already un-subscribed!
The Data has been Un-Subscribed
  subscribe() returned OK (will confirm ticks resume next cycle)
⚠️  WebSocket closed: The Session has been Closed!
⚠️  Feed error: [Errno 110] Connection timed out
⚠️  WebSocket closed: The Session has been Closed!
⚠️  No ticks for 61s — reconnecting (attempt 2)...
Socket Connection has been closed, So! The scripts are already un-subscribed!
The Data has been Un-Subscribed
  subscribe() returned OK (will confirm ticks resume next cycle)
⚠️  WebSocket closed: The Session has been Closed!
⚠️  Feed error: [Errno 110] Connection timed out
⚠️  WebSocket closed: The Session has been Closed!
⚠️  No ticks for 61s — reconnecting (attempt 3)...
🔴 3 consecutive reconnect attempts produced zero new ticks — forcing full re-login + resubscribe...
Logged in successfully
✅ Re-logged in and resubscribed (will confirm ticks resume next cycle)
⚠️  WebSocket closed: The Session has been Closed!
⚠️  Feed error: [Errno 110] Connection timed out
⚠️  WebSocket closed: The Session has been Closed!
⚠️  No ticks for 61s — reconnecting (attempt 1)...
Socket Connection has been closed, So! The scripts are already un-subscribed!
The Data has been Un-Subscribed
  subscribe() returned OK (will confirm ticks resume next cycle)
⚠️  WebSocket closed: The Session has been Closed!
⚠️  Feed error: [Errno 110] Connection timed out
⚠️  WebSocket closed: The Session has been Closed!
⚠️  No ticks for 61s — reconnecting (attempt 2)...
Socket Connection has been closed, So! The scripts are already un-subscribed!
The Data has been Un-Subscribed
  subscribe() returned OK (will confirm ticks resume next cycle)
⚠️  WebSocket closed: The Session has been Closed!
⚠️  Feed error: [Errno 110] Connection timed out
⚠️  WebSocket closed: The Session has been Closed!
⚠️  WebSocket closed: The Session has been Closed!
⚠️  Feed error: Handshake status 522 <none> -+-+- {'date': 'Tue, 06 Oct 2026 07:26:39 GMT', 'content-type': 'text/plain; charset=UTF-8', 'content-length': '16', 'connection': 'keep-alive', 'cache-control': 'private, max-age=0, no-store, no-cache, must-revalidate, post-check=0, pre-check=0', 'expires': 'Thu, 01 Jan 1970 00:00:01 GMT', 'referrer-policy': 'same-origin', 'server-timing': 'cfEdge;dur=19724,cfOrigin;dur=0', 'x-frame-options': 'SAMEORIGIN', 'server': 'cloudflare', 'cf-ray': 'a462efecef7550bb-ORD'} -+-+- b'error code: 522\n'
⚠️  WebSocket closed: The Session has been Closed!
⚠️  No ticks for 61s — reconnecting (attempt 3)...
🔴 3 consecutive reconnect attempts produced zero new ticks — forcing full re-login + resubscribe...
Logged in successfully
✅ Re-logged in and resubscribed (will confirm ticks resume next cycle)
⚠️  WebSocket closed: The Session has been Closed!
⚠️  Feed error: [Errno 110] Connection timed out
⚠️  WebSocket closed: The Session has been Closed!
⚠️  No ticks for 61s — reconnecting (attempt 1)...
Socket Connection has been closed, So! The scripts are already un-subscribed!
The Data has been Un-Subscribed
  subscribe() returned OK (will confirm ticks resume next cycle)
⚠️  WebSocket closed: The Session has been Closed!
⚠️  Feed error: Handshake status 522 <none> -+-+- {'date': 'Tue, 06 Oct 2026 07:28:44 GMT', 'content-type': 'text/plain; charset=UTF-8', 'content-length': '16', 'connection': 'keep-alive', 'cache-control': 'private, max-age=0, no-store, no-cache, must-revalidate, post-check=0, pre-check=0', 'expires': 'Thu, 01 Jan 1970 00:00:01 GMT', 'referrer-policy': 'same-origin', 'server-timing': 'cfEdge;dur=19287,cfOrigin;dur=0', 'x-frame-options': 'SAMEORIGIN', 'server': 'cloudflare', 'cf-ray': 'a462f2feda92843b-ORD'} -+-+- b'error code: 522\n'
⚠️  WebSocket closed: The Session has been Closed!
⚠️  No ticks for 61s — reconnecting (attempt 2)...
Socket Connection has been closed, So! The scripts are already un-subscribed!
The Data has been Un-Subscribed
  subscribe() returned OK (will confirm ticks resume next cycle)
⚠️  WebSocket closed: The Session has been Closed!
⚠️  Feed error: [Errno 110] Connection timed out
⚠️  WebSocket closed: The Session has been Closed!
⚠️  WebSocket closed: The Session has been Closed!
⚠️  Feed error: Handshake status 522 <none> -+-+- {'date': 'Tue, 06 Oct 2026 07:29:47 GMT', 'content-type': 'text/plain; charset=UTF-8', 'content-length': '16', 'connection': 'keep-alive', 'cache-control': 'private, max-age=0, no-store, no-cache, must-revalidate, post-check=0, pre-check=0', 'expires': 'Thu, 01 Jan 1970 00:00:01 GMT', 'referrer-policy': 'same-origin', 'server-timing': 'cfEdge;dur=19548,cfOrigin;dur=0', 'x-frame-options': 'SAMEORIGIN', 'server': 'cloudflare', 'cf-ray': 'a462f488ab59d240-ORD'} -+-+- b'error code: 522\n'
⚠️  WebSocket closed: The Session has been Closed!
⚠️  No ticks for 61s — reconnecting (attempt 3)...
🔴 3 consecutive reconnect attempts produced zero new ticks — forcing full re-login + resubscribe...
Logged in successfully
✅ Re-logged in and resubscribed (will confirm ticks resume next cycle)
⚠️  No ticks for 61s — reconnecting (attempt 1)...
Socket Connection has been closed, So! The scripts are already un-subscribed!
The Data has been Un-Subscribed
  subscribe() returned OK (will confirm ticks resume next cycle)
⚠️  No ticks for 61s — reconnecting (attempt 2)...
Socket Connection has been closed, So! The scripts are already un-subscribed!
The Data has been Un-Subscribed
  subscribe() returned OK (will confirm ticks resume next cycle)
⚠️  WebSocket closed: The Session has been Closed!
⚠️  Feed error: [Errno 110] Connection timed out
⚠️  No ticks for 61s — reconnecting (attempt 3)...
🔴 3 consecutive reconnect attempts produced zero new ticks — forcing full re-login + resubscribe...
Logged in successfully
✅ Re-logged in and resubscribed (will confirm ticks resume next cycle)
⚠️  WebSocket closed: The Session has been Closed!
⚠️  Feed error: [Errno 110] Connection timed out
⚠️  No ticks for 61s — reconnecting (attempt 1)...
Socket Connection has been closed, So! The scripts are already un-subscribed!
The Data has been Un-Subscribed
  subscribe() returned OK (will confirm ticks resume next cycle)
⚠️  WebSocket closed: The Session has been Closed!
⚠️  Feed error: [Errno 110] Connection timed out
⚠️  WebSocket closed: The Session has been Closed!
⚠️  No ticks for 61s — reconnecting (attempt 2)...
Socket Connection has been closed, So! The scripts are already un-subscribed!
The Data has been Un-Subscribed
  subscribe() returned OK (will confirm ticks resume next cycle)
⚠️  WebSocket closed: The Session has been Closed!
⚠️  Feed error: [Errno 110] Connection timed out
⚠️  WebSocket closed: The Session has been Closed!
⚠️  No ticks for 61s — reconnecting (attempt 3)...
🔴 3 consecutive reconnect attempts produced zero new ticks — forcing full re-login + resubscribe...
Logged in successfully
✅ Re-logged in and resubscribed (will confirm ticks resume next cycle)
⚠️  WebSocket closed: The Session has been Closed!
⚠️  Feed error: [Errno 110] Connection timed out
⚠️  WebSocket closed: The Session has been Closed!
⚠️  No ticks for 61s — reconnecting (attempt 1)...
Socket Connection has been closed, So! The scripts are already un-subscribed!
The Data has been Un-Subscribed
  subscribe() returned OK (will confirm ticks resume next cycle)
⚠️  WebSocket closed: The Session has been Closed!
⚠️  Feed error: [Errno 110] Connection timed out
⚠️  WebSocket closed: The Session has been Closed!
⚠️  No ticks for 61s — reconnecting (attempt 2)...
Socket Connection has been closed, So! The scripts are already un-subscribed!
The Data has been Un-Subscribed
  subscribe() returned OK (will confirm ticks resume next cycle)
⚠️  WebSocket closed: The Session has been Closed!
⚠️  Feed error: [Errno 110] Connection timed out
⚠️  WebSocket closed: The Session has been Closed!
⚠️  No ticks for 61s — reconnecting (attempt 3)...
🔴 3 consecutive reconnect attempts produced zero new ticks — forcing full re-login + resubscribe...
Logged in successfully
✅ Re-logged in and resubscribed (will confirm ticks resume next cycle)
⚠️  WebSocket closed: The Session has been Closed!
⚠️  Feed error: [Errno 110] Connection timed out
⚠️  WebSocket closed: The Session has been Closed!
⚠️  No ticks for 61s — reconnecting (attempt 1)...
Socket Connection has been closed, So! The scripts are already un-subscribed!
The Data has been Un-Subscribed
  subscribe() returned OK (will confirm ticks resume next cycle)
⚠️  WebSocket closed: The Session has been Closed!
⚠️  Feed error: [Errno 110] Connection timed out
⚠️  WebSocket closed: The Session has been Closed!
⚠️  No ticks for 61s — reconnecting (attempt 2)...
Socket Connection has been closed, So! The scripts are already un-subscribed!
The Data has been Un-Subscribed
  subscribe() returned OK (will confirm ticks resume next cycle)
⚠️  WebSocket closed: The Session has been Closed!
⚠️  Feed error: [Errno 110] Connection timed out
⚠️  WebSocket closed: The Session has been Closed!
⚠️  No ticks for 61s — reconnecting (attempt 3)...
🔴 3 consecutive reconnect attempts produced zero new ticks — forcing full re-login + resubscribe...
Logged in successfully
✅ Re-logged in and resubscribed (will confirm ticks resume next cycle)
⚠️  WebSocket closed: The Session has been Closed!
⚠️  Feed error: [Errno 110] Connection timed out
⚠️  WebSocket closed: The Session has been Closed!
⚠️  No ticks for 61s — reconnecting (attempt 1)...
Socket Connection has been closed, So! The scripts are already un-subscribed!
The Data has been Un-Subscribed
  subscribe() returned OK (will confirm ticks resume next cycle)
⚠️  WebSocket closed: The Session has been Closed!
⚠️  Feed error: [Errno 110] Connection timed out
⚠️  WebSocket closed: The Session has been Closed!
⚠️  No ticks for 61s — reconnecting (attempt 2)...
Socket Connection has been closed, So! The scripts are already un-subscribed!
The Data has been Un-Subscribed
  subscribe() returned OK (will confirm ticks resume next cycle)
⚠️  WebSocket closed: The Session has been Closed!
⚠️  Feed error: [Errno 110] Connection timed out
⚠️  WebSocket closed: The Session has been Closed!
⚠️  WebSocket closed: The Session has been Closed!
⚠️  Feed error: Handshake status 522 <none> -+-+- {'date': 'Tue, 06 Oct 2026 07:45:32 GMT', 'content-type': 'text/plain; charset=UTF-8', 'content-length': '16', 'connection': 'keep-alive', 'cache-control': 'private, max-age=0, no-store, no-cache, must-revalidate, post-check=0, pre-check=0', 'expires': 'Thu, 01 Jan 1970 00:00:01 GMT', 'referrer-policy': 'same-origin', 'server-timing': 'cfEdge;dur=19710,cfOrigin;dur=0', 'x-frame-options': 'SAMEORIGIN', 'server': 'cloudflare', 'cf-ray': 'a4630b941dda58ee-ORD'} -+-+- b'error code: 522\n'
⚠️  WebSocket closed: The Session has been Closed!
⚠️  No ticks for 61s — reconnecting (attempt 3)...
🔴 3 consecutive reconnect attempts produced zero new ticks — forcing full re-login + resubscribe...
Logged in successfully
✅ Re-logged in and resubscribed (will confirm ticks resume next cycle)
⚠️  WebSocket closed: The Session has been Closed!
⚠️  Feed error: [Errno 110] Connection timed out
⚠️  WebSocket closed: The Session has been Closed!
⚠️  WebSocket closed: The Session has been Closed!
⚠️  Feed error: Handshake status 522 <none> -+-+- {'date': 'Tue, 06 Oct 2026 07:46:34 GMT', 'content-type': 'text/plain; charset=UTF-8', 'content-length': '16', 'connection': 'keep-alive', 'cache-control': 'private, max-age=0, no-store, no-cache, must-revalidate, post-check=0, pre-check=0', 'expires': 'Thu, 01 Jan 1970 00:00:01 GMT', 'referrer-policy': 'same-origin', 'server-timing': 'cfEdge;dur=19660,cfOrigin;dur=0', 'x-frame-options': 'SAMEORIGIN', 'server': 'cloudflare', 'cf-ray': 'a4630d1bde521142-ORD'} -+-+- b'error code: 522\n'
⚠️  WebSocket closed: The Session has been Closed!
⚠️  No ticks for 61s — reconnecting (attempt 1)...
Socket Connection has been closed, So! The scripts are already un-subscribed!
The Data has been Un-Subscribed
  subscribe() returned OK (will confirm ticks resume next cycle)
⚠️  No ticks for 61s — reconnecting (attempt 2)...
Socket Connection has been closed, So! The scripts are already un-subscribed!
The Data has been Un-Subscribed
  subscribe() returned OK (will confirm ticks resume next cycle)
⚠️  WebSocket closed: The Session has been Closed!
⚠️  Feed error: Handshake status 522 <none> -+-+- {'date': 'Tue, 06 Oct 2026 07:48:40 GMT', 'content-type': 'text/plain; charset=UTF-8', 'content-length': '16', 'connection': 'keep-alive', 'cache-control': 'private, max-age=0, no-store, no-cache, must-revalidate, post-check=0, pre-check=0', 'expires': 'Thu, 01 Jan 1970 00:00:01 GMT', 'referrer-policy': 'same-origin', 'server-timing': 'cfEdge;dur=19634,cfOrigin;dur=0', 'x-frame-options': 'SAMEORIGIN', 'server': 'cloudflare', 'cf-ray': 'a463102fc89113a5-ORD'} -+-+- b'error code: 522\n'
⚠️  WebSocket closed: The Session has been Closed!
⚠️  No ticks for 61s — reconnecting (attempt 3)...
🔴 3 consecutive reconnect attempts produced zero new ticks — forcing full re-login + resubscribe...
Logged in successfully
✅ Re-logged in and resubscribed (will confirm ticks resume next cycle)
⚠️  WebSocket closed: The Session has been Closed!
⚠️  Feed error: [Errno 110] Connection timed out
⚠️  WebSocket closed: The Session has been Closed!
⚠️  Feed error: Handshake status 522 <none> -+-+- {'date': 'Tue, 06 Oct 2026 07:49:43 GMT', 'content-type': 'text/plain; charset=UTF-8', 'content-length': '16', 'connection': 'keep-alive', 'cache-control': 'private, max-age=0, no-store, no-cache, must-revalidate, post-check=0, pre-check=0', 'expires': 'Thu, 01 Jan 1970 00:00:01 GMT', 'referrer-policy': 'same-origin', 'server-timing': 'cfEdge;dur=19715,cfOrigin;dur=0', 'x-frame-options': 'SAMEORIGIN', 'server': 'cloudflare', 'cf-ray': 'a46311b78c1332fd-ORD'} -+-+- b'error code: 522\n'
⚠️  WebSocket closed: The Session has been Closed!
⚠️  No ticks for 61s — reconnecting (attempt 1)...
Socket Connection has been closed, So! The scripts are already un-subscribed!
The Data has been Un-Subscribed
  subscribe() returned OK (will confirm ticks resume next cycle)
⚠️  No ticks for 61s — reconnecting (attempt 2)...
Socket Connection has been closed, So! The scripts are already un-subscribed!
The Data has been Un-Subscribed
  subscribe() returned OK (will confirm ticks resume next cycle)
⚠️  WebSocket closed: The Session has been Closed!
⚠️  Feed error: Handshake status 522 <none> -+-+- {'date': 'Tue, 06 Oct 2026 07:51:49 GMT', 'content-type': 'text/plain; charset=UTF-8', 'content-length': '16', 'connection': 'keep-alive', 'cache-control': 'private, max-age=0, no-store, no-cache, must-revalidate, post-check=0, pre-check=0', 'expires': 'Thu, 01 Jan 1970 00:00:01 GMT', 'referrer-policy': 'same-origin', 'server-timing': 'cfEdge;dur=19330,cfOrigin;dur=0', 'x-frame-options': 'SAMEORIGIN', 'server': 'cloudflare', 'cf-ray': 'a46314cb1bf1eaf0-ORD'} -+-+- b'error code: 522\n'
⚠️  WebSocket closed: The Session has been Closed!
⚠️  No ticks for 61s — reconnecting (attempt 3)...
🔴 3 consecutive reconnect attempts produced zero new ticks — forcing full re-login + resubscribe...
Logged in successfully
✅ Re-logged in and resubscribed (will confirm ticks resume next cycle)
⚠️  WebSocket closed: The Session has been Closed!
⚠️  Feed error: [Errno 110] Connection timed out
⚠️  No ticks for 61s — reconnecting (attempt 1)...
Socket Connection has been closed, So! The scripts are already un-subscribed!
The Data has been Un-Subscribed
  subscribe() returned OK (will confirm ticks resume next cycle)
⚠️  WebSocket closed: The Session has been Closed!
⚠️  Feed error: Handshake status 522 <none> -+-+- {'date': 'Tue, 06 Oct 2026 07:53:55 GMT', 'content-type': 'text/plain; charset=UTF-8', 'content-length': '16', 'connection': 'keep-alive', 'cache-control': 'private, max-age=0, no-store, no-cache, must-revalidate, post-check=0, pre-check=0', 'expires': 'Thu, 01 Jan 1970 00:00:01 GMT', 'referrer-policy': 'same-origin', 'server-timing': 'cfEdge;dur=19537,cfOrigin;dur=0', 'x-frame-options': 'SAMEORIGIN', 'server': 'cloudflare', 'cf-ray': 'a46317dcfc95eaf8-ORD'} -+-+- b'error code: 522\n'
⚠️  WebSocket closed: The Session has been Closed!
⚠️  No ticks for 61s — reconnecting (attempt 2)...
Socket Connection has been closed, So! The scripts are already un-subscribed!
The Data has been Un-Subscribed
  subscribe() returned OK (will confirm ticks resume next cycle)
⚠️  WebSocket closed: The Session has been Closed!
⚠️  Feed error: [Errno 110] Connection timed out
⚠️  WebSocket closed: The Session has been Closed!
⚠️  No ticks for 61s — reconnecting (attempt 3)...
🔴 3 consecutive reconnect attempts produced zero new ticks — forcing full re-login + resubscribe...
Logged in successfully
✅ Re-logged in and resubscribed (will confirm ticks resume next cycle)
⚠️  WebSocket closed: The Session has been Closed!
⚠️  Feed error: Handshake status 522 <none> -+-+- {'date': 'Tue, 06 Oct 2026 07:56:00 GMT', 'content-type': 'text/plain; charset=UTF-8', 'content-length': '16', 'connection': 'keep-alive', 'cache-control': 'private, max-age=0, no-store, no-cache, must-revalidate, post-check=0, pre-check=0', 'expires': 'Thu, 01 Jan 1970 00:00:01 GMT', 'referrer-policy': 'same-origin', 'server-timing': 'cfEdge;dur=19394,cfOrigin;dur=0', 'x-frame-options': 'SAMEORIGIN', 'server': 'cloudflare', 'cf-ray': 'a4631aeeaa9689e0-ORD'} -+-+- b'error code: 522\n'
⚠️  WebSocket closed: The Session has been Closed!
⚠️  No ticks for 61s — reconnecting (attempt 1)...
Socket Connection has been closed, So! The scripts are already un-subscribed!
The Data has been Un-Subscribed
  subscribe() returned OK (will confirm ticks resume next cycle)
⚠️  WebSocket closed: The Session has been Closed!
⚠️  Feed error: [Errno 110] Connection timed out
⚠️  WebSocket closed: The Session has been Closed!
⚠️  No ticks for 61s — reconnecting (attempt 2)...
Socket Connection has been closed, So! The scripts are already un-subscribed!
The Data has been Un-Subscribed
  subscribe() returned OK (will confirm ticks resume next cycle)
⚠️  No ticks for 61s — reconnecting (attempt 3)...
🔴 3 consecutive reconnect attempts produced zero new ticks — forcing full re-login + resubscribe...
Logged in successfully
✅ Re-logged in and resubscribed (will confirm ticks resume next cycle)
⚠️  WebSocket closed: The Session has been Closed!
⚠️  Feed error: [Errno 110] Connection timed out
⚠️  WebSocket closed: The Session has been Closed!
⚠️  No ticks for 61s — reconnecting (attempt 1)...
Socket Connection has been closed, So! The scripts are already un-subscribed!
The Data has been Un-Subscribed
  subscribe() returned OK (will confirm ticks resume next cycle)
⚠️  WebSocket closed: The Session has been Closed!
⚠️  Feed error: [Errno 110] Connection timed out
⚠️  No ticks for 61s — reconnecting (attempt 2)...
Socket Connection has been closed, So! The scripts are already un-subscribed!
The Data has been Un-Subscribed
  subscribe() returned OK (will confirm ticks resume next cycle)
⚠️  WebSocket closed: The Session has been Closed!
⚠️  Feed error: [Errno 110] Connection timed out
⚠️  WebSocket closed: The Session has been Closed!
⚠️  No ticks for 61s — reconnecting (attempt 3)...
🔴 3 consecutive reconnect attempts produced zero new ticks — forcing full re-login + resubscribe...
Logged in successfully
✅ Re-logged in and resubscribed (will confirm ticks resume next cycle)
⚠️  WebSocket closed: The Session has been Closed!
⚠️  Feed error: [Errno 110] Connection timed out
⚠️  WebSocket closed: The Session has been Closed!
⚠️  No ticks for 61s — reconnecting (attempt 1)...
Socket Connection has been closed, So! The scripts are already un-subscribed!
The Data has been Un-Subscribed
  subscribe() returned OK (will confirm ticks resume next cycle)
⚠️  WebSocket closed: The Session has been Closed!
⚠️  Feed error: [Errno 110] Connection timed out
⚠️  WebSocket closed: The Session has been Closed!
⚠️  No ticks for 61s — reconnecting (attempt 2)...
Socket Connection has been closed, So! The scripts are already un-subscribed!
The Data has been Un-Subscribed
  subscribe() returned OK (will confirm ticks resume next cycle)
⚠️  WebSocket closed: The Session has been Closed!
⚠️  Feed error: [Errno 110] Connection timed out
⚠️  WebSocket closed: The Session has been Closed!
⚠️  No ticks for 61s — reconnecting (attempt 3)...
🔴 3 consecutive reconnect attempts produced zero new ticks — forcing full re-login + resubscribe...
Logged in successfully
✅ Re-logged in and resubscribed (will confirm ticks resume next cycle)
⚠️  WebSocket closed: The Session has been Closed!
⚠️  Feed error: [Errno 110] Connection timed out
⚠️  WebSocket closed: The Session has been Closed!
⚠️  No ticks for 61s — reconnecting (attempt 1)...
Socket Connection has been closed, So! The scripts are already un-subscribed!
The Data has been Un-Subscribed
  subscribe() returned OK (will confirm ticks resume next cycle)
⚠️  WebSocket closed: The Session has been Closed!
⚠️  Feed error: [Errno 110] Connection timed out
⚠️  WebSocket closed: The Session has been Closed!
⚠️  No ticks for 61s — reconnecting (attempt 2)...
Socket Connection has been closed, So! The scripts are already un-subscribed!
The Data has been Un-Subscribed
  subscribe() returned OK (will confirm ticks resume next cycle)
⚠️  WebSocket closed: The Session has been Closed!
⚠️  Feed error: [Errno 110] Connection timed out
⚠️  WebSocket closed: The Session has been Closed!
⚠️  No ticks for 61s — reconnecting (attempt 3)...
🔴 3 consecutive reconnect attempts produced zero new ticks — forcing full re-login + resubscribe...
Logged in successfully
✅ Re-logged in and resubscribed (will confirm ticks resume next cycle)
⚠️  WebSocket closed: The Session has been Closed!
⚠️  Feed error: [Errno 110] Connection timed out
⚠️  WebSocket closed: The Session has been Closed!
⚠️  No ticks for 61s — reconnecting (attempt 1)...
Socket Connection has been closed, So! The scripts are already un-subscribed!
The Data has been Un-Subscribed
  subscribe() returned OK (will confirm ticks resume next cycle)
⚠️  WebSocket closed: The Session has been Closed!
⚠️  Feed error: [Errno 110] Connection timed out
⚠️  WebSocket closed: The Session has been Closed!
⚠️  No ticks for 61s — reconnecting (attempt 2)...
Socket Connection has been closed, So! The scripts are already un-subscribed!
The Data has been Un-Subscribed
  subscribe() returned OK (will confirm ticks resume next cycle)
⚠️  WebSocket closed: The Session has been Closed!
⚠️  Feed error: [Errno 110] Connection timed out
⚠️  WebSocket closed: The Session has been Closed!
⚠️  No ticks for 61s — reconnecting (attempt 3)...
🔴 3 consecutive reconnect attempts produced zero new ticks — forcing full re-login + resubscribe...
Logged in successfully
✅ Re-logged in and resubscribed (will confirm ticks resume next cycle)
⚠️  WebSocket closed: The Session has been Closed!
⚠️  Feed error: [Errno 110] Connection timed out
⚠️  WebSocket closed: The Session has been Closed!
⚠️  No ticks for 61s — reconnecting (attempt 1)...
Socket Connection has been closed, So! The scripts are already un-subscribed!
The Data has been Un-Subscribed
  subscribe() returned OK (will confirm ticks resume next cycle)
⚠️  WebSocket closed: The Session has been Closed!
⚠️  Feed error: [Errno 110] Connection timed out
⚠️  WebSocket closed: The Session has been Closed!
⚠️  No ticks for 61s — reconnecting (attempt 2)...
Socket Connection has been closed, So! The scripts are already un-subscribed!
The Data has been Un-Subscribed
  subscribe() returned OK (will confirm ticks resume next cycle)
⚠️  WebSocket closed: The Session has been Closed!
⚠️  Feed error: [Errno 110] Connection timed out
⚠️  WebSocket closed: The Session has been Closed!
⚠️  No ticks for 61s — reconnecting (attempt 3)...
🔴 3 consecutive reconnect attempts produced zero new ticks — forcing full re-login + resubscribe...
Logged in successfully
✅ Re-logged in and resubscribed (will confirm ticks resume next cycle)
⚠️  WebSocket closed: The Session has been Closed!
⚠️  Feed error: [Errno 110] Connection timed out
⚠️  WebSocket closed: The Session has been Closed!
⚠️  No ticks for 61s — reconnecting (attempt 1)...
Socket Connection has been closed, So! The scripts are already un-subscribed!
The Data has been Un-Subscribed
  subscribe() returned OK (will confirm ticks resume next cycle)
⚠️  WebSocket closed: The Session has been Closed!
⚠️  Feed error: [Errno 110] Connection timed out
⚠️  WebSocket closed: The Session has been Closed!
⚠️  No ticks for 61s — reconnecting (attempt 2)...
Socket Connection has been closed, So! The scripts are already un-subscribed!
The Data has been Un-Subscribed
  subscribe() returned OK (will confirm ticks resume next cycle)
⚠️  WebSocket closed: The Session has been Closed!
⚠️  Feed error: [Errno 110] Connection timed out
⚠️  WebSocket closed: The Session has been Closed!
⚠️  No ticks for 61s — reconnecting (attempt 3)...
🔴 3 consecutive reconnect attempts produced zero new ticks — forcing full re-login + resubscribe...
Logged in successfully
✅ Re-logged in and resubscribed (will confirm ticks resume next cycle)
⚠️  WebSocket closed: The Session has been Closed!
⚠️  Feed error: [Errno 110] Connection timed out
⚠️  WebSocket closed: The Session has been Closed!
⚠️  No ticks for 61s — reconnecting (attempt 1)...
Socket Connection has been closed, So! The scripts are already un-subscribed!
The Data has been Un-Subscribed
  subscribe() returned OK (will confirm ticks resume next cycle)
⚠️  WebSocket closed: The Session has been Closed!
⚠️  Feed error: [Errno 110] Connection timed out
⚠️  WebSocket closed: The Session has been Closed!
⚠️  No ticks for 61s — reconnecting (attempt 2)...
Socket Connection has been closed, So! The scripts are already un-subscribed!
The Data has been Un-Subscribed
  subscribe() returned OK (will confirm ticks resume next cycle)
⚠️  WebSocket closed: The Session has been Closed!
⚠️  Feed error: [Errno 110] Connection timed out
⚠️  WebSocket closed: The Session has been Closed!
⚠️  No ticks for 61s — reconnecting (attempt 3)...
🔴 3 consecutive reconnect attempts produced zero new ticks — forcing full re-login + resubscribe...
Logged in successfully
✅ Re-logged in and resubscribed (will confirm ticks resume next cycle)
⚠️  WebSocket closed: The Session has been Closed!
⚠️  Feed error: [Errno 110] Connection timed out
⚠️  WebSocket closed: The Session has been Closed!
⚠️  No ticks for 61s — reconnecting (attempt 1)...
Socket Connection has been closed, So! The scripts are already un-subscribed!
The Data has been Un-Subscribed
  subscribe() returned OK (will confirm ticks resume next cycle)
⚠️  WebSocket closed: The Session has been Closed!
⚠️  Feed error: [Errno 110] Connection timed out
⚠️  WebSocket closed: The Session has been Closed!
⚠️  No ticks for 61s — reconnecting (attempt 2)...
Socket Connection has been closed, So! The scripts are already un-subscribed!
The Data has been Un-Subscribed
  subscribe() returned OK (will confirm ticks resume next cycle)
⚠️  WebSocket closed: The Session has been Closed!
⚠️  Feed error: [Errno 110] Connection timed out
⚠️  WebSocket closed: The Session has been Closed!
⚠️  No ticks for 61s — reconnecting (attempt 3)...
🔴 3 consecutive reconnect attempts produced zero new ticks — forcing full re-login + resubscribe...
Logged in successfully
✅ Re-logged in and resubscribed (will confirm ticks resume next cycle)
⚠️  WebSocket closed: The Session has been Closed!
⚠️  Feed error: [Errno 110] Connection timed out
⚠️  WebSocket closed: The Session has been Closed!
⚠️  No ticks for 61s — reconnecting (attempt 1)...
Socket Connection has been closed, So! The scripts are already un-subscribed!
The Data has been Un-Subscribed
  subscribe() returned OK (will confirm ticks resume next cycle)
⚠️  WebSocket closed: The Session has been Closed!
⚠️  Feed error: [Errno 110] Connection timed out
⚠️  WebSocket closed: The Session has been Closed!
⚠️  WebSocket closed: The Session has been Closed!
⚠️  Feed error: Handshake status 522 <none> -+-+- {'date': 'Tue, 06 Oct 2026 08:25:22 GMT', 'content-type': 'text/plain; charset=UTF-8', 'content-length': '16', 'connection': 'keep-alive', 'cache-control': 'private, max-age=0, no-store, no-cache, must-revalidate, post-check=0, pre-check=0', 'expires': 'Thu, 01 Jan 1970 00:00:01 GMT', 'referrer-policy': 'same-origin', 'server-timing': 'cfEdge;dur=19403,cfOrigin;dur=0', 'x-frame-options': 'SAMEORIGIN', 'server': 'cloudflare', 'cf-ray': 'a46345f2a98a2881-ORD'} -+-+- b'error code: 522\n'
⚠️  WebSocket closed: The Session has been Closed!
⚠️  No ticks for 61s — reconnecting (attempt 2)...
Socket Connection has been closed, So! The scripts are already un-subscribed!
The Data has been Un-Subscribed
  subscribe() returned OK (will confirm ticks resume next cycle)
⚠️  WebSocket closed: The Session has been Closed!
⚠️  Feed error: [Errno 110] Connection timed out
⚠️  WebSocket closed: The Session has been Closed!
⚠️  No ticks for 61s — reconnecting (attempt 3)...
🔴 3 consecutive reconnect attempts produced zero new ticks — forcing full re-login + resubscribe...
Logged in successfully
✅ Re-logged in and resubscribed (will confirm ticks resume next cycle)
⚠️  No ticks for 61s — reconnecting (attempt 1)...
Socket Connection has been closed, So! The scripts are already un-subscribed!
The Data has been Un-Subscribed
  subscribe() returned OK (will confirm ticks resume next cycle)
⚠️  WebSocket closed: The Session has been Closed!
⚠️  Feed error: [Errno 110] Connection timed out
⚠️  WebSocket closed: The Session has been Closed!
⚠️  No ticks for 61s — reconnecting (attempt 2)...
Socket Connection has been closed, So! The scripts are already un-subscribed!
The Data has been Un-Subscribed
  subscribe() returned OK (will confirm ticks resume next cycle)
⚠️  WebSocket closed: The Session has been Closed!
⚠️  Feed error: [Errno 110] Connection timed out
⚠️  No ticks for 61s — reconnecting (attempt 3)...
🔴 3 consecutive reconnect attempts produced zero new ticks — forcing full re-login + resubscribe...
Logged in successfully
✅ Re-logged in and resubscribed (will confirm ticks resume next cycle)
⚠️  WebSocket closed: The Session has been Closed!
⚠️  Feed error: [Errno 110] Connection timed out
⚠️  WebSocket closed: The Session has been Closed!
⚠️  WebSocket closed: The Session has been Closed!
⚠️  Feed error: Handshake status 522 <none> -+-+- {'date': 'Tue, 06 Oct 2026 08:30:37 GMT', 'content-type': 'text/plain; charset=UTF-8', 'content-length': '16', 'connection': 'keep-alive', 'cache-control': 'private, max-age=0, no-store, no-cache, must-revalidate, post-check=0, pre-check=0', 'expires': 'Thu, 01 Jan 1970 00:00:01 GMT', 'referrer-policy': 'same-origin', 'server-timing': 'cfEdge;dur=19714,cfOrigin;dur=0', 'x-frame-options': 'SAMEORIGIN', 'server': 'cloudflare', 'cf-ray': 'a4634d9fbba34e06-ORD'} -+-+- b'error code: 522\n'
⚠️  WebSocket closed: The Session has been Closed!
⚠️  No ticks for 61s — reconnecting (attempt 1)...
Socket Connection has been closed, So! The scripts are already un-subscribed!
The Data has been Un-Subscribed
  subscribe() returned OK (will confirm ticks resume next cycle)
⚠️  WebSocket closed: The Session has been Closed!
⚠️  Feed error: [Errno 110] Connection timed out
⚠️  WebSocket closed: The Session has been Closed!
⚠️  No ticks for 61s — reconnecting (attempt 2)...
Socket Connection has been closed, So! The scripts are already un-subscribed!
The Data has been Un-Subscribed
  subscribe() returned OK (will confirm ticks resume next cycle)
⚠️  WebSocket closed: The Session has been Closed!
⚠️  Feed error: Handshake status 522 <none> -+-+- {'date': 'Tue, 06 Oct 2026 08:32:43 GMT', 'content-type': 'text/plain; charset=UTF-8', 'content-length': '16', 'connection': 'keep-alive', 'cache-control': 'private, max-age=0, no-store, no-cache, must-revalidate, post-check=0, pre-check=0', 'expires': 'Thu, 01 Jan 1970 00:00:01 GMT', 'referrer-policy': 'same-origin', 'server-timing': 'cfEdge;dur=19416,cfOrigin;dur=0', 'x-frame-options': 'SAMEORIGIN', 'server': 'cloudflare', 'cf-ray': 'a46350b36d5de287-ORD'} -+-+- b'error code: 522\n'
⚠️  WebSocket closed: The Session has been Closed!
⚠️  No ticks for 61s — reconnecting (attempt 3)...
🔴 3 consecutive reconnect attempts produced zero new ticks — forcing full re-login + resubscribe...
Logged in successfully
✅ Re-logged in and resubscribed (will confirm ticks resume next cycle)
⚠️  WebSocket closed: The Session has been Closed!
⚠️  Feed error: [Errno 110] Connection timed out
⚠️  WebSocket closed: The Session has been Closed!
⚠️  No ticks for 61s — reconnecting (attempt 1)...
Socket Connection has been closed, So! The scripts are already un-subscribed!
The Data has been Un-Subscribed
  subscribe() returned OK (will confirm ticks resume next cycle)
⚠️  No ticks for 61s — reconnecting (attempt 2)...
Socket Connection has been closed, So! The scripts are already un-subscribed!
The Data has been Un-Subscribed
  subscribe() returned OK (will confirm ticks resume next cycle)
⚠️  WebSocket closed: The Session has been Closed!
⚠️  Feed error: [Errno 110] Connection timed out
⚠️  WebSocket closed: The Session has been Closed!
⚠️  No ticks for 61s — reconnecting (attempt 3)...
🔴 3 consecutive reconnect attempts produced zero new ticks — forcing full re-login + resubscribe...
Logged in successfully
✅ Re-logged in and resubscribed (will confirm ticks resume next cycle)
⚠️  WebSocket closed: The Session has been Closed!
⚠️  Feed error: [Errno 110] Connection timed out
⚠️  No ticks for 61s — reconnecting (attempt 1)...
Socket Connection has been closed, So! The scripts are already un-subscribed!
The Data has been Un-Subscribed
  subscribe() returned OK (will confirm ticks resume next cycle)
⚠️  WebSocket closed: The Session has been Closed!
⚠️  Feed error: [Errno 110] Connection timed out
⚠️  WebSocket closed: The Session has been Closed!
⚠️  No ticks for 61s — reconnecting (attempt 2)...
Socket Connection has been closed, So! The scripts are already un-subscribed!
The Data has been Un-Subscribed
  subscribe() returned OK (will confirm ticks resume next cycle)
⚠️  WebSocket closed: The Session has been Closed!
⚠️  Feed error: [Errno 110] Connection timed out
⚠️  WebSocket closed: The Session has been Closed!
⚠️  No ticks for 61s — reconnecting (attempt 3)...
🔴 3 consecutive reconnect attempts produced zero new ticks — forcing full re-login + resubscribe...
Logged in successfully
✅ Re-logged in and resubscribed (will confirm ticks resume next cycle)
⚠️  WebSocket closed: The Session has been Closed!
⚠️  Feed error: [Errno 110] Connection timed out
⚠️  WebSocket closed: The Session has been Closed!
⚠️  No ticks for 61s — reconnecting (attempt 1)...
Socket Connection has been closed, So! The scripts are already un-subscribed!
The Data has been Un-Subscribed
  subscribe() returned OK (will confirm ticks resume next cycle)
⚠️  WebSocket closed: The Session has been Closed!
⚠️  Feed error: [Errno 110] Connection timed out
⚠️  WebSocket closed: The Session has been Closed!
⚠️  No ticks for 61s — reconnecting (attempt 2)...
Socket Connection has been closed, So! The scripts are already un-subscribed!
The Data has been Un-Subscribed
  subscribe() returned OK (will confirm ticks resume next cycle)
⚠️  WebSocket closed: The Session has been Closed!
⚠️  Feed error: [Errno 110] Connection timed out
⚠️  WebSocket closed: The Session has been Closed!
⚠️  No ticks for 61s — reconnecting (attempt 3)...
🔴 3 consecutive reconnect attempts produced zero new ticks — forcing full re-login + resubscribe...
Logged in successfully
✅ Re-logged in and resubscribed (will confirm ticks resume next cycle)
⚠️  WebSocket closed: The Session has been Closed!
⚠️  Feed error: [Errno 110] Connection timed out
⚠️  WebSocket closed: The Session has been Closed!
⚠️  No ticks for 61s — reconnecting (attempt 1)...
Socket Connection has been closed, So! The scripts are already un-subscribed!
The Data has been Un-Subscribed
  subscribe() returned OK (will confirm ticks resume next cycle)
⚠️  WebSocket closed: The Session has been Closed!
⚠️  Feed error: [Errno 110] Connection timed out
⚠️  WebSocket closed: The Session has been Closed!
⚠️  No ticks for 61s — reconnecting (attempt 2)...
Socket Connection has been closed, So! The scripts are already un-subscribed!
The Data has been Un-Subscribed
  subscribe() returned OK (will confirm ticks resume next cycle)
⚠️  WebSocket closed: The Session has been Closed!
⚠️  Feed error: [Errno 110] Connection timed out
⚠️  WebSocket closed: The Session has been Closed!
⚠️  No ticks for 61s — reconnecting (attempt 3)...
🔴 3 consecutive reconnect attempts produced zero new ticks — forcing full re-login + resubscribe...
Logged in successfully
✅ Re-logged in and resubscribed (will confirm ticks resume next cycle)
⚠️  WebSocket closed: The Session has been Closed!
⚠️  Feed error: [Errno 110] Connection timed out
⚠️  WebSocket closed: The Session has been Closed!
⚠️  No ticks for 61s — reconnecting (attempt 1)...
Socket Connection has been closed, So! The scripts are already un-subscribed!
The Data has been Un-Subscribed
  subscribe() returned OK (will confirm ticks resume next cycle)
⚠️  WebSocket closed: The Session has been Closed!
⚠️  Feed error: [Errno 110] Connection timed out
⚠️  WebSocket closed: The Session has been Closed!
⚠️  No ticks for 61s — reconnecting (attempt 2)...
Socket Connection has been closed, So! The scripts are already un-subscribed!
The Data has been Un-Subscribed
  subscribe() returned OK (will confirm ticks resume next cycle)
⚠️  WebSocket closed: The Session has been Closed!
⚠️  Feed error: [Errno 110] Connection timed out
⚠️  WebSocket closed: The Session has been Closed!
⚠️  No ticks for 61s — reconnecting (attempt 3)...
🔴 3 consecutive reconnect attempts produced zero new ticks — forcing full re-login + resubscribe...
Logged in successfully
✅ Re-logged in and resubscribed (will confirm ticks resume next cycle)
⚠️  WebSocket closed: The Session has been Closed!
⚠️  Feed error: [Errno 110] Connection timed out
⚠️  WebSocket closed: The Session has been Closed!
⚠️  No ticks for 61s — reconnecting (attempt 1)...
Socket Connection has been closed, So! The scripts are already un-subscribed!
The Data has been Un-Subscribed
  subscribe() returned OK (will confirm ticks resume next cycle)
⚠️  WebSocket closed: The Session has been Closed!
⚠️  Feed error: [Errno 110] Connection timed out
⚠️  WebSocket closed: The Session has been Closed!
⚠️  No ticks for 61s — reconnecting (attempt 2)...
Socket Connection has been closed, So! The scripts are already un-subscribed!
The Data has been Un-Subscribed
  subscribe() returned OK (will confirm ticks resume next cycle)
⚠️  WebSocket closed: The Session has been Closed!
⚠️  Feed error: [Errno 110] Connection timed out
⚠️  WebSocket closed: The Session has been Closed!
⚠️  No ticks for 61s — reconnecting (attempt 3)...
🔴 3 consecutive reconnect attempts produced zero new ticks — forcing full re-login + resubscribe...
Logged in successfully
✅ Re-logged in and resubscribed (will confirm ticks resume next cycle)
⚠️  WebSocket closed: The Session has been Closed!
⚠️  Feed error: [Errno 110] Connection timed out
⚠️  WebSocket closed: The Session has been Closed!
⚠️  WebSocket closed: The Session has been Closed!
⚠️  Feed error: Handshake status 522 <none> -+-+- {'date': 'Tue, 06 Oct 2026 08:52:39 GMT', 'content-type': 'text/plain; charset=UTF-8', 'content-length': '16', 'connection': 'keep-alive', 'cache-control': 'private, max-age=0, no-store, no-cache, must-revalidate, post-check=0, pre-check=0', 'expires': 'Thu, 01 Jan 1970 00:00:01 GMT', 'referrer-policy': 'same-origin', 'server-timing': 'cfEdge;dur=19545,cfOrigin;dur=0', 'x-frame-options': 'SAMEORIGIN', 'server': 'cloudflare', 'cf-ray': 'a4636de93f4bf60b-ORD'} -+-+- b'error code: 522\n'
⚠️  WebSocket closed: The Session has been Closed!
⚠️  No ticks for 61s — reconnecting (attempt 1)...
Socket Connection has been closed, So! The scripts are already un-subscribed!
The Data has been Un-Subscribed
  subscribe() returned OK (will confirm ticks resume next cycle)
⚠️  WebSocket closed: The Session has been Closed!
⚠️  Feed error: [Errno 110] Connection timed out
⚠️  WebSocket closed: The Session has been Closed!
⚠️  No ticks for 61s — reconnecting (attempt 2)...
Socket Connection has been closed, So! The scripts are already un-subscribed!
The Data has been Un-Subscribed
  subscribe() returned OK (will confirm ticks resume next cycle)
⚠️  No ticks for 61s — reconnecting (attempt 3)...
🔴 3 consecutive reconnect attempts produced zero new ticks — forcing full re-login + resubscribe...
Logged in successfully
✅ Re-logged in and resubscribed (will confirm ticks resume next cycle)
⚠️  WebSocket closed: The Session has been Closed!
⚠️  Feed error: [Errno 110] Connection timed out
⚠️  WebSocket closed: The Session has been Closed!
⚠️  WebSocket closed: The Session has been Closed!
⚠️  Feed error: Handshake status 522 <none> -+-+- {'date': 'Tue, 06 Oct 2026 08:55:48 GMT', 'content-type': 'text/plain; charset=UTF-8', 'content-length': '16', 'connection': 'keep-alive', 'cache-control': 'private, max-age=0, no-store, no-cache, must-revalidate, post-check=0, pre-check=0', 'expires': 'Thu, 01 Jan 1970 00:00:01 GMT', 'referrer-policy': 'same-origin', 'server-timing': 'cfEdge;dur=19576,cfOrigin;dur=0', 'x-frame-options': 'SAMEORIGIN', 'server': 'cloudflare', 'cf-ray': 'a4637284cd981134-ORD'} -+-+- b'error code: 522\n'
⚠️  WebSocket closed: The Session has been Closed!
⚠️  No ticks for 61s — reconnecting (attempt 1)...
Socket Connection has been closed, So! The scripts are already un-subscribed!
The Data has been Un-Subscribed
  subscribe() returned OK (will confirm ticks resume next cycle)
⚠️  WebSocket closed: The Session has been Closed!
⚠️  Feed error: [Errno 110] Connection timed out
⚠️  No ticks for 61s — reconnecting (attempt 2)...
Socket Connection has been closed, So! The scripts are already un-subscribed!
The Data has been Un-Subscribed
  subscribe() returned OK (will confirm ticks resume next cycle)
⚠️  No ticks for 61s — reconnecting (attempt 3)...
🔴 3 consecutive reconnect attempts produced zero new ticks — forcing full re-login + resubscribe...
Logged in successfully
✅ Re-logged in and resubscribed (will confirm ticks resume next cycle)
⚠️  WebSocket closed: The Session has been Closed!
⚠️  Feed error: [Errno 110] Connection timed out
⚠️  WebSocket closed: The Session has been Closed!
⚠️  No ticks for 61s — reconnecting (attempt 1)...
Socket Connection has been closed, So! The scripts are already un-subscribed!
The Data has been Un-Subscribed
  subscribe() returned OK (will confirm ticks resume next cycle)
⚠️  WebSocket closed: The Session has been Closed!
⚠️  Feed error: [Errno 110] Connection timed out
⚠️  No ticks for 61s — reconnecting (attempt 2)...
Socket Connection has been closed, So! The scripts are already un-subscribed!
The Data has been Un-Subscribed
  subscribe() returned OK (will confirm ticks resume next cycle)
⚠️  WebSocket closed: The Session has been Closed!
⚠️  Feed error: [Errno 110] Connection timed out
⚠️  WebSocket closed: The Session has been Closed!
⚠️  WebSocket closed: The Session has been Closed!
⚠️  Feed error: Handshake status 522 <none> -+-+- {'date': 'Tue, 06 Oct 2026 09:01:02 GMT', 'content-type': 'text/plain; charset=UTF-8', 'content-length': '16', 'connection': 'keep-alive', 'cache-control': 'private, max-age=0, no-store, no-cache, must-revalidate, post-check=0, pre-check=0', 'expires': 'Thu, 01 Jan 1970 00:00:01 GMT', 'referrer-policy': 'same-origin', 'server-timing': 'cfEdge;dur=19267,cfOrigin;dur=0', 'x-frame-options': 'SAMEORIGIN', 'server': 'cloudflare', 'cf-ray': 'a4637a33986f0056-ORD'} -+-+- b'error code: 522\n'
⚠️  WebSocket closed: The Session has been Closed!
⚠️  No ticks for 61s — reconnecting (attempt 3)...
🔴 3 consecutive reconnect attempts produced zero new ticks — forcing full re-login + resubscribe...
Logged in successfully
✅ Re-logged in and resubscribed (will confirm ticks resume next cycle)
⚠️  WebSocket closed: The Session has been Closed!
⚠️  Feed error: [Errno 110] Connection timed out
⚠️  WebSocket closed: The Session has been Closed!
⚠️  No ticks for 61s — reconnecting (attempt 1)...
Socket Connection has been closed, So! The scripts are already un-subscribed!
The Data has been Un-Subscribed
  subscribe() returned OK (will confirm ticks resume next cycle)
⚠️  No ticks for 61s — reconnecting (attempt 2)...
Socket Connection has been closed, So! The scripts are already un-subscribed!
The Data has been Un-Subscribed
  subscribe() returned OK (will confirm ticks resume next cycle)
⚠️  WebSocket closed: The Session has been Closed!
⚠️  Feed error: [Errno 110] Connection timed out
⚠️  WebSocket closed: The Session has been Closed!
⚠️  No ticks for 61s — reconnecting (attempt 3)...
🔴 3 consecutive reconnect attempts produced zero new ticks — forcing full re-login + resubscribe...
Logged in successfully
✅ Re-logged in and resubscribed (will confirm ticks resume next cycle)
⚠️  WebSocket closed: The Session has been Closed!
⚠️  Feed error: [Errno 110] Connection timed out
⚠️  No ticks for 61s — reconnecting (attempt 1)...
Socket Connection has been closed, So! The scripts are already un-subscribed!
The Data has been Un-Subscribed
  subscribe() returned OK (will confirm ticks resume next cycle)
⚠️  WebSocket closed: The Session has been Closed!
⚠️  Feed error: [Errno 110] Connection timed out
⚠️  WebSocket closed: The Session has been Closed!
⚠️  WebSocket closed: The Session has been Closed!
⚠️  Feed error: Handshake status 522 <none> -+-+- {'date': 'Tue, 06 Oct 2026 09:06:17 GMT', 'content-type': 'text/plain; charset=UTF-8', 'content-length': '16', 'connection': 'keep-alive', 'cache-control': 'private, max-age=0, no-store, no-cache, must-revalidate, post-check=0, pre-check=0', 'expires': 'Thu, 01 Jan 1970 00:00:01 GMT', 'referrer-policy': 'same-origin', 'server-timing': 'cfEdge;dur=19517,cfOrigin;dur=0', 'x-frame-options': 'SAMEORIGIN', 'server': 'cloudflare', 'cf-ray': 'a46381e10e73bd06-ORD'} -+-+- b'error code: 522\n'
⚠️  WebSocket closed: The Session has been Closed!
⚠️  No ticks for 61s — reconnecting (attempt 2)...
Socket Connection has been closed, So! The scripts are already un-subscribed!
The Data has been Un-Subscribed
  subscribe() returned OK (will confirm ticks resume next cycle)
⚠️  WebSocket closed: The Session has been Closed!
⚠️  Feed error: [Errno 110] Connection timed out
⚠️  WebSocket closed: The Session has been Closed!
⚠️  WebSocket closed: The Session has been Closed!
⚠️  Feed error: Handshake status 522 <none> -+-+- {'date': 'Tue, 06 Oct 2026 09:07:20 GMT', 'content-type': 'text/plain; charset=UTF-8', 'content-length': '16', 'connection': 'keep-alive', 'cache-control': 'private, max-age=0, no-store, no-cache, must-revalidate, post-check=0, pre-check=0', 'expires': 'Thu, 01 Jan 1970 00:00:01 GMT', 'referrer-policy': 'same-origin', 'server-timing': 'cfEdge;dur=19431,cfOrigin;dur=0', 'x-frame-options': 'SAMEORIGIN', 'server': 'cloudflare', 'cf-ray': 'a463836abd847b1b-ORD'} -+-+- b'error code: 522\n'
⚠️  WebSocket closed: The Session has been Closed!
⚠️  No ticks for 61s — reconnecting (attempt 3)...
🔴 3 consecutive reconnect attempts produced zero new ticks — forcing full re-login + resubscribe...
Logged in successfully
✅ Re-logged in and resubscribed (will confirm ticks resume next cycle)
⚠️  No ticks for 61s — reconnecting (attempt 1)...
Socket Connection has been closed, So! The scripts are already un-subscribed!
The Data has been Un-Subscribed
  subscribe() returned OK (will confirm ticks resume next cycle)
⚠️  WebSocket closed: The Session has been Closed!
⚠️  Feed error: Handshake status 522 <none> -+-+- {'date': 'Tue, 06 Oct 2026 09:09:26 GMT', 'content-type': 'text/plain; charset=UTF-8', 'content-length': '16', 'connection': 'keep-alive', 'cache-control': 'private, max-age=0, no-store, no-cache, must-revalidate, post-check=0, pre-check=0', 'expires': 'Thu, 01 Jan 1970 00:00:01 GMT', 'referrer-policy': 'same-origin', 'server-timing': 'cfEdge;dur=19535,cfOrigin;dur=0', 'x-frame-options': 'SAMEORIGIN', 'server': 'cloudflare', 'cf-ray': 'a463867cafe226c8-ORD'} -+-+- b'error code: 522\n'
⚠️  WebSocket closed: The Session has been Closed!
⚠️  No ticks for 61s — reconnecting (attempt 2)...
Socket Connection has been closed, So! The scripts are already un-subscribed!
The Data has been Un-Subscribed
  subscribe() returned OK (will confirm ticks resume next cycle)
⚠️  WebSocket closed: The Session has been Closed!
⚠️  Feed error: [Errno 110] Connection timed out
⚠️  WebSocket closed: The Session has been Closed!
⚠️  Feed error: Handshake status 522 <none> -+-+- {'date': 'Tue, 06 Oct 2026 09:10:29 GMT', 'content-type': 'text/plain; charset=UTF-8', 'content-length': '16', 'connection': 'keep-alive', 'cache-control': 'private, max-age=0, no-store, no-cache, must-revalidate, post-check=0, pre-check=0', 'expires': 'Thu, 01 Jan 1970 00:00:01 GMT', 'referrer-policy': 'same-origin', 'server-timing': 'cfEdge;dur=19395,cfOrigin;dur=0', 'x-frame-options': 'SAMEORIGIN', 'server': 'cloudflare', 'cf-ray': 'a463880689b4a0b6-ORD'} -+-+- b'error code: 522\n'
⚠️  WebSocket closed: The Session has been Closed!
⚠️  No ticks for 61s — reconnecting (attempt 3)...
🔴 3 consecutive reconnect attempts produced zero new ticks — forcing full re-login + resubscribe...
Logged in successfully
✅ Re-logged in and resubscribed (will confirm ticks resume next cycle)
⚠️  No ticks for 61s — reconnecting (attempt 1)...
Socket Connection has been closed, So! The scripts are already un-subscribed!
The Data has been Un-Subscribed
  subscribe() returned OK (will confirm ticks resume next cycle)
⚠️  WebSocket closed: The Session has been Closed!
⚠️  Feed error: Handshake status 522 <none> -+-+- {'date': 'Tue, 06 Oct 2026 09:12:34 GMT', 'content-type': 'text/plain; charset=UTF-8', 'content-length': '16', 'connection': 'keep-alive', 'cache-control': 'private, max-age=0, no-store, no-cache, must-revalidate, post-check=0, pre-check=0', 'expires': 'Thu, 01 Jan 1970 00:00:01 GMT', 'referrer-policy': 'same-origin', 'server-timing': 'cfEdge;dur=19639,cfOrigin;dur=0', 'x-frame-options': 'SAMEORIGIN', 'server': 'cloudflare', 'cf-ray': 'a4638b17ed5edc06-ORD'} -+-+- b'error code: 522\n'
⚠️  WebSocket closed: The Session has been Closed!
⚠️  No ticks for 61s — reconnecting (attempt 2)...
Socket Connection has been closed, So! The scripts are already un-subscribed!
The Data has been Un-Subscribed
  subscribe() returned OK (will confirm ticks resume next cycle)
⚠️  WebSocket closed: The Session has been Closed!
⚠️  Feed error: [Errno 110] Connection timed out
⚠️  No ticks for 61s — reconnecting (attempt 3)...
🔴 3 consecutive reconnect attempts produced zero new ticks — forcing full re-login + resubscribe...
Logged in successfully
✅ Re-logged in and resubscribed (will confirm ticks resume next cycle)
⚠️  No ticks for 61s — reconnecting (attempt 1)...
Socket Connection has been closed, So! The scripts are already un-subscribed!
The Data has been Un-Subscribed
  subscribe() returned OK (will confirm ticks resume next cycle)
⚠️  WebSocket closed: The Session has been Closed!
⚠️  Feed error: [Errno 110] Connection timed out
⚠️  WebSocket closed: The Session has been Closed!
⚠️  No ticks for 61s — reconnecting (attempt 2)...
Socket Connection has been closed, So! The scripts are already un-subscribed!
The Data has been Un-Subscribed
  subscribe() returned OK (will confirm ticks resume next cycle)
⚠️  WebSocket closed: The Session has been Closed!
⚠️  Feed error: [Errno 110] Connection timed out
⚠️  No ticks for 61s — reconnecting (attempt 3)...
🔴 3 consecutive reconnect attempts produced zero new ticks — forcing full re-login + resubscribe...
Logged in successfully
✅ Re-logged in and resubscribed (will confirm ticks resume next cycle)
⚠️  WebSocket closed: The Session has been Closed!
⚠️  Feed error: [Errno 110] Connection timed out
⚠️  WebSocket closed: The Session has been Closed!
⚠️  No ticks for 61s — reconnecting (attempt 1)...
Socket Connection has been closed, So! The scripts are already un-subscribed!
The Data has been Un-Subscribed
  subscribe() returned OK (will confirm ticks resume next cycle)
⚠️  WebSocket closed: The Session has been Closed!
⚠️  Feed error: [Errno 110] Connection timed out
⚠️  WebSocket closed: The Session has been Closed!
⚠️  No ticks for 61s — reconnecting (attempt 2)...
Socket Connection has been closed, So! The scripts are already un-subscribed!
The Data has been Un-Subscribed
  subscribe() returned OK (will confirm ticks resume next cycle)
⚠️  WebSocket closed: The Session has been Closed!
⚠️  Feed error: [Errno 110] Connection timed out
⚠️  WebSocket closed: The Session has been Closed!
⚠️  No ticks for 61s — reconnecting (attempt 3)...
🔴 3 consecutive reconnect attempts produced zero new ticks — forcing full re-login + resubscribe...
Logged in successfully
✅ Re-logged in and resubscribed (will confirm ticks resume next cycle)
⚠️  WebSocket closed: The Session has been Closed!
⚠️  Feed error: [Errno 110] Connection timed out
⚠️  WebSocket closed: The Session has been Closed!
⚠️  No ticks for 61s — reconnecting (attempt 1)...
Socket Connection has been closed, So! The scripts are already un-subscribed!
The Data has been Un-Subscribed
  subscribe() returned OK (will confirm ticks resume next cycle)
⚠️  WebSocket closed: The Session has been Closed!
⚠️  Feed error: [Errno 110] Connection timed out
⚠️  WebSocket closed: The Session has been Closed!
⚠️  No ticks for 61s — reconnecting (attempt 2)...
Socket Connection has been closed, So! The scripts are already un-subscribed!
The Data has been Un-Subscribed
  subscribe() returned OK (will confirm ticks resume next cycle)
⚠️  WebSocket closed: The Session has been Closed!
⚠️  Feed error: [Errno 110] Connection timed out
⚠️  WebSocket closed: The Session has been Closed!
⚠️  No ticks for 61s — reconnecting (attempt 3)...
🔴 3 consecutive reconnect attempts produced zero new ticks — forcing full re-login + resubscribe...
Logged in successfully
✅ Re-logged in and resubscribed (will confirm ticks resume next cycle)
⚠️  WebSocket closed: The Session has been Closed!
⚠️  Feed error: [Errno 110] Connection timed out
⚠️  WebSocket closed: The Session has been Closed!
⚠️  No ticks for 61s — reconnecting (attempt 1)...
Socket Connection has been closed, So! The scripts are already un-subscribed!
The Data has been Un-Subscribed
  subscribe() returned OK (will confirm ticks resume next cycle)
⚠️  WebSocket closed: The Session has been Closed!
⚠️  Feed error: [Errno 110] Connection timed out
⚠️  WebSocket closed: The Session has been Closed!
⚠️  No ticks for 61s — reconnecting (attempt 2)...
Socket Connection has been closed, So! The scripts are already un-subscribed!
The Data has been Un-Subscribed
  subscribe() returned OK (will confirm ticks resume next cycle)
⚠️  WebSocket closed: The Session has been Closed!
⚠️  Feed error: [Errno 110] Connection timed out
⚠️  WebSocket closed: The Session has been Closed!
⚠️  WebSocket closed: The Session has been Closed!
⚠️  Feed error: Handshake status 522 <none> -+-+- {'date': 'Tue, 06 Oct 2026 09:26:12 GMT', 'content-type': 'text/plain; charset=UTF-8', 'content-length': '16', 'connection': 'keep-alive', 'cache-control': 'private, max-age=0, no-store, no-cache, must-revalidate, post-check=0, pre-check=0', 'expires': 'Thu, 01 Jan 1970 00:00:01 GMT', 'referrer-policy': 'same-origin', 'server-timing': 'cfEdge;dur=19325,cfOrigin;dur=0', 'x-frame-options': 'SAMEORIGIN', 'server': 'cloudflare', 'cf-ray': 'a4639f1198817a66-ORD'} -+-+- b'error code: 522\n'
⚠️  WebSocket closed: The Session has been Closed!
⚠️  No ticks for 61s — reconnecting (attempt 3)...
🔴 3 consecutive reconnect attempts produced zero new ticks — forcing full re-login + resubscribe...
Logged in successfully
✅ Re-logged in and resubscribed (will confirm ticks resume next cycle)
⚠️  WebSocket closed: The Session has been Closed!
⚠️  Feed error: [Errno 110] Connection timed out
⚠️  WebSocket closed: The Session has been Closed!
⚠️  No ticks for 61s — reconnecting (attempt 1)...
Socket Connection has been closed, So! The scripts are already un-subscribed!
The Data has been Un-Subscribed
  subscribe() returned OK (will confirm ticks resume next cycle)
⚠️  No ticks for 61s — reconnecting (attempt 2)...
Socket Connection has been closed, So! The scripts are already un-subscribed!
The Data has been Un-Subscribed
  subscribe() returned OK (will confirm ticks resume next cycle)
⚠️  WebSocket closed: The Session has been Closed!
⚠️  Feed error: [Errno 110] Connection timed out
⚠️  WebSocket closed: The Session has been Closed!
⚠️  No ticks for 61s — reconnecting (attempt 3)...
🔴 3 consecutive reconnect attempts produced zero new ticks — forcing full re-login + resubscribe...
Logged in successfully
✅ Re-logged in and resubscribed (will confirm ticks resume next cycle)
⚠️  WebSocket closed: The Session has been Closed!
⚠️  Feed error: [Errno 110] Connection timed out
⚠️  No ticks for 61s — reconnecting (attempt 1)...
Socket Connection has been closed, So! The scripts are already un-subscribed!
The Data has been Un-Subscribed
  subscribe() returned OK (will confirm ticks resume next cycle)
⚠️  WebSocket closed: The Session has been Closed!
⚠️  Feed error: [Errno 110] Connection timed out
⚠️  WebSocket closed: The Session has been Closed!
⚠️  No ticks for 61s — reconnecting (attempt 2)...
Socket Connection has been closed, So! The scripts are already un-subscribed!
The Data has been Un-Subscribed
  subscribe() returned OK (will confirm ticks resume next cycle)
⚠️  WebSocket closed: The Session has been Closed!
⚠️  Feed error: [Errno 110] Connection timed out
⚠️  WebSocket closed: The Session has been Closed!
⚠️  No ticks for 61s — reconnecting (attempt 3)...
🔴 3 consecutive reconnect attempts produced zero new ticks — forcing full re-login + resubscribe...
Logged in successfully
✅ Re-logged in and resubscribed (will confirm ticks resume next cycle)
⚠️  WebSocket closed: The Session has been Closed!
⚠️  Feed error: [Errno 110] Connection timed out
⚠️  WebSocket closed: The Session has been Closed!
⚠️  No ticks for 61s — reconnecting (attempt 1)...
Socket Connection has been closed, So! The scripts are already un-subscribed!
The Data has been Un-Subscribed
  subscribe() returned OK (will confirm ticks resume next cycle)
⚠️  WebSocket closed: The Session has been Closed!
⚠️  Feed error: [Errno 110] Connection timed out
⚠️  WebSocket closed: The Session has been Closed!
⚠️  No ticks for 61s — reconnecting (attempt 2)...
Socket Connection has been closed, So! The scripts are already un-subscribed!
The Data has been Un-Subscribed
  subscribe() returned OK (will confirm ticks resume next cycle)
⚠️  WebSocket closed: The Session has been Closed!
⚠️  Feed error: [Errno 110] Connection timed out
⚠️  WebSocket closed: The Session has been Closed!
⚠️  No ticks for 61s — reconnecting (attempt 3)...
🔴 3 consecutive reconnect attempts produced zero new ticks — forcing full re-login + resubscribe...
Logged in successfully
✅ Re-logged in and resubscribed (will confirm ticks resume next cycle)
⚠️  WebSocket closed: The Session has been Closed!
⚠️  Feed error: [Errno 110] Connection timed out
⚠️  WebSocket closed: The Session has been Closed!
⚠️  No ticks for 61s — reconnecting (attempt 1)...
Socket Connection has been closed, So! The scripts are already un-subscribed!
The Data has been Un-Subscribed
  subscribe() returned OK (will confirm ticks resume next cycle)
⚠️  WebSocket closed: The Session has been Closed!
⚠️  Feed error: [Errno 110] Connection timed out
⚠️  WebSocket closed: The Session has been Closed!
⚠️  No ticks for 61s — reconnecting (attempt 2)...
Socket Connection has been closed, So! The scripts are already un-subscribed!
The Data has been Un-Subscribed
  subscribe() returned OK (will confirm ticks resume next cycle)
⚠️  WebSocket closed: The Session has been Closed!
⚠️  Feed error: [Errno 110] Connection timed out
⚠️  WebSocket closed: The Session has been Closed!
⚠️  No ticks for 61s — reconnecting (attempt 3)...
🔴 3 consecutive reconnect attempts produced zero new ticks — forcing full re-login + resubscribe...
Logged in successfully
✅ Re-logged in and resubscribed (will confirm ticks resume next cycle)
⚠️  WebSocket closed: The Session has been Closed!
⚠️  Feed error: [Errno 110] Connection timed out
⚠️  WebSocket closed: The Session has been Closed!

⏰ 3:10 PM — running signal scan from today's aggregated ticks...
⚠️  No ticks collected today — cannot generate signals.
⚠️  No ticks for 61s — reconnecting (attempt 1)...
Socket Connection has been closed, So! The scripts are already un-subscribed!
The Data has been Un-Subscribed
  subscribe() returned OK (will confirm ticks resume next cycle)
⚠️  WebSocket closed: The Session has been Closed!
⚠️  Feed error: [Errno 110] Connection timed out
⚠️  WebSocket closed: The Session has been Closed!
⚠️  No ticks for 61s — reconnecting (attempt 2)...
Socket Connection has been closed, So! The scripts are already un-subscribed!
The Data has been Un-Subscribed
  subscribe() returned OK (will confirm ticks resume next cycle)
⚠️  WebSocket closed: The Session has been Closed!
⚠️  Feed error: [Errno 110] Connection timed out
⚠️  WebSocket closed: The Session has been Closed!
⚠️  No ticks for 61s — reconnecting (attempt 3)...
🔴 3 consecutive reconnect attempts produced zero new ticks — forcing full re-login + resubscribe...
Logged in successfully
✅ Re-logged in and resubscribed (will confirm ticks resume next cycle)
⚠️  WebSocket closed: The Session has been Closed!
⚠️  Feed error: [Errno 110] Connection timed out
⚠️  WebSocket closed: The Session has been Closed!
⚠️  No ticks for 61s — reconnecting (attempt 1)...
Socket Connection has been closed, So! The scripts are already un-subscribed!
The Data has been Un-Subscribed
  subscribe() returned OK (will confirm ticks resume next cycle)
⚠️  WebSocket closed: The Session has been Closed!
⚠️  Feed error: [Errno 110] Connection timed out
⚠️  WebSocket closed: The Session has been Closed!
⚠️  No ticks for 61s — reconnecting (attempt 2)...
Socket Connection has been closed, So! The scripts are already un-subscribed!
The Data has been Un-Subscribed
  subscribe() returned OK (will confirm ticks resume next cycle)
⚠️  WebSocket closed: The Session has been Closed!
⚠️  Feed error: [Errno 110] Connection timed out
⚠️  WebSocket closed: The Session has been Closed!
⚠️  No ticks for 61s — reconnecting (attempt 3)...
🔴 3 consecutive reconnect attempts produced zero new ticks — forcing full re-login + resubscribe...
Logged in successfully
✅ Re-logged in and resubscribed (will confirm ticks resume next cycle)
⚠️  WebSocket closed: The Session has been Closed!
⚠️  Feed error: [Errno 110] Connection timed out
⚠️  WebSocket closed: The Session has been Closed!
⚠️  No ticks for 61s — reconnecting (attempt 1)...
Socket Connection has been closed, So! The scripts are already un-subscribed!
The Data has been Un-Subscribed
  subscribe() returned OK (will confirm ticks resume next cycle)
⚠️  WebSocket closed: The Session has been Closed!
⚠️  Feed error: [Errno 110] Connection timed out
⚠️  WebSocket closed: The Session has been Closed!
⚠️  No ticks for 61s — reconnecting (attempt 2)...
Socket Connection has been closed, So! The scripts are already un-subscribed!
The Data has been Un-Subscribed
  subscribe() returned OK (will confirm ticks resume next cycle)
⚠️  WebSocket closed: The Session has been Closed!
⚠️  Feed error: [Errno 110] Connection timed out
⚠️  WebSocket closed: The Session has been Closed!
⚠️  No ticks for 61s — reconnecting (attempt 3)...
🔴 3 consecutive reconnect attempts produced zero new ticks — forcing full re-login + resubscribe...
Logged in successfully
✅ Re-logged in and resubscribed (will confirm ticks resume next cycle)
⚠️  WebSocket closed: The Session has been Closed!
⚠️  Feed error: [Errno 110] Connection timed out
⚠️  WebSocket closed: The Session has been Closed!
⚠️  No ticks for 61s — reconnecting (attempt 1)...
Socket Connection has been closed, So! The scripts are already un-subscribed!
The Data has been Un-Subscribed
  subscribe() returned OK (will confirm ticks resume next cycle)
⚠️  WebSocket closed: The Session has been Closed!
⚠️  Feed error: [Errno 110] Connection timed out
⚠️  WebSocket closed: The Session has been Closed!
⚠️  No ticks for 61s — reconnecting (attempt 2)...
Socket Connection has been closed, So! The scripts are already un-subscribed!
The Data has been Un-Subscribed
  subscribe() returned OK (will confirm ticks resume next cycle)
⚠️  WebSocket closed: The Session has been Closed!
⚠️  Feed error: [Errno 110] Connection timed out
⚠️  WebSocket closed: The Session has been Closed!
⚠️  No ticks for 61s — reconnecting (attempt 3)...
🔴 3 consecutive reconnect attempts produced zero new ticks — forcing full re-login + resubscribe...
Logged in successfully
✅ Re-logged in and resubscribed (will confirm ticks resume next cycle)
⚠️  WebSocket closed: The Session has been Closed!
⚠️  Feed error: [Errno 110] Connection timed out
⚠️  WebSocket closed: The Session has been Closed!
⚠️  WebSocket closed: The Session has been Closed!
⚠️  Feed error: Handshake status 522 <none> -+-+- {'date': 'Tue, 06 Oct 2026 09:52:27 GMT', 'content-type': 'text/plain; charset=UTF-8', 'content-length': '16', 'connection': 'keep-alive', 'cache-control': 'private, max-age=0, no-store, no-cache, must-revalidate, post-check=0, pre-check=0', 'expires': 'Thu, 01 Jan 1970 00:00:01 GMT', 'referrer-policy': 'same-origin', 'server-timing': 'cfEdge;dur=19419,cfOrigin;dur=0', 'x-frame-options': 'SAMEORIGIN', 'server': 'cloudflare', 'cf-ray': 'a463c5803ce51d26-ORD'} -+-+- b'error code: 522\n'
⚠️  WebSocket closed: The Session has been Closed!
⚠️  No ticks for 61s — reconnecting (attempt 1)...
Socket Connection has been closed, So! The scripts are already un-subscribed!
The Data has been Un-Subscribed
  subscribe() returned OK (will confirm ticks resume next cycle)
⚠️  WebSocket closed: The Session has been Closed!
⚠️  Feed error: [Errno 110] Connection timed out
⚠️  WebSocket closed: The Session has been Closed!
⚠️  WebSocket closed: The Session has been Closed!
⚠️  Feed error: Handshake status 522 <none> -+-+- {'date': 'Tue, 06 Oct 2026 09:53:30 GMT', 'content-type': 'text/plain; charset=UTF-8', 'content-length': '16', 'connection': 'keep-alive', 'cache-control': 'private, max-age=0, no-store, no-cache, must-revalidate, post-check=0, pre-check=0', 'expires': 'Thu, 01 Jan 1970 00:00:01 GMT', 'referrer-policy': 'same-origin', 'server-timing': 'cfEdge;dur=19552,cfOrigin;dur=0', 'x-frame-options': 'SAMEORIGIN', 'server': 'cloudflare', 'cf-ray': 'a463c70a0c181a46-ORD'} -+-+- b'error code: 522\n'
⚠️  WebSocket closed: The Session has been Closed!
⚠️  No ticks for 61s — reconnecting (attempt 2)...
Socket Connection has been closed, So! The scripts are already un-subscribed!
The Data has been Un-Subscribed
  subscribe() returned OK (will confirm ticks resume next cycle)
⚠️  No ticks for 61s — reconnecting (attempt 3)...
🔴 3 consecutive reconnect attempts produced zero new ticks — forcing full re-login + resubscribe...
Logged in successfully
✅ Re-logged in and resubscribed (will confirm ticks resume next cycle)
⚠️  No ticks for 61s — reconnecting (attempt 1)...
Socket Connection has been closed, So! The scripts are already un-subscribed!
The Data has been Un-Subscribed
  subscribe() returned OK (will confirm ticks resume next cycle)
⚠️  WebSocket closed: The Session has been Closed!
⚠️  Feed error: [Errno 110] Connection timed out
⚠️  WebSocket closed: The Session has been Closed!
⚠️  Feed error: Handshake status 522 <none> -+-+- {'date': 'Tue, 06 Oct 2026 09:56:38 GMT', 'content-type': 'text/plain; charset=UTF-8', 'content-length': '16', 'connection': 'keep-alive', 'cache-control': 'private, max-age=0, no-store, no-cache, must-revalidate, post-check=0, pre-check=0', 'expires': 'Thu, 01 Jan 1970 00:00:01 GMT', 'referrer-policy': 'same-origin', 'server-timing': 'cfEdge;dur=19408,cfOrigin;dur=0', 'x-frame-options': 'SAMEORIGIN', 'server': 'cloudflare', 'cf-ray': 'a463cba5c811fc26-ORD'} -+-+- b'error code: 522\n'
⚠️  WebSocket closed: The Session has been Closed!
⚠️  No ticks for 61s — reconnecting (attempt 2)...
Socket Connection has been closed, So! The scripts are already un-subscribed!
The Data has been Un-Subscribed
  subscribe() returned OK (will confirm ticks resume next cycle)
⚠️  WebSocket closed: The Session has been Closed!
⚠️  Feed error: [Errno 110] Connection timed out
⚠️  No ticks for 61s — reconnecting (attempt 3)...
🔴 3 consecutive reconnect attempts produced zero new ticks — forcing full re-login + resubscribe...
Logged in successfully
✅ Re-logged in and resubscribed (will confirm ticks resume next cycle)
⚠️  No ticks for 61s — reconnecting (attempt 1)...
Socket Connection has been closed, So! The scripts are already un-subscribed!
The Data has been Un-Subscribed
  subscribe() returned OK (will confirm ticks resume next cycle)
⚠️  WebSocket closed: The Session has been Closed!
⚠️  Feed error: [Errno 110] Connection timed out
⚠️  WebSocket closed: The Session has been Closed!

✅ Market closed. Run ending.
Open positions carried forward: ['APOLLOHOSP']
⚠️  WebSocket closed: The Session has been Closed!
⚠️  Feed error: [Errno 110] Connection timed out
⚠️  WebSocket closed: The Session has been Closed!
⚠️  Feed error: [Errno 110] Connection timed out
⚠️  WebSocket closed: The Session has been Closed!
[run_daily_and_push] WARNING: run_daily.py hit the 8h timeout and was killed — investigate for a hang.
