=======================================================
  RUN DAILY — unattended entry point (Render)
  2026-10-08 09:00:07
=======================================================
Open positions in Supabase: ['APOLLOHOSP']
Open position(s) found — running full-day monitor from now until market close...
Logged in successfully
Resolved APOLLOHOSP -> APOLLOHOSP-EQ (token 157)
Resolved HINDALCO -> HINDALCO-EQ (token 1363)
Resolved POWERGRID -> POWERGRID-EQ (token 14977)
Resolved EICHERMOT -> EICHERMOT-EQ (token 910)
Resolved NTPC -> NTPC-EQ (token 11630)
Live feed started
⚠️  WebSocket closed: The Session has been Closed!
⚠️  Feed error: [Errno 110] Connection timed out
⚠️  WebSocket closed: The Session has been Closed!
⚠️  No ticks for 878s — reconnecting (attempt 1)...
Socket Connection has been closed, So! The scripts are already un-subscribed!
The Data has been Un-Subscribed
  subscribe() returned OK (will confirm ticks resume next cycle)
⚠️  No ticks for 61s — reconnecting (attempt 2)...
Socket Connection has been closed, So! The scripts are already un-subscribed!
The Data has been Un-Subscribed
  subscribe() returned OK (will confirm ticks resume next cycle)
⚠️  No ticks for 61s — reconnecting (attempt 3)...
🔴 3 consecutive reconnect attempts produced zero new ticks — forcing full re-login + resubscribe...
Logged in successfully
✅ Re-logged in and resubscribed (will confirm ticks resume next cycle)
⚠️  WebSocket closed: The Session has been Closed!
⚠️  Feed error: [Errno 110] Connection timed out
⚠️  No ticks for 61s — reconnecting (attempt 1)...
Socket Connection has been closed, So! The scripts are already un-subscribed!
The Data has been Un-Subscribed
  subscribe() returned OK (will confirm ticks resume next cycle)
⚠️  WebSocket closed: The Session has been Closed!
⚠️  Feed error: [Errno 110] Connection timed out
⚠️  WebSocket closed: The Session has been Closed!
⚠️  Feed error: Handshake status 522 <none> -+-+- {'date': 'Thu, 08 Oct 2026 03:48:30 GMT', 'content-type': 'text/plain; charset=UTF-8', 'content-length': '16', 'connection': 'keep-alive', 'cache-control': 'private, max-age=0, no-store, no-cache, must-revalidate, post-check=0, pre-check=0', 'expires': 'Thu, 01 Jan 1970 00:00:01 GMT', 'referrer-policy': 'same-origin', 'server-timing': 'cfEdge;dur=19380,cfOrigin;dur=0', 'x-frame-options': 'SAMEORIGIN', 'server': 'cloudflare', 'cf-ray': 'a4722b2468f6f4e8-ORD'} -+-+- b'error code: 522\n'
⚠️  WebSocket closed: The Session has been Closed!
⚠️  No ticks for 61s — reconnecting (attempt 2)...
Socket Connection has been closed, So! The scripts are already un-subscribed!
The Data has been Un-Subscribed
  subscribe() returned OK (will confirm ticks resume next cycle)
⚠️  WebSocket closed: The Session has been Closed!
⚠️  Feed error: [Errno 110] Connection timed out
⚠️  WebSocket closed: The Session has been Closed!
⚠️  WebSocket closed: The Session has been Closed!
⚠️  Feed error: Handshake status 522 <none> -+-+- {'date': 'Thu, 08 Oct 2026 03:49:34 GMT', 'content-type': 'text/plain; charset=UTF-8', 'content-length': '16', 'connection': 'keep-alive', 'cache-control': 'private, max-age=0, no-store, no-cache, must-revalidate, post-check=0, pre-check=0', 'expires': 'Thu, 01 Jan 1970 00:00:01 GMT', 'referrer-policy': 'same-origin', 'server-timing': 'cfEdge;dur=19927,cfOrigin;dur=0', 'x-frame-options': 'SAMEORIGIN', 'server': 'cloudflare', 'cf-ray': 'a4722cae08772d03-ORD'} -+-+- b'error code: 522\n'
⚠️  WebSocket closed: The Session has been Closed!
⚠️  No ticks for 61s — reconnecting (attempt 3)...
🔴 3 consecutive reconnect attempts produced zero new ticks — forcing full re-login + resubscribe...
Logged in successfully
✅ Re-logged in and resubscribed (will confirm ticks resume next cycle)
⚠️  No ticks for 61s — reconnecting (attempt 1)...
Socket Connection has been closed, So! The scripts are already un-subscribed!
The Data has been Un-Subscribed
  subscribe() returned OK (will confirm ticks resume next cycle)
⚠️  No ticks for 61s — reconnecting (attempt 2)...
Socket Connection has been closed, So! The scripts are already un-subscribed!
The Data has been Un-Subscribed
  subscribe() returned OK (will confirm ticks resume next cycle)
⚠️  WebSocket closed: The Session has been Closed!
⚠️  Feed error: [Errno 110] Connection timed out
⚠️  No ticks for 61s — reconnecting (attempt 3)...
🔴 3 consecutive reconnect attempts produced zero new ticks — forcing full re-login + resubscribe...
Logged in successfully
✅ Re-logged in and resubscribed (will confirm ticks resume next cycle)
⚠️  WebSocket closed: The Session has been Closed!
⚠️  Feed error: [Errno 110] Connection timed out
⚠️  No ticks for 61s — reconnecting (attempt 1)...
Socket Connection has been closed, So! The scripts are already un-subscribed!
The Data has been Un-Subscribed
  subscribe() returned OK (will confirm ticks resume next cycle)
⚠️  WebSocket closed: The Session has been Closed!
⚠️  Feed error: [Errno 110] Connection timed out
⚠️  WebSocket closed: The Session has been Closed!
⚠️  No ticks for 61s — reconnecting (attempt 2)...
Socket Connection has been closed, So! The scripts are already un-subscribed!
The Data has been Un-Subscribed
  subscribe() returned OK (will confirm ticks resume next cycle)
⚠️  WebSocket closed: The Session has been Closed!
⚠️  Feed error: [Errno 110] Connection timed out
⚠️  WebSocket closed: The Session has been Closed!
⚠️  No ticks for 61s — reconnecting (attempt 3)...
🔴 3 consecutive reconnect attempts produced zero new ticks — forcing full re-login + resubscribe...
Logged in successfully
✅ Re-logged in and resubscribed (will confirm ticks resume next cycle)
⚠️  WebSocket closed: The Session has been Closed!
⚠️  Feed error: [Errno 110] Connection timed out
⚠️  WebSocket closed: The Session has been Closed!
⚠️  No ticks for 61s — reconnecting (attempt 1)...
Socket Connection has been closed, So! The scripts are already un-subscribed!
The Data has been Un-Subscribed
  subscribe() returned OK (will confirm ticks resume next cycle)
⚠️  WebSocket closed: The Session has been Closed!
⚠️  Feed error: [Errno 110] Connection timed out
⚠️  WebSocket closed: The Session has been Closed!
⚠️  No ticks for 61s — reconnecting (attempt 2)...
Socket Connection has been closed, So! The scripts are already un-subscribed!
The Data has been Un-Subscribed
  subscribe() returned OK (will confirm ticks resume next cycle)
⚠️  WebSocket closed: The Session has been Closed!
⚠️  Feed error: [Errno 110] Connection timed out
⚠️  WebSocket closed: The Session has been Closed!
⚠️  No ticks for 61s — reconnecting (attempt 3)...
🔴 3 consecutive reconnect attempts produced zero new ticks — forcing full re-login + resubscribe...
Logged in successfully
✅ Re-logged in and resubscribed (will confirm ticks resume next cycle)
⚠️  WebSocket closed: The Session has been Closed!
⚠️  Feed error: [Errno 110] Connection timed out
⚠️  WebSocket closed: The Session has been Closed!
⚠️  No ticks for 61s — reconnecting (attempt 1)...
Socket Connection has been closed, So! The scripts are already un-subscribed!
The Data has been Un-Subscribed
  subscribe() returned OK (will confirm ticks resume next cycle)
⚠️  WebSocket closed: The Session has been Closed!
⚠️  Feed error: [Errno 110] Connection timed out
⚠️  WebSocket closed: The Session has been Closed!
⚠️  No ticks for 61s — reconnecting (attempt 2)...
Socket Connection has been closed, So! The scripts are already un-subscribed!
The Data has been Un-Subscribed
  subscribe() returned OK (will confirm ticks resume next cycle)
⚠️  WebSocket closed: The Session has been Closed!
⚠️  Feed error: [Errno 110] Connection timed out
⚠️  WebSocket closed: The Session has been Closed!
⚠️  No ticks for 61s — reconnecting (attempt 3)...
🔴 3 consecutive reconnect attempts produced zero new ticks — forcing full re-login + resubscribe...
Logged in successfully
✅ Re-logged in and resubscribed (will confirm ticks resume next cycle)
⚠️  WebSocket closed: The Session has been Closed!
⚠️  Feed error: [Errno 110] Connection timed out
⚠️  WebSocket closed: The Session has been Closed!
⚠️  No ticks for 61s — reconnecting (attempt 1)...
Socket Connection has been closed, So! The scripts are already un-subscribed!
The Data has been Un-Subscribed
  subscribe() returned OK (will confirm ticks resume next cycle)
⚠️  WebSocket closed: The Session has been Closed!
⚠️  Feed error: [Errno 110] Connection timed out
⚠️  WebSocket closed: The Session has been Closed!
⚠️  No ticks for 61s — reconnecting (attempt 2)...
Socket Connection has been closed, So! The scripts are already un-subscribed!
The Data has been Un-Subscribed
  subscribe() returned OK (will confirm ticks resume next cycle)
⚠️  WebSocket closed: The Session has been Closed!
⚠️  Feed error: [Errno 110] Connection timed out
⚠️  WebSocket closed: The Session has been Closed!
⚠️  WebSocket closed: The Session has been Closed!
⚠️  Feed error: Handshake status 522 <none> -+-+- {'date': 'Thu, 08 Oct 2026 04:05:17 GMT', 'content-type': 'text/plain; charset=UTF-8', 'content-length': '16', 'connection': 'keep-alive', 'cache-control': 'private, max-age=0, no-store, no-cache, must-revalidate, post-check=0, pre-check=0', 'expires': 'Thu, 01 Jan 1970 00:00:01 GMT', 'referrer-policy': 'same-origin', 'server-timing': 'cfEdge;dur=19349,cfOrigin;dur=0', 'x-frame-options': 'SAMEORIGIN', 'server': 'cloudflare', 'cf-ray': 'a47243b83d6fe578-ORD'} -+-+- b'error code: 522\n'
⚠️  WebSocket closed: The Session has been Closed!
⚠️  No ticks for 61s — reconnecting (attempt 3)...
🔴 3 consecutive reconnect attempts produced zero new ticks — forcing full re-login + resubscribe...
Logged in successfully
✅ Re-logged in and resubscribed (will confirm ticks resume next cycle)
⚠️  WebSocket closed: The Session has been Closed!
⚠️  Feed error: [Errno 110] Connection timed out
⚠️  WebSocket closed: The Session has been Closed!
⚠️  No ticks for 61s — reconnecting (attempt 1)...
Socket Connection has been closed, So! The scripts are already un-subscribed!
The Data has been Un-Subscribed
  subscribe() returned OK (will confirm ticks resume next cycle)
⚠️  WebSocket closed: The Session has been Closed!
⚠️  Feed error: Handshake status 522 <none> -+-+- {'date': 'Thu, 08 Oct 2026 04:07:23 GMT', 'content-type': 'text/plain; charset=UTF-8', 'content-length': '16', 'connection': 'keep-alive', 'cache-control': 'private, max-age=0, no-store, no-cache, must-revalidate, post-check=0, pre-check=0', 'expires': 'Thu, 01 Jan 1970 00:00:01 GMT', 'referrer-policy': 'same-origin', 'server-timing': 'cfEdge;dur=19366,cfOrigin;dur=0', 'x-frame-options': 'SAMEORIGIN', 'server': 'cloudflare', 'cf-ray': 'a47246ca382a1855-ORD'} -+-+- b'error code: 522\n'
⚠️  WebSocket closed: The Session has been Closed!
⚠️  No ticks for 61s — reconnecting (attempt 2)...
Socket Connection has been closed, So! The scripts are already un-subscribed!
The Data has been Un-Subscribed
  subscribe() returned OK (will confirm ticks resume next cycle)
⚠️  WebSocket closed: The Session has been Closed!
⚠️  Feed error: [Errno 110] Connection timed out
⚠️  WebSocket closed: The Session has been Closed!
⚠️  No ticks for 61s — reconnecting (attempt 3)...
🔴 3 consecutive reconnect attempts produced zero new ticks — forcing full re-login + resubscribe...
Logged in successfully
✅ Re-logged in and resubscribed (will confirm ticks resume next cycle)
⚠️  No ticks for 61s — reconnecting (attempt 1)...
Socket Connection has been closed, So! The scripts are already un-subscribed!
The Data has been Un-Subscribed
  subscribe() returned OK (will confirm ticks resume next cycle)
⚠️  WebSocket closed: The Session has been Closed!
⚠️  Feed error: [Errno 110] Connection timed out
⚠️  WebSocket closed: The Session has been Closed!
⚠️  No ticks for 61s — reconnecting (attempt 2)...
Socket Connection has been closed, So! The scripts are already un-subscribed!
The Data has been Un-Subscribed
  subscribe() returned OK (will confirm ticks resume next cycle)
⚠️  WebSocket closed: The Session has been Closed!
⚠️  Feed error: [Errno 110] Connection timed out
⚠️  No ticks for 61s — reconnecting (attempt 3)...
🔴 3 consecutive reconnect attempts produced zero new ticks — forcing full re-login + resubscribe...
Logged in successfully
✅ Re-logged in and resubscribed (will confirm ticks resume next cycle)
⚠️  WebSocket closed: The Session has been Closed!
⚠️  Feed error: [Errno 110] Connection timed out
⚠️  WebSocket closed: The Session has been Closed!
⚠️  WebSocket closed: The Session has been Closed!
⚠️  Feed error: Handshake status 522 <none> -+-+- {'date': 'Thu, 08 Oct 2026 04:12:38 GMT', 'content-type': 'text/plain; charset=UTF-8', 'content-length': '16', 'connection': 'keep-alive', 'cache-control': 'private, max-age=0, no-store, no-cache, must-revalidate, post-check=0, pre-check=0', 'expires': 'Thu, 01 Jan 1970 00:00:01 GMT', 'referrer-policy': 'same-origin', 'server-timing': 'cfEdge;dur=19381,cfOrigin;dur=0', 'x-frame-options': 'SAMEORIGIN', 'server': 'cloudflare', 'cf-ray': 'a4724e78985d1157-ORD'} -+-+- b'error code: 522\n'
⚠️  WebSocket closed: The Session has been Closed!
⚠️  No ticks for 61s — reconnecting (attempt 1)...
Socket Connection has been closed, So! The scripts are already un-subscribed!
The Data has been Un-Subscribed
  subscribe() returned OK (will confirm ticks resume next cycle)
⚠️  WebSocket closed: The Session has been Closed!
⚠️  Feed error: [Errno 110] Connection timed out
⚠️  WebSocket closed: The Session has been Closed!
⚠️  No ticks for 61s — reconnecting (attempt 2)...
Socket Connection has been closed, So! The scripts are already un-subscribed!
The Data has been Un-Subscribed
  subscribe() returned OK (will confirm ticks resume next cycle)
⚠️  No ticks for 61s — reconnecting (attempt 3)...
🔴 3 consecutive reconnect attempts produced zero new ticks — forcing full re-login + resubscribe...
Logged in successfully
✅ Re-logged in and resubscribed (will confirm ticks resume next cycle)
⚠️  WebSocket closed: The Session has been Closed!
⚠️  Feed error: [Errno 110] Connection timed out
⚠️  WebSocket closed: The Session has been Closed!
⚠️  No ticks for 61s — reconnecting (attempt 1)...
Socket Connection has been closed, So! The scripts are already un-subscribed!
The Data has been Un-Subscribed
  subscribe() returned OK (will confirm ticks resume next cycle)
⚠️  WebSocket closed: The Session has been Closed!
⚠️  Feed error: [Errno 110] Connection timed out
⚠️  WebSocket closed: The Session has been Closed!
⚠️  Feed error: Handshake status 522 <none> -+-+- {'date': 'Thu, 08 Oct 2026 04:16:49 GMT', 'content-type': 'text/plain; charset=UTF-8', 'content-length': '16', 'connection': 'keep-alive', 'cache-control': 'private, max-age=0, no-store, no-cache, must-revalidate, post-check=0, pre-check=0', 'expires': 'Thu, 01 Jan 1970 00:00:01 GMT', 'referrer-policy': 'same-origin', 'server-timing': 'cfEdge;dur=19428,cfOrigin;dur=0', 'x-frame-options': 'SAMEORIGIN', 'server': 'cloudflare', 'cf-ray': 'a472549e4a59eadf-ORD'} -+-+- b'error code: 522\n'
⚠️  WebSocket closed: The Session has been Closed!
⚠️  No ticks for 61s — reconnecting (attempt 2)...
Socket Connection has been closed, So! The scripts are already un-subscribed!
The Data has been Un-Subscribed
  subscribe() returned OK (will confirm ticks resume next cycle)
⚠️  WebSocket closed: The Session has been Closed!
⚠️  Feed error: [Errno 110] Connection timed out
⚠️  WebSocket closed: The Session has been Closed!
⚠️  No ticks for 61s — reconnecting (attempt 3)...
🔴 3 consecutive reconnect attempts produced zero new ticks — forcing full re-login + resubscribe...
Logged in successfully
✅ Re-logged in and resubscribed (will confirm ticks resume next cycle)
⚠️  WebSocket closed: The Session has been Closed!
⚠️  Feed error: Handshake status 522 <none> -+-+- {'date': 'Thu, 08 Oct 2026 04:18:55 GMT', 'content-type': 'text/plain; charset=UTF-8', 'content-length': '16', 'connection': 'keep-alive', 'cache-control': 'private, max-age=0, no-store, no-cache, must-revalidate, post-check=0, pre-check=0', 'expires': 'Thu, 01 Jan 1970 00:00:01 GMT', 'referrer-policy': 'same-origin', 'server-timing': 'cfEdge;dur=19688,cfOrigin;dur=0', 'x-frame-options': 'SAMEORIGIN', 'server': 'cloudflare', 'cf-ray': 'a47257b02892a69c-ORD'} -+-+- b'error code: 522\n'
⚠️  WebSocket closed: The Session has been Closed!
⚠️  No ticks for 61s — reconnecting (attempt 1)...
Socket Connection has been closed, So! The scripts are already un-subscribed!
The Data has been Un-Subscribed
  subscribe() returned OK (will confirm ticks resume next cycle)
⚠️  WebSocket closed: The Session has been Closed!
⚠️  Feed error: [Errno 110] Connection timed out
⚠️  WebSocket closed: The Session has been Closed!
⚠️  WebSocket closed: The Session has been Closed!
⚠️  Feed error: Handshake status 522 <none> -+-+- {'date': 'Thu, 08 Oct 2026 04:19:58 GMT', 'content-type': 'text/plain; charset=UTF-8', 'content-length': '16', 'connection': 'keep-alive', 'cache-control': 'private, max-age=0, no-store, no-cache, must-revalidate, post-check=0, pre-check=0', 'expires': 'Thu, 01 Jan 1970 00:00:01 GMT', 'referrer-policy': 'same-origin', 'server-timing': 'cfEdge;dur=19624,cfOrigin;dur=0', 'x-frame-options': 'SAMEORIGIN', 'server': 'cloudflare', 'cf-ray': 'a472593a0caeeae2-ORD'} -+-+- b'error code: 522\n'
⚠️  WebSocket closed: The Session has been Closed!
⚠️  No ticks for 61s — reconnecting (attempt 2)...
Socket Connection has been closed, So! The scripts are already un-subscribed!
The Data has been Un-Subscribed
  subscribe() returned OK (will confirm ticks resume next cycle)
⚠️  No ticks for 61s — reconnecting (attempt 3)...
🔴 3 consecutive reconnect attempts produced zero new ticks — forcing full re-login + resubscribe...
Logged in successfully
✅ Re-logged in and resubscribed (will confirm ticks resume next cycle)
⚠️  No ticks for 61s — reconnecting (attempt 1)...
Socket Connection has been closed, So! The scripts are already un-subscribed!
The Data has been Un-Subscribed
  subscribe() returned OK (will confirm ticks resume next cycle)
⚠️  WebSocket closed: The Session has been Closed!
⚠️  Feed error: [Errno 110] Connection timed out
⚠️  No ticks for 61s — reconnecting (attempt 2)...
Socket Connection has been closed, So! The scripts are already un-subscribed!
The Data has been Un-Subscribed
  subscribe() returned OK (will confirm ticks resume next cycle)
⚠️  WebSocket closed: The Session has been Closed!
⚠️  Feed error: [Errno 110] Connection timed out
⚠️  No ticks for 61s — reconnecting (attempt 3)...
🔴 3 consecutive reconnect attempts produced zero new ticks — forcing full re-login + resubscribe...
Logged in successfully
✅ Re-logged in and resubscribed (will confirm ticks resume next cycle)
⚠️  WebSocket closed: The Session has been Closed!
⚠️  Feed error: [Errno 110] Connection timed out
⚠️  WebSocket closed: The Session has been Closed!
⚠️  No ticks for 61s — reconnecting (attempt 1)...
Socket Connection has been closed, So! The scripts are already un-subscribed!
The Data has been Un-Subscribed
  subscribe() returned OK (will confirm ticks resume next cycle)
⚠️  WebSocket closed: The Session has been Closed!
⚠️  Feed error: [Errno 110] Connection timed out
⚠️  WebSocket closed: The Session has been Closed!
⚠️  No ticks for 61s — reconnecting (attempt 2)...
Socket Connection has been closed, So! The scripts are already un-subscribed!
The Data has been Un-Subscribed
  subscribe() returned OK (will confirm ticks resume next cycle)
⚠️  WebSocket closed: The Session has been Closed!
⚠️  Feed error: [Errno 110] Connection timed out
⚠️  WebSocket closed: The Session has been Closed!
⚠️  No ticks for 61s — reconnecting (attempt 3)...
🔴 3 consecutive reconnect attempts produced zero new ticks — forcing full re-login + resubscribe...
Logged in successfully
✅ Re-logged in and resubscribed (will confirm ticks resume next cycle)
⚠️  WebSocket closed: The Session has been Closed!
⚠️  Feed error: [Errno 110] Connection timed out
⚠️  WebSocket closed: The Session has been Closed!
⚠️  No ticks for 61s — reconnecting (attempt 1)...
Socket Connection has been closed, So! The scripts are already un-subscribed!
The Data has been Un-Subscribed
  subscribe() returned OK (will confirm ticks resume next cycle)
⚠️  WebSocket closed: The Session has been Closed!
⚠️  Feed error: [Errno 110] Connection timed out
⚠️  WebSocket closed: The Session has been Closed!
⚠️  WebSocket closed: The Session has been Closed!
⚠️  Feed error: Handshake status 522 <none> -+-+- {'date': 'Thu, 08 Oct 2026 04:29:25 GMT', 'content-type': 'text/plain; charset=UTF-8', 'content-length': '16', 'connection': 'keep-alive', 'cache-control': 'private, max-age=0, no-store, no-cache, must-revalidate, post-check=0, pre-check=0', 'expires': 'Thu, 01 Jan 1970 00:00:01 GMT', 'referrer-policy': 'same-origin', 'server-timing': 'cfEdge;dur=19342,cfOrigin;dur=0', 'x-frame-options': 'SAMEORIGIN', 'server': 'cloudflare', 'cf-ray': 'a472670e6b01e7fc-ORD'} -+-+- b'error code: 522\n'
⚠️  WebSocket closed: The Session has been Closed!
⚠️  No ticks for 61s — reconnecting (attempt 2)...
Socket Connection has been closed, So! The scripts are already un-subscribed!
The Data has been Un-Subscribed
  subscribe() returned OK (will confirm ticks resume next cycle)
⚠️  WebSocket closed: The Session has been Closed!
⚠️  Feed error: [Errno 110] Connection timed out
⚠️  WebSocket closed: The Session has been Closed!
⚠️  No ticks for 61s — reconnecting (attempt 3)...
🔴 3 consecutive reconnect attempts produced zero new ticks — forcing full re-login + resubscribe...
Logged in successfully
✅ Re-logged in and resubscribed (will confirm ticks resume next cycle)
⚠️  No ticks for 61s — reconnecting (attempt 1)...
Socket Connection has been closed, So! The scripts are already un-subscribed!
The Data has been Un-Subscribed
  subscribe() returned OK (will confirm ticks resume next cycle)
⚠️  WebSocket closed: The Session has been Closed!
⚠️  Feed error: [Errno 110] Connection timed out
⚠️  WebSocket closed: The Session has been Closed!
⚠️  No ticks for 61s — reconnecting (attempt 2)...
Socket Connection has been closed, So! The scripts are already un-subscribed!
The Data has been Un-Subscribed
  subscribe() returned OK (will confirm ticks resume next cycle)
⚠️  WebSocket closed: The Session has been Closed!
⚠️  Feed error: [Errno 110] Connection timed out
⚠️  No ticks for 61s — reconnecting (attempt 3)...
🔴 3 consecutive reconnect attempts produced zero new ticks — forcing full re-login + resubscribe...
Logged in successfully
✅ Re-logged in and resubscribed (will confirm ticks resume next cycle)
⚠️  WebSocket closed: The Session has been Closed!
⚠️  Feed error: [Errno 110] Connection timed out
⚠️  WebSocket closed: The Session has been Closed!
⚠️  No ticks for 61s — reconnecting (attempt 1)...
Socket Connection has been closed, So! The scripts are already un-subscribed!
The Data has been Un-Subscribed
  subscribe() returned OK (will confirm ticks resume next cycle)
⚠️  WebSocket closed: The Session has been Closed!
⚠️  Feed error: [Errno 110] Connection timed out
⚠️  WebSocket closed: The Session has been Closed!
⚠️  No ticks for 61s — reconnecting (attempt 2)...
Socket Connection has been closed, So! The scripts are already un-subscribed!
The Data has been Un-Subscribed
  subscribe() returned OK (will confirm ticks resume next cycle)
⚠️  WebSocket closed: The Session has been Closed!
⚠️  Feed error: [Errno 110] Connection timed out
⚠️  WebSocket closed: The Session has been Closed!
⚠️  No ticks for 61s — reconnecting (attempt 3)...
🔴 3 consecutive reconnect attempts produced zero new ticks — forcing full re-login + resubscribe...
Logged in successfully
✅ Re-logged in and resubscribed (will confirm ticks resume next cycle)
⚠️  WebSocket closed: The Session has been Closed!
⚠️  Feed error: [Errno 110] Connection timed out
⚠️  WebSocket closed: The Session has been Closed!
⚠️  No ticks for 61s — reconnecting (attempt 1)...
Socket Connection has been closed, So! The scripts are already un-subscribed!
The Data has been Un-Subscribed
  subscribe() returned OK (will confirm ticks resume next cycle)
⚠️  WebSocket closed: The Session has been Closed!
⚠️  Feed error: [Errno 110] Connection timed out
⚠️  WebSocket closed: The Session has been Closed!
⚠️  No ticks for 61s — reconnecting (attempt 2)...
Socket Connection has been closed, So! The scripts are already un-subscribed!
The Data has been Un-Subscribed
  subscribe() returned OK (will confirm ticks resume next cycle)
⚠️  WebSocket closed: The Session has been Closed!
⚠️  Feed error: [Errno 110] Connection timed out
⚠️  WebSocket closed: The Session has been Closed!
⚠️  No ticks for 61s — reconnecting (attempt 3)...
🔴 3 consecutive reconnect attempts produced zero new ticks — forcing full re-login + resubscribe...
Logged in successfully
✅ Re-logged in and resubscribed (will confirm ticks resume next cycle)
⚠️  WebSocket closed: The Session has been Closed!
⚠️  Feed error: [Errno 110] Connection timed out
⚠️  WebSocket closed: The Session has been Closed!
⚠️  No ticks for 61s — reconnecting (attempt 1)...
Socket Connection has been closed, So! The scripts are already un-subscribed!
The Data has been Un-Subscribed
  subscribe() returned OK (will confirm ticks resume next cycle)
⚠️  WebSocket closed: The Session has been Closed!
⚠️  Feed error: [Errno 110] Connection timed out
⚠️  WebSocket closed: The Session has been Closed!
⚠️  WebSocket closed: The Session has been Closed!
⚠️  Feed error: Handshake status 522 <none> -+-+- {'date': 'Thu, 08 Oct 2026 04:42:00 GMT', 'content-type': 'text/plain; charset=UTF-8', 'content-length': '16', 'connection': 'keep-alive', 'cache-control': 'private, max-age=0, no-store, no-cache, must-revalidate, post-check=0, pre-check=0', 'expires': 'Thu, 01 Jan 1970 00:00:01 GMT', 'referrer-policy': 'same-origin', 'server-timing': 'cfEdge;dur=19484,cfOrigin;dur=0', 'x-frame-options': 'SAMEORIGIN', 'server': 'cloudflare', 'cf-ray': 'a472797d4f039592-ORD'} -+-+- b'error code: 522\n'
⚠️  WebSocket closed: The Session has been Closed!
⚠️  No ticks for 61s — reconnecting (attempt 2)...
Socket Connection has been closed, So! The scripts are already un-subscribed!
The Data has been Un-Subscribed
  subscribe() returned OK (will confirm ticks resume next cycle)
⚠️  WebSocket closed: The Session has been Closed!
⚠️  Feed error: [Errno 110] Connection timed out
⚠️  WebSocket closed: The Session has been Closed!
⚠️  No ticks for 61s — reconnecting (attempt 3)...
🔴 3 consecutive reconnect attempts produced zero new ticks — forcing full re-login + resubscribe...
Logged in successfully
✅ Re-logged in and resubscribed (will confirm ticks resume next cycle)
⚠️  No ticks for 61s — reconnecting (attempt 1)...
Socket Connection has been closed, So! The scripts are already un-subscribed!
The Data has been Un-Subscribed
  subscribe() returned OK (will confirm ticks resume next cycle)
⚠️  WebSocket closed: The Session has been Closed!
⚠️  Feed error: [Errno 110] Connection timed out
⚠️  WebSocket closed: The Session has been Closed!
⚠️  No ticks for 61s — reconnecting (attempt 2)...
Socket Connection has been closed, So! The scripts are already un-subscribed!
The Data has been Un-Subscribed
  subscribe() returned OK (will confirm ticks resume next cycle)
⚠️  WebSocket closed: The Session has been Closed!
⚠️  Feed error: [Errno 110] Connection timed out
⚠️  No ticks for 61s — reconnecting (attempt 3)...
🔴 3 consecutive reconnect attempts produced zero new ticks — forcing full re-login + resubscribe...
Logged in successfully
✅ Re-logged in and resubscribed (will confirm ticks resume next cycle)
⚠️  WebSocket closed: The Session has been Closed!
⚠️  Feed error: [Errno 110] Connection timed out
⚠️  WebSocket closed: The Session has been Closed!
⚠️  No ticks for 61s — reconnecting (attempt 1)...
Socket Connection has been closed, So! The scripts are already un-subscribed!
The Data has been Un-Subscribed
  subscribe() returned OK (will confirm ticks resume next cycle)
⚠️  WebSocket closed: The Session has been Closed!
⚠️  Feed error: [Errno 110] Connection timed out
⚠️  WebSocket closed: The Session has been Closed!
⚠️  No ticks for 61s — reconnecting (attempt 2)...
Socket Connection has been closed, So! The scripts are already un-subscribed!
The Data has been Un-Subscribed
  subscribe() returned OK (will confirm ticks resume next cycle)
⚠️  WebSocket closed: The Session has been Closed!
⚠️  Feed error: [Errno 110] Connection timed out
⚠️  WebSocket closed: The Session has been Closed!
⚠️  No ticks for 61s — reconnecting (attempt 3)...
🔴 3 consecutive reconnect attempts produced zero new ticks — forcing full re-login + resubscribe...
Logged in successfully
✅ Re-logged in and resubscribed (will confirm ticks resume next cycle)
⚠️  WebSocket closed: The Session has been Closed!
⚠️  Feed error: [Errno 110] Connection timed out
⚠️  WebSocket closed: The Session has been Closed!
⚠️  No ticks for 61s — reconnecting (attempt 1)...
Socket Connection has been closed, So! The scripts are already un-subscribed!
The Data has been Un-Subscribed
  subscribe() returned OK (will confirm ticks resume next cycle)
⚠️  WebSocket closed: The Session has been Closed!
⚠️  Feed error: [Errno 110] Connection timed out
⚠️  WebSocket closed: The Session has been Closed!
⚠️  No ticks for 61s — reconnecting (attempt 2)...
Socket Connection has been closed, So! The scripts are already un-subscribed!
The Data has been Un-Subscribed
  subscribe() returned OK (will confirm ticks resume next cycle)
⚠️  WebSocket closed: The Session has been Closed!
⚠️  Feed error: [Errno 110] Connection timed out
⚠️  WebSocket closed: The Session has been Closed!
⚠️  No ticks for 61s — reconnecting (attempt 3)...
🔴 3 consecutive reconnect attempts produced zero new ticks — forcing full re-login + resubscribe...
Logged in successfully
✅ Re-logged in and resubscribed (will confirm ticks resume next cycle)
⚠️  WebSocket closed: The Session has been Closed!
⚠️  Feed error: [Errno 110] Connection timed out
⚠️  WebSocket closed: The Session has been Closed!
⚠️  No ticks for 61s — reconnecting (attempt 1)...
Socket Connection has been closed, So! The scripts are already un-subscribed!
The Data has been Un-Subscribed
  subscribe() returned OK (will confirm ticks resume next cycle)
⚠️  WebSocket closed: The Session has been Closed!
⚠️  Feed error: [Errno 110] Connection timed out
⚠️  WebSocket closed: The Session has been Closed!
⚠️  No ticks for 61s — reconnecting (attempt 2)...
Socket Connection has been closed, So! The scripts are already un-subscribed!
The Data has been Un-Subscribed
  subscribe() returned OK (will confirm ticks resume next cycle)
⚠️  WebSocket closed: The Session has been Closed!
⚠️  Feed error: [Errno 110] Connection timed out
⚠️  WebSocket closed: The Session has been Closed!
⚠️  No ticks for 61s — reconnecting (attempt 3)...
🔴 3 consecutive reconnect attempts produced zero new ticks — forcing full re-login + resubscribe...
Logged in successfully
✅ Re-logged in and resubscribed (will confirm ticks resume next cycle)
⚠️  WebSocket closed: The Session has been Closed!
⚠️  Feed error: [Errno 110] Connection timed out
⚠️  WebSocket closed: The Session has been Closed!
⚠️  No ticks for 61s — reconnecting (attempt 1)...
Socket Connection has been closed, So! The scripts are already un-subscribed!
The Data has been Un-Subscribed
  subscribe() returned OK (will confirm ticks resume next cycle)
⚠️  WebSocket closed: The Session has been Closed!
⚠️  Feed error: [Errno 110] Connection timed out
⚠️  WebSocket closed: The Session has been Closed!
⚠️  No ticks for 61s — reconnecting (attempt 2)...
Socket Connection has been closed, So! The scripts are already un-subscribed!
The Data has been Un-Subscribed
  subscribe() returned OK (will confirm ticks resume next cycle)
⚠️  WebSocket closed: The Session has been Closed!
⚠️  Feed error: [Errno 110] Connection timed out
⚠️  WebSocket closed: The Session has been Closed!
⚠️  WebSocket closed: The Session has been Closed!
⚠️  Feed error: Handshake status 522 <none> -+-+- {'date': 'Thu, 08 Oct 2026 04:58:47 GMT', 'content-type': 'text/plain; charset=UTF-8', 'content-length': '16', 'connection': 'keep-alive', 'cache-control': 'private, max-age=0, no-store, no-cache, must-revalidate, post-check=0, pre-check=0', 'expires': 'Thu, 01 Jan 1970 00:00:01 GMT', 'referrer-policy': 'same-origin', 'server-timing': 'cfEdge;dur=19783,cfOrigin;dur=0', 'x-frame-options': 'SAMEORIGIN', 'server': 'cloudflare', 'cf-ray': 'a47292103a93e277-ORD'} -+-+- b'error code: 522\n'
⚠️  WebSocket closed: The Session has been Closed!
⚠️  No ticks for 61s — reconnecting (attempt 3)...
🔴 3 consecutive reconnect attempts produced zero new ticks — forcing full re-login + resubscribe...
Logged in successfully
✅ Re-logged in and resubscribed (will confirm ticks resume next cycle)
⚠️  WebSocket closed: The Session has been Closed!
⚠️  Feed error: [Errno 110] Connection timed out
⚠️  WebSocket closed: The Session has been Closed!
⚠️  WebSocket closed: The Session has been Closed!
⚠️  Feed error: Handshake status 522 <none> -+-+- {'date': 'Thu, 08 Oct 2026 04:59:49 GMT', 'content-type': 'text/plain; charset=UTF-8', 'content-length': '16', 'connection': 'keep-alive', 'cache-control': 'private, max-age=0, no-store, no-cache, must-revalidate, post-check=0, pre-check=0', 'expires': 'Thu, 01 Jan 1970 00:00:01 GMT', 'referrer-policy': 'same-origin', 'server-timing': 'cfEdge;dur=19582,cfOrigin;dur=0', 'x-frame-options': 'SAMEORIGIN', 'server': 'cloudflare', 'cf-ray': 'a4729397fad1874f-ORD'} -+-+- b'error code: 522\n'
⚠️  WebSocket closed: The Session has been Closed!
⚠️  No ticks for 61s — reconnecting (attempt 1)...
Socket Connection has been closed, So! The scripts are already un-subscribed!
The Data has been Un-Subscribed
  subscribe() returned OK (will confirm ticks resume next cycle)
⚠️  No ticks for 61s — reconnecting (attempt 2)...
Socket Connection has been closed, So! The scripts are already un-subscribed!
The Data has been Un-Subscribed
  subscribe() returned OK (will confirm ticks resume next cycle)
⚠️  No ticks for 61s — reconnecting (attempt 3)...
🔴 3 consecutive reconnect attempts produced zero new ticks — forcing full re-login + resubscribe...
Logged in successfully
✅ Re-logged in and resubscribed (will confirm ticks resume next cycle)
⚠️  WebSocket closed: The Session has been Closed!
⚠️  Feed error: [Errno 110] Connection timed out
⚠️  No ticks for 61s — reconnecting (attempt 1)...
Socket Connection has been closed, So! The scripts are already un-subscribed!
The Data has been Un-Subscribed
  subscribe() returned OK (will confirm ticks resume next cycle)
⚠️  WebSocket closed: The Session has been Closed!
⚠️  Feed error: [Errno 110] Connection timed out
⚠️  No ticks for 61s — reconnecting (attempt 2)...
Socket Connection has been closed, So! The scripts are already un-subscribed!
The Data has been Un-Subscribed
  subscribe() returned OK (will confirm ticks resume next cycle)
⚠️  WebSocket closed: The Session has been Closed!
⚠️  Feed error: [Errno 110] Connection timed out
⚠️  WebSocket closed: The Session has been Closed!
⚠️  No ticks for 61s — reconnecting (attempt 3)...
🔴 3 consecutive reconnect attempts produced zero new ticks — forcing full re-login + resubscribe...
Logged in successfully
✅ Re-logged in and resubscribed (will confirm ticks resume next cycle)
⚠️  WebSocket closed: The Session has been Closed!
⚠️  Feed error: [Errno 110] Connection timed out
⚠️  WebSocket closed: The Session has been Closed!
⚠️  No ticks for 61s — reconnecting (attempt 1)...
Socket Connection has been closed, So! The scripts are already un-subscribed!
The Data has been Un-Subscribed
  subscribe() returned OK (will confirm ticks resume next cycle)
⚠️  WebSocket closed: The Session has been Closed!
⚠️  Feed error: [Errno 110] Connection timed out
⚠️  WebSocket closed: The Session has been Closed!
⚠️  No ticks for 61s — reconnecting (attempt 2)...
Socket Connection has been closed, So! The scripts are already un-subscribed!
The Data has been Un-Subscribed
  subscribe() returned OK (will confirm ticks resume next cycle)
⚠️  WebSocket closed: The Session has been Closed!
⚠️  Feed error: [Errno 110] Connection timed out
⚠️  WebSocket closed: The Session has been Closed!
⚠️  No ticks for 61s — reconnecting (attempt 3)...
🔴 3 consecutive reconnect attempts produced zero new ticks — forcing full re-login + resubscribe...
Logged in successfully
✅ Re-logged in and resubscribed (will confirm ticks resume next cycle)
⚠️  WebSocket closed: The Session has been Closed!
⚠️  Feed error: [Errno 110] Connection timed out
⚠️  WebSocket closed: The Session has been Closed!
⚠️  No ticks for 61s — reconnecting (attempt 1)...
Socket Connection has been closed, So! The scripts are already un-subscribed!
The Data has been Un-Subscribed
  subscribe() returned OK (will confirm ticks resume next cycle)
⚠️  WebSocket closed: The Session has been Closed!
⚠️  Feed error: [Errno 110] Connection timed out
⚠️  WebSocket closed: The Session has been Closed!
⚠️  No ticks for 61s — reconnecting (attempt 2)...
Socket Connection has been closed, So! The scripts are already un-subscribed!
The Data has been Un-Subscribed
  subscribe() returned OK (will confirm ticks resume next cycle)
⚠️  WebSocket closed: The Session has been Closed!
⚠️  Feed error: [Errno 110] Connection timed out
⚠️  WebSocket closed: The Session has been Closed!
⚠️  No ticks for 61s — reconnecting (attempt 3)...
🔴 3 consecutive reconnect attempts produced zero new ticks — forcing full re-login + resubscribe...
Logged in successfully
✅ Re-logged in and resubscribed (will confirm ticks resume next cycle)
⚠️  WebSocket closed: The Session has been Closed!
⚠️  Feed error: [Errno 110] Connection timed out
⚠️  WebSocket closed: The Session has been Closed!
⚠️  WebSocket closed: The Session has been Closed!
⚠️  Feed error: Handshake status 522 <none> -+-+- {'date': 'Thu, 08 Oct 2026 05:12:24 GMT', 'content-type': 'text/plain; charset=UTF-8', 'content-length': '16', 'connection': 'keep-alive', 'cache-control': 'private, max-age=0, no-store, no-cache, must-revalidate, post-check=0, pre-check=0', 'expires': 'Thu, 01 Jan 1970 00:00:01 GMT', 'referrer-policy': 'same-origin', 'server-timing': 'cfEdge;dur=19737,cfOrigin;dur=0', 'x-frame-options': 'SAMEORIGIN', 'server': 'cloudflare', 'cf-ray': 'a472a607a943d539-ORD'} -+-+- b'error code: 522\n'
⚠️  WebSocket closed: The Session has been Closed!
⚠️  No ticks for 61s — reconnecting (attempt 1)...
Socket Connection has been closed, So! The scripts are already un-subscribed!
The Data has been Un-Subscribed
  subscribe() returned OK (will confirm ticks resume next cycle)
⚠️  WebSocket closed: The Session has been Closed!
⚠️  Feed error: [Errno 110] Connection timed out
⚠️  WebSocket closed: The Session has been Closed!
⚠️  No ticks for 61s — reconnecting (attempt 2)...
Socket Connection has been closed, So! The scripts are already un-subscribed!
The Data has been Un-Subscribed
  subscribe() returned OK (will confirm ticks resume next cycle)
⚠️  No ticks for 61s — reconnecting (attempt 3)...
🔴 3 consecutive reconnect attempts produced zero new ticks — forcing full re-login + resubscribe...
Logged in successfully
✅ Re-logged in and resubscribed (will confirm ticks resume next cycle)
⚠️  WebSocket closed: The Session has been Closed!
⚠️  Feed error: [Errno 110] Connection timed out
⚠️  WebSocket closed: The Session has been Closed!
⚠️  No ticks for 61s — reconnecting (attempt 1)...
Socket Connection has been closed, So! The scripts are already un-subscribed!
The Data has been Un-Subscribed
  subscribe() returned OK (will confirm ticks resume next cycle)
⚠️  WebSocket closed: The Session has been Closed!
⚠️  Feed error: [Errno 110] Connection timed out
⚠️  WebSocket closed: The Session has been Closed!
⚠️  Feed error: Handshake status 522 <none> -+-+- {'date': 'Thu, 08 Oct 2026 05:16:36 GMT', 'content-type': 'text/plain; charset=UTF-8', 'content-length': '16', 'connection': 'keep-alive', 'cache-control': 'private, max-age=0, no-store, no-cache, must-revalidate, post-check=0, pre-check=0', 'expires': 'Thu, 01 Jan 1970 00:00:01 GMT', 'referrer-policy': 'same-origin', 'server-timing': 'cfEdge;dur=19311,cfOrigin;dur=0', 'x-frame-options': 'SAMEORIGIN', 'server': 'cloudflare', 'cf-ray': 'a472ac2d3970141c-ORD'} -+-+- b'error code: 522\n'
⚠️  WebSocket closed: The Session has been Closed!
⚠️  No ticks for 61s — reconnecting (attempt 2)...
Socket Connection has been closed, So! The scripts are already un-subscribed!
The Data has been Un-Subscribed
  subscribe() returned OK (will confirm ticks resume next cycle)
⚠️  WebSocket closed: The Session has been Closed!
⚠️  Feed error: [Errno 110] Connection timed out
⚠️  WebSocket closed: The Session has been Closed!
⚠️  No ticks for 61s — reconnecting (attempt 3)...
🔴 3 consecutive reconnect attempts produced zero new ticks — forcing full re-login + resubscribe...
Logged in successfully
✅ Re-logged in and resubscribed (will confirm ticks resume next cycle)
⚠️  No ticks for 61s — reconnecting (attempt 1)...
Socket Connection has been closed, So! The scripts are already un-subscribed!
The Data has been Un-Subscribed
  subscribe() returned OK (will confirm ticks resume next cycle)
⚠️  WebSocket closed: The Session has been Closed!
⚠️  Feed error: [Errno 110] Connection timed out
⚠️  WebSocket closed: The Session has been Closed!
⚠️  No ticks for 61s — reconnecting (attempt 2)...
Socket Connection has been closed, So! The scripts are already un-subscribed!
The Data has been Un-Subscribed
  subscribe() returned OK (will confirm ticks resume next cycle)
⚠️  WebSocket closed: The Session has been Closed!
⚠️  Feed error: [Errno 110] Connection timed out
⚠️  WebSocket closed: The Session has been Closed!
⚠️  Feed error: Handshake status 522 <none> -+-+- {'date': 'Thu, 08 Oct 2026 05:20:48 GMT', 'content-type': 'text/plain; charset=UTF-8', 'content-length': '16', 'connection': 'keep-alive', 'cache-control': 'private, max-age=0, no-store, no-cache, must-revalidate, post-check=0, pre-check=0', 'expires': 'Thu, 01 Jan 1970 00:00:01 GMT', 'referrer-policy': 'same-origin', 'server-timing': 'cfEdge;dur=19447,cfOrigin;dur=0', 'x-frame-options': 'SAMEORIGIN', 'server': 'cloudflare', 'cf-ray': 'a472b252bc5a9d53-ORD'} -+-+- b'error code: 522\n'
⚠️  WebSocket closed: The Session has been Closed!
⚠️  No ticks for 61s — reconnecting (attempt 3)...
🔴 3 consecutive reconnect attempts produced zero new ticks — forcing full re-login + resubscribe...
Logged in successfully
✅ Re-logged in and resubscribed (will confirm ticks resume next cycle)
⚠️  WebSocket closed: The Session has been Closed!
⚠️  Feed error: [Errno 110] Connection timed out
⚠️  WebSocket closed: The Session has been Closed!
⚠️  WebSocket closed: The Session has been Closed!
⚠️  Feed error: Handshake status 522 <none> -+-+- {'date': 'Thu, 08 Oct 2026 05:21:51 GMT', 'content-type': 'text/plain; charset=UTF-8', 'content-length': '16', 'connection': 'keep-alive', 'cache-control': 'private, max-age=0, no-store, no-cache, must-revalidate, post-check=0, pre-check=0', 'expires': 'Thu, 01 Jan 1970 00:00:01 GMT', 'referrer-policy': 'same-origin', 'server-timing': 'cfEdge;dur=19535,cfOrigin;dur=0', 'x-frame-options': 'SAMEORIGIN', 'server': 'cloudflare', 'cf-ray': 'a472b3e11a9311fb-ORD'} -+-+- b'error code: 522\n'
⚠️  WebSocket closed: The Session has been Closed!
⚠️  No ticks for 61s — reconnecting (attempt 1)...
Socket Connection has been closed, So! The scripts are already un-subscribed!
The Data has been Un-Subscribed
  subscribe() returned OK (will confirm ticks resume next cycle)
⚠️  No ticks for 61s — reconnecting (attempt 2)...
Socket Connection has been closed, So! The scripts are already un-subscribed!
The Data has been Un-Subscribed
  subscribe() returned OK (will confirm ticks resume next cycle)
⚠️  No ticks for 61s — reconnecting (attempt 3)...
🔴 3 consecutive reconnect attempts produced zero new ticks — forcing full re-login + resubscribe...
Logged in successfully
✅ Re-logged in and resubscribed (will confirm ticks resume next cycle)
⚠️  WebSocket closed: The Session has been Closed!
⚠️  Feed error: [Errno 110] Connection timed out
⚠️  WebSocket closed: The Session has been Closed!
⚠️  Feed error: Handshake status 522 <none> -+-+- {'date': 'Thu, 08 Oct 2026 05:25:01 GMT', 'content-type': 'text/plain; charset=UTF-8', 'content-length': '16', 'connection': 'keep-alive', 'cache-control': 'private, max-age=0, no-store, no-cache, must-revalidate, post-check=0, pre-check=0', 'expires': 'Thu, 01 Jan 1970 00:00:01 GMT', 'referrer-policy': 'same-origin', 'server-timing': 'cfEdge;dur=19631,cfOrigin;dur=0', 'x-frame-options': 'SAMEORIGIN', 'server': 'cloudflare', 'cf-ray': 'a472b87eef563a0f-ORD'} -+-+- b'error code: 522\n'
⚠️  WebSocket closed: The Session has been Closed!
⚠️  No ticks for 61s — reconnecting (attempt 1)...
Socket Connection has been closed, So! The scripts are already un-subscribed!
The Data has been Un-Subscribed
  subscribe() returned OK (will confirm ticks resume next cycle)
⚠️  WebSocket closed: The Session has been Closed!
⚠️  Feed error: [Errno 110] Connection timed out
⚠️  No ticks for 61s — reconnecting (attempt 2)...
Socket Connection has been closed, So! The scripts are already un-subscribed!
The Data has been Un-Subscribed
  subscribe() returned OK (will confirm ticks resume next cycle)
⚠️  WebSocket closed: The Session has been Closed!
⚠️  Feed error: Handshake status 522 <none> -+-+- {'date': 'Thu, 08 Oct 2026 05:27:07 GMT', 'content-type': 'text/plain; charset=UTF-8', 'content-length': '16', 'connection': 'keep-alive', 'cache-control': 'private, max-age=0, no-store, no-cache, must-revalidate, post-check=0, pre-check=0', 'expires': 'Thu, 01 Jan 1970 00:00:01 GMT', 'referrer-policy': 'same-origin', 'server-timing': 'cfEdge;dur=19705,cfOrigin;dur=0', 'x-frame-options': 'SAMEORIGIN', 'server': 'cloudflare', 'cf-ray': 'a472bb92ec9b088a-ORD'} -+-+- b'error code: 522\n'
⚠️  WebSocket closed: The Session has been Closed!
⚠️  No ticks for 61s — reconnecting (attempt 3)...
🔴 3 consecutive reconnect attempts produced zero new ticks — forcing full re-login + resubscribe...
Logged in successfully
✅ Re-logged in and resubscribed (will confirm ticks resume next cycle)
⚠️  WebSocket closed: The Session has been Closed!
⚠️  Feed error: [Errno 110] Connection timed out
⚠️  WebSocket closed: The Session has been Closed!
⚠️  No ticks for 61s — reconnecting (attempt 1)...
Socket Connection has been closed, So! The scripts are already un-subscribed!
The Data has been Un-Subscribed
  subscribe() returned OK (will confirm ticks resume next cycle)
⚠️  WebSocket closed: The Session has been Closed!
⚠️  Feed error: Handshake status 522 <none> -+-+- {'date': 'Thu, 08 Oct 2026 05:29:12 GMT', 'content-type': 'text/plain; charset=UTF-8', 'content-length': '16', 'connection': 'keep-alive', 'cache-control': 'private, max-age=0, no-store, no-cache, must-revalidate, post-check=0, pre-check=0', 'expires': 'Thu, 01 Jan 1970 00:00:01 GMT', 'referrer-policy': 'same-origin', 'server-timing': 'cfEdge;dur=19530,cfOrigin;dur=0', 'x-frame-options': 'SAMEORIGIN', 'server': 'cloudflare', 'cf-ray': 'a472bea4c8597073-ORD'} -+-+- b'error code: 522\n'
⚠️  WebSocket closed: The Session has been Closed!
⚠️  No ticks for 61s — reconnecting (attempt 2)...
Socket Connection has been closed, So! The scripts are already un-subscribed!
The Data has been Un-Subscribed
  subscribe() returned OK (will confirm ticks resume next cycle)
⚠️  WebSocket closed: The Session has been Closed!
⚠️  Feed error: [Errno 110] Connection timed out
⚠️  WebSocket closed: The Session has been Closed!
⚠️  WebSocket closed: The Session has been Closed!
⚠️  Feed error: Handshake status 522 <none> -+-+- {'date': 'Thu, 08 Oct 2026 05:30:15 GMT', 'content-type': 'text/plain; charset=UTF-8', 'content-length': '16', 'connection': 'keep-alive', 'cache-control': 'private, max-age=0, no-store, no-cache, must-revalidate, post-check=0, pre-check=0', 'expires': 'Thu, 01 Jan 1970 00:00:01 GMT', 'referrer-policy': 'same-origin', 'server-timing': 'cfEdge;dur=19498,cfOrigin;dur=0', 'x-frame-options': 'SAMEORIGIN', 'server': 'cloudflare', 'cf-ray': 'a472c02e7aaaafd7-ORD'} -+-+- b'error code: 522\n'
⚠️  WebSocket closed: The Session has been Closed!
⚠️  No ticks for 61s — reconnecting (attempt 3)...
🔴 3 consecutive reconnect attempts produced zero new ticks — forcing full re-login + resubscribe...
Logged in successfully
✅ Re-logged in and resubscribed (will confirm ticks resume next cycle)
⚠️  No ticks for 61s — reconnecting (attempt 1)...
Socket Connection has been closed, So! The scripts are already un-subscribed!
The Data has been Un-Subscribed
  subscribe() returned OK (will confirm ticks resume next cycle)
⚠️  No ticks for 61s — reconnecting (attempt 2)...
Socket Connection has been closed, So! The scripts are already un-subscribed!
The Data has been Un-Subscribed
  subscribe() returned OK (will confirm ticks resume next cycle)
⚠️  WebSocket closed: The Session has been Closed!
⚠️  Feed error: [Errno 110] Connection timed out
⚠️  No ticks for 61s — reconnecting (attempt 3)...
🔴 3 consecutive reconnect attempts produced zero new ticks — forcing full re-login + resubscribe...
Logged in successfully
✅ Re-logged in and resubscribed (will confirm ticks resume next cycle)
⚠️  WebSocket closed: The Session has been Closed!
⚠️  Feed error: [Errno 110] Connection timed out
⚠️  WebSocket closed: The Session has been Closed!
⚠️  Feed error: Handshake status 522 <none> -+-+- {'date': 'Thu, 08 Oct 2026 05:34:27 GMT', 'content-type': 'text/plain; charset=UTF-8', 'content-length': '16', 'connection': 'keep-alive', 'cache-control': 'private, max-age=0, no-store, no-cache, must-revalidate, post-check=0, pre-check=0', 'expires': 'Thu, 01 Jan 1970 00:00:01 GMT', 'referrer-policy': 'same-origin', 'server-timing': 'cfEdge;dur=19336,cfOrigin;dur=0', 'x-frame-options': 'SAMEORIGIN', 'server': 'cloudflare', 'cf-ray': 'a472c6523c53114d-ORD'} -+-+- b'error code: 522\n'
⚠️  WebSocket closed: The Session has been Closed!
⚠️  No ticks for 61s — reconnecting (attempt 1)...
Socket Connection has been closed, So! The scripts are already un-subscribed!
The Data has been Un-Subscribed
  subscribe() returned OK (will confirm ticks resume next cycle)
⚠️  WebSocket closed: The Session has been Closed!
⚠️  Feed error: [Errno 110] Connection timed out
⚠️  WebSocket closed: The Session has been Closed!
⚠️  No ticks for 61s — reconnecting (attempt 2)...
Socket Connection has been closed, So! The scripts are already un-subscribed!
The Data has been Un-Subscribed
  subscribe() returned OK (will confirm ticks resume next cycle)
⚠️  No ticks for 61s — reconnecting (attempt 3)...
🔴 3 consecutive reconnect attempts produced zero new ticks — forcing full re-login + resubscribe...
Logged in successfully
✅ Re-logged in and resubscribed (will confirm ticks resume next cycle)
⚠️  WebSocket closed: The Session has been Closed!
⚠️  Feed error: [Errno 110] Connection timed out
⚠️  WebSocket closed: The Session has been Closed!
⚠️  No ticks for 61s — reconnecting (attempt 1)...
Socket Connection has been closed, So! The scripts are already un-subscribed!
The Data has been Un-Subscribed
  subscribe() returned OK (will confirm ticks resume next cycle)
⚠️  WebSocket closed: The Session has been Closed!
⚠️  Feed error: [Errno 110] Connection timed out
⚠️  No ticks for 61s — reconnecting (attempt 2)...
Socket Connection has been closed, So! The scripts are already un-subscribed!
The Data has been Un-Subscribed
  subscribe() returned OK (will confirm ticks resume next cycle)
⚠️  WebSocket closed: The Session has been Closed!
⚠️  Feed error: [Errno 110] Connection timed out
⚠️  WebSocket closed: The Session has been Closed!
⚠️  No ticks for 61s — reconnecting (attempt 3)...
🔴 3 consecutive reconnect attempts produced zero new ticks — forcing full re-login + resubscribe...
Logged in successfully
✅ Re-logged in and resubscribed (will confirm ticks resume next cycle)
⚠️  WebSocket closed: The Session has been Closed!
⚠️  Feed error: [Errno 110] Connection timed out
⚠️  WebSocket closed: The Session has been Closed!
⚠️  No ticks for 61s — reconnecting (attempt 1)...
Socket Connection has been closed, So! The scripts are already un-subscribed!
The Data has been Un-Subscribed
  subscribe() returned OK (will confirm ticks resume next cycle)
⚠️  WebSocket closed: The Session has been Closed!
⚠️  Feed error: [Errno 110] Connection timed out
⚠️  WebSocket closed: The Session has been Closed!
⚠️  No ticks for 61s — reconnecting (attempt 2)...
Socket Connection has been closed, So! The scripts are already un-subscribed!
The Data has been Un-Subscribed
  subscribe() returned OK (will confirm ticks resume next cycle)
⚠️  WebSocket closed: The Session has been Closed!
⚠️  Feed error: [Errno 110] Connection timed out
⚠️  WebSocket closed: The Session has been Closed!
⚠️  No ticks for 61s — reconnecting (attempt 3)...
🔴 3 consecutive reconnect attempts produced zero new ticks — forcing full re-login + resubscribe...
Logged in successfully
✅ Re-logged in and resubscribed (will confirm ticks resume next cycle)
⚠️  WebSocket closed: The Session has been Closed!
⚠️  Feed error: [Errno 110] Connection timed out
⚠️  WebSocket closed: The Session has been Closed!
⚠️  No ticks for 61s — reconnecting (attempt 1)...
Socket Connection has been closed, So! The scripts are already un-subscribed!
The Data has been Un-Subscribed
  subscribe() returned OK (will confirm ticks resume next cycle)
⚠️  WebSocket closed: The Session has been Closed!
⚠️  Feed error: [Errno 110] Connection timed out
⚠️  WebSocket closed: The Session has been Closed!
⚠️  No ticks for 61s — reconnecting (attempt 2)...
Socket Connection has been closed, So! The scripts are already un-subscribed!
The Data has been Un-Subscribed
  subscribe() returned OK (will confirm ticks resume next cycle)
⚠️  WebSocket closed: The Session has been Closed!
⚠️  Feed error: [Errno 110] Connection timed out
⚠️  WebSocket closed: The Session has been Closed!
⚠️  No ticks for 61s — reconnecting (attempt 3)...
🔴 3 consecutive reconnect attempts produced zero new ticks — forcing full re-login + resubscribe...
Logged in successfully
✅ Re-logged in and resubscribed (will confirm ticks resume next cycle)
⚠️  WebSocket closed: The Session has been Closed!
⚠️  Feed error: [Errno 110] Connection timed out
⚠️  WebSocket closed: The Session has been Closed!
⚠️  WebSocket closed: The Session has been Closed!
⚠️  Feed error: Handshake status 522 <none> -+-+- {'date': 'Thu, 08 Oct 2026 05:47:02 GMT', 'content-type': 'text/plain; charset=UTF-8', 'content-length': '16', 'connection': 'keep-alive', 'cache-control': 'private, max-age=0, no-store, no-cache, must-revalidate, post-check=0, pre-check=0', 'expires': 'Thu, 01 Jan 1970 00:00:01 GMT', 'referrer-policy': 'same-origin', 'server-timing': 'cfEdge;dur=19628,cfOrigin;dur=0', 'x-frame-options': 'SAMEORIGIN', 'server': 'cloudflare', 'cf-ray': 'a472d8c24ecda577-ORD'} -+-+- b'error code: 522\n'
⚠️  WebSocket closed: The Session has been Closed!
⚠️  No ticks for 61s — reconnecting (attempt 1)...
Socket Connection has been closed, So! The scripts are already un-subscribed!
The Data has been Un-Subscribed
  subscribe() returned OK (will confirm ticks resume next cycle)
⚠️  WebSocket closed: The Session has been Closed!
⚠️  Feed error: [Errno 110] Connection timed out
⚠️  WebSocket closed: The Session has been Closed!
⚠️  No ticks for 61s — reconnecting (attempt 2)...
Socket Connection has been closed, So! The scripts are already un-subscribed!
The Data has been Un-Subscribed
  subscribe() returned OK (will confirm ticks resume next cycle)
⚠️  No ticks for 61s — reconnecting (attempt 3)...
🔴 3 consecutive reconnect attempts produced zero new ticks — forcing full re-login + resubscribe...
Logged in successfully
✅ Re-logged in and resubscribed (will confirm ticks resume next cycle)
⚠️  WebSocket closed: The Session has been Closed!
⚠️  Feed error: [Errno 110] Connection timed out
⚠️  WebSocket closed: The Session has been Closed!
⚠️  WebSocket closed: The Session has been Closed!
⚠️  Feed error: Handshake status 522 <none> -+-+- {'date': 'Thu, 08 Oct 2026 05:50:11 GMT', 'content-type': 'text/plain; charset=UTF-8', 'content-length': '16', 'connection': 'keep-alive', 'cache-control': 'private, max-age=0, no-store, no-cache, must-revalidate, post-check=0, pre-check=0', 'expires': 'Thu, 01 Jan 1970 00:00:01 GMT', 'referrer-policy': 'same-origin', 'server-timing': 'cfEdge;dur=19821,cfOrigin;dur=0', 'x-frame-options': 'SAMEORIGIN', 'server': 'cloudflare', 'cf-ray': 'a472dd5e1e9ab78e-ORD'} -+-+- b'error code: 522\n'
⚠️  WebSocket closed: The Session has been Closed!
⚠️  No ticks for 61s — reconnecting (attempt 1)...
Socket Connection has been closed, So! The scripts are already un-subscribed!
The Data has been Un-Subscribed
  subscribe() returned OK (will confirm ticks resume next cycle)
⚠️  WebSocket closed: The Session has been Closed!
⚠️  Feed error: [Errno 110] Connection timed out
⚠️  WebSocket closed: The Session has been Closed!
⚠️  Feed error: Handshake status 522 <none> -+-+- {'date': 'Thu, 08 Oct 2026 05:51:14 GMT', 'content-type': 'text/plain; charset=UTF-8', 'content-length': '16', 'connection': 'keep-alive', 'cache-control': 'private, max-age=0, no-store, no-cache, must-revalidate, post-check=0, pre-check=0', 'expires': 'Thu, 01 Jan 1970 00:00:01 GMT', 'referrer-policy': 'same-origin', 'server-timing': 'cfEdge;dur=19522,cfOrigin;dur=0', 'x-frame-options': 'SAMEORIGIN', 'server': 'cloudflare', 'cf-ray': 'a472dee7f8394b16-ORD'} -+-+- b'error code: 522\n'
⚠️  WebSocket closed: The Session has been Closed!
⚠️  No ticks for 61s — reconnecting (attempt 2)...
Socket Connection has been closed, So! The scripts are already un-subscribed!
The Data has been Un-Subscribed
  subscribe() returned OK (will confirm ticks resume next cycle)
⚠️  No ticks for 61s — reconnecting (attempt 3)...
🔴 3 consecutive reconnect attempts produced zero new ticks — forcing full re-login + resubscribe...
Logged in successfully
✅ Re-logged in and resubscribed (will confirm ticks resume next cycle)
⚠️  No ticks for 61s — reconnecting (attempt 1)...
Socket Connection has been closed, So! The scripts are already un-subscribed!
The Data has been Un-Subscribed
  subscribe() returned OK (will confirm ticks resume next cycle)
⚠️  WebSocket closed: The Session has been Closed!
⚠️  Feed error: [Errno 110] Connection timed out
⚠️  No ticks for 61s — reconnecting (attempt 2)...
Socket Connection has been closed, So! The scripts are already un-subscribed!
The Data has been Un-Subscribed
  subscribe() returned OK (will confirm ticks resume next cycle)
⚠️  WebSocket closed: The Session has been Closed!
⚠️  Feed error: [Errno 110] Connection timed out
⚠️  No ticks for 61s — reconnecting (attempt 3)...
🔴 3 consecutive reconnect attempts produced zero new ticks — forcing full re-login + resubscribe...
Logged in successfully
✅ Re-logged in and resubscribed (will confirm ticks resume next cycle)
⚠️  WebSocket closed: The Session has been Closed!
⚠️  Feed error: [Errno 110] Connection timed out
⚠️  WebSocket closed: The Session has been Closed!
⚠️  No ticks for 61s — reconnecting (attempt 1)...
Socket Connection has been closed, So! The scripts are already un-subscribed!
The Data has been Un-Subscribed
  subscribe() returned OK (will confirm ticks resume next cycle)
⚠️  WebSocket closed: The Session has been Closed!
⚠️  Feed error: [Errno 110] Connection timed out
⚠️  WebSocket closed: The Session has been Closed!
⚠️  No ticks for 61s — reconnecting (attempt 2)...
Socket Connection has been closed, So! The scripts are already un-subscribed!
The Data has been Un-Subscribed
  subscribe() returned OK (will confirm ticks resume next cycle)
⚠️  WebSocket closed: The Session has been Closed!
⚠️  Feed error: [Errno 110] Connection timed out
⚠️  WebSocket closed: The Session has been Closed!
⚠️  No ticks for 61s — reconnecting (attempt 3)...
🔴 3 consecutive reconnect attempts produced zero new ticks — forcing full re-login + resubscribe...
Logged in successfully
✅ Re-logged in and resubscribed (will confirm ticks resume next cycle)
⚠️  WebSocket closed: The Session has been Closed!
⚠️  Feed error: [Errno 110] Connection timed out
⚠️  WebSocket closed: The Session has been Closed!
⚠️  WebSocket closed: The Session has been Closed!
⚠️  Feed error: Handshake status 522 <none> -+-+- {'date': 'Thu, 08 Oct 2026 05:59:38 GMT', 'content-type': 'text/plain; charset=UTF-8', 'content-length': '16', 'connection': 'keep-alive', 'cache-control': 'private, max-age=0, no-store, no-cache, must-revalidate, post-check=0, pre-check=0', 'expires': 'Thu, 01 Jan 1970 00:00:01 GMT', 'referrer-policy': 'same-origin', 'server-timing': 'cfEdge;dur=19250,cfOrigin;dur=0', 'x-frame-options': 'SAMEORIGIN', 'server': 'cloudflare', 'cf-ray': 'a472eb36ebfd0056-ORD'} -+-+- b'error code: 522\n'
⚠️  WebSocket closed: The Session has been Closed!
⚠️  No ticks for 61s — reconnecting (attempt 1)...
Socket Connection has been closed, So! The scripts are already un-subscribed!
The Data has been Un-Subscribed
  subscribe() returned OK (will confirm ticks resume next cycle)
⚠️  WebSocket closed: The Session has been Closed!
⚠️  Feed error: [Errno 110] Connection timed out
⚠️  WebSocket closed: The Session has been Closed!
⚠️  No ticks for 61s — reconnecting (attempt 2)...
Socket Connection has been closed, So! The scripts are already un-subscribed!
The Data has been Un-Subscribed
  subscribe() returned OK (will confirm ticks resume next cycle)
⚠️  No ticks for 61s — reconnecting (attempt 3)...
🔴 3 consecutive reconnect attempts produced zero new ticks — forcing full re-login + resubscribe...
Logged in successfully
✅ Re-logged in and resubscribed (will confirm ticks resume next cycle)
⚠️  WebSocket closed: The Session has been Closed!
⚠️  Feed error: [Errno 110] Connection timed out
⚠️  WebSocket closed: The Session has been Closed!
⚠️  WebSocket closed: The Session has been Closed!
⚠️  Feed error: Handshake status 522 <none> -+-+- {'date': 'Thu, 08 Oct 2026 06:02:47 GMT', 'content-type': 'text/plain; charset=UTF-8', 'content-length': '16', 'connection': 'keep-alive', 'cache-control': 'private, max-age=0, no-store, no-cache, must-revalidate, post-check=0, pre-check=0', 'expires': 'Thu, 01 Jan 1970 00:00:01 GMT', 'referrer-policy': 'same-origin', 'server-timing': 'cfEdge;dur=19483,cfOrigin;dur=0', 'x-frame-options': 'SAMEORIGIN', 'server': 'cloudflare', 'cf-ray': 'a472efd26a6cf15d-ORD'} -+-+- b'error code: 522\n'
⚠️  WebSocket closed: The Session has been Closed!
⚠️  No ticks for 61s — reconnecting (attempt 1)...
Socket Connection has been closed, So! The scripts are already un-subscribed!
The Data has been Un-Subscribed
  subscribe() returned OK (will confirm ticks resume next cycle)
⚠️  WebSocket closed: The Session has been Closed!
⚠️  Feed error: [Errno 110] Connection timed out
⚠️  No ticks for 61s — reconnecting (attempt 2)...
Socket Connection has been closed, So! The scripts are already un-subscribed!
The Data has been Un-Subscribed
  subscribe() returned OK (will confirm ticks resume next cycle)
⚠️  No ticks for 61s — reconnecting (attempt 3)...
🔴 3 consecutive reconnect attempts produced zero new ticks — forcing full re-login + resubscribe...
Logged in successfully
✅ Re-logged in and resubscribed (will confirm ticks resume next cycle)
⚠️  WebSocket closed: The Session has been Closed!
⚠️  Feed error: [Errno 110] Connection timed out
⚠️  WebSocket closed: The Session has been Closed!
⚠️  No ticks for 61s — reconnecting (attempt 1)...
Socket Connection has been closed, So! The scripts are already un-subscribed!
The Data has been Un-Subscribed
  subscribe() returned OK (will confirm ticks resume next cycle)
⚠️  WebSocket closed: The Session has been Closed!
⚠️  Feed error: [Errno 110] Connection timed out
⚠️  No ticks for 61s — reconnecting (attempt 2)...
Socket Connection has been closed, So! The scripts are already un-subscribed!
The Data has been Un-Subscribed
  subscribe() returned OK (will confirm ticks resume next cycle)
⚠️  WebSocket closed: The Session has been Closed!
⚠️  Feed error: [Errno 110] Connection timed out
⚠️  WebSocket closed: The Session has been Closed!
⚠️  WebSocket closed: The Session has been Closed!
⚠️  Feed error: Handshake status 522 <none> -+-+- {'date': 'Thu, 08 Oct 2026 06:08:02 GMT', 'content-type': 'text/plain; charset=UTF-8', 'content-length': '16', 'connection': 'keep-alive', 'cache-control': 'private, max-age=0, no-store, no-cache, must-revalidate, post-check=0, pre-check=0', 'expires': 'Thu, 01 Jan 1970 00:00:01 GMT', 'referrer-policy': 'same-origin', 'server-timing': 'cfEdge;dur=19847,cfOrigin;dur=0', 'x-frame-options': 'SAMEORIGIN', 'server': 'cloudflare', 'cf-ray': 'a472f78188bb49f1-ORD'} -+-+- b'error code: 522\n'
⚠️  WebSocket closed: The Session has been Closed!
⚠️  No ticks for 61s — reconnecting (attempt 3)...
🔴 3 consecutive reconnect attempts produced zero new ticks — forcing full re-login + resubscribe...
Logged in successfully
✅ Re-logged in and resubscribed (will confirm ticks resume next cycle)
⚠️  WebSocket closed: The Session has been Closed!
⚠️  Feed error: [Errno 110] Connection timed out
⚠️  WebSocket closed: The Session has been Closed!
⚠️  No ticks for 61s — reconnecting (attempt 1)...
Socket Connection has been closed, So! The scripts are already un-subscribed!
The Data has been Un-Subscribed
  subscribe() returned OK (will confirm ticks resume next cycle)
⚠️  No ticks for 61s — reconnecting (attempt 2)...
Socket Connection has been closed, So! The scripts are already un-subscribed!
The Data has been Un-Subscribed
  subscribe() returned OK (will confirm ticks resume next cycle)
⚠️  WebSocket closed: The Session has been Closed!
⚠️  Feed error: [Errno 110] Connection timed out
⚠️  WebSocket closed: The Session has been Closed!
⚠️  No ticks for 61s — reconnecting (attempt 3)...
🔴 3 consecutive reconnect attempts produced zero new ticks — forcing full re-login + resubscribe...
Logged in successfully
✅ Re-logged in and resubscribed (will confirm ticks resume next cycle)
⚠️  WebSocket closed: The Session has been Closed!
⚠️  Feed error: [Errno 110] Connection timed out
⚠️  No ticks for 61s — reconnecting (attempt 1)...
Socket Connection has been closed, So! The scripts are already un-subscribed!
The Data has been Un-Subscribed
  subscribe() returned OK (will confirm ticks resume next cycle)
⚠️  WebSocket closed: The Session has been Closed!
⚠️  Feed error: [Errno 110] Connection timed out
⚠️  WebSocket closed: The Session has been Closed!
⚠️  WebSocket closed: The Session has been Closed!
⚠️  Feed error: Handshake status 522 <none> -+-+- {'date': 'Thu, 08 Oct 2026 06:13:16 GMT', 'content-type': 'text/plain; charset=UTF-8', 'content-length': '16', 'connection': 'keep-alive', 'cache-control': 'private, max-age=0, no-store, no-cache, must-revalidate, post-check=0, pre-check=0', 'expires': 'Thu, 01 Jan 1970 00:00:01 GMT', 'referrer-policy': 'same-origin', 'server-timing': 'cfEdge;dur=19586,cfOrigin;dur=0', 'x-frame-options': 'SAMEORIGIN', 'server': 'cloudflare', 'cf-ray': 'a472ff2fdf341891-ORD'} -+-+- b'error code: 522\n'
⚠️  WebSocket closed: The Session has been Closed!
⚠️  No ticks for 61s — reconnecting (attempt 2)...
Socket Connection has been closed, So! The scripts are already un-subscribed!
The Data has been Un-Subscribed
  subscribe() returned OK (will confirm ticks resume next cycle)
⚠️  WebSocket closed: The Session has been Closed!
⚠️  Feed error: [Errno 110] Connection timed out
⚠️  WebSocket closed: The Session has been Closed!
⚠️  No ticks for 61s — reconnecting (attempt 3)...
🔴 3 consecutive reconnect attempts produced zero new ticks — forcing full re-login + resubscribe...
Logged in successfully
✅ Re-logged in and resubscribed (will confirm ticks resume next cycle)
⚠️  No ticks for 61s — reconnecting (attempt 1)...
Socket Connection has been closed, So! The scripts are already un-subscribed!
The Data has been Un-Subscribed
  subscribe() returned OK (will confirm ticks resume next cycle)
⚠️  WebSocket closed: The Session has been Closed!
⚠️  Feed error: [Errno 110] Connection timed out
⚠️  WebSocket closed: The Session has been Closed!
⚠️  No ticks for 61s — reconnecting (attempt 2)...
Socket Connection has been closed, So! The scripts are already un-subscribed!
The Data has been Un-Subscribed
  subscribe() returned OK (will confirm ticks resume next cycle)
⚠️  WebSocket closed: The Session has been Closed!
⚠️  Feed error: [Errno 110] Connection timed out
⚠️  No ticks for 61s — reconnecting (attempt 3)...
🔴 3 consecutive reconnect attempts produced zero new ticks — forcing full re-login + resubscribe...
Logged in successfully
✅ Re-logged in and resubscribed (will confirm ticks resume next cycle)
⚠️  WebSocket closed: The Session has been Closed!
⚠️  Feed error: [Errno 110] Connection timed out
⚠️  WebSocket closed: The Session has been Closed!
⚠️  No ticks for 61s — reconnecting (attempt 1)...
Socket Connection has been closed, So! The scripts are already un-subscribed!
The Data has been Un-Subscribed
  subscribe() returned OK (will confirm ticks resume next cycle)
⚠️  WebSocket closed: The Session has been Closed!
⚠️  Feed error: [Errno 110] Connection timed out
⚠️  WebSocket closed: The Session has been Closed!
⚠️  No ticks for 61s — reconnecting (attempt 2)...
Socket Connection has been closed, So! The scripts are already un-subscribed!
The Data has been Un-Subscribed
  subscribe() returned OK (will confirm ticks resume next cycle)
⚠️  WebSocket closed: The Session has been Closed!
⚠️  Feed error: [Errno 110] Connection timed out
⚠️  WebSocket closed: The Session has been Closed!
⚠️  No ticks for 61s — reconnecting (attempt 3)...
🔴 3 consecutive reconnect attempts produced zero new ticks — forcing full re-login + resubscribe...
Logged in successfully
✅ Re-logged in and resubscribed (will confirm ticks resume next cycle)
⚠️  WebSocket closed: The Session has been Closed!
⚠️  Feed error: [Errno 110] Connection timed out
⚠️  WebSocket closed: The Session has been Closed!
⚠️  WebSocket closed: The Session has been Closed!
⚠️  Feed error: Handshake status 522 <none> -+-+- {'date': 'Thu, 08 Oct 2026 06:21:39 GMT', 'content-type': 'text/plain; charset=UTF-8', 'content-length': '16', 'connection': 'keep-alive', 'cache-control': 'private, max-age=0, no-store, no-cache, must-revalidate, post-check=0, pre-check=0', 'expires': 'Thu, 01 Jan 1970 00:00:01 GMT', 'referrer-policy': 'same-origin', 'server-timing': 'cfEdge;dur=19629,cfOrigin;dur=0', 'x-frame-options': 'SAMEORIGIN', 'server': 'cloudflare', 'cf-ray': 'a4730b7a0fb6d240-ORD'} -+-+- b'error code: 522\n'
⚠️  WebSocket closed: The Session has been Closed!
⚠️  No ticks for 61s — reconnecting (attempt 1)...
Socket Connection has been closed, So! The scripts are already un-subscribed!
The Data has been Un-Subscribed
  subscribe() returned OK (will confirm ticks resume next cycle)
⚠️  WebSocket closed: The Session has been Closed!
⚠️  Feed error: [Errno 110] Connection timed out
⚠️  WebSocket closed: The Session has been Closed!
⚠️  No ticks for 61s — reconnecting (attempt 2)...
Socket Connection has been closed, So! The scripts are already un-subscribed!
The Data has been Un-Subscribed
  subscribe() returned OK (will confirm ticks resume next cycle)
⚠️  No ticks for 61s — reconnecting (attempt 3)...
🔴 3 consecutive reconnect attempts produced zero new ticks — forcing full re-login + resubscribe...
Logged in successfully
✅ Re-logged in and resubscribed (will confirm ticks resume next cycle)
⚠️  WebSocket closed: The Session has been Closed!
⚠️  Feed error: [Errno 110] Connection timed out
⚠️  WebSocket closed: The Session has been Closed!
⚠️  WebSocket closed: The Session has been Closed!
⚠️  Feed error: Handshake status 522 <none> -+-+- {'date': 'Thu, 08 Oct 2026 06:24:48 GMT', 'content-type': 'text/plain; charset=UTF-8', 'content-length': '16', 'connection': 'keep-alive', 'cache-control': 'private, max-age=0, no-store, no-cache, must-revalidate, post-check=0, pre-check=0', 'expires': 'Thu, 01 Jan 1970 00:00:01 GMT', 'referrer-policy': 'same-origin', 'server-timing': 'cfEdge;dur=19399,cfOrigin;dur=0', 'x-frame-options': 'SAMEORIGIN', 'server': 'cloudflare', 'cf-ray': 'a4731015af172c32-ORD'} -+-+- b'error code: 522\n'
⚠️  WebSocket closed: The Session has been Closed!
⚠️  No ticks for 61s — reconnecting (attempt 1)...
Socket Connection has been closed, So! The scripts are already un-subscribed!
The Data has been Un-Subscribed
  subscribe() returned OK (will confirm ticks resume next cycle)
⚠️  WebSocket closed: The Session has been Closed!
⚠️  Feed error: [Errno 110] Connection timed out
⚠️  No ticks for 61s — reconnecting (attempt 2)...
Socket Connection has been closed, So! The scripts are already un-subscribed!
The Data has been Un-Subscribed
  subscribe() returned OK (will confirm ticks resume next cycle)
⚠️  No ticks for 61s — reconnecting (attempt 3)...
🔴 3 consecutive reconnect attempts produced zero new ticks — forcing full re-login + resubscribe...
Logged in successfully
✅ Re-logged in and resubscribed (will confirm ticks resume next cycle)
⚠️  WebSocket closed: The Session has been Closed!
⚠️  Feed error: [Errno 110] Connection timed out
⚠️  WebSocket closed: The Session has been Closed!
⚠️  No ticks for 61s — reconnecting (attempt 1)...
Socket Connection has been closed, So! The scripts are already un-subscribed!
The Data has been Un-Subscribed
  subscribe() returned OK (will confirm ticks resume next cycle)
⚠️  WebSocket closed: The Session has been Closed!
⚠️  Feed error: [Errno 110] Connection timed out
⚠️  No ticks for 61s — reconnecting (attempt 2)...
Socket Connection has been closed, So! The scripts are already un-subscribed!
The Data has been Un-Subscribed
  subscribe() returned OK (will confirm ticks resume next cycle)
⚠️  WebSocket closed: The Session has been Closed!
⚠️  Feed error: [Errno 110] Connection timed out
⚠️  WebSocket closed: The Session has been Closed!
⚠️  WebSocket closed: The Session has been Closed!
⚠️  Feed error: Handshake status 522 <none> -+-+- {'date': 'Thu, 08 Oct 2026 06:30:03 GMT', 'content-type': 'text/plain; charset=UTF-8', 'content-length': '16', 'connection': 'keep-alive', 'cache-control': 'private, max-age=0, no-store, no-cache, must-revalidate, post-check=0, pre-check=0', 'expires': 'Thu, 01 Jan 1970 00:00:01 GMT', 'referrer-policy': 'same-origin', 'server-timing': 'cfEdge;dur=19710,cfOrigin;dur=0', 'x-frame-options': 'SAMEORIGIN', 'server': 'cloudflare', 'cf-ray': 'a47317c56aea986a-ORD'} -+-+- b'error code: 522\n'
⚠️  WebSocket closed: The Session has been Closed!
⚠️  No ticks for 61s — reconnecting (attempt 3)...
🔴 3 consecutive reconnect attempts produced zero new ticks — forcing full re-login + resubscribe...
Logged in successfully
✅ Re-logged in and resubscribed (will confirm ticks resume next cycle)
⚠️  WebSocket closed: The Session has been Closed!
⚠️  Feed error: [Errno 110] Connection timed out
⚠️  WebSocket closed: The Session has been Closed!
⚠️  No ticks for 61s — reconnecting (attempt 1)...
Socket Connection has been closed, So! The scripts are already un-subscribed!
The Data has been Un-Subscribed
  subscribe() returned OK (will confirm ticks resume next cycle)
⚠️  No ticks for 61s — reconnecting (attempt 2)...
Socket Connection has been closed, So! The scripts are already un-subscribed!
The Data has been Un-Subscribed
  subscribe() returned OK (will confirm ticks resume next cycle)
⚠️  WebSocket closed: The Session has been Closed!
⚠️  Feed error: [Errno 110] Connection timed out
⚠️  WebSocket closed: The Session has been Closed!
⚠️  No ticks for 61s — reconnecting (attempt 3)...
🔴 3 consecutive reconnect attempts produced zero new ticks — forcing full re-login + resubscribe...
Logged in successfully
✅ Re-logged in and resubscribed (will confirm ticks resume next cycle)
⚠️  WebSocket closed: The Session has been Closed!
⚠️  Feed error: [Errno 110] Connection timed out
⚠️  WebSocket closed: The Session has been Closed!
⚠️  Feed error: Handshake status 522 <none> -+-+- {'date': 'Thu, 08 Oct 2026 06:34:14 GMT', 'content-type': 'text/plain; charset=UTF-8', 'content-length': '16', 'connection': 'keep-alive', 'cache-control': 'private, max-age=0, no-store, no-cache, must-revalidate, post-check=0, pre-check=0', 'expires': 'Thu, 01 Jan 1970 00:00:01 GMT', 'referrer-policy': 'same-origin', 'server-timing': 'cfEdge;dur=19691,cfOrigin;dur=0', 'x-frame-options': 'SAMEORIGIN', 'server': 'cloudflare', 'cf-ray': 'a4731de85dfe93b1-ORD'} -+-+- b'error code: 522\n'
⚠️  WebSocket closed: The Session has been Closed!
⚠️  No ticks for 61s — reconnecting (attempt 1)...
Socket Connection has been closed, So! The scripts are already un-subscribed!
The Data has been Un-Subscribed
  subscribe() returned OK (will confirm ticks resume next cycle)
⚠️  WebSocket closed: The Session has been Closed!
⚠️  Feed error: [Errno 110] Connection timed out
⚠️  WebSocket closed: The Session has been Closed!
⚠️  No ticks for 61s — reconnecting (attempt 2)...
Socket Connection has been closed, So! The scripts are already un-subscribed!
The Data has been Un-Subscribed
  subscribe() returned OK (will confirm ticks resume next cycle)
⚠️  No ticks for 61s — reconnecting (attempt 3)...
🔴 3 consecutive reconnect attempts produced zero new ticks — forcing full re-login + resubscribe...
Logged in successfully
✅ Re-logged in and resubscribed (will confirm ticks resume next cycle)
⚠️  WebSocket closed: The Session has been Closed!
⚠️  Feed error: [Errno 110] Connection timed out
⚠️  WebSocket closed: The Session has been Closed!
⚠️  No ticks for 61s — reconnecting (attempt 1)...
Socket Connection has been closed, So! The scripts are already un-subscribed!
The Data has been Un-Subscribed
  subscribe() returned OK (will confirm ticks resume next cycle)
⚠️  WebSocket closed: The Session has been Closed!
⚠️  Feed error: [Errno 110] Connection timed out
⚠️  WebSocket closed: The Session has been Closed!
⚠️  Feed error: Handshake status 522 <none> -+-+- {'date': 'Thu, 08 Oct 2026 06:38:26 GMT', 'content-type': 'text/plain; charset=UTF-8', 'content-length': '16', 'connection': 'keep-alive', 'cache-control': 'private, max-age=0, no-store, no-cache, must-revalidate, post-check=0, pre-check=0', 'expires': 'Thu, 01 Jan 1970 00:00:01 GMT', 'referrer-policy': 'same-origin', 'server-timing': 'cfEdge;dur=19293,cfOrigin;dur=0', 'x-frame-options': 'SAMEORIGIN', 'server': 'cloudflare', 'cf-ray': 'a473240d6c5c98a7-ORD'} -+-+- b'error code: 522\n'
⚠️  WebSocket closed: The Session has been Closed!
⚠️  No ticks for 61s — reconnecting (attempt 2)...
Socket Connection has been closed, So! The scripts are already un-subscribed!
The Data has been Un-Subscribed
  subscribe() returned OK (will confirm ticks resume next cycle)
⚠️  WebSocket closed: The Session has been Closed!
⚠️  Feed error: [Errno 110] Connection timed out
⚠️  WebSocket closed: The Session has been Closed!
⚠️  No ticks for 61s — reconnecting (attempt 3)...
🔴 3 consecutive reconnect attempts produced zero new ticks — forcing full re-login + resubscribe...
Logged in successfully
✅ Re-logged in and resubscribed (will confirm ticks resume next cycle)
⚠️  No ticks for 61s — reconnecting (attempt 1)...
Socket Connection has been closed, So! The scripts are already un-subscribed!
The Data has been Un-Subscribed
  subscribe() returned OK (will confirm ticks resume next cycle)
⚠️  WebSocket closed: The Session has been Closed!
⚠️  Feed error: [Errno 110] Connection timed out
⚠️  WebSocket closed: The Session has been Closed!
⚠️  No ticks for 61s — reconnecting (attempt 2)...
Socket Connection has been closed, So! The scripts are already un-subscribed!
The Data has been Un-Subscribed
  subscribe() returned OK (will confirm ticks resume next cycle)
⚠️  WebSocket closed: The Session has been Closed!
⚠️  Feed error: [Errno 110] Connection timed out
⚠️  No ticks for 61s — reconnecting (attempt 3)...
🔴 3 consecutive reconnect attempts produced zero new ticks — forcing full re-login + resubscribe...
Logged in successfully
✅ Re-logged in and resubscribed (will confirm ticks resume next cycle)
⚠️  WebSocket closed: The Session has been Closed!
⚠️  Feed error: [Errno 110] Connection timed out
⚠️  WebSocket closed: The Session has been Closed!
⚠️  No ticks for 61s — reconnecting (attempt 1)...
Socket Connection has been closed, So! The scripts are already un-subscribed!
The Data has been Un-Subscribed
  subscribe() returned OK (will confirm ticks resume next cycle)
⚠️  WebSocket closed: The Session has been Closed!
⚠️  Feed error: [Errno 110] Connection timed out
⚠️  WebSocket closed: The Session has been Closed!
⚠️  No ticks for 61s — reconnecting (attempt 2)...
Socket Connection has been closed, So! The scripts are already un-subscribed!
The Data has been Un-Subscribed
  subscribe() returned OK (will confirm ticks resume next cycle)
⚠️  WebSocket closed: The Session has been Closed!
⚠️  Feed error: [Errno 110] Connection timed out
⚠️  WebSocket closed: The Session has been Closed!
⚠️  No ticks for 61s — reconnecting (attempt 3)...
🔴 3 consecutive reconnect attempts produced zero new ticks — forcing full re-login + resubscribe...
Logged in successfully
✅ Re-logged in and resubscribed (will confirm ticks resume next cycle)
⚠️  WebSocket closed: The Session has been Closed!
⚠️  Feed error: [Errno 110] Connection timed out
⚠️  WebSocket closed: The Session has been Closed!
⚠️  No ticks for 61s — reconnecting (attempt 1)...
Socket Connection has been closed, So! The scripts are already un-subscribed!
The Data has been Un-Subscribed
  subscribe() returned OK (will confirm ticks resume next cycle)
⚠️  WebSocket closed: The Session has been Closed!
⚠️  Feed error: [Errno 110] Connection timed out
⚠️  WebSocket closed: The Session has been Closed!
⚠️  No ticks for 61s — reconnecting (attempt 2)...
Socket Connection has been closed, So! The scripts are already un-subscribed!
The Data has been Un-Subscribed
  subscribe() returned OK (will confirm ticks resume next cycle)
⚠️  WebSocket closed: The Session has been Closed!
⚠️  Feed error: [Errno 110] Connection timed out
⚠️  WebSocket closed: The Session has been Closed!
⚠️  WebSocket closed: The Session has been Closed!
⚠️  Feed error: Handshake status 522 <none> -+-+- {'date': 'Thu, 08 Oct 2026 06:48:56 GMT', 'content-type': 'text/plain; charset=UTF-8', 'content-length': '16', 'connection': 'keep-alive', 'cache-control': 'private, max-age=0, no-store, no-cache, must-revalidate, post-check=0, pre-check=0', 'expires': 'Thu, 01 Jan 1970 00:00:01 GMT', 'referrer-policy': 'same-origin', 'server-timing': 'cfEdge;dur=19810,cfOrigin;dur=0', 'x-frame-options': 'SAMEORIGIN', 'server': 'cloudflare', 'cf-ray': 'a473336adf9f68d7-ORD'} -+-+- b'error code: 522\n'
⚠️  WebSocket closed: The Session has been Closed!
⚠️  No ticks for 61s — reconnecting (attempt 3)...
🔴 3 consecutive reconnect attempts produced zero new ticks — forcing full re-login + resubscribe...
Logged in successfully
✅ Re-logged in and resubscribed (will confirm ticks resume next cycle)
⚠️  WebSocket closed: The Session has been Closed!
⚠️  Feed error: [Errno 110] Connection timed out
⚠️  WebSocket closed: The Session has been Closed!
⚠️  No ticks for 61s — reconnecting (attempt 1)...
Socket Connection has been closed, So! The scripts are already un-subscribed!
The Data has been Un-Subscribed
  subscribe() returned OK (will confirm ticks resume next cycle)
⚠️  No ticks for 61s — reconnecting (attempt 2)...
Socket Connection has been closed, So! The scripts are already un-subscribed!
The Data has been Un-Subscribed
  subscribe() returned OK (will confirm ticks resume next cycle)
⚠️  WebSocket closed: The Session has been Closed!
⚠️  Feed error: [Errno 110] Connection timed out
⚠️  WebSocket closed: The Session has been Closed!
⚠️  No ticks for 61s — reconnecting (attempt 3)...
🔴 3 consecutive reconnect attempts produced zero new ticks — forcing full re-login + resubscribe...
Logged in successfully
✅ Re-logged in and resubscribed (will confirm ticks resume next cycle)
⚠️  WebSocket closed: The Session has been Closed!
⚠️  Feed error: [Errno 110] Connection timed out
⚠️  WebSocket closed: The Session has been Closed!
⚠️  Feed error: Handshake status 522 <none> -+-+- {'date': 'Thu, 08 Oct 2026 06:53:07 GMT', 'content-type': 'text/plain; charset=UTF-8', 'content-length': '16', 'connection': 'keep-alive', 'cache-control': 'private, max-age=0, no-store, no-cache, must-revalidate, post-check=0, pre-check=0', 'expires': 'Thu, 01 Jan 1970 00:00:01 GMT', 'referrer-policy': 'same-origin', 'server-timing': 'cfEdge;dur=19602,cfOrigin;dur=0', 'x-frame-options': 'SAMEORIGIN', 'server': 'cloudflare', 'cf-ray': 'a473398f384bcd80-ORD'} -+-+- b'error code: 522\n'
⚠️  WebSocket closed: The Session has been Closed!
⚠️  No ticks for 61s — reconnecting (attempt 1)...
Socket Connection has been closed, So! The scripts are already un-subscribed!
The Data has been Un-Subscribed
  subscribe() returned OK (will confirm ticks resume next cycle)
⚠️  WebSocket closed: The Session has been Closed!
⚠️  Feed error: [Errno 110] Connection timed out
⚠️  WebSocket closed: The Session has been Closed!
⚠️  No ticks for 61s — reconnecting (attempt 2)...
Socket Connection has been closed, So! The scripts are already un-subscribed!
The Data has been Un-Subscribed
  subscribe() returned OK (will confirm ticks resume next cycle)
⚠️  WebSocket closed: The Session has been Closed!
⚠️  Feed error: Handshake status 522 <none> -+-+- {'date': 'Thu, 08 Oct 2026 06:55:13 GMT', 'content-type': 'text/plain; charset=UTF-8', 'content-length': '16', 'connection': 'keep-alive', 'cache-control': 'private, max-age=0, no-store, no-cache, must-revalidate, post-check=0, pre-check=0', 'expires': 'Thu, 01 Jan 1970 00:00:01 GMT', 'referrer-policy': 'same-origin', 'server-timing': 'cfEdge;dur=19682,cfOrigin;dur=0', 'x-frame-options': 'SAMEORIGIN', 'server': 'cloudflare', 'cf-ray': 'a4733ca2bb237514-ORD'} -+-+- b'error code: 522\n'
⚠️  WebSocket closed: The Session has been Closed!
⚠️  No ticks for 61s — reconnecting (attempt 3)...
🔴 3 consecutive reconnect attempts produced zero new ticks — forcing full re-login + resubscribe...
Logged in successfully
✅ Re-logged in and resubscribed (will confirm ticks resume next cycle)
⚠️  WebSocket closed: The Session has been Closed!
⚠️  Feed error: [Errno 110] Connection timed out
⚠️  WebSocket closed: The Session has been Closed!
⚠️  No ticks for 61s — reconnecting (attempt 1)...
Socket Connection has been closed, So! The scripts are already un-subscribed!
The Data has been Un-Subscribed
  subscribe() returned OK (will confirm ticks resume next cycle)
⚠️  No ticks for 61s — reconnecting (attempt 2)...
Socket Connection has been closed, So! The scripts are already un-subscribed!
The Data has been Un-Subscribed
  subscribe() returned OK (will confirm ticks resume next cycle)
⚠️  WebSocket closed: The Session has been Closed!
⚠️  Feed error: [Errno 110] Connection timed out
⚠️  WebSocket closed: The Session has been Closed!
⚠️  No ticks for 61s — reconnecting (attempt 3)...
🔴 3 consecutive reconnect attempts produced zero new ticks — forcing full re-login + resubscribe...
Logged in successfully
✅ Re-logged in and resubscribed (will confirm ticks resume next cycle)
⚠️  WebSocket closed: The Session has been Closed!
⚠️  Feed error: [Errno 110] Connection timed out
⚠️  WebSocket closed: The Session has been Closed!
⚠️  Feed error: Handshake status 522 <none> -+-+- {'date': 'Thu, 08 Oct 2026 06:59:25 GMT', 'content-type': 'text/plain; charset=UTF-8', 'content-length': '16', 'connection': 'keep-alive', 'cache-control': 'private, max-age=0, no-store, no-cache, must-revalidate, post-check=0, pre-check=0', 'expires': 'Thu, 01 Jan 1970 00:00:01 GMT', 'referrer-policy': 'same-origin', 'server-timing': 'cfEdge;dur=19736,cfOrigin;dur=0', 'x-frame-options': 'SAMEORIGIN', 'server': 'cloudflare', 'cf-ray': 'a47342c74cc383b9-ORD'} -+-+- b'error code: 522\n'
⚠️  WebSocket closed: The Session has been Closed!
⚠️  No ticks for 61s — reconnecting (attempt 1)...
Socket Connection has been closed, So! The scripts are already un-subscribed!
The Data has been Un-Subscribed
  subscribe() returned OK (will confirm ticks resume next cycle)
⚠️  WebSocket closed: The Session has been Closed!
⚠️  Feed error: [Errno 110] Connection timed out
⚠️  WebSocket closed: The Session has been Closed!
⚠️  No ticks for 61s — reconnecting (attempt 2)...
Socket Connection has been closed, So! The scripts are already un-subscribed!
The Data has been Un-Subscribed
  subscribe() returned OK (will confirm ticks resume next cycle)
⚠️  No ticks for 61s — reconnecting (attempt 3)...
🔴 3 consecutive reconnect attempts produced zero new ticks — forcing full re-login + resubscribe...
Logged in successfully
✅ Re-logged in and resubscribed (will confirm ticks resume next cycle)
⚠️  WebSocket closed: The Session has been Closed!
⚠️  Feed error: [Errno 110] Connection timed out
⚠️  WebSocket closed: The Session has been Closed!
⚠️  WebSocket closed: The Session has been Closed!
⚠️  Feed error: Handshake status 522 <none> -+-+- {'date': 'Thu, 08 Oct 2026 07:02:33 GMT', 'content-type': 'text/plain; charset=UTF-8', 'content-length': '16', 'connection': 'keep-alive', 'cache-control': 'private, max-age=0, no-store, no-cache, must-revalidate, post-check=0, pre-check=0', 'expires': 'Thu, 01 Jan 1970 00:00:01 GMT', 'referrer-policy': 'same-origin', 'server-timing': 'cfEdge;dur=19306,cfOrigin;dur=0', 'x-frame-options': 'SAMEORIGIN', 'server': 'cloudflare', 'cf-ray': 'a4734762699a2145-ORD'} -+-+- b'error code: 522\n'
⚠️  WebSocket closed: The Session has been Closed!
⚠️  No ticks for 61s — reconnecting (attempt 1)...
Socket Connection has been closed, So! The scripts are already un-subscribed!
The Data has been Un-Subscribed
  subscribe() returned OK (will confirm ticks resume next cycle)
⚠️  WebSocket closed: The Session has been Closed!
⚠️  Feed error: [Errno 110] Connection timed out
⚠️  No ticks for 61s — reconnecting (attempt 2)...
Socket Connection has been closed, So! The scripts are already un-subscribed!
The Data has been Un-Subscribed
  subscribe() returned OK (will confirm ticks resume next cycle)
⚠️  WebSocket closed: The Session has been Closed!
⚠️  Feed error: Handshake status 522 <none> -+-+- {'date': 'Thu, 08 Oct 2026 07:04:39 GMT', 'content-type': 'text/plain; charset=UTF-8', 'content-length': '16', 'connection': 'keep-alive', 'cache-control': 'private, max-age=0, no-store, no-cache, must-revalidate, post-check=0, pre-check=0', 'expires': 'Thu, 01 Jan 1970 00:00:01 GMT', 'referrer-policy': 'same-origin', 'server-timing': 'cfEdge;dur=19515,cfOrigin;dur=0', 'x-frame-options': 'SAMEORIGIN', 'server': 'cloudflare', 'cf-ray': 'a4734a763cffc93a-ORD'} -+-+- b'error code: 522\n'
⚠️  WebSocket closed: The Session has been Closed!
⚠️  No ticks for 61s — reconnecting (attempt 3)...
🔴 3 consecutive reconnect attempts produced zero new ticks — forcing full re-login + resubscribe...
Logged in successfully
✅ Re-logged in and resubscribed (will confirm ticks resume next cycle)
⚠️  WebSocket closed: The Session has been Closed!
⚠️  Feed error: [Errno 110] Connection timed out
⚠️  WebSocket closed: The Session has been Closed!
⚠️  No ticks for 61s — reconnecting (attempt 1)...
Socket Connection has been closed, So! The scripts are already un-subscribed!
The Data has been Un-Subscribed
  subscribe() returned OK (will confirm ticks resume next cycle)
⚠️  No ticks for 61s — reconnecting (attempt 2)...
Socket Connection has been closed, So! The scripts are already un-subscribed!
The Data has been Un-Subscribed
  subscribe() returned OK (will confirm ticks resume next cycle)
⚠️  WebSocket closed: The Session has been Closed!
⚠️  Feed error: [Errno 110] Connection timed out
⚠️  WebSocket closed: The Session has been Closed!
⚠️  No ticks for 61s — reconnecting (attempt 3)...
🔴 3 consecutive reconnect attempts produced zero new ticks — forcing full re-login + resubscribe...
Logged in successfully
✅ Re-logged in and resubscribed (will confirm ticks resume next cycle)
⚠️  WebSocket closed: The Session has been Closed!
⚠️  Feed error: [Errno 110] Connection timed out
⚠️  No ticks for 61s — reconnecting (attempt 1)...
Socket Connection has been closed, So! The scripts are already un-subscribed!
The Data has been Un-Subscribed
  subscribe() returned OK (will confirm ticks resume next cycle)
⚠️  WebSocket closed: The Session has been Closed!
⚠️  Feed error: [Errno 110] Connection timed out
⚠️  WebSocket closed: The Session has been Closed!
⚠️  No ticks for 61s — reconnecting (attempt 2)...
Socket Connection has been closed, So! The scripts are already un-subscribed!
The Data has been Un-Subscribed
  subscribe() returned OK (will confirm ticks resume next cycle)
⚠️  WebSocket closed: The Session has been Closed!
⚠️  Feed error: [Errno 110] Connection timed out
⚠️  WebSocket closed: The Session has been Closed!
⚠️  No ticks for 61s — reconnecting (attempt 3)...
🔴 3 consecutive reconnect attempts produced zero new ticks — forcing full re-login + resubscribe...
Logged in successfully
✅ Re-logged in and resubscribed (will confirm ticks resume next cycle)
⚠️  WebSocket closed: The Session has been Closed!
⚠️  Feed error: [Errno 110] Connection timed out
⚠️  WebSocket closed: The Session has been Closed!
⚠️  No ticks for 61s — reconnecting (attempt 1)...
Socket Connection has been closed, So! The scripts are already un-subscribed!
The Data has been Un-Subscribed
  subscribe() returned OK (will confirm ticks resume next cycle)
⚠️  WebSocket closed: The Session has been Closed!
⚠️  Feed error: [Errno 110] Connection timed out
⚠️  WebSocket closed: The Session has been Closed!
⚠️  No ticks for 61s — reconnecting (attempt 2)...
Socket Connection has been closed, So! The scripts are already un-subscribed!
The Data has been Un-Subscribed
  subscribe() returned OK (will confirm ticks resume next cycle)
⚠️  WebSocket closed: The Session has been Closed!
⚠️  Feed error: [Errno 110] Connection timed out
⚠️  WebSocket closed: The Session has been Closed!
⚠️  WebSocket closed: The Session has been Closed!
⚠️  Feed error: Handshake status 522 <none> -+-+- {'date': 'Thu, 08 Oct 2026 07:14:05 GMT', 'content-type': 'text/plain; charset=UTF-8', 'content-length': '16', 'connection': 'keep-alive', 'cache-control': 'private, max-age=0, no-store, no-cache, must-revalidate, post-check=0, pre-check=0', 'expires': 'Thu, 01 Jan 1970 00:00:01 GMT', 'referrer-policy': 'same-origin', 'server-timing': 'cfEdge;dur=19578,cfOrigin;dur=0', 'x-frame-options': 'SAMEORIGIN', 'server': 'cloudflare', 'cf-ray': 'a47358489966616b-ORD'} -+-+- b'error code: 522\n'
⚠️  WebSocket closed: The Session has been Closed!
⚠️  No ticks for 61s — reconnecting (attempt 3)...
🔴 3 consecutive reconnect attempts produced zero new ticks — forcing full re-login + resubscribe...
Logged in successfully
✅ Re-logged in and resubscribed (will confirm ticks resume next cycle)
⚠️  WebSocket closed: The Session has been Closed!
⚠️  Feed error: [Errno 110] Connection timed out
⚠️  WebSocket closed: The Session has been Closed!
⚠️  No ticks for 61s — reconnecting (attempt 1)...
Socket Connection has been closed, So! The scripts are already un-subscribed!
The Data has been Un-Subscribed
  subscribe() returned OK (will confirm ticks resume next cycle)
⚠️  No ticks for 61s — reconnecting (attempt 2)...
Socket Connection has been closed, So! The scripts are already un-subscribed!
The Data has been Un-Subscribed
  subscribe() returned OK (will confirm ticks resume next cycle)
⚠️  WebSocket closed: The Session has been Closed!
⚠️  Feed error: [Errno 110] Connection timed out
⚠️  WebSocket closed: The Session has been Closed!
⚠️  WebSocket closed: The Session has been Closed!
⚠️  Feed error: Handshake status 522 <none> -+-+- {'date': 'Thu, 08 Oct 2026 07:17:14 GMT', 'content-type': 'text/plain; charset=UTF-8', 'content-length': '16', 'connection': 'keep-alive', 'cache-control': 'private, max-age=0, no-store, no-cache, must-revalidate, post-check=0, pre-check=0', 'expires': 'Thu, 01 Jan 1970 00:00:01 GMT', 'referrer-policy': 'same-origin', 'server-timing': 'cfEdge;dur=19420,cfOrigin;dur=0', 'x-frame-options': 'SAMEORIGIN', 'server': 'cloudflare', 'cf-ray': 'a4735ce41ffbeac7-ORD'} -+-+- b'error code: 522\n'
⚠️  WebSocket closed: The Session has been Closed!
⚠️  No ticks for 61s — reconnecting (attempt 3)...
🔴 3 consecutive reconnect attempts produced zero new ticks — forcing full re-login + resubscribe...
Logged in successfully
✅ Re-logged in and resubscribed (will confirm ticks resume next cycle)
⚠️  WebSocket closed: The Session has been Closed!
⚠️  Feed error: [Errno 110] Connection timed out
⚠️  No ticks for 61s — reconnecting (attempt 1)...
Socket Connection has been closed, So! The scripts are already un-subscribed!
The Data has been Un-Subscribed
  subscribe() returned OK (will confirm ticks resume next cycle)
⚠️  No ticks for 61s — reconnecting (attempt 2)...
Socket Connection has been closed, So! The scripts are already un-subscribed!
The Data has been Un-Subscribed
  subscribe() returned OK (will confirm ticks resume next cycle)
⚠️  WebSocket closed: The Session has been Closed!
⚠️  Feed error: [Errno 110] Connection timed out
⚠️  WebSocket closed: The Session has been Closed!
⚠️  No ticks for 61s — reconnecting (attempt 3)...
🔴 3 consecutive reconnect attempts produced zero new ticks — forcing full re-login + resubscribe...
Logged in successfully
✅ Re-logged in and resubscribed (will confirm ticks resume next cycle)
⚠️  WebSocket closed: The Session has been Closed!
⚠️  Feed error: [Errno 110] Connection timed out
⚠️  No ticks for 61s — reconnecting (attempt 1)...
Socket Connection has been closed, So! The scripts are already un-subscribed!
The Data has been Un-Subscribed
  subscribe() returned OK (will confirm ticks resume next cycle)
⚠️  WebSocket closed: The Session has been Closed!
⚠️  Feed error: [Errno 110] Connection timed out
⚠️  WebSocket closed: The Session has been Closed!
⚠️  No ticks for 61s — reconnecting (attempt 2)...
Socket Connection has been closed, So! The scripts are already un-subscribed!
The Data has been Un-Subscribed
  subscribe() returned OK (will confirm ticks resume next cycle)
⚠️  WebSocket closed: The Session has been Closed!
⚠️  Feed error: [Errno 110] Connection timed out
⚠️  WebSocket closed: The Session has been Closed!
⚠️  No ticks for 61s — reconnecting (attempt 3)...
🔴 3 consecutive reconnect attempts produced zero new ticks — forcing full re-login + resubscribe...
Logged in successfully
✅ Re-logged in and resubscribed (will confirm ticks resume next cycle)
⚠️  WebSocket closed: The Session has been Closed!
⚠️  Feed error: [Errno 110] Connection timed out
⚠️  WebSocket closed: The Session has been Closed!
⚠️  WebSocket closed: The Session has been Closed!
⚠️  Feed error: Handshake status 522 <none> -+-+- {'date': 'Thu, 08 Oct 2026 07:24:34 GMT', 'content-type': 'text/plain; charset=UTF-8', 'content-length': '16', 'connection': 'keep-alive', 'cache-control': 'private, max-age=0, no-store, no-cache, must-revalidate, post-check=0, pre-check=0', 'expires': 'Thu, 01 Jan 1970 00:00:01 GMT', 'referrer-policy': 'same-origin', 'server-timing': 'cfEdge;dur=19484,cfOrigin;dur=0', 'x-frame-options': 'SAMEORIGIN', 'server': 'cloudflare', 'cf-ray': 'a47367a369e1b002-ORD'} -+-+- b'error code: 522\n'
⚠️  WebSocket closed: The Session has been Closed!
⚠️  No ticks for 61s — reconnecting (attempt 1)...
Socket Connection has been closed, So! The scripts are already un-subscribed!
The Data has been Un-Subscribed
  subscribe() returned OK (will confirm ticks resume next cycle)
⚠️  WebSocket closed: The Session has been Closed!
⚠️  Feed error: [Errno 110] Connection timed out
⚠️  WebSocket closed: The Session has been Closed!
⚠️  No ticks for 61s — reconnecting (attempt 2)...
Socket Connection has been closed, So! The scripts are already un-subscribed!
The Data has been Un-Subscribed
  subscribe() returned OK (will confirm ticks resume next cycle)
⚠️  No ticks for 61s — reconnecting (attempt 3)...
🔴 3 consecutive reconnect attempts produced zero new ticks — forcing full re-login + resubscribe...
Logged in successfully
✅ Re-logged in and resubscribed (will confirm ticks resume next cycle)
⚠️  WebSocket closed: The Session has been Closed!
⚠️  Feed error: [Errno 110] Connection timed out
⚠️  WebSocket closed: The Session has been Closed!
⚠️  No ticks for 61s — reconnecting (attempt 1)...
Socket Connection has been closed, So! The scripts are already un-subscribed!
The Data has been Un-Subscribed
  subscribe() returned OK (will confirm ticks resume next cycle)
⚠️  WebSocket closed: The Session has been Closed!
⚠️  Feed error: [Errno 110] Connection timed out
⚠️  No ticks for 61s — reconnecting (attempt 2)...
Socket Connection has been closed, So! The scripts are already un-subscribed!
The Data has been Un-Subscribed
  subscribe() returned OK (will confirm ticks resume next cycle)
⚠️  WebSocket closed: The Session has been Closed!
⚠️  Feed error: [Errno 110] Connection timed out
⚠️  WebSocket closed: The Session has been Closed!
⚠️  No ticks for 61s — reconnecting (attempt 3)...
🔴 3 consecutive reconnect attempts produced zero new ticks — forcing full re-login + resubscribe...
Logged in successfully
✅ Re-logged in and resubscribed (will confirm ticks resume next cycle)
⚠️  WebSocket closed: The Session has been Closed!
⚠️  Feed error: [Errno 110] Connection timed out
⚠️  WebSocket closed: The Session has been Closed!
⚠️  No ticks for 61s — reconnecting (attempt 1)...
Socket Connection has been closed, So! The scripts are already un-subscribed!
The Data has been Un-Subscribed
  subscribe() returned OK (will confirm ticks resume next cycle)
⚠️  WebSocket closed: The Session has been Closed!
⚠️  Feed error: [Errno 110] Connection timed out
⚠️  WebSocket closed: The Session has been Closed!
⚠️  No ticks for 61s — reconnecting (attempt 2)...
Socket Connection has been closed, So! The scripts are already un-subscribed!
The Data has been Un-Subscribed
  subscribe() returned OK (will confirm ticks resume next cycle)
⚠️  WebSocket closed: The Session has been Closed!
⚠️  Feed error: [Errno 110] Connection timed out
⚠️  WebSocket closed: The Session has been Closed!
⚠️  No ticks for 61s — reconnecting (attempt 3)...
🔴 3 consecutive reconnect attempts produced zero new ticks — forcing full re-login + resubscribe...
Logged in successfully
✅ Re-logged in and resubscribed (will confirm ticks resume next cycle)
⚠️  WebSocket closed: The Session has been Closed!
⚠️  Feed error: [Errno 110] Connection timed out
⚠️  WebSocket closed: The Session has been Closed!
⚠️  No ticks for 61s — reconnecting (attempt 1)...
Socket Connection has been closed, So! The scripts are already un-subscribed!
The Data has been Un-Subscribed
  subscribe() returned OK (will confirm ticks resume next cycle)
⚠️  WebSocket closed: The Session has been Closed!
⚠️  Feed error: [Errno 110] Connection timed out
⚠️  WebSocket closed: The Session has been Closed!
⚠️  No ticks for 61s — reconnecting (attempt 2)...
Socket Connection has been closed, So! The scripts are already un-subscribed!
The Data has been Un-Subscribed
  subscribe() returned OK (will confirm ticks resume next cycle)
⚠️  WebSocket closed: The Session has been Closed!
⚠️  Feed error: [Errno 110] Connection timed out
⚠️  WebSocket closed: The Session has been Closed!
⚠️  No ticks for 61s — reconnecting (attempt 3)...
🔴 3 consecutive reconnect attempts produced zero new ticks — forcing full re-login + resubscribe...
Logged in successfully
✅ Re-logged in and resubscribed (will confirm ticks resume next cycle)
⚠️  WebSocket closed: The Session has been Closed!
⚠️  Feed error: [Errno 110] Connection timed out
⚠️  WebSocket closed: The Session has been Closed!
⚠️  No ticks for 61s — reconnecting (attempt 1)...
Socket Connection has been closed, So! The scripts are already un-subscribed!
The Data has been Un-Subscribed
  subscribe() returned OK (will confirm ticks resume next cycle)
⚠️  WebSocket closed: The Session has been Closed!
⚠️  Feed error: [Errno 110] Connection timed out
⚠️  WebSocket closed: The Session has been Closed!
⚠️  No ticks for 61s — reconnecting (attempt 2)...
Socket Connection has been closed, So! The scripts are already un-subscribed!
The Data has been Un-Subscribed
  subscribe() returned OK (will confirm ticks resume next cycle)
⚠️  WebSocket closed: The Session has been Closed!
⚠️  Feed error: [Errno 110] Connection timed out
⚠️  WebSocket closed: The Session has been Closed!
⚠️  No ticks for 61s — reconnecting (attempt 3)...
🔴 3 consecutive reconnect attempts produced zero new ticks — forcing full re-login + resubscribe...
Logged in successfully
✅ Re-logged in and resubscribed (will confirm ticks resume next cycle)
⚠️  WebSocket closed: The Session has been Closed!
⚠️  Feed error: [Errno 110] Connection timed out
⚠️  WebSocket closed: The Session has been Closed!
⚠️  No ticks for 61s — reconnecting (attempt 1)...
Socket Connection has been closed, So! The scripts are already un-subscribed!
The Data has been Un-Subscribed
  subscribe() returned OK (will confirm ticks resume next cycle)
⚠️  WebSocket closed: The Session has been Closed!
⚠️  Feed error: [Errno 110] Connection timed out
⚠️  WebSocket closed: The Session has been Closed!
⚠️  WebSocket closed: The Session has been Closed!
⚠️  Feed error: Handshake status 522 <none> -+-+- {'date': 'Thu, 08 Oct 2026 07:41:21 GMT', 'content-type': 'text/plain; charset=UTF-8', 'content-length': '16', 'connection': 'keep-alive', 'cache-control': 'private, max-age=0, no-store, no-cache, must-revalidate, post-check=0, pre-check=0', 'expires': 'Thu, 01 Jan 1970 00:00:01 GMT', 'referrer-policy': 'same-origin', 'server-timing': 'cfEdge;dur=19368,cfOrigin;dur=0', 'x-frame-options': 'SAMEORIGIN', 'server': 'cloudflare', 'cf-ray': 'a4738038b9ca4f6c-ORD'} -+-+- b'error code: 522\n'
⚠️  WebSocket closed: The Session has been Closed!
⚠️  No ticks for 61s — reconnecting (attempt 2)...
Socket Connection has been closed, So! The scripts are already un-subscribed!
The Data has been Un-Subscribed
  subscribe() returned OK (will confirm ticks resume next cycle)
⚠️  WebSocket closed: The Session has been Closed!
⚠️  Feed error: [Errno 110] Connection timed out
⚠️  WebSocket closed: The Session has been Closed!
⚠️  WebSocket closed: The Session has been Closed!
⚠️  Feed error: Handshake status 522 <none> -+-+- {'date': 'Thu, 08 Oct 2026 07:42:24 GMT', 'content-type': 'text/plain; charset=UTF-8', 'content-length': '16', 'connection': 'keep-alive', 'cache-control': 'private, max-age=0, no-store, no-cache, must-revalidate, post-check=0, pre-check=0', 'expires': 'Thu, 01 Jan 1970 00:00:01 GMT', 'referrer-policy': 'same-origin', 'server-timing': 'cfEdge;dur=19575,cfOrigin;dur=0', 'x-frame-options': 'SAMEORIGIN', 'server': 'cloudflare', 'cf-ray': 'a47381c27b84ead3-ORD'} -+-+- b'error code: 522\n'
⚠️  WebSocket closed: The Session has been Closed!
⚠️  No ticks for 61s — reconnecting (attempt 3)...
🔴 3 consecutive reconnect attempts produced zero new ticks — forcing full re-login + resubscribe...
Logged in successfully
✅ Re-logged in and resubscribed (will confirm ticks resume next cycle)
⚠️  No ticks for 61s — reconnecting (attempt 1)...
Socket Connection has been closed, So! The scripts are already un-subscribed!
The Data has been Un-Subscribed
  subscribe() returned OK (will confirm ticks resume next cycle)
⚠️  No ticks for 61s — reconnecting (attempt 2)...
Socket Connection has been closed, So! The scripts are already un-subscribed!
The Data has been Un-Subscribed
  subscribe() returned OK (will confirm ticks resume next cycle)
⚠️  WebSocket closed: The Session has been Closed!
⚠️  Feed error: [Errno 110] Connection timed out
⚠️  No ticks for 61s — reconnecting (attempt 3)...
🔴 3 consecutive reconnect attempts produced zero new ticks — forcing full re-login + resubscribe...
Logged in successfully
✅ Re-logged in and resubscribed (will confirm ticks resume next cycle)
⚠️  WebSocket closed: The Session has been Closed!
⚠️  Feed error: [Errno 110] Connection timed out
⚠️  No ticks for 61s — reconnecting (attempt 1)...
Socket Connection has been closed, So! The scripts are already un-subscribed!
The Data has been Un-Subscribed
  subscribe() returned OK (will confirm ticks resume next cycle)
⚠️  WebSocket closed: The Session has been Closed!
⚠️  Feed error: [Errno 110] Connection timed out
⚠️  WebSocket closed: The Session has been Closed!
⚠️  No ticks for 61s — reconnecting (attempt 2)...
Socket Connection has been closed, So! The scripts are already un-subscribed!
The Data has been Un-Subscribed
  subscribe() returned OK (will confirm ticks resume next cycle)
⚠️  WebSocket closed: The Session has been Closed!
⚠️  Feed error: [Errno 110] Connection timed out
⚠️  WebSocket closed: The Session has been Closed!
⚠️  No ticks for 61s — reconnecting (attempt 3)...
🔴 3 consecutive reconnect attempts produced zero new ticks — forcing full re-login + resubscribe...
Logged in successfully
✅ Re-logged in and resubscribed (will confirm ticks resume next cycle)
⚠️  WebSocket closed: The Session has been Closed!
⚠️  Feed error: [Errno 110] Connection timed out
⚠️  WebSocket closed: The Session has been Closed!
⚠️  No ticks for 61s — reconnecting (attempt 1)...
Socket Connection has been closed, So! The scripts are already un-subscribed!
The Data has been Un-Subscribed
  subscribe() returned OK (will confirm ticks resume next cycle)
⚠️  WebSocket closed: The Session has been Closed!
⚠️  Feed error: [Errno 110] Connection timed out
⚠️  WebSocket closed: The Session has been Closed!
⚠️  WebSocket closed: The Session has been Closed!
⚠️  Feed error: Handshake status 522 <none> -+-+- {'date': 'Thu, 08 Oct 2026 07:50:47 GMT', 'content-type': 'text/plain; charset=UTF-8', 'content-length': '16', 'connection': 'keep-alive', 'cache-control': 'private, max-age=0, no-store, no-cache, must-revalidate, post-check=0, pre-check=0', 'expires': 'Thu, 01 Jan 1970 00:00:01 GMT', 'referrer-policy': 'same-origin', 'server-timing': 'cfEdge;dur=19256,cfOrigin;dur=0', 'x-frame-options': 'SAMEORIGIN', 'server': 'cloudflare', 'cf-ray': 'a4738e0b9c2ce8ea-ORD'} -+-+- b'error code: 522\n'
⚠️  WebSocket closed: The Session has been Closed!
⚠️  No ticks for 61s — reconnecting (attempt 2)...
Socket Connection has been closed, So! The scripts are already un-subscribed!
The Data has been Un-Subscribed
  subscribe() returned OK (will confirm ticks resume next cycle)
⚠️  WebSocket closed: The Session has been Closed!
⚠️  Feed error: [Errno 110] Connection timed out
⚠️  WebSocket closed: The Session has been Closed!
⚠️  No ticks for 61s — reconnecting (attempt 3)...
🔴 3 consecutive reconnect attempts produced zero new ticks — forcing full re-login + resubscribe...
Logged in successfully
✅ Re-logged in and resubscribed (will confirm ticks resume next cycle)
⚠️  WebSocket closed: The Session has been Closed!
⚠️  Feed error: Handshake status 522 <none> -+-+- {'date': 'Thu, 08 Oct 2026 07:52:53 GMT', 'content-type': 'text/plain; charset=UTF-8', 'content-length': '16', 'connection': 'keep-alive', 'cache-control': 'private, max-age=0, no-store, no-cache, must-revalidate, post-check=0, pre-check=0', 'expires': 'Thu, 01 Jan 1970 00:00:01 GMT', 'referrer-policy': 'same-origin', 'server-timing': 'cfEdge;dur=19516,cfOrigin;dur=0', 'x-frame-options': 'SAMEORIGIN', 'server': 'cloudflare', 'cf-ray': 'a473911d7c001a46-ORD'} -+-+- b'error code: 522\n'
⚠️  WebSocket closed: The Session has been Closed!
⚠️  No ticks for 61s — reconnecting (attempt 1)...
Socket Connection has been closed, So! The scripts are already un-subscribed!
The Data has been Un-Subscribed
  subscribe() returned OK (will confirm ticks resume next cycle)
⚠️  WebSocket closed: The Session has been Closed!
⚠️  Feed error: [Errno 110] Connection timed out
⚠️  WebSocket closed: The Session has been Closed!
⚠️  No ticks for 61s — reconnecting (attempt 2)...
Socket Connection has been closed, So! The scripts are already un-subscribed!
The Data has been Un-Subscribed
  subscribe() returned OK (will confirm ticks resume next cycle)
⚠️  No ticks for 61s — reconnecting (attempt 3)...
🔴 3 consecutive reconnect attempts produced zero new ticks — forcing full re-login + resubscribe...
Logged in successfully
✅ Re-logged in and resubscribed (will confirm ticks resume next cycle)
⚠️  WebSocket closed: The Session has been Closed!
⚠️  Feed error: [Errno 110] Connection timed out
⚠️  WebSocket closed: The Session has been Closed!
⚠️  No ticks for 61s — reconnecting (attempt 1)...
Socket Connection has been closed, So! The scripts are already un-subscribed!
The Data has been Un-Subscribed
  subscribe() returned OK (will confirm ticks resume next cycle)
⚠️  WebSocket closed: The Session has been Closed!
⚠️  Feed error: [Errno 110] Connection timed out
⚠️  No ticks for 61s — reconnecting (attempt 2)...
Socket Connection has been closed, So! The scripts are already un-subscribed!
The Data has been Un-Subscribed
  subscribe() returned OK (will confirm ticks resume next cycle)
⚠️  WebSocket closed: The Session has been Closed!
⚠️  Feed error: [Errno 110] Connection timed out
⚠️  WebSocket closed: The Session has been Closed!
⚠️  No ticks for 61s — reconnecting (attempt 3)...
🔴 3 consecutive reconnect attempts produced zero new ticks — forcing full re-login + resubscribe...
Logged in successfully
✅ Re-logged in and resubscribed (will confirm ticks resume next cycle)
⚠️  WebSocket closed: The Session has been Closed!
⚠️  Feed error: [Errno 110] Connection timed out
⚠️  WebSocket closed: The Session has been Closed!
⚠️  WebSocket closed: The Session has been Closed!
⚠️  Feed error: Handshake status 522 <none> -+-+- {'date': 'Thu, 08 Oct 2026 07:59:11 GMT', 'content-type': 'text/plain; charset=UTF-8', 'content-length': '16', 'connection': 'keep-alive', 'cache-control': 'private, max-age=0, no-store, no-cache, must-revalidate, post-check=0, pre-check=0', 'expires': 'Thu, 01 Jan 1970 00:00:01 GMT', 'referrer-policy': 'same-origin', 'server-timing': 'cfEdge;dur=19346,cfOrigin;dur=0', 'x-frame-options': 'SAMEORIGIN', 'server': 'cloudflare', 'cf-ray': 'a4739a555f628f4d-ORD'} -+-+- b'error code: 522\n'
⚠️  WebSocket closed: The Session has been Closed!
⚠️  No ticks for 61s — reconnecting (attempt 1)...
Socket Connection has been closed, So! The scripts are already un-subscribed!
The Data has been Un-Subscribed
  subscribe() returned OK (will confirm ticks resume next cycle)
⚠️  WebSocket closed: The Session has been Closed!
⚠️  Feed error: [Errno 110] Connection timed out
⚠️  WebSocket closed: The Session has been Closed!
⚠️  No ticks for 61s — reconnecting (attempt 2)...
Socket Connection has been closed, So! The scripts are already un-subscribed!
The Data has been Un-Subscribed
  subscribe() returned OK (will confirm ticks resume next cycle)
⚠️  No ticks for 61s — reconnecting (attempt 3)...
🔴 3 consecutive reconnect attempts produced zero new ticks — forcing full re-login + resubscribe...
Logged in successfully
✅ Re-logged in and resubscribed (will confirm ticks resume next cycle)
⚠️  WebSocket closed: The Session has been Closed!
⚠️  Feed error: [Errno 110] Connection timed out
⚠️  WebSocket closed: The Session has been Closed!
⚠️  No ticks for 61s — reconnecting (attempt 1)...
Socket Connection has been closed, So! The scripts are already un-subscribed!
The Data has been Un-Subscribed
  subscribe() returned OK (will confirm ticks resume next cycle)
⚠️  WebSocket closed: The Session has been Closed!
⚠️  Feed error: [Errno 110] Connection timed out
⚠️  No ticks for 61s — reconnecting (attempt 2)...
Socket Connection has been closed, So! The scripts are already un-subscribed!
The Data has been Un-Subscribed
  subscribe() returned OK (will confirm ticks resume next cycle)
⚠️  WebSocket closed: The Session has been Closed!
⚠️  Feed error: [Errno 110] Connection timed out
⚠️  WebSocket closed: The Session has been Closed!
⚠️  No ticks for 61s — reconnecting (attempt 3)...
🔴 3 consecutive reconnect attempts produced zero new ticks — forcing full re-login + resubscribe...
Logged in successfully
✅ Re-logged in and resubscribed (will confirm ticks resume next cycle)
⚠️  WebSocket closed: The Session has been Closed!
⚠️  Feed error: [Errno 110] Connection timed out
⚠️  WebSocket closed: The Session has been Closed!
⚠️  No ticks for 61s — reconnecting (attempt 1)...
Socket Connection has been closed, So! The scripts are already un-subscribed!
The Data has been Un-Subscribed
  subscribe() returned OK (will confirm ticks resume next cycle)
⚠️  WebSocket closed: The Session has been Closed!
⚠️  Feed error: [Errno 110] Connection timed out
⚠️  WebSocket closed: The Session has been Closed!
⚠️  No ticks for 61s — reconnecting (attempt 2)...
Socket Connection has been closed, So! The scripts are already un-subscribed!
The Data has been Un-Subscribed
  subscribe() returned OK (will confirm ticks resume next cycle)
⚠️  WebSocket closed: The Session has been Closed!
⚠️  Feed error: [Errno 110] Connection timed out
⚠️  WebSocket closed: The Session has been Closed!
⚠️  No ticks for 61s — reconnecting (attempt 3)...
🔴 3 consecutive reconnect attempts produced zero new ticks — forcing full re-login + resubscribe...
Logged in successfully
✅ Re-logged in and resubscribed (will confirm ticks resume next cycle)
⚠️  WebSocket closed: The Session has been Closed!
⚠️  Feed error: [Errno 110] Connection timed out
⚠️  WebSocket closed: The Session has been Closed!
⚠️  No ticks for 61s — reconnecting (attempt 1)...
Socket Connection has been closed, So! The scripts are already un-subscribed!
The Data has been Un-Subscribed
  subscribe() returned OK (will confirm ticks resume next cycle)
⚠️  WebSocket closed: The Session has been Closed!
⚠️  Feed error: [Errno 110] Connection timed out
⚠️  WebSocket closed: The Session has been Closed!
⚠️  No ticks for 61s — reconnecting (attempt 2)...
Socket Connection has been closed, So! The scripts are already un-subscribed!
The Data has been Un-Subscribed
  subscribe() returned OK (will confirm ticks resume next cycle)
⚠️  WebSocket closed: The Session has been Closed!
⚠️  Feed error: [Errno 110] Connection timed out
⚠️  WebSocket closed: The Session has been Closed!
⚠️  No ticks for 61s — reconnecting (attempt 3)...
🔴 3 consecutive reconnect attempts produced zero new ticks — forcing full re-login + resubscribe...
Logged in successfully
✅ Re-logged in and resubscribed (will confirm ticks resume next cycle)
⚠️  WebSocket closed: The Session has been Closed!
⚠️  Feed error: [Errno 110] Connection timed out
⚠️  WebSocket closed: The Session has been Closed!
⚠️  No ticks for 61s — reconnecting (attempt 1)...
Socket Connection has been closed, So! The scripts are already un-subscribed!
The Data has been Un-Subscribed
  subscribe() returned OK (will confirm ticks resume next cycle)
⚠️  WebSocket closed: The Session has been Closed!
⚠️  Feed error: [Errno 110] Connection timed out
⚠️  WebSocket closed: The Session has been Closed!
⚠️  No ticks for 61s — reconnecting (attempt 2)...
Socket Connection has been closed, So! The scripts are already un-subscribed!
The Data has been Un-Subscribed
  subscribe() returned OK (will confirm ticks resume next cycle)
⚠️  WebSocket closed: The Session has been Closed!
⚠️  Feed error: [Errno 110] Connection timed out
⚠️  WebSocket closed: The Session has been Closed!
⚠️  WebSocket closed: The Session has been Closed!
⚠️  Feed error: Handshake status 522 <none> -+-+- {'date': 'Thu, 08 Oct 2026 08:13:52 GMT', 'content-type': 'text/plain; charset=UTF-8', 'content-length': '16', 'connection': 'keep-alive', 'cache-control': 'private, max-age=0, no-store, no-cache, must-revalidate, post-check=0, pre-check=0', 'expires': 'Thu, 01 Jan 1970 00:00:01 GMT', 'referrer-policy': 'same-origin', 'server-timing': 'cfEdge;dur=19642,cfOrigin;dur=0', 'x-frame-options': 'SAMEORIGIN', 'server': 'cloudflare', 'cf-ray': 'a473afd86c291d26-ORD'} -+-+- b'error code: 522\n'
⚠️  WebSocket closed: The Session has been Closed!
⚠️  No ticks for 61s — reconnecting (attempt 3)...
🔴 3 consecutive reconnect attempts produced zero new ticks — forcing full re-login + resubscribe...
Logged in successfully
✅ Re-logged in and resubscribed (will confirm ticks resume next cycle)
⚠️  WebSocket closed: The Session has been Closed!
⚠️  Feed error: [Errno 110] Connection timed out
⚠️  WebSocket closed: The Session has been Closed!
⚠️  No ticks for 61s — reconnecting (attempt 1)...
Socket Connection has been closed, So! The scripts are already un-subscribed!
The Data has been Un-Subscribed
  subscribe() returned OK (will confirm ticks resume next cycle)
⚠️  No ticks for 61s — reconnecting (attempt 2)...
Socket Connection has been closed, So! The scripts are already un-subscribed!
The Data has been Un-Subscribed
  subscribe() returned OK (will confirm ticks resume next cycle)
⚠️  WebSocket closed: The Session has been Closed!
⚠️  Feed error: [Errno 110] Connection timed out
⚠️  WebSocket closed: The Session has been Closed!
⚠️  No ticks for 61s — reconnecting (attempt 3)...
🔴 3 consecutive reconnect attempts produced zero new ticks — forcing full re-login + resubscribe...
Logged in successfully
✅ Re-logged in and resubscribed (will confirm ticks resume next cycle)
⚠️  WebSocket closed: The Session has been Closed!
⚠️  Feed error: [Errno 110] Connection timed out
⚠️  WebSocket closed: The Session has been Closed!
⚠️  Feed error: Handshake status 522 <none> -+-+- {'date': 'Thu, 08 Oct 2026 08:18:04 GMT', 'content-type': 'text/plain; charset=UTF-8', 'content-length': '16', 'connection': 'keep-alive', 'cache-control': 'private, max-age=0, no-store, no-cache, must-revalidate, post-check=0, pre-check=0', 'expires': 'Thu, 01 Jan 1970 00:00:01 GMT', 'referrer-policy': 'same-origin', 'server-timing': 'cfEdge;dur=19608,cfOrigin;dur=0', 'x-frame-options': 'SAMEORIGIN', 'server': 'cloudflare', 'cf-ray': 'a473b5fc8d816d8d-ORD'} -+-+- b'error code: 522\n'
⚠️  WebSocket closed: The Session has been Closed!
⚠️  No ticks for 61s — reconnecting (attempt 1)...
Socket Connection has been closed, So! The scripts are already un-subscribed!
The Data has been Un-Subscribed
  subscribe() returned OK (will confirm ticks resume next cycle)
⚠️  WebSocket closed: The Session has been Closed!
⚠️  Feed error: [Errno 110] Connection timed out
⚠️  WebSocket closed: The Session has been Closed!
⚠️  No ticks for 61s — reconnecting (attempt 2)...
Socket Connection has been closed, So! The scripts are already un-subscribed!
The Data has been Un-Subscribed
  subscribe() returned OK (will confirm ticks resume next cycle)
⚠️  No ticks for 61s — reconnecting (attempt 3)...
🔴 3 consecutive reconnect attempts produced zero new ticks — forcing full re-login + resubscribe...
Logged in successfully
✅ Re-logged in and resubscribed (will confirm ticks resume next cycle)
⚠️  WebSocket closed: The Session has been Closed!
⚠️  Feed error: [Errno 110] Connection timed out
⚠️  WebSocket closed: The Session has been Closed!
⚠️  No ticks for 61s — reconnecting (attempt 1)...
Socket Connection has been closed, So! The scripts are already un-subscribed!
The Data has been Un-Subscribed
  subscribe() returned OK (will confirm ticks resume next cycle)
⚠️  WebSocket closed: The Session has been Closed!
⚠️  Feed error: [Errno 110] Connection timed out
⚠️  No ticks for 61s — reconnecting (attempt 2)...
Socket Connection has been closed, So! The scripts are already un-subscribed!
The Data has been Un-Subscribed
  subscribe() returned OK (will confirm ticks resume next cycle)
⚠️  WebSocket closed: The Session has been Closed!
⚠️  Feed error: [Errno 110] Connection timed out
⚠️  WebSocket closed: The Session has been Closed!
⚠️  No ticks for 61s — reconnecting (attempt 3)...
🔴 3 consecutive reconnect attempts produced zero new ticks — forcing full re-login + resubscribe...
Logged in successfully
✅ Re-logged in and resubscribed (will confirm ticks resume next cycle)
⚠️  WebSocket closed: The Session has been Closed!
⚠️  Feed error: [Errno 110] Connection timed out
⚠️  WebSocket closed: The Session has been Closed!
⚠️  WebSocket closed: The Session has been Closed!
⚠️  Feed error: Handshake status 522 <none> -+-+- {'date': 'Thu, 08 Oct 2026 08:24:21 GMT', 'content-type': 'text/plain; charset=UTF-8', 'content-length': '16', 'connection': 'keep-alive', 'cache-control': 'private, max-age=0, no-store, no-cache, must-revalidate, post-check=0, pre-check=0', 'expires': 'Thu, 01 Jan 1970 00:00:01 GMT', 'referrer-policy': 'same-origin', 'server-timing': 'cfEdge;dur=19317,cfOrigin;dur=0', 'x-frame-options': 'SAMEORIGIN', 'server': 'cloudflare', 'cf-ray': 'a473bf347e5b1122-ORD'} -+-+- b'error code: 522\n'
⚠️  WebSocket closed: The Session has been Closed!
⚠️  No ticks for 61s — reconnecting (attempt 1)...
Socket Connection has been closed, So! The scripts are already un-subscribed!
The Data has been Un-Subscribed
  subscribe() returned OK (will confirm ticks resume next cycle)
⚠️  WebSocket closed: The Session has been Closed!
⚠️  Feed error: [Errno 110] Connection timed out
⚠️  WebSocket closed: The Session has been Closed!
⚠️  WebSocket closed: The Session has been Closed!
⚠️  Feed error: Handshake status 522 <none> -+-+- {'date': 'Thu, 08 Oct 2026 08:25:24 GMT', 'content-type': 'text/plain; charset=UTF-8', 'content-length': '16', 'connection': 'keep-alive', 'cache-control': 'private, max-age=0, no-store, no-cache, must-revalidate, post-check=0, pre-check=0', 'expires': 'Thu, 01 Jan 1970 00:00:01 GMT', 'referrer-policy': 'same-origin', 'server-timing': 'cfEdge;dur=19723,cfOrigin;dur=0', 'x-frame-options': 'SAMEORIGIN', 'server': 'cloudflare', 'cf-ray': 'a473c0be2b2f0cda-ORD'} -+-+- b'error code: 522\n'
⚠️  WebSocket closed: The Session has been Closed!
⚠️  No ticks for 61s — reconnecting (attempt 2)...
Socket Connection has been closed, So! The scripts are already un-subscribed!
The Data has been Un-Subscribed
  subscribe() returned OK (will confirm ticks resume next cycle)
⚠️  No ticks for 61s — reconnecting (attempt 3)...
🔴 3 consecutive reconnect attempts produced zero new ticks — forcing full re-login + resubscribe...
Logged in successfully
✅ Re-logged in and resubscribed (will confirm ticks resume next cycle)
⚠️  No ticks for 61s — reconnecting (attempt 1)...
Socket Connection has been closed, So! The scripts are already un-subscribed!
The Data has been Un-Subscribed
  subscribe() returned OK (will confirm ticks resume next cycle)
⚠️  WebSocket closed: The Session has been Closed!
⚠️  Feed error: [Errno 110] Connection timed out
⚠️  WebSocket closed: The Session has been Closed!
⚠️  Feed error: Handshake status 522 <none> -+-+- {'date': 'Thu, 08 Oct 2026 08:28:33 GMT', 'content-type': 'text/plain; charset=UTF-8', 'content-length': '16', 'connection': 'keep-alive', 'cache-control': 'private, max-age=0, no-store, no-cache, must-revalidate, post-check=0, pre-check=0', 'expires': 'Thu, 01 Jan 1970 00:00:01 GMT', 'referrer-policy': 'same-origin', 'server-timing': 'cfEdge;dur=19655,cfOrigin;dur=0', 'x-frame-options': 'SAMEORIGIN', 'server': 'cloudflare', 'cf-ray': 'a473c559adb2dadb-ORD'} -+-+- b'error code: 522\n'
⚠️  WebSocket closed: The Session has been Closed!
⚠️  No ticks for 61s — reconnecting (attempt 2)...
Socket Connection has been closed, So! The scripts are already un-subscribed!
The Data has been Un-Subscribed
  subscribe() returned OK (will confirm ticks resume next cycle)
⚠️  WebSocket closed: The Session has been Closed!
⚠️  Feed error: [Errno 110] Connection timed out
⚠️  No ticks for 61s — reconnecting (attempt 3)...
🔴 3 consecutive reconnect attempts produced zero new ticks — forcing full re-login + resubscribe...
Logged in successfully
✅ Re-logged in and resubscribed (will confirm ticks resume next cycle)
⚠️  No ticks for 61s — reconnecting (attempt 1)...
Socket Connection has been closed, So! The scripts are already un-subscribed!
The Data has been Un-Subscribed
  subscribe() returned OK (will confirm ticks resume next cycle)
⚠️  WebSocket closed: The Session has been Closed!
⚠️  Feed error: [Errno 110] Connection timed out
⚠️  WebSocket closed: The Session has been Closed!
⚠️  No ticks for 61s — reconnecting (attempt 2)...
Socket Connection has been closed, So! The scripts are already un-subscribed!
The Data has been Un-Subscribed
  subscribe() returned OK (will confirm ticks resume next cycle)
⚠️  WebSocket closed: The Session has been Closed!
⚠️  Feed error: [Errno 110] Connection timed out
⚠️  No ticks for 61s — reconnecting (attempt 3)...
🔴 3 consecutive reconnect attempts produced zero new ticks — forcing full re-login + resubscribe...
Logged in successfully
✅ Re-logged in and resubscribed (will confirm ticks resume next cycle)
⚠️  WebSocket closed: The Session has been Closed!
⚠️  Feed error: [Errno 110] Connection timed out
⚠️  WebSocket closed: The Session has been Closed!
⚠️  No ticks for 61s — reconnecting (attempt 1)...
Socket Connection has been closed, So! The scripts are already un-subscribed!
The Data has been Un-Subscribed
  subscribe() returned OK (will confirm ticks resume next cycle)
⚠️  WebSocket closed: The Session has been Closed!
⚠️  Feed error: [Errno 110] Connection timed out
⚠️  WebSocket closed: The Session has been Closed!
⚠️  WebSocket closed: The Session has been Closed!
⚠️  Feed error: Handshake status 522 <none> -+-+- {'date': 'Thu, 08 Oct 2026 08:34:50 GMT', 'content-type': 'text/plain; charset=UTF-8', 'content-length': '16', 'connection': 'keep-alive', 'cache-control': 'private, max-age=0, no-store, no-cache, must-revalidate, post-check=0, pre-check=0', 'expires': 'Thu, 01 Jan 1970 00:00:01 GMT', 'referrer-policy': 'same-origin', 'server-timing': 'cfEdge;dur=19324,cfOrigin;dur=0', 'x-frame-options': 'SAMEORIGIN', 'server': 'cloudflare', 'cf-ray': 'a473ce90e85073db-ORD'} -+-+- b'error code: 522\n'
⚠️  WebSocket closed: The Session has been Closed!
⚠️  No ticks for 61s — reconnecting (attempt 2)...
Socket Connection has been closed, So! The scripts are already un-subscribed!
The Data has been Un-Subscribed
  subscribe() returned OK (will confirm ticks resume next cycle)
⚠️  WebSocket closed: The Session has been Closed!
⚠️  Feed error: [Errno 110] Connection timed out
⚠️  WebSocket closed: The Session has been Closed!
⚠️  No ticks for 61s — reconnecting (attempt 3)...
🔴 3 consecutive reconnect attempts produced zero new ticks — forcing full re-login + resubscribe...
Logged in successfully
✅ Re-logged in and resubscribed (will confirm ticks resume next cycle)
⚠️  WebSocket closed: The Session has been Closed!
⚠️  Feed error: Handshake status 522 <none> -+-+- {'date': 'Thu, 08 Oct 2026 08:36:56 GMT', 'content-type': 'text/plain; charset=UTF-8', 'content-length': '16', 'connection': 'keep-alive', 'cache-control': 'private, max-age=0, no-store, no-cache, must-revalidate, post-check=0, pre-check=0', 'expires': 'Thu, 01 Jan 1970 00:00:01 GMT', 'referrer-policy': 'same-origin', 'server-timing': 'cfEdge;dur=19719,cfOrigin;dur=0', 'x-frame-options': 'SAMEORIGIN', 'server': 'cloudflare', 'cf-ray': 'a473d1a3897c11fd-ORD'} -+-+- b'error code: 522\n'
⚠️  WebSocket closed: The Session has been Closed!
⚠️  No ticks for 61s — reconnecting (attempt 1)...
Socket Connection has been closed, So! The scripts are already un-subscribed!
The Data has been Un-Subscribed
  subscribe() returned OK (will confirm ticks resume next cycle)
⚠️  WebSocket closed: The Session has been Closed!
⚠️  Feed error: [Errno 110] Connection timed out
⚠️  WebSocket closed: The Session has been Closed!
⚠️  No ticks for 61s — reconnecting (attempt 2)...
Socket Connection has been closed, So! The scripts are already un-subscribed!
The Data has been Un-Subscribed
  subscribe() returned OK (will confirm ticks resume next cycle)
⚠️  No ticks for 61s — reconnecting (attempt 3)...
🔴 3 consecutive reconnect attempts produced zero new ticks — forcing full re-login + resubscribe...
Logged in successfully
✅ Re-logged in and resubscribed (will confirm ticks resume next cycle)
⚠️  WebSocket closed: The Session has been Closed!
⚠️  Feed error: [Errno 110] Connection timed out
⚠️  WebSocket closed: The Session has been Closed!
⚠️  No ticks for 61s — reconnecting (attempt 1)...
Socket Connection has been closed, So! The scripts are already un-subscribed!
The Data has been Un-Subscribed
  subscribe() returned OK (will confirm ticks resume next cycle)
⚠️  WebSocket closed: The Session has been Closed!
⚠️  Feed error: [Errno 110] Connection timed out
⚠️  No ticks for 61s — reconnecting (attempt 2)...
Socket Connection has been closed, So! The scripts are already un-subscribed!
The Data has been Un-Subscribed
  subscribe() returned OK (will confirm ticks resume next cycle)
⚠️  WebSocket closed: The Session has been Closed!
⚠️  Feed error: [Errno 110] Connection timed out
⚠️  WebSocket closed: The Session has been Closed!
⚠️  No ticks for 61s — reconnecting (attempt 3)...
🔴 3 consecutive reconnect attempts produced zero new ticks — forcing full re-login + resubscribe...
Logged in successfully
✅ Re-logged in and resubscribed (will confirm ticks resume next cycle)
⚠️  WebSocket closed: The Session has been Closed!
⚠️  Feed error: [Errno 110] Connection timed out
⚠️  WebSocket closed: The Session has been Closed!
⚠️  No ticks for 61s — reconnecting (attempt 1)...
Socket Connection has been closed, So! The scripts are already un-subscribed!
The Data has been Un-Subscribed
  subscribe() returned OK (will confirm ticks resume next cycle)
⚠️  WebSocket closed: The Session has been Closed!
⚠️  Feed error: [Errno 110] Connection timed out
⚠️  WebSocket closed: The Session has been Closed!
⚠️  No ticks for 61s — reconnecting (attempt 2)...
Socket Connection has been closed, So! The scripts are already un-subscribed!
The Data has been Un-Subscribed
  subscribe() returned OK (will confirm ticks resume next cycle)
⚠️  WebSocket closed: The Session has been Closed!
⚠️  Feed error: [Errno 110] Connection timed out
⚠️  WebSocket closed: The Session has been Closed!
⚠️  No ticks for 61s — reconnecting (attempt 3)...
🔴 3 consecutive reconnect attempts produced zero new ticks — forcing full re-login + resubscribe...
Logged in successfully
✅ Re-logged in and resubscribed (will confirm ticks resume next cycle)
⚠️  WebSocket closed: The Session has been Closed!
⚠️  Feed error: [Errno 110] Connection timed out
⚠️  WebSocket closed: The Session has been Closed!
⚠️  No ticks for 61s — reconnecting (attempt 1)...
Socket Connection has been closed, So! The scripts are already un-subscribed!
The Data has been Un-Subscribed
  subscribe() returned OK (will confirm ticks resume next cycle)
⚠️  WebSocket closed: The Session has been Closed!
⚠️  Feed error: [Errno 110] Connection timed out
⚠️  WebSocket closed: The Session has been Closed!
⚠️  No ticks for 61s — reconnecting (attempt 2)...
Socket Connection has been closed, So! The scripts are already un-subscribed!
The Data has been Un-Subscribed
  subscribe() returned OK (will confirm ticks resume next cycle)
⚠️  WebSocket closed: The Session has been Closed!
⚠️  Feed error: [Errno 110] Connection timed out
⚠️  WebSocket closed: The Session has been Closed!
⚠️  No ticks for 61s — reconnecting (attempt 3)...
🔴 3 consecutive reconnect attempts produced zero new ticks — forcing full re-login + resubscribe...
Logged in successfully
✅ Re-logged in and resubscribed (will confirm ticks resume next cycle)
⚠️  WebSocket closed: The Session has been Closed!
⚠️  Feed error: [Errno 110] Connection timed out
⚠️  WebSocket closed: The Session has been Closed!
⚠️  No ticks for 61s — reconnecting (attempt 1)...
Socket Connection has been closed, So! The scripts are already un-subscribed!
The Data has been Un-Subscribed
  subscribe() returned OK (will confirm ticks resume next cycle)
⚠️  WebSocket closed: The Session has been Closed!
⚠️  Feed error: [Errno 110] Connection timed out
⚠️  WebSocket closed: The Session has been Closed!
⚠️  No ticks for 61s — reconnecting (attempt 2)...
Socket Connection has been closed, So! The scripts are already un-subscribed!
The Data has been Un-Subscribed
  subscribe() returned OK (will confirm ticks resume next cycle)
⚠️  WebSocket closed: The Session has been Closed!
⚠️  Feed error: [Errno 110] Connection timed out
⚠️  WebSocket closed: The Session has been Closed!
⚠️  No ticks for 61s — reconnecting (attempt 3)...
🔴 3 consecutive reconnect attempts produced zero new ticks — forcing full re-login + resubscribe...
Logged in successfully
✅ Re-logged in and resubscribed (will confirm ticks resume next cycle)
⚠️  WebSocket closed: The Session has been Closed!
⚠️  Feed error: [Errno 110] Connection timed out
⚠️  WebSocket closed: The Session has been Closed!
⚠️  No ticks for 61s — reconnecting (attempt 1)...
Socket Connection has been closed, So! The scripts are already un-subscribed!
The Data has been Un-Subscribed
  subscribe() returned OK (will confirm ticks resume next cycle)
⚠️  WebSocket closed: The Session has been Closed!
⚠️  Feed error: [Errno 110] Connection timed out
⚠️  WebSocket closed: The Session has been Closed!
⚠️  No ticks for 61s — reconnecting (attempt 2)...
Socket Connection has been closed, So! The scripts are already un-subscribed!
The Data has been Un-Subscribed
  subscribe() returned OK (will confirm ticks resume next cycle)
⚠️  WebSocket closed: The Session has been Closed!
⚠️  Feed error: [Errno 110] Connection timed out
⚠️  WebSocket closed: The Session has been Closed!
⚠️  No ticks for 61s — reconnecting (attempt 3)...
🔴 3 consecutive reconnect attempts produced zero new ticks — forcing full re-login + resubscribe...
Logged in successfully
✅ Re-logged in and resubscribed (will confirm ticks resume next cycle)
⚠️  WebSocket closed: The Session has been Closed!
⚠️  Feed error: [Errno 110] Connection timed out
⚠️  WebSocket closed: The Session has been Closed!
⚠️  No ticks for 61s — reconnecting (attempt 1)...
Socket Connection has been closed, So! The scripts are already un-subscribed!
The Data has been Un-Subscribed
  subscribe() returned OK (will confirm ticks resume next cycle)
⚠️  WebSocket closed: The Session has been Closed!
⚠️  Feed error: [Errno 110] Connection timed out
⚠️  WebSocket closed: The Session has been Closed!
⚠️  No ticks for 61s — reconnecting (attempt 2)...
Socket Connection has been closed, So! The scripts are already un-subscribed!
The Data has been Un-Subscribed
  subscribe() returned OK (will confirm ticks resume next cycle)
⚠️  WebSocket closed: The Session has been Closed!
⚠️  Feed error: [Errno 110] Connection timed out
⚠️  WebSocket closed: The Session has been Closed!
⚠️  WebSocket closed: The Session has been Closed!
⚠️  Feed error: Handshake status 522 <none> -+-+- {'date': 'Thu, 08 Oct 2026 08:57:55 GMT', 'content-type': 'text/plain; charset=UTF-8', 'content-length': '16', 'connection': 'keep-alive', 'cache-control': 'private, max-age=0, no-store, no-cache, must-revalidate, post-check=0, pre-check=0', 'expires': 'Thu, 01 Jan 1970 00:00:01 GMT', 'referrer-policy': 'same-origin', 'server-timing': 'cfEdge;dur=19271,cfOrigin;dur=0', 'x-frame-options': 'SAMEORIGIN', 'server': 'cloudflare', 'cf-ray': 'a473f05e5b26eae0-ORD'} -+-+- b'error code: 522\n'
⚠️  WebSocket closed: The Session has been Closed!
⚠️  No ticks for 61s — reconnecting (attempt 3)...
🔴 3 consecutive reconnect attempts produced zero new ticks — forcing full re-login + resubscribe...
Logged in successfully
✅ Re-logged in and resubscribed (will confirm ticks resume next cycle)
⚠️  WebSocket closed: The Session has been Closed!
⚠️  Feed error: [Errno 110] Connection timed out
⚠️  WebSocket closed: The Session has been Closed!
⚠️  No ticks for 61s — reconnecting (attempt 1)...
Socket Connection has been closed, So! The scripts are already un-subscribed!
The Data has been Un-Subscribed
  subscribe() returned OK (will confirm ticks resume next cycle)
⚠️  WebSocket closed: The Session has been Closed!
⚠️  Feed error: Handshake status 522 <none> -+-+- {'date': 'Thu, 08 Oct 2026 09:00:01 GMT', 'content-type': 'text/plain; charset=UTF-8', 'content-length': '16', 'connection': 'keep-alive', 'cache-control': 'private, max-age=0, no-store, no-cache, must-revalidate, post-check=0, pre-check=0', 'expires': 'Thu, 01 Jan 1970 00:00:01 GMT', 'referrer-policy': 'same-origin', 'server-timing': 'cfEdge;dur=19622,cfOrigin;dur=0', 'x-frame-options': 'SAMEORIGIN', 'server': 'cloudflare', 'cf-ray': 'a473f3752932381e-ORD'} -+-+- b'error code: 522\n'
⚠️  WebSocket closed: The Session has been Closed!
⚠️  No ticks for 61s — reconnecting (attempt 2)...
Socket Connection has been closed, So! The scripts are already un-subscribed!
The Data has been Un-Subscribed
  subscribe() returned OK (will confirm ticks resume next cycle)
⚠️  WebSocket closed: The Session has been Closed!
⚠️  Feed error: [Errno 110] Connection timed out
⚠️  WebSocket closed: The Session has been Closed!
⚠️  No ticks for 61s — reconnecting (attempt 3)...
🔴 3 consecutive reconnect attempts produced zero new ticks — forcing full re-login + resubscribe...
Logged in successfully
✅ Re-logged in and resubscribed (will confirm ticks resume next cycle)
⚠️  No ticks for 61s — reconnecting (attempt 1)...
Socket Connection has been closed, So! The scripts are already un-subscribed!
The Data has been Un-Subscribed
  subscribe() returned OK (will confirm ticks resume next cycle)
⚠️  WebSocket closed: The Session has been Closed!
⚠️  Feed error: [Errno 110] Connection timed out
⚠️  WebSocket closed: The Session has been Closed!
⚠️  No ticks for 61s — reconnecting (attempt 2)...
Socket Connection has been closed, So! The scripts are already un-subscribed!
The Data has been Un-Subscribed
  subscribe() returned OK (will confirm ticks resume next cycle)
⚠️  WebSocket closed: The Session has been Closed!
⚠️  Feed error: [Errno 110] Connection timed out
⚠️  No ticks for 61s — reconnecting (attempt 3)...
🔴 3 consecutive reconnect attempts produced zero new ticks — forcing full re-login + resubscribe...
Logged in successfully
✅ Re-logged in and resubscribed (will confirm ticks resume next cycle)
⚠️  WebSocket closed: The Session has been Closed!
⚠️  Feed error: [Errno 110] Connection timed out
⚠️  WebSocket closed: The Session has been Closed!
⚠️  WebSocket closed: The Session has been Closed!
⚠️  Feed error: Handshake status 522 <none> -+-+- {'date': 'Thu, 08 Oct 2026 09:05:16 GMT', 'content-type': 'text/plain; charset=UTF-8', 'content-length': '16', 'connection': 'keep-alive', 'cache-control': 'private, max-age=0, no-store, no-cache, must-revalidate, post-check=0, pre-check=0', 'expires': 'Thu, 01 Jan 1970 00:00:01 GMT', 'referrer-policy': 'same-origin', 'server-timing': 'cfEdge;dur=19712,cfOrigin;dur=0', 'x-frame-options': 'SAMEORIGIN', 'server': 'cloudflare', 'cf-ray': 'a473fb22982de812-ORD'} -+-+- b'error code: 522\n'
⚠️  WebSocket closed: The Session has been Closed!
⚠️  No ticks for 61s — reconnecting (attempt 1)...
Socket Connection has been closed, So! The scripts are already un-subscribed!
The Data has been Un-Subscribed
  subscribe() returned OK (will confirm ticks resume next cycle)
⚠️  WebSocket closed: The Session has been Closed!
⚠️  Feed error: [Errno 110] Connection timed out
⚠️  WebSocket closed: The Session has been Closed!
⚠️  No ticks for 61s — reconnecting (attempt 2)...
Socket Connection has been closed, So! The scripts are already un-subscribed!
The Data has been Un-Subscribed
  subscribe() returned OK (will confirm ticks resume next cycle)
⚠️  No ticks for 61s — reconnecting (attempt 3)...
🔴 3 consecutive reconnect attempts produced zero new ticks — forcing full re-login + resubscribe...
Logged in successfully
✅ Re-logged in and resubscribed (will confirm ticks resume next cycle)
⚠️  WebSocket closed: The Session has been Closed!
⚠️  Feed error: [Errno 110] Connection timed out
⚠️  WebSocket closed: The Session has been Closed!
⚠️  WebSocket closed: The Session has been Closed!
⚠️  Feed error: Handshake status 522 <none> -+-+- {'date': 'Thu, 08 Oct 2026 09:08:25 GMT', 'content-type': 'text/plain; charset=UTF-8', 'content-length': '16', 'connection': 'keep-alive', 'cache-control': 'private, max-age=0, no-store, no-cache, must-revalidate, post-check=0, pre-check=0', 'expires': 'Thu, 01 Jan 1970 00:00:01 GMT', 'referrer-policy': 'same-origin', 'server-timing': 'cfEdge;dur=19648,cfOrigin;dur=0', 'x-frame-options': 'SAMEORIGIN', 'server': 'cloudflare', 'cf-ray': 'a473ffbe38158a1f-ORD'} -+-+- b'error code: 522\n'
⚠️  WebSocket closed: The Session has been Closed!
⚠️  No ticks for 61s — reconnecting (attempt 1)...
Socket Connection has been closed, So! The scripts are already un-subscribed!
The Data has been Un-Subscribed
  subscribe() returned OK (will confirm ticks resume next cycle)
⚠️  WebSocket closed: The Session has been Closed!
⚠️  Feed error: [Errno 110] Connection timed out
⚠️  WebSocket closed: The Session has been Closed!
⚠️  Feed error: Handshake status 522 <none> -+-+- {'date': 'Thu, 08 Oct 2026 09:09:27 GMT', 'content-type': 'text/plain; charset=UTF-8', 'content-length': '16', 'connection': 'keep-alive', 'cache-control': 'private, max-age=0, no-store, no-cache, must-revalidate, post-check=0, pre-check=0', 'expires': 'Thu, 01 Jan 1970 00:00:01 GMT', 'referrer-policy': 'same-origin', 'server-timing': 'cfEdge;dur=19279,cfOrigin;dur=0', 'x-frame-options': 'SAMEORIGIN', 'server': 'cloudflare', 'cf-ray': 'a47401484ad910e4-ORD'} -+-+- b'error code: 522\n'
⚠️  WebSocket closed: The Session has been Closed!
⚠️  No ticks for 61s — reconnecting (attempt 2)...
Socket Connection has been closed, So! The scripts are already un-subscribed!
The Data has been Un-Subscribed
  subscribe() returned OK (will confirm ticks resume next cycle)
⚠️  No ticks for 61s — reconnecting (attempt 3)...
🔴 3 consecutive reconnect attempts produced zero new ticks — forcing full re-login + resubscribe...
Logged in successfully
✅ Re-logged in and resubscribed (will confirm ticks resume next cycle)
⚠️  WebSocket closed: The Session has been Closed!
⚠️  Feed error: Handshake status 522 <none> -+-+- {'date': 'Thu, 08 Oct 2026 09:11:33 GMT', 'content-type': 'text/plain; charset=UTF-8', 'content-length': '16', 'connection': 'keep-alive', 'cache-control': 'private, max-age=0, no-store, no-cache, must-revalidate, post-check=0, pre-check=0', 'expires': 'Thu, 01 Jan 1970 00:00:01 GMT', 'referrer-policy': 'same-origin', 'server-timing': 'cfEdge;dur=19787,cfOrigin;dur=0', 'x-frame-options': 'SAMEORIGIN', 'server': 'cloudflare', 'cf-ray': 'a4740459aca6c694-ORD'} -+-+- b'error code: 522\n'
⚠️  WebSocket closed: The Session has been Closed!
⚠️  No ticks for 61s — reconnecting (attempt 1)...
Socket Connection has been closed, So! The scripts are already un-subscribed!
The Data has been Un-Subscribed
  subscribe() returned OK (will confirm ticks resume next cycle)
⚠️  WebSocket closed: The Session has been Closed!
⚠️  Feed error: [Errno 110] Connection timed out
⚠️  No ticks for 61s — reconnecting (attempt 2)...
Socket Connection has been closed, So! The scripts are already un-subscribed!
The Data has been Un-Subscribed
  subscribe() returned OK (will confirm ticks resume next cycle)
⚠️  No ticks for 61s — reconnecting (attempt 3)...
🔴 3 consecutive reconnect attempts produced zero new ticks — forcing full re-login + resubscribe...
Logged in successfully
✅ Re-logged in and resubscribed (will confirm ticks resume next cycle)
⚠️  WebSocket closed: The Session has been Closed!
⚠️  Feed error: [Errno 110] Connection timed out
⚠️  WebSocket closed: The Session has been Closed!
⚠️  No ticks for 61s — reconnecting (attempt 1)...
Socket Connection has been closed, So! The scripts are already un-subscribed!
The Data has been Un-Subscribed
  subscribe() returned OK (will confirm ticks resume next cycle)
⚠️  WebSocket closed: The Session has been Closed!
⚠️  Feed error: [Errno 110] Connection timed out
⚠️  No ticks for 61s — reconnecting (attempt 2)...
Socket Connection has been closed, So! The scripts are already un-subscribed!
The Data has been Un-Subscribed
  subscribe() returned OK (will confirm ticks resume next cycle)
⚠️  WebSocket closed: The Session has been Closed!
⚠️  Feed error: [Errno 110] Connection timed out
⚠️  WebSocket closed: The Session has been Closed!
⚠️  No ticks for 61s — reconnecting (attempt 3)...
🔴 3 consecutive reconnect attempts produced zero new ticks — forcing full re-login + resubscribe...
Logged in successfully
✅ Re-logged in and resubscribed (will confirm ticks resume next cycle)
⚠️  WebSocket closed: The Session has been Closed!
⚠️  Feed error: [Errno 110] Connection timed out
⚠️  WebSocket closed: The Session has been Closed!
⚠️  No ticks for 61s — reconnecting (attempt 1)...
Socket Connection has been closed, So! The scripts are already un-subscribed!
The Data has been Un-Subscribed
  subscribe() returned OK (will confirm ticks resume next cycle)
⚠️  WebSocket closed: The Session has been Closed!
⚠️  Feed error: [Errno 110] Connection timed out
⚠️  WebSocket closed: The Session has been Closed!
⚠️  No ticks for 61s — reconnecting (attempt 2)...
Socket Connection has been closed, So! The scripts are already un-subscribed!
The Data has been Un-Subscribed
  subscribe() returned OK (will confirm ticks resume next cycle)
⚠️  WebSocket closed: The Session has been Closed!
⚠️  Feed error: [Errno 110] Connection timed out
⚠️  WebSocket closed: The Session has been Closed!
⚠️  No ticks for 61s — reconnecting (attempt 3)...
🔴 3 consecutive reconnect attempts produced zero new ticks — forcing full re-login + resubscribe...
Logged in successfully
✅ Re-logged in and resubscribed (will confirm ticks resume next cycle)
⚠️  WebSocket closed: The Session has been Closed!
⚠️  Feed error: [Errno 110] Connection timed out
⚠️  WebSocket closed: The Session has been Closed!
⚠️  WebSocket closed: The Session has been Closed!
⚠️  Feed error: Handshake status 522 <none> -+-+- {'date': 'Thu, 08 Oct 2026 09:21:00 GMT', 'content-type': 'text/plain; charset=UTF-8', 'content-length': '16', 'connection': 'keep-alive', 'cache-control': 'private, max-age=0, no-store, no-cache, must-revalidate, post-check=0, pre-check=0', 'expires': 'Thu, 01 Jan 1970 00:00:01 GMT', 'referrer-policy': 'same-origin', 'server-timing': 'cfEdge;dur=19664,cfOrigin;dur=0', 'x-frame-options': 'SAMEORIGIN', 'server': 'cloudflare', 'cf-ray': 'a474122cddc80d5b-ORD'} -+-+- b'error code: 522\n'
⚠️  WebSocket closed: The Session has been Closed!
⚠️  No ticks for 61s — reconnecting (attempt 1)...
Socket Connection has been closed, So! The scripts are already un-subscribed!
The Data has been Un-Subscribed
  subscribe() returned OK (will confirm ticks resume next cycle)
⚠️  WebSocket closed: The Session has been Closed!
⚠️  Feed error: [Errno 110] Connection timed out
⚠️  WebSocket closed: The Session has been Closed!
⚠️  No ticks for 61s — reconnecting (attempt 2)...
Socket Connection has been closed, So! The scripts are already un-subscribed!
The Data has been Un-Subscribed
  subscribe() returned OK (will confirm ticks resume next cycle)
⚠️  No ticks for 61s — reconnecting (attempt 3)...
🔴 3 consecutive reconnect attempts produced zero new ticks — forcing full re-login + resubscribe...
Logged in successfully
✅ Re-logged in and resubscribed (will confirm ticks resume next cycle)
⚠️  WebSocket closed: The Session has been Closed!
⚠️  Feed error: [Errno 110] Connection timed out
⚠️  WebSocket closed: The Session has been Closed!
⚠️  WebSocket closed: The Session has been Closed!
⚠️  Feed error: Handshake status 522 <none> -+-+- {'date': 'Thu, 08 Oct 2026 09:24:08 GMT', 'content-type': 'text/plain; charset=UTF-8', 'content-length': '16', 'connection': 'keep-alive', 'cache-control': 'private, max-age=0, no-store, no-cache, must-revalidate, post-check=0, pre-check=0', 'expires': 'Thu, 01 Jan 1970 00:00:01 GMT', 'referrer-policy': 'same-origin', 'server-timing': 'cfEdge;dur=19443,cfOrigin;dur=0', 'x-frame-options': 'SAMEORIGIN', 'server': 'cloudflare', 'cf-ray': 'a47416c8afabb6b1-ORD'} -+-+- b'error code: 522\n'
⚠️  WebSocket closed: The Session has been Closed!
⚠️  No ticks for 61s — reconnecting (attempt 1)...
Socket Connection has been closed, So! The scripts are already un-subscribed!
The Data has been Un-Subscribed
  subscribe() returned OK (will confirm ticks resume next cycle)
⚠️  WebSocket closed: The Session has been Closed!
⚠️  Feed error: [Errno 110] Connection timed out
⚠️  No ticks for 61s — reconnecting (attempt 2)...
Socket Connection has been closed, So! The scripts are already un-subscribed!
The Data has been Un-Subscribed
  subscribe() returned OK (will confirm ticks resume next cycle)
⚠️  No ticks for 61s — reconnecting (attempt 3)...
🔴 3 consecutive reconnect attempts produced zero new ticks — forcing full re-login + resubscribe...
Logged in successfully
✅ Re-logged in and resubscribed (will confirm ticks resume next cycle)
⚠️  WebSocket closed: The Session has been Closed!
⚠️  Feed error: [Errno 110] Connection timed out
⚠️  WebSocket closed: The Session has been Closed!
⚠️  WebSocket closed: The Session has been Closed!
⚠️  Feed error: Handshake status 522 <none> -+-+- {'date': 'Thu, 08 Oct 2026 09:27:17 GMT', 'content-type': 'text/plain; charset=UTF-8', 'content-length': '16', 'connection': 'keep-alive', 'cache-control': 'private, max-age=0, no-store, no-cache, must-revalidate, post-check=0, pre-check=0', 'expires': 'Thu, 01 Jan 1970 00:00:01 GMT', 'referrer-policy': 'same-origin', 'server-timing': 'cfEdge;dur=19814,cfOrigin;dur=0', 'x-frame-options': 'SAMEORIGIN', 'server': 'cloudflare', 'cf-ray': 'a4741b64bc803d6e-ORD'} -+-+- b'error code: 522\n'
⚠️  WebSocket closed: The Session has been Closed!
⚠️  No ticks for 61s — reconnecting (attempt 1)...
Socket Connection has been closed, So! The scripts are already un-subscribed!
The Data has been Un-Subscribed
  subscribe() returned OK (will confirm ticks resume next cycle)
⚠️  WebSocket closed: The Session has been Closed!
⚠️  Feed error: [Errno 110] Connection timed out
⚠️  No ticks for 61s — reconnecting (attempt 2)...
Socket Connection has been closed, So! The scripts are already un-subscribed!
The Data has been Un-Subscribed
  subscribe() returned OK (will confirm ticks resume next cycle)
⚠️  No ticks for 61s — reconnecting (attempt 3)...
🔴 3 consecutive reconnect attempts produced zero new ticks — forcing full re-login + resubscribe...
Logged in successfully
✅ Re-logged in and resubscribed (will confirm ticks resume next cycle)
⚠️  WebSocket closed: The Session has been Closed!
⚠️  Feed error: [Errno 110] Connection timed out
⚠️  WebSocket closed: The Session has been Closed!
⚠️  No ticks for 61s — reconnecting (attempt 1)...
Socket Connection has been closed, So! The scripts are already un-subscribed!
The Data has been Un-Subscribed
  subscribe() returned OK (will confirm ticks resume next cycle)
⚠️  WebSocket closed: The Session has been Closed!
⚠️  Feed error: [Errno 110] Connection timed out
⚠️  No ticks for 61s — reconnecting (attempt 2)...
Socket Connection has been closed, So! The scripts are already un-subscribed!
The Data has been Un-Subscribed
  subscribe() returned OK (will confirm ticks resume next cycle)
⚠️  WebSocket closed: The Session has been Closed!
⚠️  Feed error: [Errno 110] Connection timed out
⚠️  WebSocket closed: The Session has been Closed!
⚠️  No ticks for 61s — reconnecting (attempt 3)...
🔴 3 consecutive reconnect attempts produced zero new ticks — forcing full re-login + resubscribe...
Logged in successfully
✅ Re-logged in and resubscribed (will confirm ticks resume next cycle)
⚠️  WebSocket closed: The Session has been Closed!
⚠️  Feed error: [Errno 110] Connection timed out
⚠️  WebSocket closed: The Session has been Closed!
⚠️  No ticks for 61s — reconnecting (attempt 1)...
Socket Connection has been closed, So! The scripts are already un-subscribed!
The Data has been Un-Subscribed
  subscribe() returned OK (will confirm ticks resume next cycle)
⚠️  WebSocket closed: The Session has been Closed!
⚠️  Feed error: [Errno 110] Connection timed out
⚠️  WebSocket closed: The Session has been Closed!
⚠️  WebSocket closed: The Session has been Closed!
⚠️  Feed error: Handshake status 522 <none> -+-+- {'date': 'Thu, 08 Oct 2026 09:34:38 GMT', 'content-type': 'text/plain; charset=UTF-8', 'content-length': '16', 'connection': 'keep-alive', 'cache-control': 'private, max-age=0, no-store, no-cache, must-revalidate, post-check=0, pre-check=0', 'expires': 'Thu, 01 Jan 1970 00:00:01 GMT', 'referrer-policy': 'same-origin', 'server-timing': 'cfEdge;dur=19545,cfOrigin;dur=0', 'x-frame-options': 'SAMEORIGIN', 'server': 'cloudflare', 'cf-ray': 'a4742625cbace852-ORD'} -+-+- b'error code: 522\n'
⚠️  WebSocket closed: The Session has been Closed!
⚠️  No ticks for 61s — reconnecting (attempt 2)...
Socket Connection has been closed, So! The scripts are already un-subscribed!
The Data has been Un-Subscribed
  subscribe() returned OK (will confirm ticks resume next cycle)
⚠️  WebSocket closed: The Session has been Closed!
⚠️  Feed error: [Errno 110] Connection timed out
⚠️  WebSocket closed: The Session has been Closed!
⚠️  No ticks for 61s — reconnecting (attempt 3)...
🔴 3 consecutive reconnect attempts produced zero new ticks — forcing full re-login + resubscribe...
Logged in successfully
✅ Re-logged in and resubscribed (will confirm ticks resume next cycle)
⚠️  No ticks for 61s — reconnecting (attempt 1)...
Socket Connection has been closed, So! The scripts are already un-subscribed!
The Data has been Un-Subscribed
  subscribe() returned OK (will confirm ticks resume next cycle)
⚠️  WebSocket closed: The Session has been Closed!
⚠️  Feed error: [Errno 110] Connection timed out
⚠️  WebSocket closed: The Session has been Closed!
⚠️  No ticks for 61s — reconnecting (attempt 2)...
Socket Connection has been closed, So! The scripts are already un-subscribed!
The Data has been Un-Subscribed
  subscribe() returned OK (will confirm ticks resume next cycle)
⚠️  WebSocket closed: The Session has been Closed!
⚠️  Feed error: [Errno 110] Connection timed out
⚠️  WebSocket closed: The Session has been Closed!
⚠️  Feed error: Handshake status 522 <none> -+-+- {'date': 'Thu, 08 Oct 2026 09:38:49 GMT', 'content-type': 'text/plain; charset=UTF-8', 'content-length': '16', 'connection': 'keep-alive', 'cache-control': 'private, max-age=0, no-store, no-cache, must-revalidate, post-check=0, pre-check=0', 'expires': 'Thu, 01 Jan 1970 00:00:01 GMT', 'referrer-policy': 'same-origin', 'server-timing': 'cfEdge;dur=19294,cfOrigin;dur=0', 'x-frame-options': 'SAMEORIGIN', 'server': 'cloudflare', 'cf-ray': 'a4742c4b59271cf4-ORD'} -+-+- b'error code: 522\n'
⚠️  WebSocket closed: The Session has been Closed!
⚠️  No ticks for 61s — reconnecting (attempt 3)...
🔴 3 consecutive reconnect attempts produced zero new ticks — forcing full re-login + resubscribe...
Logged in successfully
✅ Re-logged in and resubscribed (will confirm ticks resume next cycle)
⚠️  WebSocket closed: The Session has been Closed!
⚠️  Feed error: [Errno 110] Connection timed out
⚠️  WebSocket closed: The Session has been Closed!

⏰ 3:10 PM — running signal scan from today's aggregated ticks...
⚠️  No ticks collected today — cannot generate signals.
⚠️  No ticks for 61s — reconnecting (attempt 1)...
Socket Connection has been closed, So! The scripts are already un-subscribed!
The Data has been Un-Subscribed
  subscribe() returned OK (will confirm ticks resume next cycle)
⚠️  No ticks for 61s — reconnecting (attempt 2)...
Socket Connection has been closed, So! The scripts are already un-subscribed!
The Data has been Un-Subscribed
  subscribe() returned OK (will confirm ticks resume next cycle)
⚠️  WebSocket closed: The Session has been Closed!
⚠️  Feed error: [Errno 110] Connection timed out
⚠️  WebSocket closed: The Session has been Closed!
⚠️  No ticks for 61s — reconnecting (attempt 3)...
🔴 3 consecutive reconnect attempts produced zero new ticks — forcing full re-login + resubscribe...
Logged in successfully
✅ Re-logged in and resubscribed (will confirm ticks resume next cycle)
⚠️  WebSocket closed: The Session has been Closed!
⚠️  Feed error: [Errno 110] Connection timed out
⚠️  WebSocket closed: The Session has been Closed!
⚠️  Feed error: Handshake status 522 <none> -+-+- {'date': 'Thu, 08 Oct 2026 09:43:01 GMT', 'content-type': 'text/plain; charset=UTF-8', 'content-length': '16', 'connection': 'keep-alive', 'cache-control': 'private, max-age=0, no-store, no-cache, must-revalidate, post-check=0, pre-check=0', 'expires': 'Thu, 01 Jan 1970 00:00:01 GMT', 'referrer-policy': 'same-origin', 'server-timing': 'cfEdge;dur=19976,cfOrigin;dur=0', 'x-frame-options': 'SAMEORIGIN', 'server': 'cloudflare', 'cf-ray': 'a47432702952771e-ORD'} -+-+- b'error code: 522\n'
⚠️  WebSocket closed: The Session has been Closed!
⚠️  No ticks for 61s — reconnecting (attempt 1)...
Socket Connection has been closed, So! The scripts are already un-subscribed!
The Data has been Un-Subscribed
  subscribe() returned OK (will confirm ticks resume next cycle)
⚠️  WebSocket closed: The Session has been Closed!
⚠️  Feed error: [Errno 110] Connection timed out
⚠️  WebSocket closed: The Session has been Closed!
⚠️  No ticks for 61s — reconnecting (attempt 2)...
Socket Connection has been closed, So! The scripts are already un-subscribed!
The Data has been Un-Subscribed
  subscribe() returned OK (will confirm ticks resume next cycle)
⚠️  No ticks for 61s — reconnecting (attempt 3)...
🔴 3 consecutive reconnect attempts produced zero new ticks — forcing full re-login + resubscribe...
Logged in successfully
✅ Re-logged in and resubscribed (will confirm ticks resume next cycle)
⚠️  WebSocket closed: The Session has been Closed!
⚠️  Feed error: [Errno 110] Connection timed out
⚠️  WebSocket closed: The Session has been Closed!
⚠️  No ticks for 61s — reconnecting (attempt 1)...
Socket Connection has been closed, So! The scripts are already un-subscribed!
The Data has been Un-Subscribed
  subscribe() returned OK (will confirm ticks resume next cycle)
⚠️  WebSocket closed: The Session has been Closed!
⚠️  Feed error: [Errno 110] Connection timed out
⚠️  WebSocket closed: The Session has been Closed!
⚠️  Feed error: Handshake status 522 <none> -+-+- {'date': 'Thu, 08 Oct 2026 09:47:13 GMT', 'content-type': 'text/plain; charset=UTF-8', 'content-length': '16', 'connection': 'keep-alive', 'cache-control': 'private, max-age=0, no-store, no-cache, must-revalidate, post-check=0, pre-check=0', 'expires': 'Thu, 01 Jan 1970 00:00:01 GMT', 'referrer-policy': 'same-origin', 'server-timing': 'cfEdge;dur=19431,cfOrigin;dur=0', 'x-frame-options': 'SAMEORIGIN', 'server': 'cloudflare', 'cf-ray': 'a4743895ca031140-ORD'} -+-+- b'error code: 522\n'
⚠️  WebSocket closed: The Session has been Closed!
⚠️  No ticks for 61s — reconnecting (attempt 2)...
Socket Connection has been closed, So! The scripts are already un-subscribed!
The Data has been Un-Subscribed
  subscribe() returned OK (will confirm ticks resume next cycle)
⚠️  WebSocket closed: The Session has been Closed!
⚠️  Feed error: [Errno 110] Connection timed out
⚠️  WebSocket closed: The Session has been Closed!
⚠️  No ticks for 61s — reconnecting (attempt 3)...
🔴 3 consecutive reconnect attempts produced zero new ticks — forcing full re-login + resubscribe...
Logged in successfully
✅ Re-logged in and resubscribed (will confirm ticks resume next cycle)
⚠️  No ticks for 61s — reconnecting (attempt 1)...
Socket Connection has been closed, So! The scripts are already un-subscribed!
The Data has been Un-Subscribed
  subscribe() returned OK (will confirm ticks resume next cycle)
⚠️  WebSocket closed: The Session has been Closed!
⚠️  Feed error: [Errno 110] Connection timed out
⚠️  WebSocket closed: The Session has been Closed!
⚠️  No ticks for 61s — reconnecting (attempt 2)...
Socket Connection has been closed, So! The scripts are already un-subscribed!
The Data has been Un-Subscribed
  subscribe() returned OK (will confirm ticks resume next cycle)
⚠️  WebSocket closed: The Session has been Closed!
⚠️  Feed error: [Errno 110] Connection timed out
⚠️  No ticks for 61s — reconnecting (attempt 3)...
🔴 3 consecutive reconnect attempts produced zero new ticks — forcing full re-login + resubscribe...
Logged in successfully
✅ Re-logged in and resubscribed (will confirm ticks resume next cycle)
⚠️  WebSocket closed: The Session has been Closed!
⚠️  Feed error: [Errno 110] Connection timed out
⚠️  WebSocket closed: The Session has been Closed!
⚠️  No ticks for 61s — reconnecting (attempt 1)...
Socket Connection has been closed, So! The scripts are already un-subscribed!
The Data has been Un-Subscribed
  subscribe() returned OK (will confirm ticks resume next cycle)
⚠️  WebSocket closed: The Session has been Closed!
⚠️  Feed error: [Errno 110] Connection timed out
⚠️  WebSocket closed: The Session has been Closed!
⚠️  No ticks for 61s — reconnecting (attempt 2)...
Socket Connection has been closed, So! The scripts are already un-subscribed!
The Data has been Un-Subscribed
  subscribe() returned OK (will confirm ticks resume next cycle)
⚠️  WebSocket closed: The Session has been Closed!
⚠️  Feed error: [Errno 110] Connection timed out
⚠️  WebSocket closed: The Session has been Closed!
⚠️  No ticks for 61s — reconnecting (attempt 3)...
🔴 3 consecutive reconnect attempts produced zero new ticks — forcing full re-login + resubscribe...
Logged in successfully
✅ Re-logged in and resubscribed (will confirm ticks resume next cycle)
⚠️  WebSocket closed: The Session has been Closed!
⚠️  Feed error: [Errno 110] Connection timed out
⚠️  WebSocket closed: The Session has been Closed!
⚠️  No ticks for 61s — reconnecting (attempt 1)...
Socket Connection has been closed, So! The scripts are already un-subscribed!
The Data has been Un-Subscribed
  subscribe() returned OK (will confirm ticks resume next cycle)
⚠️  WebSocket closed: The Session has been Closed!
⚠️  Feed error: [Errno 110] Connection timed out
⚠️  WebSocket closed: The Session has been Closed!
⚠️  No ticks for 61s — reconnecting (attempt 2)...
Socket Connection has been closed, So! The scripts are already un-subscribed!
The Data has been Un-Subscribed
  subscribe() returned OK (will confirm ticks resume next cycle)
⚠️  WebSocket closed: The Session has been Closed!
⚠️  Feed error: [Errno 110] Connection timed out
⚠️  WebSocket closed: The Session has been Closed!
⚠️  No ticks for 61s — reconnecting (attempt 3)...
🔴 3 consecutive reconnect attempts produced zero new ticks — forcing full re-login + resubscribe...
Logged in successfully
✅ Re-logged in and resubscribed (will confirm ticks resume next cycle)
⚠️  WebSocket closed: The Session has been Closed!
⚠️  Feed error: [Errno 110] Connection timed out
⚠️  WebSocket closed: The Session has been Closed!
⚠️  WebSocket closed: The Session has been Closed!
⚠️  Feed error: Handshake status 522 <none> -+-+- {'date': 'Thu, 08 Oct 2026 09:58:45 GMT', 'content-type': 'text/plain; charset=UTF-8', 'content-length': '16', 'connection': 'keep-alive', 'cache-control': 'private, max-age=0, no-store, no-cache, must-revalidate, post-check=0, pre-check=0', 'expires': 'Thu, 01 Jan 1970 00:00:01 GMT', 'referrer-policy': 'same-origin', 'server-timing': 'cfEdge;dur=19519,cfOrigin;dur=0', 'x-frame-options': 'SAMEORIGIN', 'server': 'cloudflare', 'cf-ray': 'a474497d09ebfc3a-ORD'} -+-+- b'error code: 522\n'
⚠️  WebSocket closed: The Session has been Closed!
⚠️  No ticks for 61s — reconnecting (attempt 1)...
Socket Connection has been closed, So! The scripts are already un-subscribed!
The Data has been Un-Subscribed
  subscribe() returned OK (will confirm ticks resume next cycle)
⚠️  WebSocket closed: The Session has been Closed!
⚠️  Feed error: [Errno 110] Connection timed out
⚠️  WebSocket closed: The Session has been Closed!

✅ Market closed. Run ending.
Open positions carried forward: ['APOLLOHOSP']
⚠️  WebSocket closed: The Session has been Closed!
⚠️  Feed error: [Errno 110] Connection timed out
⚠️  WebSocket closed: The Session has been Closed!
[run_daily_and_push] WARNING: run_daily.py hit the 8h timeout and was killed — investigate for a hang.
