=======================================================
  RUN DAILY — unattended entry point (Render)
  2026-10-05 09:00:08
=======================================================
Open positions in Supabase: ['APOLLOHOSP']
Open position(s) found — running full-day monitor from now until market close...
Logged in successfully
Resolved APOLLOHOSP -> APOLLOHOSP-EQ (token 157)
Resolved HINDALCO -> HINDALCO-EQ (token 1363)
Resolved POWERGRID -> POWERGRID-EQ (token 14977)
Resolved EICHERMOT -> EICHERMOT-EQ (token 910)
Resolved NTPC -> NTPC-EQ (token 11630)
Live feed started
⚠️  WebSocket closed: The Session has been Closed!
⚠️  Feed error: [Errno 110] Connection timed out
⚠️  WebSocket closed: The Session has been Closed!
⚠️  No ticks for 876s — reconnecting (attempt 1)...
Socket Connection has been closed, So! The scripts are already un-subscribed!
The Data has been Un-Subscribed
  subscribe() returned OK (will confirm ticks resume next cycle)
⚠️  No ticks for 61s — reconnecting (attempt 2)...
Socket Connection has been closed, So! The scripts are already un-subscribed!
The Data has been Un-Subscribed
  subscribe() returned OK (will confirm ticks resume next cycle)
⚠️  No ticks for 61s — reconnecting (attempt 3)...
🔴 3 consecutive reconnect attempts produced zero new ticks — forcing full re-login + resubscribe...
Logged in successfully
✅ Re-logged in and resubscribed (will confirm ticks resume next cycle)
⚠️  WebSocket closed: The Session has been Closed!
⚠️  Feed error: [Errno 110] Connection timed out
⚠️  WebSocket closed: The Session has been Closed!
⚠️  Feed error: Handshake status 522 <none> -+-+- {'date': 'Mon, 05 Oct 2026 03:47:28 GMT', 'content-type': 'text/plain; charset=UTF-8', 'content-length': '16', 'connection': 'keep-alive', 'cache-control': 'private, max-age=0, no-store, no-cache, must-revalidate, post-check=0, pre-check=0', 'expires': 'Thu, 01 Jan 1970 00:00:01 GMT', 'referrer-policy': 'same-origin', 'server-timing': 'cfEdge;dur=19395,cfOrigin;dur=0', 'x-frame-options': 'SAMEORIGIN', 'server': 'cloudflare', 'cf-ray': 'a459717bcae93445-ORD'} -+-+- b'error code: 522\n'
⚠️  WebSocket closed: The Session has been Closed!
⚠️  No ticks for 61s — reconnecting (attempt 1)...
Socket Connection has been closed, So! The scripts are already un-subscribed!
The Data has been Un-Subscribed
  subscribe() returned OK (will confirm ticks resume next cycle)
⚠️  WebSocket closed: The Session has been Closed!
⚠️  Feed error: [Errno 110] Connection timed out
⚠️  No ticks for 61s — reconnecting (attempt 2)...
Socket Connection has been closed, So! The scripts are already un-subscribed!
The Data has been Un-Subscribed
  subscribe() returned OK (will confirm ticks resume next cycle)
⚠️  No ticks for 61s — reconnecting (attempt 3)...
🔴 3 consecutive reconnect attempts produced zero new ticks — forcing full re-login + resubscribe...
Logged in successfully
✅ Re-logged in and resubscribed (will confirm ticks resume next cycle)
⚠️  WebSocket closed: The Session has been Closed!
⚠️  Feed error: [Errno 110] Connection timed out
⚠️  WebSocket closed: The Session has been Closed!
⚠️  No ticks for 61s — reconnecting (attempt 1)...
Socket Connection has been closed, So! The scripts are already un-subscribed!
The Data has been Un-Subscribed
  subscribe() returned OK (will confirm ticks resume next cycle)
⚠️  WebSocket closed: The Session has been Closed!
⚠️  Feed error: [Errno 110] Connection timed out
⚠️  No ticks for 61s — reconnecting (attempt 2)...
Socket Connection has been closed, So! The scripts are already un-subscribed!
The Data has been Un-Subscribed
  subscribe() returned OK (will confirm ticks resume next cycle)
⚠️  WebSocket closed: The Session has been Closed!
⚠️  Feed error: [Errno 110] Connection timed out
⚠️  WebSocket closed: The Session has been Closed!
⚠️  WebSocket closed: The Session has been Closed!
⚠️  Feed error: Handshake status 522 <none> -+-+- {'date': 'Mon, 05 Oct 2026 03:52:42 GMT', 'content-type': 'text/plain; charset=UTF-8', 'content-length': '16', 'connection': 'keep-alive', 'cache-control': 'private, max-age=0, no-store, no-cache, must-revalidate, post-check=0, pre-check=0', 'expires': 'Thu, 01 Jan 1970 00:00:01 GMT', 'referrer-policy': 'same-origin', 'server-timing': 'cfEdge;dur=19361,cfOrigin;dur=0', 'x-frame-options': 'SAMEORIGIN', 'server': 'cloudflare', 'cf-ray': 'a459792b684a70c4-ORD'} -+-+- b'error code: 522\n'
⚠️  WebSocket closed: The Session has been Closed!
⚠️  No ticks for 61s — reconnecting (attempt 3)...
🔴 3 consecutive reconnect attempts produced zero new ticks — forcing full re-login + resubscribe...
Logged in successfully
✅ Re-logged in and resubscribed (will confirm ticks resume next cycle)
⚠️  WebSocket closed: The Session has been Closed!
⚠️  Feed error: [Errno 110] Connection timed out
⚠️  WebSocket closed: The Session has been Closed!
⚠️  WebSocket closed: The Session has been Closed!
⚠️  Feed error: Handshake status 522 <none> -+-+- {'date': 'Mon, 05 Oct 2026 03:53:47 GMT', 'content-type': 'text/plain; charset=UTF-8', 'content-length': '16', 'connection': 'keep-alive', 'cache-control': 'private, max-age=0, no-store, no-cache, must-revalidate, post-check=0, pre-check=0', 'expires': 'Thu, 01 Jan 1970 00:00:01 GMT', 'referrer-policy': 'same-origin', 'server-timing': 'cfEdge;dur=19713,cfOrigin;dur=0', 'x-frame-options': 'SAMEORIGIN', 'server': 'cloudflare', 'cf-ray': 'a4597ab9e89be1ff-ORD'} -+-+- b'error code: 522\n'
⚠️  WebSocket closed: The Session has been Closed!
⚠️  No ticks for 61s — reconnecting (attempt 1)...
Socket Connection has been closed, So! The scripts are already un-subscribed!
The Data has been Un-Subscribed
  subscribe() returned OK (will confirm ticks resume next cycle)
⚠️  No ticks for 61s — reconnecting (attempt 2)...
Socket Connection has been closed, So! The scripts are already un-subscribed!
The Data has been Un-Subscribed
  subscribe() returned OK (will confirm ticks resume next cycle)
⚠️  No ticks for 61s — reconnecting (attempt 3)...
🔴 3 consecutive reconnect attempts produced zero new ticks — forcing full re-login + resubscribe...
Logged in successfully
✅ Re-logged in and resubscribed (will confirm ticks resume next cycle)
⚠️  WebSocket closed: The Session has been Closed!
⚠️  Feed error: [Errno 110] Connection timed out
⚠️  No ticks for 61s — reconnecting (attempt 1)...
Socket Connection has been closed, So! The scripts are already un-subscribed!
The Data has been Un-Subscribed
  subscribe() returned OK (will confirm ticks resume next cycle)
⚠️  WebSocket closed: The Session has been Closed!
⚠️  Feed error: [Errno 110] Connection timed out
⚠️  No ticks for 61s — reconnecting (attempt 2)...
Socket Connection has been closed, So! The scripts are already un-subscribed!
The Data has been Un-Subscribed
  subscribe() returned OK (will confirm ticks resume next cycle)
⚠️  WebSocket closed: The Session has been Closed!
⚠️  Feed error: [Errno 110] Connection timed out
⚠️  WebSocket closed: The Session has been Closed!
⚠️  No ticks for 61s — reconnecting (attempt 3)...
🔴 3 consecutive reconnect attempts produced zero new ticks — forcing full re-login + resubscribe...
Logged in successfully
✅ Re-logged in and resubscribed (will confirm ticks resume next cycle)
⚠️  WebSocket closed: The Session has been Closed!
⚠️  Feed error: [Errno 110] Connection timed out
⚠️  WebSocket closed: The Session has been Closed!
⚠️  No ticks for 61s — reconnecting (attempt 1)...
Socket Connection has been closed, So! The scripts are already un-subscribed!
The Data has been Un-Subscribed
  subscribe() returned OK (will confirm ticks resume next cycle)
⚠️  WebSocket closed: The Session has been Closed!
⚠️  Feed error: [Errno 110] Connection timed out
⚠️  WebSocket closed: The Session has been Closed!
⚠️  No ticks for 61s — reconnecting (attempt 2)...
Socket Connection has been closed, So! The scripts are already un-subscribed!
The Data has been Un-Subscribed
  subscribe() returned OK (will confirm ticks resume next cycle)
⚠️  WebSocket closed: The Session has been Closed!
⚠️  Feed error: [Errno 110] Connection timed out
⚠️  WebSocket closed: The Session has been Closed!
⚠️  No ticks for 61s — reconnecting (attempt 3)...
🔴 3 consecutive reconnect attempts produced zero new ticks — forcing full re-login + resubscribe...
Logged in successfully
✅ Re-logged in and resubscribed (will confirm ticks resume next cycle)
⚠️  WebSocket closed: The Session has been Closed!
⚠️  Feed error: [Errno 110] Connection timed out
⚠️  WebSocket closed: The Session has been Closed!
⚠️  No ticks for 61s — reconnecting (attempt 1)...
Socket Connection has been closed, So! The scripts are already un-subscribed!
The Data has been Un-Subscribed
  subscribe() returned OK (will confirm ticks resume next cycle)
⚠️  WebSocket closed: The Session has been Closed!
⚠️  Feed error: [Errno 110] Connection timed out
⚠️  WebSocket closed: The Session has been Closed!
⚠️  No ticks for 61s — reconnecting (attempt 2)...
Socket Connection has been closed, So! The scripts are already un-subscribed!
The Data has been Un-Subscribed
  subscribe() returned OK (will confirm ticks resume next cycle)
⚠️  WebSocket closed: The Session has been Closed!
⚠️  Feed error: [Errno 110] Connection timed out
⚠️  WebSocket closed: The Session has been Closed!
⚠️  No ticks for 61s — reconnecting (attempt 3)...
🔴 3 consecutive reconnect attempts produced zero new ticks — forcing full re-login + resubscribe...
Logged in successfully
✅ Re-logged in and resubscribed (will confirm ticks resume next cycle)
⚠️  WebSocket closed: The Session has been Closed!
⚠️  Feed error: [Errno 110] Connection timed out
⚠️  WebSocket closed: The Session has been Closed!
⚠️  No ticks for 61s — reconnecting (attempt 1)...
Socket Connection has been closed, So! The scripts are already un-subscribed!
The Data has been Un-Subscribed
  subscribe() returned OK (will confirm ticks resume next cycle)
⚠️  WebSocket closed: The Session has been Closed!
⚠️  Feed error: [Errno 110] Connection timed out
⚠️  WebSocket closed: The Session has been Closed!
⚠️  No ticks for 61s — reconnecting (attempt 2)...
Socket Connection has been closed, So! The scripts are already un-subscribed!
The Data has been Un-Subscribed
  subscribe() returned OK (will confirm ticks resume next cycle)
⚠️  WebSocket closed: The Session has been Closed!
⚠️  Feed error: [Errno 110] Connection timed out
⚠️  WebSocket closed: The Session has been Closed!
⚠️  WebSocket closed: The Session has been Closed!
⚠️  Feed error: Handshake status 522 <none> -+-+- {'date': 'Mon, 05 Oct 2026 04:08:27 GMT', 'content-type': 'text/plain; charset=UTF-8', 'content-length': '16', 'connection': 'keep-alive', 'cache-control': 'private, max-age=0, no-store, no-cache, must-revalidate, post-check=0, pre-check=0', 'expires': 'Thu, 01 Jan 1970 00:00:01 GMT', 'referrer-policy': 'same-origin', 'server-timing': 'cfEdge;dur=19286,cfOrigin;dur=0', 'x-frame-options': 'SAMEORIGIN', 'server': 'cloudflare', 'cf-ray': 'a459903c283e98c3-ORD'} -+-+- b'error code: 522\n'
⚠️  WebSocket closed: The Session has been Closed!
⚠️  No ticks for 61s — reconnecting (attempt 3)...
🔴 3 consecutive reconnect attempts produced zero new ticks — forcing full re-login + resubscribe...
Logged in successfully
✅ Re-logged in and resubscribed (will confirm ticks resume next cycle)
⚠️  WebSocket closed: The Session has been Closed!
⚠️  Feed error: [Errno 110] Connection timed out
⚠️  WebSocket closed: The Session has been Closed!
⚠️  No ticks for 61s — reconnecting (attempt 1)...
Socket Connection has been closed, So! The scripts are already un-subscribed!
The Data has been Un-Subscribed
  subscribe() returned OK (will confirm ticks resume next cycle)
⚠️  No ticks for 61s — reconnecting (attempt 2)...
Socket Connection has been closed, So! The scripts are already un-subscribed!
The Data has been Un-Subscribed
  subscribe() returned OK (will confirm ticks resume next cycle)
⚠️  WebSocket closed: The Session has been Closed!
⚠️  Feed error: [Errno 110] Connection timed out
⚠️  WebSocket closed: The Session has been Closed!
⚠️  No ticks for 61s — reconnecting (attempt 3)...
🔴 3 consecutive reconnect attempts produced zero new ticks — forcing full re-login + resubscribe...
Logged in successfully
✅ Re-logged in and resubscribed (will confirm ticks resume next cycle)
⚠️  WebSocket closed: The Session has been Closed!
⚠️  Feed error: [Errno 110] Connection timed out
⚠️  No ticks for 61s — reconnecting (attempt 1)...
Socket Connection has been closed, So! The scripts are already un-subscribed!
The Data has been Un-Subscribed
  subscribe() returned OK (will confirm ticks resume next cycle)
⚠️  WebSocket closed: The Session has been Closed!
⚠️  Feed error: [Errno 110] Connection timed out
⚠️  WebSocket closed: The Session has been Closed!
⚠️  No ticks for 61s — reconnecting (attempt 2)...
Socket Connection has been closed, So! The scripts are already un-subscribed!
The Data has been Un-Subscribed
  subscribe() returned OK (will confirm ticks resume next cycle)
⚠️  WebSocket closed: The Session has been Closed!
⚠️  Feed error: [Errno 110] Connection timed out
⚠️  WebSocket closed: The Session has been Closed!
⚠️  No ticks for 61s — reconnecting (attempt 3)...
🔴 3 consecutive reconnect attempts produced zero new ticks — forcing full re-login + resubscribe...
Logged in successfully
✅ Re-logged in and resubscribed (will confirm ticks resume next cycle)
⚠️  WebSocket closed: The Session has been Closed!
⚠️  Feed error: [Errno 110] Connection timed out
⚠️  WebSocket closed: The Session has been Closed!
⚠️  WebSocket closed: The Session has been Closed!
⚠️  Feed error: Handshake status 522 <none> -+-+- {'date': 'Mon, 05 Oct 2026 04:15:48 GMT', 'content-type': 'text/plain; charset=UTF-8', 'content-length': '16', 'connection': 'keep-alive', 'cache-control': 'private, max-age=0, no-store, no-cache, must-revalidate, post-check=0, pre-check=0', 'expires': 'Thu, 01 Jan 1970 00:00:01 GMT', 'referrer-policy': 'same-origin', 'server-timing': 'cfEdge;dur=19767,cfOrigin;dur=0', 'x-frame-options': 'SAMEORIGIN', 'server': 'cloudflare', 'cf-ray': 'a4599afc2cfd0a26-ORD'} -+-+- b'error code: 522\n'
⚠️  WebSocket closed: The Session has been Closed!
⚠️  No ticks for 61s — reconnecting (attempt 1)...
Socket Connection has been closed, So! The scripts are already un-subscribed!
The Data has been Un-Subscribed
  subscribe() returned OK (will confirm ticks resume next cycle)
⚠️  WebSocket closed: The Session has been Closed!
⚠️  Feed error: [Errno 110] Connection timed out
⚠️  WebSocket closed: The Session has been Closed!
⚠️  WebSocket closed: The Session has been Closed!
⚠️  Feed error: Handshake status 522 <none> -+-+- {'date': 'Mon, 05 Oct 2026 04:16:51 GMT', 'content-type': 'text/plain; charset=UTF-8', 'content-length': '16', 'connection': 'keep-alive', 'cache-control': 'private, max-age=0, no-store, no-cache, must-revalidate, post-check=0, pre-check=0', 'expires': 'Thu, 01 Jan 1970 00:00:01 GMT', 'referrer-policy': 'same-origin', 'server-timing': 'cfEdge;dur=19584,cfOrigin;dur=0', 'x-frame-options': 'SAMEORIGIN', 'server': 'cloudflare', 'cf-ray': 'a4599c862f16e06f-ORD'} -+-+- b'error code: 522\n'
⚠️  WebSocket closed: The Session has been Closed!
⚠️  No ticks for 61s — reconnecting (attempt 2)...
Socket Connection has been closed, So! The scripts are already un-subscribed!
The Data has been Un-Subscribed
  subscribe() returned OK (will confirm ticks resume next cycle)
⚠️  No ticks for 61s — reconnecting (attempt 3)...
🔴 3 consecutive reconnect attempts produced zero new ticks — forcing full re-login + resubscribe...
Logged in successfully
✅ Re-logged in and resubscribed (will confirm ticks resume next cycle)
⚠️  WebSocket closed: The Session has been Closed!
⚠️  Feed error: Handshake status 522 <none> -+-+- {'date': 'Mon, 05 Oct 2026 04:18:57 GMT', 'content-type': 'text/plain; charset=UTF-8', 'content-length': '16', 'connection': 'keep-alive', 'cache-control': 'private, max-age=0, no-store, no-cache, must-revalidate, post-check=0, pre-check=0', 'expires': 'Thu, 01 Jan 1970 00:00:01 GMT', 'referrer-policy': 'same-origin', 'server-timing': 'cfEdge;dur=19611,cfOrigin;dur=0', 'x-frame-options': 'SAMEORIGIN', 'server': 'cloudflare', 'cf-ray': 'a4599f980bbd870b-ORD'} -+-+- b'error code: 522\n'
⚠️  WebSocket closed: The Session has been Closed!
⚠️  No ticks for 61s — reconnecting (attempt 1)...
Socket Connection has been closed, So! The scripts are already un-subscribed!
The Data has been Un-Subscribed
  subscribe() returned OK (will confirm ticks resume next cycle)
⚠️  WebSocket closed: The Session has been Closed!
⚠️  Feed error: [Errno 110] Connection timed out
⚠️  WebSocket closed: The Session has been Closed!
⚠️  Feed error: Handshake status 522 <none> -+-+- {'date': 'Mon, 05 Oct 2026 04:20:00 GMT', 'content-type': 'text/plain; charset=UTF-8', 'content-length': '16', 'connection': 'keep-alive', 'cache-control': 'private, max-age=0, no-store, no-cache, must-revalidate, post-check=0, pre-check=0', 'expires': 'Thu, 01 Jan 1970 00:00:01 GMT', 'referrer-policy': 'same-origin', 'server-timing': 'cfEdge;dur=19711,cfOrigin;dur=0', 'x-frame-options': 'SAMEORIGIN', 'server': 'cloudflare', 'cf-ray': 'a459a121dd0b89fd-ORD'} -+-+- b'error code: 522\n'
⚠️  WebSocket closed: The Session has been Closed!
⚠️  No ticks for 61s — reconnecting (attempt 2)...
Socket Connection has been closed, So! The scripts are already un-subscribed!
The Data has been Un-Subscribed
  subscribe() returned OK (will confirm ticks resume next cycle)
⚠️  WebSocket closed: The Session has been Closed!
⚠️  Feed error: Handshake status 522 <none> -+-+- {'date': 'Mon, 05 Oct 2026 04:21:03 GMT', 'content-type': 'text/plain; charset=UTF-8', 'content-length': '16', 'connection': 'keep-alive', 'cache-control': 'private, max-age=0, no-store, no-cache, must-revalidate, post-check=0, pre-check=0', 'expires': 'Thu, 01 Jan 1970 00:00:01 GMT', 'referrer-policy': 'same-origin', 'server-timing': 'cfEdge;dur=19592,cfOrigin;dur=0', 'x-frame-options': 'SAMEORIGIN', 'server': 'cloudflare', 'cf-ray': 'a459a2abc928ef0e-ORD'} -+-+- b'error code: 522\n'
⚠️  WebSocket closed: The Session has been Closed!
⚠️  No ticks for 61s — reconnecting (attempt 3)...
🔴 3 consecutive reconnect attempts produced zero new ticks — forcing full re-login + resubscribe...
Logged in successfully
✅ Re-logged in and resubscribed (will confirm ticks resume next cycle)
⚠️  No ticks for 61s — reconnecting (attempt 1)...
Socket Connection has been closed, So! The scripts are already un-subscribed!
The Data has been Un-Subscribed
  subscribe() returned OK (will confirm ticks resume next cycle)
⚠️  No ticks for 61s — reconnecting (attempt 2)...
Socket Connection has been closed, So! The scripts are already un-subscribed!
The Data has been Un-Subscribed
  subscribe() returned OK (will confirm ticks resume next cycle)
⚠️  WebSocket closed: The Session has been Closed!
⚠️  Feed error: [Errno 110] Connection timed out
⚠️  No ticks for 61s — reconnecting (attempt 3)...
🔴 3 consecutive reconnect attempts produced zero new ticks — forcing full re-login + resubscribe...
Logged in successfully
✅ Re-logged in and resubscribed (will confirm ticks resume next cycle)
⚠️  WebSocket closed: The Session has been Closed!
⚠️  Feed error: [Errno 110] Connection timed out
⚠️  No ticks for 61s — reconnecting (attempt 1)...
Socket Connection has been closed, So! The scripts are already un-subscribed!
The Data has been Un-Subscribed
  subscribe() returned OK (will confirm ticks resume next cycle)
⚠️  WebSocket closed: The Session has been Closed!
⚠️  Feed error: [Errno 110] Connection timed out
⚠️  WebSocket closed: The Session has been Closed!
⚠️  No ticks for 61s — reconnecting (attempt 2)...
Socket Connection has been closed, So! The scripts are already un-subscribed!
The Data has been Un-Subscribed
  subscribe() returned OK (will confirm ticks resume next cycle)
⚠️  WebSocket closed: The Session has been Closed!
⚠️  Feed error: [Errno 110] Connection timed out
⚠️  WebSocket closed: The Session has been Closed!
⚠️  No ticks for 61s — reconnecting (attempt 3)...
🔴 3 consecutive reconnect attempts produced zero new ticks — forcing full re-login + resubscribe...
Logged in successfully
✅ Re-logged in and resubscribed (will confirm ticks resume next cycle)
⚠️  WebSocket closed: The Session has been Closed!
⚠️  Feed error: [Errno 110] Connection timed out
⚠️  WebSocket closed: The Session has been Closed!
⚠️  No ticks for 61s — reconnecting (attempt 1)...
Socket Connection has been closed, So! The scripts are already un-subscribed!
The Data has been Un-Subscribed
  subscribe() returned OK (will confirm ticks resume next cycle)
⚠️  WebSocket closed: The Session has been Closed!
⚠️  Feed error: [Errno 110] Connection timed out
⚠️  WebSocket closed: The Session has been Closed!
⚠️  No ticks for 61s — reconnecting (attempt 2)...
Socket Connection has been closed, So! The scripts are already un-subscribed!
The Data has been Un-Subscribed
  subscribe() returned OK (will confirm ticks resume next cycle)
⚠️  WebSocket closed: The Session has been Closed!
⚠️  Feed error: [Errno 110] Connection timed out
⚠️  WebSocket closed: The Session has been Closed!
⚠️  No ticks for 61s — reconnecting (attempt 3)...
🔴 3 consecutive reconnect attempts produced zero new ticks — forcing full re-login + resubscribe...
Logged in successfully
✅ Re-logged in and resubscribed (will confirm ticks resume next cycle)
⚠️  WebSocket closed: The Session has been Closed!
⚠️  Feed error: [Errno 110] Connection timed out
⚠️  WebSocket closed: The Session has been Closed!
⚠️  WebSocket closed: The Session has been Closed!
⚠️  Feed error: Handshake status 522 <none> -+-+- {'date': 'Mon, 05 Oct 2026 04:31:32 GMT', 'content-type': 'text/plain; charset=UTF-8', 'content-length': '16', 'connection': 'keep-alive', 'cache-control': 'private, max-age=0, no-store, no-cache, must-revalidate, post-check=0, pre-check=0', 'expires': 'Thu, 01 Jan 1970 00:00:01 GMT', 'referrer-policy': 'same-origin', 'server-timing': 'cfEdge;dur=19577,cfOrigin;dur=0', 'x-frame-options': 'SAMEORIGIN', 'server': 'cloudflare', 'cf-ray': 'a459b206f955e81e-ORD'} -+-+- b'error code: 522\n'
⚠️  WebSocket closed: The Session has been Closed!
⚠️  No ticks for 61s — reconnecting (attempt 1)...
Socket Connection has been closed, So! The scripts are already un-subscribed!
The Data has been Un-Subscribed
  subscribe() returned OK (will confirm ticks resume next cycle)
⚠️  WebSocket closed: The Session has been Closed!
⚠️  Feed error: [Errno 110] Connection timed out
⚠️  WebSocket closed: The Session has been Closed!
⚠️  No ticks for 61s — reconnecting (attempt 2)...
Socket Connection has been closed, So! The scripts are already un-subscribed!
The Data has been Un-Subscribed
  subscribe() returned OK (will confirm ticks resume next cycle)
⚠️  No ticks for 61s — reconnecting (attempt 3)...
🔴 3 consecutive reconnect attempts produced zero new ticks — forcing full re-login + resubscribe...
Logged in successfully
✅ Re-logged in and resubscribed (will confirm ticks resume next cycle)
⚠️  WebSocket closed: The Session has been Closed!
⚠️  Feed error: [Errno 110] Connection timed out
⚠️  WebSocket closed: The Session has been Closed!
⚠️  WebSocket closed: The Session has been Closed!
⚠️  Feed error: Handshake status 522 <none> -+-+- {'date': 'Mon, 05 Oct 2026 04:34:40 GMT', 'content-type': 'text/plain; charset=UTF-8', 'content-length': '16', 'connection': 'keep-alive', 'cache-control': 'private, max-age=0, no-store, no-cache, must-revalidate, post-check=0, pre-check=0', 'expires': 'Thu, 01 Jan 1970 00:00:01 GMT', 'referrer-policy': 'same-origin', 'server-timing': 'cfEdge;dur=19332,cfOrigin;dur=0', 'x-frame-options': 'SAMEORIGIN', 'server': 'cloudflare', 'cf-ray': 'a459b6a1db883215-ORD'} -+-+- b'error code: 522\n'
⚠️  WebSocket closed: The Session has been Closed!
⚠️  No ticks for 61s — reconnecting (attempt 1)...
Socket Connection has been closed, So! The scripts are already un-subscribed!
The Data has been Un-Subscribed
  subscribe() returned OK (will confirm ticks resume next cycle)
⚠️  WebSocket closed: The Session has been Closed!
⚠️  Feed error: [Errno 110] Connection timed out
⚠️  No ticks for 61s — reconnecting (attempt 2)...
Socket Connection has been closed, So! The scripts are already un-subscribed!
The Data has been Un-Subscribed
  subscribe() returned OK (will confirm ticks resume next cycle)
⚠️  No ticks for 61s — reconnecting (attempt 3)...
🔴 3 consecutive reconnect attempts produced zero new ticks — forcing full re-login + resubscribe...
Logged in successfully
✅ Re-logged in and resubscribed (will confirm ticks resume next cycle)
⚠️  WebSocket closed: The Session has been Closed!
⚠️  Feed error: [Errno 110] Connection timed out
⚠️  WebSocket closed: The Session has been Closed!
⚠️  No ticks for 61s — reconnecting (attempt 1)...
Socket Connection has been closed, So! The scripts are already un-subscribed!
The Data has been Un-Subscribed
  subscribe() returned OK (will confirm ticks resume next cycle)
⚠️  WebSocket closed: The Session has been Closed!
⚠️  Feed error: [Errno 110] Connection timed out
⚠️  No ticks for 61s — reconnecting (attempt 2)...
Socket Connection has been closed, So! The scripts are already un-subscribed!
The Data has been Un-Subscribed
  subscribe() returned OK (will confirm ticks resume next cycle)
⚠️  WebSocket closed: The Session has been Closed!
⚠️  Feed error: [Errno 110] Connection timed out
⚠️  WebSocket closed: The Session has been Closed!
⚠️  WebSocket closed: The Session has been Closed!
⚠️  Feed error: Handshake status 522 <none> -+-+- {'date': 'Mon, 05 Oct 2026 04:39:55 GMT', 'content-type': 'text/plain; charset=UTF-8', 'content-length': '16', 'connection': 'keep-alive', 'cache-control': 'private, max-age=0, no-store, no-cache, must-revalidate, post-check=0, pre-check=0', 'expires': 'Thu, 01 Jan 1970 00:00:01 GMT', 'referrer-policy': 'same-origin', 'server-timing': 'cfEdge;dur=19695,cfOrigin;dur=0', 'x-frame-options': 'SAMEORIGIN', 'server': 'cloudflare', 'cf-ray': 'a459be512ea183b9-ORD'} -+-+- b'error code: 522\n'
⚠️  WebSocket closed: The Session has been Closed!
⚠️  No ticks for 61s — reconnecting (attempt 3)...
🔴 3 consecutive reconnect attempts produced zero new ticks — forcing full re-login + resubscribe...
Logged in successfully
✅ Re-logged in and resubscribed (will confirm ticks resume next cycle)
⚠️  WebSocket closed: The Session has been Closed!
⚠️  Feed error: [Errno 110] Connection timed out
⚠️  WebSocket closed: The Session has been Closed!
⚠️  No ticks for 61s — reconnecting (attempt 1)...
Socket Connection has been closed, So! The scripts are already un-subscribed!
The Data has been Un-Subscribed
  subscribe() returned OK (will confirm ticks resume next cycle)
⚠️  WebSocket closed: The Session has been Closed!
⚠️  Feed error: Handshake status 522 <none> -+-+- {'date': 'Mon, 05 Oct 2026 04:42:00 GMT', 'content-type': 'text/plain; charset=UTF-8', 'content-length': '16', 'connection': 'keep-alive', 'cache-control': 'private, max-age=0, no-store, no-cache, must-revalidate, post-check=0, pre-check=0', 'expires': 'Thu, 01 Jan 1970 00:00:01 GMT', 'referrer-policy': 'same-origin', 'server-timing': 'cfEdge;dur=19293,cfOrigin;dur=0', 'x-frame-options': 'SAMEORIGIN', 'server': 'cloudflare', 'cf-ray': 'a459c162dac4c667-ORD'} -+-+- b'error code: 522\n'
⚠️  WebSocket closed: The Session has been Closed!
⚠️  No ticks for 61s — reconnecting (attempt 2)...
Socket Connection has been closed, So! The scripts are already un-subscribed!
The Data has been Un-Subscribed
  subscribe() returned OK (will confirm ticks resume next cycle)
⚠️  WebSocket closed: The Session has been Closed!
⚠️  Feed error: [Errno 110] Connection timed out
⚠️  WebSocket closed: The Session has been Closed!
⚠️  No ticks for 61s — reconnecting (attempt 3)...
🔴 3 consecutive reconnect attempts produced zero new ticks — forcing full re-login + resubscribe...
Logged in successfully
✅ Re-logged in and resubscribed (will confirm ticks resume next cycle)
⚠️  WebSocket closed: The Session has been Closed!
⚠️  Feed error: Handshake status 522 <none> -+-+- {'date': 'Mon, 05 Oct 2026 04:44:06 GMT', 'content-type': 'text/plain; charset=UTF-8', 'content-length': '16', 'connection': 'keep-alive', 'cache-control': 'private, max-age=0, no-store, no-cache, must-revalidate, post-check=0, pre-check=0', 'expires': 'Thu, 01 Jan 1970 00:00:01 GMT', 'referrer-policy': 'same-origin', 'server-timing': 'cfEdge;dur=19280,cfOrigin;dur=0', 'x-frame-options': 'SAMEORIGIN', 'server': 'cloudflare', 'cf-ray': 'a459c47458e3eb64-ORD'} -+-+- b'error code: 522\n'
⚠️  WebSocket closed: The Session has been Closed!
⚠️  No ticks for 61s — reconnecting (attempt 1)...
Socket Connection has been closed, So! The scripts are already un-subscribed!
The Data has been Un-Subscribed
  subscribe() returned OK (will confirm ticks resume next cycle)
⚠️  WebSocket closed: The Session has been Closed!
⚠️  Feed error: [Errno 110] Connection timed out
⚠️  WebSocket closed: The Session has been Closed!
⚠️  No ticks for 61s — reconnecting (attempt 2)...
Socket Connection has been closed, So! The scripts are already un-subscribed!
The Data has been Un-Subscribed
  subscribe() returned OK (will confirm ticks resume next cycle)
⚠️  No ticks for 61s — reconnecting (attempt 3)...
🔴 3 consecutive reconnect attempts produced zero new ticks — forcing full re-login + resubscribe...
Logged in successfully
✅ Re-logged in and resubscribed (will confirm ticks resume next cycle)
⚠️  WebSocket closed: The Session has been Closed!
⚠️  Feed error: [Errno 110] Connection timed out
⚠️  WebSocket closed: The Session has been Closed!
⚠️  No ticks for 61s — reconnecting (attempt 1)...
Socket Connection has been closed, So! The scripts are already un-subscribed!
The Data has been Un-Subscribed
  subscribe() returned OK (will confirm ticks resume next cycle)
⚠️  WebSocket closed: The Session has been Closed!
⚠️  Feed error: [Errno 110] Connection timed out
⚠️  No ticks for 61s — reconnecting (attempt 2)...
Socket Connection has been closed, So! The scripts are already un-subscribed!
The Data has been Un-Subscribed
  subscribe() returned OK (will confirm ticks resume next cycle)
⚠️  WebSocket closed: The Session has been Closed!
⚠️  Feed error: [Errno 110] Connection timed out
⚠️  WebSocket closed: The Session has been Closed!
⚠️  WebSocket closed: The Session has been Closed!
⚠️  Feed error: Handshake status 522 <none> -+-+- {'date': 'Mon, 05 Oct 2026 04:49:21 GMT', 'content-type': 'text/plain; charset=UTF-8', 'content-length': '16', 'connection': 'keep-alive', 'cache-control': 'private, max-age=0, no-store, no-cache, must-revalidate, post-check=0, pre-check=0', 'expires': 'Thu, 01 Jan 1970 00:00:01 GMT', 'referrer-policy': 'same-origin', 'server-timing': 'cfEdge;dur=19265,cfOrigin;dur=0', 'x-frame-options': 'SAMEORIGIN', 'server': 'cloudflare', 'cf-ray': 'a459cc239c87514c-ORD'} -+-+- b'error code: 522\n'
⚠️  WebSocket closed: The Session has been Closed!
⚠️  No ticks for 61s — reconnecting (attempt 3)...
🔴 3 consecutive reconnect attempts produced zero new ticks — forcing full re-login + resubscribe...
Logged in successfully
✅ Re-logged in and resubscribed (will confirm ticks resume next cycle)
⚠️  WebSocket closed: The Session has been Closed!
⚠️  Feed error: [Errno 110] Connection timed out
⚠️  WebSocket closed: The Session has been Closed!
⚠️  No ticks for 61s — reconnecting (attempt 1)...
Socket Connection has been closed, So! The scripts are already un-subscribed!
The Data has been Un-Subscribed
  subscribe() returned OK (will confirm ticks resume next cycle)
⚠️  No ticks for 61s — reconnecting (attempt 2)...
Socket Connection has been closed, So! The scripts are already un-subscribed!
The Data has been Un-Subscribed
  subscribe() returned OK (will confirm ticks resume next cycle)
⚠️  WebSocket closed: The Session has been Closed!
⚠️  Feed error: [Errno 110] Connection timed out
⚠️  WebSocket closed: The Session has been Closed!
⚠️  No ticks for 61s — reconnecting (attempt 3)...
🔴 3 consecutive reconnect attempts produced zero new ticks — forcing full re-login + resubscribe...
Logged in successfully
✅ Re-logged in and resubscribed (will confirm ticks resume next cycle)
⚠️  WebSocket closed: The Session has been Closed!
⚠️  Feed error: [Errno 110] Connection timed out
⚠️  No ticks for 61s — reconnecting (attempt 1)...
Socket Connection has been closed, So! The scripts are already un-subscribed!
The Data has been Un-Subscribed
  subscribe() returned OK (will confirm ticks resume next cycle)
⚠️  WebSocket closed: The Session has been Closed!
⚠️  Feed error: [Errno 110] Connection timed out
⚠️  WebSocket closed: The Session has been Closed!
⚠️  WebSocket closed: The Session has been Closed!
⚠️  Feed error: Handshake status 522 <none> -+-+- {'date': 'Mon, 05 Oct 2026 04:54:35 GMT', 'content-type': 'text/plain; charset=UTF-8', 'content-length': '16', 'connection': 'keep-alive', 'cache-control': 'private, max-age=0, no-store, no-cache, must-revalidate, post-check=0, pre-check=0', 'expires': 'Thu, 01 Jan 1970 00:00:01 GMT', 'referrer-policy': 'same-origin', 'server-timing': 'cfEdge;dur=19328,cfOrigin;dur=0', 'x-frame-options': 'SAMEORIGIN', 'server': 'cloudflare', 'cf-ray': 'a459d3d1badaf842-ORD'} -+-+- b'error code: 522\n'
⚠️  WebSocket closed: The Session has been Closed!
⚠️  No ticks for 61s — reconnecting (attempt 2)...
Socket Connection has been closed, So! The scripts are already un-subscribed!
The Data has been Un-Subscribed
  subscribe() returned OK (will confirm ticks resume next cycle)
⚠️  WebSocket closed: The Session has been Closed!
⚠️  Feed error: [Errno 110] Connection timed out
⚠️  WebSocket closed: The Session has been Closed!
⚠️  No ticks for 61s — reconnecting (attempt 3)...
🔴 3 consecutive reconnect attempts produced zero new ticks — forcing full re-login + resubscribe...
Logged in successfully
✅ Re-logged in and resubscribed (will confirm ticks resume next cycle)
⚠️  No ticks for 61s — reconnecting (attempt 1)...
Socket Connection has been closed, So! The scripts are already un-subscribed!
The Data has been Un-Subscribed
  subscribe() returned OK (will confirm ticks resume next cycle)
⚠️  WebSocket closed: The Session has been Closed!
⚠️  Feed error: [Errno 110] Connection timed out
⚠️  WebSocket closed: The Session has been Closed!
⚠️  No ticks for 61s — reconnecting (attempt 2)...
Socket Connection has been closed, So! The scripts are already un-subscribed!
The Data has been Un-Subscribed
  subscribe() returned OK (will confirm ticks resume next cycle)
⚠️  WebSocket closed: The Session has been Closed!
⚠️  Feed error: [Errno 110] Connection timed out
⚠️  No ticks for 61s — reconnecting (attempt 3)...
🔴 3 consecutive reconnect attempts produced zero new ticks — forcing full re-login + resubscribe...
Logged in successfully
✅ Re-logged in and resubscribed (will confirm ticks resume next cycle)
⚠️  WebSocket closed: The Session has been Closed!
⚠️  Feed error: [Errno 110] Connection timed out
⚠️  WebSocket closed: The Session has been Closed!
⚠️  No ticks for 61s — reconnecting (attempt 1)...
Socket Connection has been closed, So! The scripts are already un-subscribed!
The Data has been Un-Subscribed
  subscribe() returned OK (will confirm ticks resume next cycle)
⚠️  WebSocket closed: The Session has been Closed!
⚠️  Feed error: [Errno 110] Connection timed out
⚠️  WebSocket closed: The Session has been Closed!
⚠️  No ticks for 61s — reconnecting (attempt 2)...
Socket Connection has been closed, So! The scripts are already un-subscribed!
The Data has been Un-Subscribed
  subscribe() returned OK (will confirm ticks resume next cycle)
⚠️  WebSocket closed: The Session has been Closed!
⚠️  Feed error: [Errno 110] Connection timed out
⚠️  WebSocket closed: The Session has been Closed!
⚠️  No ticks for 61s — reconnecting (attempt 3)...
🔴 3 consecutive reconnect attempts produced zero new ticks — forcing full re-login + resubscribe...
Logged in successfully
✅ Re-logged in and resubscribed (will confirm ticks resume next cycle)
⚠️  WebSocket closed: The Session has been Closed!
⚠️  Feed error: [Errno 110] Connection timed out
⚠️  WebSocket closed: The Session has been Closed!
⚠️  No ticks for 61s — reconnecting (attempt 1)...
Socket Connection has been closed, So! The scripts are already un-subscribed!
The Data has been Un-Subscribed
  subscribe() returned OK (will confirm ticks resume next cycle)
⚠️  WebSocket closed: The Session has been Closed!
⚠️  Feed error: [Errno 110] Connection timed out
⚠️  WebSocket closed: The Session has been Closed!
⚠️  No ticks for 61s — reconnecting (attempt 2)...
Socket Connection has been closed, So! The scripts are already un-subscribed!
The Data has been Un-Subscribed
  subscribe() returned OK (will confirm ticks resume next cycle)
⚠️  WebSocket closed: The Session has been Closed!
⚠️  Feed error: [Errno 110] Connection timed out
⚠️  WebSocket closed: The Session has been Closed!
⚠️  No ticks for 61s — reconnecting (attempt 3)...
🔴 3 consecutive reconnect attempts produced zero new ticks — forcing full re-login + resubscribe...
Logged in successfully
✅ Re-logged in and resubscribed (will confirm ticks resume next cycle)
⚠️  WebSocket closed: The Session has been Closed!
⚠️  Feed error: [Errno 110] Connection timed out
⚠️  WebSocket closed: The Session has been Closed!
⚠️  No ticks for 61s — reconnecting (attempt 1)...
Socket Connection has been closed, So! The scripts are already un-subscribed!
The Data has been Un-Subscribed
  subscribe() returned OK (will confirm ticks resume next cycle)
⚠️  WebSocket closed: The Session has been Closed!
⚠️  Feed error: [Errno 110] Connection timed out
⚠️  WebSocket closed: The Session has been Closed!
⚠️  No ticks for 61s — reconnecting (attempt 2)...
Socket Connection has been closed, So! The scripts are already un-subscribed!
The Data has been Un-Subscribed
  subscribe() returned OK (will confirm ticks resume next cycle)
⚠️  WebSocket closed: The Session has been Closed!
⚠️  Feed error: [Errno 110] Connection timed out
⚠️  WebSocket closed: The Session has been Closed!
⚠️  No ticks for 61s — reconnecting (attempt 3)...
🔴 3 consecutive reconnect attempts produced zero new ticks — forcing full re-login + resubscribe...
Logged in successfully
✅ Re-logged in and resubscribed (will confirm ticks resume next cycle)
⚠️  WebSocket closed: The Session has been Closed!
⚠️  Feed error: [Errno 110] Connection timed out
⚠️  WebSocket closed: The Session has been Closed!
⚠️  WebSocket closed: The Session has been Closed!
⚠️  Feed error: Handshake status 522 <none> -+-+- {'date': 'Mon, 05 Oct 2026 05:09:16 GMT', 'content-type': 'text/plain; charset=UTF-8', 'content-length': '16', 'connection': 'keep-alive', 'cache-control': 'private, max-age=0, no-store, no-cache, must-revalidate, post-check=0, pre-check=0', 'expires': 'Thu, 01 Jan 1970 00:00:01 GMT', 'referrer-policy': 'same-origin', 'server-timing': 'cfEdge;dur=19549,cfOrigin;dur=0', 'x-frame-options': 'SAMEORIGIN', 'server': 'cloudflare', 'cf-ray': 'a459e951a9037a9d-ORD'} -+-+- b'error code: 522\n'
⚠️  WebSocket closed: The Session has been Closed!
⚠️  No ticks for 61s — reconnecting (attempt 1)...
Socket Connection has been closed, So! The scripts are already un-subscribed!
The Data has been Un-Subscribed
  subscribe() returned OK (will confirm ticks resume next cycle)
⚠️  WebSocket closed: The Session has been Closed!
⚠️  Feed error: [Errno 110] Connection timed out
⚠️  WebSocket closed: The Session has been Closed!
⚠️  No ticks for 61s — reconnecting (attempt 2)...
Socket Connection has been closed, So! The scripts are already un-subscribed!
The Data has been Un-Subscribed
  subscribe() returned OK (will confirm ticks resume next cycle)
⚠️  No ticks for 61s — reconnecting (attempt 3)...
🔴 3 consecutive reconnect attempts produced zero new ticks — forcing full re-login + resubscribe...
Logged in successfully
✅ Re-logged in and resubscribed (will confirm ticks resume next cycle)
⚠️  WebSocket closed: The Session has been Closed!
⚠️  Feed error: [Errno 110] Connection timed out
⚠️  WebSocket closed: The Session has been Closed!
⚠️  No ticks for 61s — reconnecting (attempt 1)...
Socket Connection has been closed, So! The scripts are already un-subscribed!
The Data has been Un-Subscribed
  subscribe() returned OK (will confirm ticks resume next cycle)
⚠️  WebSocket closed: The Session has been Closed!
⚠️  Feed error: [Errno 110] Connection timed out
⚠️  No ticks for 61s — reconnecting (attempt 2)...
Socket Connection has been closed, So! The scripts are already un-subscribed!
The Data has been Un-Subscribed
  subscribe() returned OK (will confirm ticks resume next cycle)
⚠️  WebSocket closed: The Session has been Closed!
⚠️  Feed error: [Errno 110] Connection timed out
⚠️  WebSocket closed: The Session has been Closed!
⚠️  No ticks for 61s — reconnecting (attempt 3)...
🔴 3 consecutive reconnect attempts produced zero new ticks — forcing full re-login + resubscribe...
Logged in successfully
✅ Re-logged in and resubscribed (will confirm ticks resume next cycle)
⚠️  WebSocket closed: The Session has been Closed!
⚠️  Feed error: [Errno 110] Connection timed out
⚠️  WebSocket closed: The Session has been Closed!
⚠️  No ticks for 61s — reconnecting (attempt 1)...
Socket Connection has been closed, So! The scripts are already un-subscribed!
The Data has been Un-Subscribed
  subscribe() returned OK (will confirm ticks resume next cycle)
⚠️  WebSocket closed: The Session has been Closed!
⚠️  Feed error: [Errno 110] Connection timed out
⚠️  WebSocket closed: The Session has been Closed!
⚠️  No ticks for 61s — reconnecting (attempt 2)...
Socket Connection has been closed, So! The scripts are already un-subscribed!
The Data has been Un-Subscribed
  subscribe() returned OK (will confirm ticks resume next cycle)
⚠️  WebSocket closed: The Session has been Closed!
⚠️  Feed error: [Errno 110] Connection timed out
⚠️  WebSocket closed: The Session has been Closed!
⚠️  No ticks for 61s — reconnecting (attempt 3)...
🔴 3 consecutive reconnect attempts produced zero new ticks — forcing full re-login + resubscribe...
Logged in successfully
✅ Re-logged in and resubscribed (will confirm ticks resume next cycle)
⚠️  WebSocket closed: The Session has been Closed!
⚠️  Feed error: [Errno 110] Connection timed out
⚠️  WebSocket closed: The Session has been Closed!
⚠️  No ticks for 61s — reconnecting (attempt 1)...
Socket Connection has been closed, So! The scripts are already un-subscribed!
The Data has been Un-Subscribed
  subscribe() returned OK (will confirm ticks resume next cycle)
⚠️  WebSocket closed: The Session has been Closed!
⚠️  Feed error: [Errno 110] Connection timed out
⚠️  WebSocket closed: The Session has been Closed!
⚠️  No ticks for 61s — reconnecting (attempt 2)...
Socket Connection has been closed, So! The scripts are already un-subscribed!
The Data has been Un-Subscribed
  subscribe() returned OK (will confirm ticks resume next cycle)
⚠️  WebSocket closed: The Session has been Closed!
⚠️  Feed error: [Errno 110] Connection timed out
⚠️  WebSocket closed: The Session has been Closed!
⚠️  No ticks for 61s — reconnecting (attempt 3)...
🔴 3 consecutive reconnect attempts produced zero new ticks — forcing full re-login + resubscribe...
Logged in successfully
✅ Re-logged in and resubscribed (will confirm ticks resume next cycle)
⚠️  WebSocket closed: The Session has been Closed!
⚠️  Feed error: [Errno 110] Connection timed out
⚠️  WebSocket closed: The Session has been Closed!
⚠️  No ticks for 61s — reconnecting (attempt 1)...
Socket Connection has been closed, So! The scripts are already un-subscribed!
The Data has been Un-Subscribed
  subscribe() returned OK (will confirm ticks resume next cycle)
⚠️  WebSocket closed: The Session has been Closed!
⚠️  Feed error: [Errno 110] Connection timed out
⚠️  WebSocket closed: The Session has been Closed!
⚠️  No ticks for 61s — reconnecting (attempt 2)...
Socket Connection has been closed, So! The scripts are already un-subscribed!
The Data has been Un-Subscribed
  subscribe() returned OK (will confirm ticks resume next cycle)
⚠️  WebSocket closed: The Session has been Closed!
⚠️  Feed error: [Errno 110] Connection timed out
⚠️  WebSocket closed: The Session has been Closed!
⚠️  WebSocket closed: The Session has been Closed!
⚠️  Feed error: Handshake status 522 <none> -+-+- {'date': 'Mon, 05 Oct 2026 05:23:58 GMT', 'content-type': 'text/plain; charset=UTF-8', 'content-length': '16', 'connection': 'keep-alive', 'cache-control': 'private, max-age=0, no-store, no-cache, must-revalidate, post-check=0, pre-check=0', 'expires': 'Thu, 01 Jan 1970 00:00:01 GMT', 'referrer-policy': 'same-origin', 'server-timing': 'cfEdge;dur=19708,cfOrigin;dur=0', 'x-frame-options': 'SAMEORIGIN', 'server': 'cloudflare', 'cf-ray': 'a459fed67fd1c176-ORD'} -+-+- b'error code: 522\n'
⚠️  WebSocket closed: The Session has been Closed!
⚠️  No ticks for 61s — reconnecting (attempt 3)...
🔴 3 consecutive reconnect attempts produced zero new ticks — forcing full re-login + resubscribe...
Logged in successfully
✅ Re-logged in and resubscribed (will confirm ticks resume next cycle)
⚠️  WebSocket closed: The Session has been Closed!
⚠️  Feed error: [Errno 110] Connection timed out
⚠️  WebSocket closed: The Session has been Closed!
⚠️  No ticks for 61s — reconnecting (attempt 1)...
Socket Connection has been closed, So! The scripts are already un-subscribed!
The Data has been Un-Subscribed
  subscribe() returned OK (will confirm ticks resume next cycle)
⚠️  No ticks for 61s — reconnecting (attempt 2)...
Socket Connection has been closed, So! The scripts are already un-subscribed!
The Data has been Un-Subscribed
  subscribe() returned OK (will confirm ticks resume next cycle)
⚠️  WebSocket closed: The Session has been Closed!
⚠️  Feed error: [Errno 110] Connection timed out
⚠️  WebSocket closed: The Session has been Closed!
⚠️  No ticks for 61s — reconnecting (attempt 3)...
🔴 3 consecutive reconnect attempts produced zero new ticks — forcing full re-login + resubscribe...
Logged in successfully
✅ Re-logged in and resubscribed (will confirm ticks resume next cycle)
⚠️  WebSocket closed: The Session has been Closed!
⚠️  Feed error: [Errno 110] Connection timed out
⚠️  No ticks for 61s — reconnecting (attempt 1)...
Socket Connection has been closed, So! The scripts are already un-subscribed!
The Data has been Un-Subscribed
  subscribe() returned OK (will confirm ticks resume next cycle)
⚠️  WebSocket closed: The Session has been Closed!
⚠️  Feed error: [Errno 110] Connection timed out
⚠️  WebSocket closed: The Session has been Closed!
⚠️  No ticks for 61s — reconnecting (attempt 2)...
Socket Connection has been closed, So! The scripts are already un-subscribed!
The Data has been Un-Subscribed
  subscribe() returned OK (will confirm ticks resume next cycle)
⚠️  WebSocket closed: The Session has been Closed!
⚠️  Feed error: [Errno 110] Connection timed out
⚠️  WebSocket closed: The Session has been Closed!
⚠️  No ticks for 61s — reconnecting (attempt 3)...
🔴 3 consecutive reconnect attempts produced zero new ticks — forcing full re-login + resubscribe...
Logged in successfully
✅ Re-logged in and resubscribed (will confirm ticks resume next cycle)
⚠️  WebSocket closed: The Session has been Closed!
⚠️  Feed error: [Errno 110] Connection timed out
⚠️  WebSocket closed: The Session has been Closed!
⚠️  No ticks for 61s — reconnecting (attempt 1)...
Socket Connection has been closed, So! The scripts are already un-subscribed!
The Data has been Un-Subscribed
  subscribe() returned OK (will confirm ticks resume next cycle)
⚠️  WebSocket closed: The Session has been Closed!
⚠️  Feed error: [Errno 110] Connection timed out
⚠️  WebSocket closed: The Session has been Closed!
⚠️  No ticks for 61s — reconnecting (attempt 2)...
Socket Connection has been closed, So! The scripts are already un-subscribed!
The Data has been Un-Subscribed
  subscribe() returned OK (will confirm ticks resume next cycle)
⚠️  WebSocket closed: The Session has been Closed!
⚠️  Feed error: [Errno 110] Connection timed out
⚠️  WebSocket closed: The Session has been Closed!
⚠️  No ticks for 61s — reconnecting (attempt 3)...
🔴 3 consecutive reconnect attempts produced zero new ticks — forcing full re-login + resubscribe...
Logged in successfully
✅ Re-logged in and resubscribed (will confirm ticks resume next cycle)
⚠️  WebSocket closed: The Session has been Closed!
⚠️  Feed error: [Errno 110] Connection timed out
⚠️  WebSocket closed: The Session has been Closed!
⚠️  WebSocket closed: The Session has been Closed!
⚠️  Feed error: Handshake status 522 <none> -+-+- {'date': 'Mon, 05 Oct 2026 05:34:27 GMT', 'content-type': 'text/plain; charset=UTF-8', 'content-length': '16', 'connection': 'keep-alive', 'cache-control': 'private, max-age=0, no-store, no-cache, must-revalidate, post-check=0, pre-check=0', 'expires': 'Thu, 01 Jan 1970 00:00:01 GMT', 'referrer-policy': 'same-origin', 'server-timing': 'cfEdge;dur=19677,cfOrigin;dur=0', 'x-frame-options': 'SAMEORIGIN', 'server': 'cloudflare', 'cf-ray': 'a45a0e327cfffafa-ORD'} -+-+- b'error code: 522\n'
⚠️  WebSocket closed: The Session has been Closed!
⚠️  No ticks for 61s — reconnecting (attempt 1)...
Socket Connection has been closed, So! The scripts are already un-subscribed!
The Data has been Un-Subscribed
  subscribe() returned OK (will confirm ticks resume next cycle)
⚠️  WebSocket closed: The Session has been Closed!
⚠️  Feed error: [Errno 110] Connection timed out
⚠️  WebSocket closed: The Session has been Closed!
⚠️  No ticks for 61s — reconnecting (attempt 2)...
Socket Connection has been closed, So! The scripts are already un-subscribed!
The Data has been Un-Subscribed
  subscribe() returned OK (will confirm ticks resume next cycle)
⚠️  No ticks for 61s — reconnecting (attempt 3)...
🔴 3 consecutive reconnect attempts produced zero new ticks — forcing full re-login + resubscribe...
Logged in successfully
✅ Re-logged in and resubscribed (will confirm ticks resume next cycle)
⚠️  WebSocket closed: The Session has been Closed!
⚠️  Feed error: [Errno 110] Connection timed out
⚠️  WebSocket closed: The Session has been Closed!
⚠️  No ticks for 61s — reconnecting (attempt 1)...
Socket Connection has been closed, So! The scripts are already un-subscribed!
The Data has been Un-Subscribed
  subscribe() returned OK (will confirm ticks resume next cycle)
⚠️  WebSocket closed: The Session has been Closed!
⚠️  Feed error: [Errno 110] Connection timed out
⚠️  No ticks for 61s — reconnecting (attempt 2)...
Socket Connection has been closed, So! The scripts are already un-subscribed!
The Data has been Un-Subscribed
  subscribe() returned OK (will confirm ticks resume next cycle)
⚠️  WebSocket closed: The Session has been Closed!
⚠️  Feed error: [Errno 110] Connection timed out
⚠️  WebSocket closed: The Session has been Closed!
⚠️  No ticks for 61s — reconnecting (attempt 3)...
🔴 3 consecutive reconnect attempts produced zero new ticks — forcing full re-login + resubscribe...
Logged in successfully
✅ Re-logged in and resubscribed (will confirm ticks resume next cycle)
⚠️  WebSocket closed: The Session has been Closed!
⚠️  Feed error: [Errno 110] Connection timed out
⚠️  WebSocket closed: The Session has been Closed!
⚠️  No ticks for 61s — reconnecting (attempt 1)...
Socket Connection has been closed, So! The scripts are already un-subscribed!
The Data has been Un-Subscribed
  subscribe() returned OK (will confirm ticks resume next cycle)
⚠️  WebSocket closed: The Session has been Closed!
⚠️  Feed error: [Errno 110] Connection timed out
⚠️  WebSocket closed: The Session has been Closed!
⚠️  No ticks for 61s — reconnecting (attempt 2)...
Socket Connection has been closed, So! The scripts are already un-subscribed!
The Data has been Un-Subscribed
  subscribe() returned OK (will confirm ticks resume next cycle)
⚠️  WebSocket closed: The Session has been Closed!
⚠️  Feed error: [Errno 110] Connection timed out
⚠️  WebSocket closed: The Session has been Closed!
⚠️  No ticks for 61s — reconnecting (attempt 3)...
🔴 3 consecutive reconnect attempts produced zero new ticks — forcing full re-login + resubscribe...
Logged in successfully
✅ Re-logged in and resubscribed (will confirm ticks resume next cycle)
⚠️  WebSocket closed: The Session has been Closed!
⚠️  Feed error: [Errno 110] Connection timed out
⚠️  WebSocket closed: The Session has been Closed!
⚠️  WebSocket closed: The Session has been Closed!
⚠️  Feed error: Handshake status 522 <none> -+-+- {'date': 'Mon, 05 Oct 2026 05:43:54 GMT', 'content-type': 'text/plain; charset=UTF-8', 'content-length': '16', 'connection': 'keep-alive', 'cache-control': 'private, max-age=0, no-store, no-cache, must-revalidate, post-check=0, pre-check=0', 'expires': 'Thu, 01 Jan 1970 00:00:01 GMT', 'referrer-policy': 'same-origin', 'server-timing': 'cfEdge;dur=19751,cfOrigin;dur=0', 'x-frame-options': 'SAMEORIGIN', 'server': 'cloudflare', 'cf-ray': 'a45a1c08f9f46177-ORD'} -+-+- b'error code: 522\n'
⚠️  WebSocket closed: The Session has been Closed!
⚠️  No ticks for 61s — reconnecting (attempt 1)...
Socket Connection has been closed, So! The scripts are already un-subscribed!
The Data has been Un-Subscribed
  subscribe() returned OK (will confirm ticks resume next cycle)
⚠️  WebSocket closed: The Session has been Closed!
⚠️  Feed error: [Errno 110] Connection timed out
⚠️  WebSocket closed: The Session has been Closed!
⚠️  No ticks for 61s — reconnecting (attempt 2)...
Socket Connection has been closed, So! The scripts are already un-subscribed!
The Data has been Un-Subscribed
  subscribe() returned OK (will confirm ticks resume next cycle)
⚠️  No ticks for 61s — reconnecting (attempt 3)...
🔴 3 consecutive reconnect attempts produced zero new ticks — forcing full re-login + resubscribe...
Logged in successfully
✅ Re-logged in and resubscribed (will confirm ticks resume next cycle)
⚠️  WebSocket closed: The Session has been Closed!
⚠️  Feed error: [Errno 110] Connection timed out
⚠️  WebSocket closed: The Session has been Closed!
⚠️  No ticks for 61s — reconnecting (attempt 1)...
Socket Connection has been closed, So! The scripts are already un-subscribed!
The Data has been Un-Subscribed
  subscribe() returned OK (will confirm ticks resume next cycle)
⚠️  WebSocket closed: The Session has been Closed!
⚠️  Feed error: [Errno 110] Connection timed out
⚠️  No ticks for 61s — reconnecting (attempt 2)...
Socket Connection has been closed, So! The scripts are already un-subscribed!
The Data has been Un-Subscribed
  subscribe() returned OK (will confirm ticks resume next cycle)
⚠️  WebSocket closed: The Session has been Closed!
⚠️  Feed error: [Errno 110] Connection timed out
⚠️  WebSocket closed: The Session has been Closed!
⚠️  No ticks for 61s — reconnecting (attempt 3)...
🔴 3 consecutive reconnect attempts produced zero new ticks — forcing full re-login + resubscribe...
Logged in successfully
✅ Re-logged in and resubscribed (will confirm ticks resume next cycle)
⚠️  WebSocket closed: The Session has been Closed!
⚠️  Feed error: [Errno 110] Connection timed out
⚠️  WebSocket closed: The Session has been Closed!
⚠️  No ticks for 61s — reconnecting (attempt 1)...
Socket Connection has been closed, So! The scripts are already un-subscribed!
The Data has been Un-Subscribed
  subscribe() returned OK (will confirm ticks resume next cycle)
⚠️  WebSocket closed: The Session has been Closed!
⚠️  Feed error: [Errno 110] Connection timed out
⚠️  WebSocket closed: The Session has been Closed!
⚠️  No ticks for 61s — reconnecting (attempt 2)...
Socket Connection has been closed, So! The scripts are already un-subscribed!
The Data has been Un-Subscribed
  subscribe() returned OK (will confirm ticks resume next cycle)
⚠️  WebSocket closed: The Session has been Closed!
⚠️  Feed error: [Errno 110] Connection timed out
⚠️  WebSocket closed: The Session has been Closed!
⚠️  No ticks for 61s — reconnecting (attempt 3)...
🔴 3 consecutive reconnect attempts produced zero new ticks — forcing full re-login + resubscribe...
Logged in successfully
✅ Re-logged in and resubscribed (will confirm ticks resume next cycle)
⚠️  WebSocket closed: The Session has been Closed!
⚠️  Feed error: [Errno 110] Connection timed out
⚠️  WebSocket closed: The Session has been Closed!
⚠️  No ticks for 61s — reconnecting (attempt 1)...
Socket Connection has been closed, So! The scripts are already un-subscribed!
The Data has been Un-Subscribed
  subscribe() returned OK (will confirm ticks resume next cycle)
⚠️  WebSocket closed: The Session has been Closed!
⚠️  Feed error: [Errno 110] Connection timed out
⚠️  WebSocket closed: The Session has been Closed!
⚠️  No ticks for 61s — reconnecting (attempt 2)...
Socket Connection has been closed, So! The scripts are already un-subscribed!
The Data has been Un-Subscribed
  subscribe() returned OK (will confirm ticks resume next cycle)
⚠️  WebSocket closed: The Session has been Closed!
⚠️  Feed error: [Errno 110] Connection timed out
⚠️  WebSocket closed: The Session has been Closed!
⚠️  No ticks for 61s — reconnecting (attempt 3)...
🔴 3 consecutive reconnect attempts produced zero new ticks — forcing full re-login + resubscribe...
Logged in successfully
✅ Re-logged in and resubscribed (will confirm ticks resume next cycle)
⚠️  WebSocket closed: The Session has been Closed!
⚠️  Feed error: [Errno 110] Connection timed out
⚠️  WebSocket closed: The Session has been Closed!
⚠️  No ticks for 61s — reconnecting (attempt 1)...
Socket Connection has been closed, So! The scripts are already un-subscribed!
The Data has been Un-Subscribed
  subscribe() returned OK (will confirm ticks resume next cycle)
⚠️  WebSocket closed: The Session has been Closed!
⚠️  Feed error: [Errno 110] Connection timed out
⚠️  WebSocket closed: The Session has been Closed!
⚠️  No ticks for 61s — reconnecting (attempt 2)...
Socket Connection has been closed, So! The scripts are already un-subscribed!
The Data has been Un-Subscribed
  subscribe() returned OK (will confirm ticks resume next cycle)
⚠️  WebSocket closed: The Session has been Closed!
⚠️  Feed error: [Errno 110] Connection timed out
⚠️  WebSocket closed: The Session has been Closed!
⚠️  No ticks for 61s — reconnecting (attempt 3)...
🔴 3 consecutive reconnect attempts produced zero new ticks — forcing full re-login + resubscribe...
Logged in successfully
✅ Re-logged in and resubscribed (will confirm ticks resume next cycle)
⚠️  WebSocket closed: The Session has been Closed!
⚠️  Feed error: [Errno 110] Connection timed out
⚠️  WebSocket closed: The Session has been Closed!
⚠️  WebSocket closed: The Session has been Closed!
⚠️  Feed error: Handshake status 522 <none> -+-+- {'date': 'Mon, 05 Oct 2026 05:59:37 GMT', 'content-type': 'text/plain; charset=UTF-8', 'content-length': '16', 'connection': 'keep-alive', 'cache-control': 'private, max-age=0, no-store, no-cache, must-revalidate, post-check=0, pre-check=0', 'expires': 'Thu, 01 Jan 1970 00:00:01 GMT', 'referrer-policy': 'same-origin', 'server-timing': 'cfEdge;dur=19504,cfOrigin;dur=0', 'x-frame-options': 'SAMEORIGIN', 'server': 'cloudflare', 'cf-ray': 'a45a33147b3df3ee-ORD'} -+-+- b'error code: 522\n'
⚠️  WebSocket closed: The Session has been Closed!
⚠️  No ticks for 61s — reconnecting (attempt 1)...
Socket Connection has been closed, So! The scripts are already un-subscribed!
The Data has been Un-Subscribed
  subscribe() returned OK (will confirm ticks resume next cycle)
⚠️  WebSocket closed: The Session has been Closed!
⚠️  Feed error: [Errno 110] Connection timed out
⚠️  WebSocket closed: The Session has been Closed!
⚠️  No ticks for 61s — reconnecting (attempt 2)...
Socket Connection has been closed, So! The scripts are already un-subscribed!
The Data has been Un-Subscribed
  subscribe() returned OK (will confirm ticks resume next cycle)
⚠️  No ticks for 61s — reconnecting (attempt 3)...
🔴 3 consecutive reconnect attempts produced zero new ticks — forcing full re-login + resubscribe...
Logged in successfully
✅ Re-logged in and resubscribed (will confirm ticks resume next cycle)
⚠️  WebSocket closed: The Session has been Closed!
⚠️  Feed error: [Errno 110] Connection timed out
⚠️  WebSocket closed: The Session has been Closed!
⚠️  No ticks for 61s — reconnecting (attempt 1)...
Socket Connection has been closed, So! The scripts are already un-subscribed!
The Data has been Un-Subscribed
  subscribe() returned OK (will confirm ticks resume next cycle)
⚠️  WebSocket closed: The Session has been Closed!
⚠️  Feed error: [Errno 110] Connection timed out
⚠️  No ticks for 61s — reconnecting (attempt 2)...
Socket Connection has been closed, So! The scripts are already un-subscribed!
The Data has been Un-Subscribed
  subscribe() returned OK (will confirm ticks resume next cycle)
⚠️  WebSocket closed: The Session has been Closed!
⚠️  Feed error: [Errno 110] Connection timed out
⚠️  WebSocket closed: The Session has been Closed!
⚠️  No ticks for 61s — reconnecting (attempt 3)...
🔴 3 consecutive reconnect attempts produced zero new ticks — forcing full re-login + resubscribe...
Logged in successfully
✅ Re-logged in and resubscribed (will confirm ticks resume next cycle)
⚠️  WebSocket closed: The Session has been Closed!
⚠️  Feed error: [Errno 110] Connection timed out
⚠️  WebSocket closed: The Session has been Closed!
⚠️  No ticks for 61s — reconnecting (attempt 1)...
Socket Connection has been closed, So! The scripts are already un-subscribed!
The Data has been Un-Subscribed
  subscribe() returned OK (will confirm ticks resume next cycle)
⚠️  WebSocket closed: The Session has been Closed!
⚠️  Feed error: [Errno 110] Connection timed out
⚠️  WebSocket closed: The Session has been Closed!
⚠️  No ticks for 61s — reconnecting (attempt 2)...
Socket Connection has been closed, So! The scripts are already un-subscribed!
The Data has been Un-Subscribed
  subscribe() returned OK (will confirm ticks resume next cycle)
⚠️  WebSocket closed: The Session has been Closed!
⚠️  Feed error: [Errno 110] Connection timed out
⚠️  WebSocket closed: The Session has been Closed!
⚠️  No ticks for 61s — reconnecting (attempt 3)...
🔴 3 consecutive reconnect attempts produced zero new ticks — forcing full re-login + resubscribe...
Logged in successfully
✅ Re-logged in and resubscribed (will confirm ticks resume next cycle)
⚠️  WebSocket closed: The Session has been Closed!
⚠️  Feed error: [Errno 110] Connection timed out
⚠️  WebSocket closed: The Session has been Closed!
⚠️  WebSocket closed: The Session has been Closed!
⚠️  Feed error: Handshake status 522 <none> -+-+- {'date': 'Mon, 05 Oct 2026 06:09:04 GMT', 'content-type': 'text/plain; charset=UTF-8', 'content-length': '16', 'connection': 'keep-alive', 'cache-control': 'private, max-age=0, no-store, no-cache, must-revalidate, post-check=0, pre-check=0', 'expires': 'Thu, 01 Jan 1970 00:00:01 GMT', 'referrer-policy': 'same-origin', 'server-timing': 'cfEdge;dur=19565,cfOrigin;dur=0', 'x-frame-options': 'SAMEORIGIN', 'server': 'cloudflare', 'cf-ray': 'a45a40e82b104227-ORD'} -+-+- b'error code: 522\n'
⚠️  WebSocket closed: The Session has been Closed!
⚠️  No ticks for 61s — reconnecting (attempt 1)...
Socket Connection has been closed, So! The scripts are already un-subscribed!
The Data has been Un-Subscribed
  subscribe() returned OK (will confirm ticks resume next cycle)
⚠️  WebSocket closed: The Session has been Closed!
⚠️  Feed error: [Errno 110] Connection timed out
⚠️  WebSocket closed: The Session has been Closed!
⚠️  No ticks for 61s — reconnecting (attempt 2)...
Socket Connection has been closed, So! The scripts are already un-subscribed!
The Data has been Un-Subscribed
  subscribe() returned OK (will confirm ticks resume next cycle)
⚠️  WebSocket closed: The Session has been Closed!
⚠️  Feed error: Handshake status 522 <none> -+-+- {'date': 'Mon, 05 Oct 2026 06:11:10 GMT', 'content-type': 'text/plain; charset=UTF-8', 'content-length': '16', 'connection': 'keep-alive', 'cache-control': 'private, max-age=0, no-store, no-cache, must-revalidate, post-check=0, pre-check=0', 'expires': 'Thu, 01 Jan 1970 00:00:01 GMT', 'referrer-policy': 'same-origin', 'server-timing': 'cfEdge;dur=19482,cfOrigin;dur=0', 'x-frame-options': 'SAMEORIGIN', 'server': 'cloudflare', 'cf-ray': 'a45a43fbe8dd90b3-ORD'} -+-+- b'error code: 522\n'
⚠️  WebSocket closed: The Session has been Closed!
⚠️  No ticks for 61s — reconnecting (attempt 3)...
🔴 3 consecutive reconnect attempts produced zero new ticks — forcing full re-login + resubscribe...
Logged in successfully
✅ Re-logged in and resubscribed (will confirm ticks resume next cycle)
⚠️  WebSocket closed: The Session has been Closed!
⚠️  Feed error: [Errno 110] Connection timed out
⚠️  WebSocket closed: The Session has been Closed!
⚠️  No ticks for 61s — reconnecting (attempt 1)...
Socket Connection has been closed, So! The scripts are already un-subscribed!
The Data has been Un-Subscribed
  subscribe() returned OK (will confirm ticks resume next cycle)
⚠️  No ticks for 61s — reconnecting (attempt 2)...
Socket Connection has been closed, So! The scripts are already un-subscribed!
The Data has been Un-Subscribed
  subscribe() returned OK (will confirm ticks resume next cycle)
⚠️  WebSocket closed: The Session has been Closed!
⚠️  Feed error: [Errno 110] Connection timed out
⚠️  WebSocket closed: The Session has been Closed!
⚠️  WebSocket closed: The Session has been Closed!
⚠️  Feed error: Handshake status 522 <none> -+-+- {'date': 'Mon, 05 Oct 2026 06:14:19 GMT', 'content-type': 'text/plain; charset=UTF-8', 'content-length': '16', 'connection': 'keep-alive', 'cache-control': 'private, max-age=0, no-store, no-cache, must-revalidate, post-check=0, pre-check=0', 'expires': 'Thu, 01 Jan 1970 00:00:01 GMT', 'referrer-policy': 'same-origin', 'server-timing': 'cfEdge;dur=19566,cfOrigin;dur=0', 'x-frame-options': 'SAMEORIGIN', 'server': 'cloudflare', 'cf-ray': 'a45a4897d9a7cca3-ORD'} -+-+- b'error code: 522\n'
⚠️  WebSocket closed: The Session has been Closed!
⚠️  No ticks for 61s — reconnecting (attempt 3)...
🔴 3 consecutive reconnect attempts produced zero new ticks — forcing full re-login + resubscribe...
Logged in successfully
✅ Re-logged in and resubscribed (will confirm ticks resume next cycle)
⚠️  WebSocket closed: The Session has been Closed!
⚠️  Feed error: [Errno 110] Connection timed out
⚠️  No ticks for 61s — reconnecting (attempt 1)...
Socket Connection has been closed, So! The scripts are already un-subscribed!
The Data has been Un-Subscribed
  subscribe() returned OK (will confirm ticks resume next cycle)
⚠️  No ticks for 61s — reconnecting (attempt 2)...
Socket Connection has been closed, So! The scripts are already un-subscribed!
The Data has been Un-Subscribed
  subscribe() returned OK (will confirm ticks resume next cycle)
⚠️  WebSocket closed: The Session has been Closed!
⚠️  Feed error: [Errno 110] Connection timed out
⚠️  WebSocket closed: The Session has been Closed!
⚠️  No ticks for 61s — reconnecting (attempt 3)...
🔴 3 consecutive reconnect attempts produced zero new ticks — forcing full re-login + resubscribe...
Logged in successfully
✅ Re-logged in and resubscribed (will confirm ticks resume next cycle)
⚠️  WebSocket closed: The Session has been Closed!
⚠️  Feed error: [Errno 110] Connection timed out
⚠️  No ticks for 61s — reconnecting (attempt 1)...
Socket Connection has been closed, So! The scripts are already un-subscribed!
The Data has been Un-Subscribed
  subscribe() returned OK (will confirm ticks resume next cycle)
⚠️  WebSocket closed: The Session has been Closed!
⚠️  Feed error: [Errno 110] Connection timed out
⚠️  WebSocket closed: The Session has been Closed!
⚠️  No ticks for 61s — reconnecting (attempt 2)...
Socket Connection has been closed, So! The scripts are already un-subscribed!
The Data has been Un-Subscribed
  subscribe() returned OK (will confirm ticks resume next cycle)
⚠️  WebSocket closed: The Session has been Closed!
⚠️  Feed error: [Errno 110] Connection timed out
⚠️  WebSocket closed: The Session has been Closed!
⚠️  No ticks for 61s — reconnecting (attempt 3)...
🔴 3 consecutive reconnect attempts produced zero new ticks — forcing full re-login + resubscribe...
Logged in successfully
✅ Re-logged in and resubscribed (will confirm ticks resume next cycle)
⚠️  WebSocket closed: The Session has been Closed!
⚠️  Feed error: [Errno 110] Connection timed out
⚠️  WebSocket closed: The Session has been Closed!
⚠️  No ticks for 61s — reconnecting (attempt 1)...
Socket Connection has been closed, So! The scripts are already un-subscribed!
The Data has been Un-Subscribed
  subscribe() returned OK (will confirm ticks resume next cycle)
⚠️  WebSocket closed: The Session has been Closed!
⚠️  Feed error: [Errno 110] Connection timed out
⚠️  WebSocket closed: The Session has been Closed!
⚠️  No ticks for 61s — reconnecting (attempt 2)...
Socket Connection has been closed, So! The scripts are already un-subscribed!
The Data has been Un-Subscribed
  subscribe() returned OK (will confirm ticks resume next cycle)
⚠️  WebSocket closed: The Session has been Closed!
⚠️  Feed error: [Errno 110] Connection timed out
⚠️  WebSocket closed: The Session has been Closed!
⚠️  WebSocket closed: The Session has been Closed!
⚠️  Feed error: Handshake status 522 <none> -+-+- {'date': 'Mon, 05 Oct 2026 06:23:45 GMT', 'content-type': 'text/plain; charset=UTF-8', 'content-length': '16', 'connection': 'keep-alive', 'cache-control': 'private, max-age=0, no-store, no-cache, must-revalidate, post-check=0, pre-check=0', 'expires': 'Thu, 01 Jan 1970 00:00:01 GMT', 'referrer-policy': 'same-origin', 'server-timing': 'cfEdge;dur=19500,cfOrigin;dur=0', 'x-frame-options': 'SAMEORIGIN', 'server': 'cloudflare', 'cf-ray': 'a45a566c4e9ffca8-ORD'} -+-+- b'error code: 522\n'
⚠️  WebSocket closed: The Session has been Closed!
⚠️  No ticks for 61s — reconnecting (attempt 3)...
🔴 3 consecutive reconnect attempts produced zero new ticks — forcing full re-login + resubscribe...
Logged in successfully
✅ Re-logged in and resubscribed (will confirm ticks resume next cycle)
⚠️  WebSocket closed: The Session has been Closed!
⚠️  Feed error: [Errno 110] Connection timed out
⚠️  WebSocket closed: The Session has been Closed!
⚠️  No ticks for 61s — reconnecting (attempt 1)...
Socket Connection has been closed, So! The scripts are already un-subscribed!
The Data has been Un-Subscribed
  subscribe() returned OK (will confirm ticks resume next cycle)
⚠️  No ticks for 61s — reconnecting (attempt 2)...
Socket Connection has been closed, So! The scripts are already un-subscribed!
The Data has been Un-Subscribed
  subscribe() returned OK (will confirm ticks resume next cycle)
⚠️  WebSocket closed: The Session has been Closed!
⚠️  Feed error: [Errno 110] Connection timed out
⚠️  WebSocket closed: The Session has been Closed!
⚠️  No ticks for 61s — reconnecting (attempt 3)...
🔴 3 consecutive reconnect attempts produced zero new ticks — forcing full re-login + resubscribe...
Logged in successfully
✅ Re-logged in and resubscribed (will confirm ticks resume next cycle)
⚠️  WebSocket closed: The Session has been Closed!
⚠️  Feed error: [Errno 110] Connection timed out
⚠️  No ticks for 61s — reconnecting (attempt 1)...
Socket Connection has been closed, So! The scripts are already un-subscribed!
The Data has been Un-Subscribed
  subscribe() returned OK (will confirm ticks resume next cycle)
⚠️  WebSocket closed: The Session has been Closed!
⚠️  Feed error: [Errno 110] Connection timed out
⚠️  WebSocket closed: The Session has been Closed!
⚠️  WebSocket closed: The Session has been Closed!
⚠️  Feed error: Handshake status 522 <none> -+-+- {'date': 'Mon, 05 Oct 2026 06:29:00 GMT', 'content-type': 'text/plain; charset=UTF-8', 'content-length': '16', 'connection': 'keep-alive', 'cache-control': 'private, max-age=0, no-store, no-cache, must-revalidate, post-check=0, pre-check=0', 'expires': 'Thu, 01 Jan 1970 00:00:01 GMT', 'referrer-policy': 'same-origin', 'server-timing': 'cfEdge;dur=19703,cfOrigin;dur=0', 'x-frame-options': 'SAMEORIGIN', 'server': 'cloudflare', 'cf-ray': 'a45a5e1a1ea110c6-ORD'} -+-+- b'error code: 522\n'
⚠️  WebSocket closed: The Session has been Closed!
⚠️  No ticks for 61s — reconnecting (attempt 2)...
Socket Connection has been closed, So! The scripts are already un-subscribed!
The Data has been Un-Subscribed
  subscribe() returned OK (will confirm ticks resume next cycle)
⚠️  WebSocket closed: The Session has been Closed!
⚠️  Feed error: [Errno 110] Connection timed out
⚠️  WebSocket closed: The Session has been Closed!
⚠️  No ticks for 61s — reconnecting (attempt 3)...
🔴 3 consecutive reconnect attempts produced zero new ticks — forcing full re-login + resubscribe...
Logged in successfully
✅ Re-logged in and resubscribed (will confirm ticks resume next cycle)
⚠️  No ticks for 61s — reconnecting (attempt 1)...
Socket Connection has been closed, So! The scripts are already un-subscribed!
The Data has been Un-Subscribed
  subscribe() returned OK (will confirm ticks resume next cycle)
⚠️  WebSocket closed: The Session has been Closed!
⚠️  Feed error: [Errno 110] Connection timed out
⚠️  WebSocket closed: The Session has been Closed!
⚠️  No ticks for 61s — reconnecting (attempt 2)...
Socket Connection has been closed, So! The scripts are already un-subscribed!
The Data has been Un-Subscribed
  subscribe() returned OK (will confirm ticks resume next cycle)
⚠️  WebSocket closed: The Session has been Closed!
⚠️  Feed error: [Errno 110] Connection timed out
⚠️  No ticks for 61s — reconnecting (attempt 3)...
🔴 3 consecutive reconnect attempts produced zero new ticks — forcing full re-login + resubscribe...
Logged in successfully
✅ Re-logged in and resubscribed (will confirm ticks resume next cycle)
⚠️  WebSocket closed: The Session has been Closed!
⚠️  Feed error: [Errno 110] Connection timed out
⚠️  WebSocket closed: The Session has been Closed!
⚠️  WebSocket closed: The Session has been Closed!
⚠️  Feed error: Handshake status 522 <none> -+-+- {'date': 'Mon, 05 Oct 2026 06:34:14 GMT', 'content-type': 'text/plain; charset=UTF-8', 'content-length': '16', 'connection': 'keep-alive', 'cache-control': 'private, max-age=0, no-store, no-cache, must-revalidate, post-check=0, pre-check=0', 'expires': 'Thu, 01 Jan 1970 00:00:01 GMT', 'referrer-policy': 'same-origin', 'server-timing': 'cfEdge;dur=19475,cfOrigin;dur=0', 'x-frame-options': 'SAMEORIGIN', 'server': 'cloudflare', 'cf-ray': 'a45a65c6ffb36d8d-ORD'} -+-+- b'error code: 522\n'
⚠️  WebSocket closed: The Session has been Closed!
⚠️  No ticks for 61s — reconnecting (attempt 1)...
Socket Connection has been closed, So! The scripts are already un-subscribed!
The Data has been Un-Subscribed
  subscribe() returned OK (will confirm ticks resume next cycle)
⚠️  WebSocket closed: The Session has been Closed!
⚠️  Feed error: [Errno 110] Connection timed out
⚠️  WebSocket closed: The Session has been Closed!
⚠️  WebSocket closed: The Session has been Closed!
⚠️  Feed error: Handshake status 522 <none> -+-+- {'date': 'Mon, 05 Oct 2026 06:35:17 GMT', 'content-type': 'text/plain; charset=UTF-8', 'content-length': '16', 'connection': 'keep-alive', 'cache-control': 'private, max-age=0, no-store, no-cache, must-revalidate, post-check=0, pre-check=0', 'expires': 'Thu, 01 Jan 1970 00:00:01 GMT', 'referrer-policy': 'same-origin', 'server-timing': 'cfEdge;dur=19473,cfOrigin;dur=0', 'x-frame-options': 'SAMEORIGIN', 'server': 'cloudflare', 'cf-ray': 'a45a6750ef2b0a26-ORD'} -+-+- b'error code: 522\n'
⚠️  WebSocket closed: The Session has been Closed!
⚠️  No ticks for 61s — reconnecting (attempt 2)...
Socket Connection has been closed, So! The scripts are already un-subscribed!
The Data has been Un-Subscribed
  subscribe() returned OK (will confirm ticks resume next cycle)
⚠️  No ticks for 61s — reconnecting (attempt 3)...
🔴 3 consecutive reconnect attempts produced zero new ticks — forcing full re-login + resubscribe...
Logged in successfully
✅ Re-logged in and resubscribed (will confirm ticks resume next cycle)
⚠️  No ticks for 61s — reconnecting (attempt 1)...
Socket Connection has been closed, So! The scripts are already un-subscribed!
The Data has been Un-Subscribed
  subscribe() returned OK (will confirm ticks resume next cycle)
⚠️  WebSocket closed: The Session has been Closed!
⚠️  Feed error: [Errno 110] Connection timed out
⚠️  No ticks for 61s — reconnecting (attempt 2)...
Socket Connection has been closed, So! The scripts are already un-subscribed!
The Data has been Un-Subscribed
  subscribe() returned OK (will confirm ticks resume next cycle)
⚠️  WebSocket closed: The Session has been Closed!
⚠️  Feed error: [Errno 110] Connection timed out
⚠️  No ticks for 61s — reconnecting (attempt 3)...
🔴 3 consecutive reconnect attempts produced zero new ticks — forcing full re-login + resubscribe...
Logged in successfully
✅ Re-logged in and resubscribed (will confirm ticks resume next cycle)
⚠️  WebSocket closed: The Session has been Closed!
⚠️  Feed error: [Errno 110] Connection timed out
⚠️  WebSocket closed: The Session has been Closed!
⚠️  WebSocket closed: The Session has been Closed!
⚠️  Feed error: Handshake status 522 <none> -+-+- {'date': 'Mon, 05 Oct 2026 06:40:32 GMT', 'content-type': 'text/plain; charset=UTF-8', 'content-length': '16', 'connection': 'keep-alive', 'cache-control': 'private, max-age=0, no-store, no-cache, must-revalidate, post-check=0, pre-check=0', 'expires': 'Thu, 01 Jan 1970 00:00:01 GMT', 'referrer-policy': 'same-origin', 'server-timing': 'cfEdge;dur=19704,cfOrigin;dur=0', 'x-frame-options': 'SAMEORIGIN', 'server': 'cloudflare', 'cf-ray': 'a45a6eff2ce64a04-ORD'} -+-+- b'error code: 522\n'
⚠️  WebSocket closed: The Session has been Closed!
⚠️  No ticks for 61s — reconnecting (attempt 1)...
Socket Connection has been closed, So! The scripts are already un-subscribed!
The Data has been Un-Subscribed
  subscribe() returned OK (will confirm ticks resume next cycle)
⚠️  WebSocket closed: The Session has been Closed!
⚠️  Feed error: [Errno 110] Connection timed out
⚠️  WebSocket closed: The Session has been Closed!
⚠️  No ticks for 61s — reconnecting (attempt 2)...
Socket Connection has been closed, So! The scripts are already un-subscribed!
The Data has been Un-Subscribed
  subscribe() returned OK (will confirm ticks resume next cycle)
⚠️  No ticks for 61s — reconnecting (attempt 3)...
🔴 3 consecutive reconnect attempts produced zero new ticks — forcing full re-login + resubscribe...
Logged in successfully
✅ Re-logged in and resubscribed (will confirm ticks resume next cycle)
⚠️  WebSocket closed: The Session has been Closed!
⚠️  Feed error: [Errno 110] Connection timed out
⚠️  WebSocket closed: The Session has been Closed!
⚠️  No ticks for 61s — reconnecting (attempt 1)...
Socket Connection has been closed, So! The scripts are already un-subscribed!
The Data has been Un-Subscribed
  subscribe() returned OK (will confirm ticks resume next cycle)
⚠️  WebSocket closed: The Session has been Closed!
⚠️  Feed error: [Errno 110] Connection timed out
⚠️  No ticks for 61s — reconnecting (attempt 2)...
Socket Connection has been closed, So! The scripts are already un-subscribed!
The Data has been Un-Subscribed
  subscribe() returned OK (will confirm ticks resume next cycle)
⚠️  WebSocket closed: The Session has been Closed!
⚠️  Feed error: [Errno 110] Connection timed out
⚠️  WebSocket closed: The Session has been Closed!
⚠️  No ticks for 61s — reconnecting (attempt 3)...
🔴 3 consecutive reconnect attempts produced zero new ticks — forcing full re-login + resubscribe...
Logged in successfully
✅ Re-logged in and resubscribed (will confirm ticks resume next cycle)
⚠️  WebSocket closed: The Session has been Closed!
⚠️  Feed error: [Errno 110] Connection timed out
⚠️  WebSocket closed: The Session has been Closed!
⚠️  No ticks for 61s — reconnecting (attempt 1)...
Socket Connection has been closed, So! The scripts are already un-subscribed!
The Data has been Un-Subscribed
  subscribe() returned OK (will confirm ticks resume next cycle)
⚠️  WebSocket closed: The Session has been Closed!
⚠️  Feed error: [Errno 110] Connection timed out
⚠️  WebSocket closed: The Session has been Closed!
⚠️  No ticks for 61s — reconnecting (attempt 2)...
Socket Connection has been closed, So! The scripts are already un-subscribed!
The Data has been Un-Subscribed
  subscribe() returned OK (will confirm ticks resume next cycle)
⚠️  WebSocket closed: The Session has been Closed!
⚠️  Feed error: [Errno 110] Connection timed out
⚠️  WebSocket closed: The Session has been Closed!
⚠️  WebSocket closed: The Session has been Closed!
⚠️  Feed error: Handshake status 522 <none> -+-+- {'date': 'Mon, 05 Oct 2026 06:48:55 GMT', 'content-type': 'text/plain; charset=UTF-8', 'content-length': '16', 'connection': 'keep-alive', 'cache-control': 'private, max-age=0, no-store, no-cache, must-revalidate, post-check=0, pre-check=0', 'expires': 'Thu, 01 Jan 1970 00:00:01 GMT', 'referrer-policy': 'same-origin', 'server-timing': 'cfEdge;dur=19299,cfOrigin;dur=0', 'x-frame-options': 'SAMEORIGIN', 'server': 'cloudflare', 'cf-ray': 'a45a7b4a485611cd-ORD'} -+-+- b'error code: 522\n'
⚠️  WebSocket closed: The Session has been Closed!
⚠️  No ticks for 61s — reconnecting (attempt 3)...
🔴 3 consecutive reconnect attempts produced zero new ticks — forcing full re-login + resubscribe...
Logged in successfully
✅ Re-logged in and resubscribed (will confirm ticks resume next cycle)
⚠️  WebSocket closed: The Session has been Closed!
⚠️  Feed error: [Errno 110] Connection timed out
⚠️  WebSocket closed: The Session has been Closed!
⚠️  WebSocket closed: The Session has been Closed!
⚠️  Feed error: Handshake status 522 <none> -+-+- {'date': 'Mon, 05 Oct 2026 06:49:58 GMT', 'content-type': 'text/plain; charset=UTF-8', 'content-length': '16', 'connection': 'keep-alive', 'cache-control': 'private, max-age=0, no-store, no-cache, must-revalidate, post-check=0, pre-check=0', 'expires': 'Thu, 01 Jan 1970 00:00:01 GMT', 'referrer-policy': 'same-origin', 'server-timing': 'cfEdge;dur=19732,cfOrigin;dur=0', 'x-frame-options': 'SAMEORIGIN', 'server': 'cloudflare', 'cf-ray': 'a45a7cd1c849eaff-ORD'} -+-+- b'error code: 522\n'
⚠️  WebSocket closed: The Session has been Closed!
⚠️  No ticks for 61s — reconnecting (attempt 1)...
Socket Connection has been closed, So! The scripts are already un-subscribed!
The Data has been Un-Subscribed
  subscribe() returned OK (will confirm ticks resume next cycle)
⚠️  No ticks for 61s — reconnecting (attempt 2)...
Socket Connection has been closed, So! The scripts are already un-subscribed!
The Data has been Un-Subscribed
  subscribe() returned OK (will confirm ticks resume next cycle)
⚠️  WebSocket closed: The Session has been Closed!
⚠️  Feed error: Handshake status 522 <none> -+-+- {'date': 'Mon, 05 Oct 2026 06:52:04 GMT', 'content-type': 'text/plain; charset=UTF-8', 'content-length': '16', 'connection': 'keep-alive', 'cache-control': 'private, max-age=0, no-store, no-cache, must-revalidate, post-check=0, pre-check=0', 'expires': 'Thu, 01 Jan 1970 00:00:01 GMT', 'referrer-policy': 'same-origin', 'server-timing': 'cfEdge;dur=19489,cfOrigin;dur=0', 'x-frame-options': 'SAMEORIGIN', 'server': 'cloudflare', 'cf-ray': 'a45a7fe59a141045-ORD'} -+-+- b'error code: 522\n'
⚠️  WebSocket closed: The Session has been Closed!
⚠️  No ticks for 61s — reconnecting (attempt 3)...
🔴 3 consecutive reconnect attempts produced zero new ticks — forcing full re-login + resubscribe...
Logged in successfully
✅ Re-logged in and resubscribed (will confirm ticks resume next cycle)
⚠️  WebSocket closed: The Session has been Closed!
⚠️  Feed error: [Errno 110] Connection timed out
⚠️  WebSocket closed: The Session has been Closed!
⚠️  Feed error: Handshake status 522 <none> -+-+- {'date': 'Mon, 05 Oct 2026 06:53:06 GMT', 'content-type': 'text/plain; charset=UTF-8', 'content-length': '16', 'connection': 'keep-alive', 'cache-control': 'private, max-age=0, no-store, no-cache, must-revalidate, post-check=0, pre-check=0', 'expires': 'Thu, 01 Jan 1970 00:00:01 GMT', 'referrer-policy': 'same-origin', 'server-timing': 'cfEdge;dur=19281,cfOrigin;dur=0', 'x-frame-options': 'SAMEORIGIN', 'server': 'cloudflare', 'cf-ray': 'a45a816dfe53f606-ORD'} -+-+- b'error code: 522\n'
⚠️  WebSocket closed: The Session has been Closed!
⚠️  No ticks for 61s — reconnecting (attempt 1)...
Socket Connection has been closed, So! The scripts are already un-subscribed!
The Data has been Un-Subscribed
  subscribe() returned OK (will confirm ticks resume next cycle)
⚠️  No ticks for 61s — reconnecting (attempt 2)...
Socket Connection has been closed, So! The scripts are already un-subscribed!
The Data has been Un-Subscribed
  subscribe() returned OK (will confirm ticks resume next cycle)
⚠️  No ticks for 61s — reconnecting (attempt 3)...
🔴 3 consecutive reconnect attempts produced zero new ticks — forcing full re-login + resubscribe...
Logged in successfully
✅ Re-logged in and resubscribed (will confirm ticks resume next cycle)
⚠️  WebSocket closed: The Session has been Closed!
⚠️  Feed error: [Errno 110] Connection timed out
⚠️  No ticks for 61s — reconnecting (attempt 1)...
Socket Connection has been closed, So! The scripts are already un-subscribed!
The Data has been Un-Subscribed
  subscribe() returned OK (will confirm ticks resume next cycle)
⚠️  WebSocket closed: The Session has been Closed!
⚠️  Feed error: [Errno 110] Connection timed out
⚠️  No ticks for 61s — reconnecting (attempt 2)...
Socket Connection has been closed, So! The scripts are already un-subscribed!
The Data has been Un-Subscribed
  subscribe() returned OK (will confirm ticks resume next cycle)
⚠️  WebSocket closed: The Session has been Closed!
⚠️  Feed error: [Errno 110] Connection timed out
⚠️  WebSocket closed: The Session has been Closed!
⚠️  No ticks for 61s — reconnecting (attempt 3)...
🔴 3 consecutive reconnect attempts produced zero new ticks — forcing full re-login + resubscribe...
Logged in successfully
✅ Re-logged in and resubscribed (will confirm ticks resume next cycle)
⚠️  WebSocket closed: The Session has been Closed!
⚠️  Feed error: [Errno 110] Connection timed out
⚠️  WebSocket closed: The Session has been Closed!
⚠️  No ticks for 61s — reconnecting (attempt 1)...
Socket Connection has been closed, So! The scripts are already un-subscribed!
The Data has been Un-Subscribed
  subscribe() returned OK (will confirm ticks resume next cycle)
⚠️  WebSocket closed: The Session has been Closed!
⚠️  Feed error: [Errno 110] Connection timed out
⚠️  WebSocket closed: The Session has been Closed!
⚠️  WebSocket closed: The Session has been Closed!
⚠️  Feed error: Handshake status 522 <none> -+-+- {'date': 'Mon, 05 Oct 2026 07:00:28 GMT', 'content-type': 'text/plain; charset=UTF-8', 'content-length': '16', 'connection': 'keep-alive', 'cache-control': 'private, max-age=0, no-store, no-cache, must-revalidate, post-check=0, pre-check=0', 'expires': 'Thu, 01 Jan 1970 00:00:01 GMT', 'referrer-policy': 'same-origin', 'server-timing': 'cfEdge;dur=19710,cfOrigin;dur=0', 'x-frame-options': 'SAMEORIGIN', 'server': 'cloudflare', 'cf-ray': 'a45a8c35fa857dda-ORD'} -+-+- b'error code: 522\n'
⚠️  WebSocket closed: The Session has been Closed!
⚠️  No ticks for 61s — reconnecting (attempt 2)...
Socket Connection has been closed, So! The scripts are already un-subscribed!
The Data has been Un-Subscribed
  subscribe() returned OK (will confirm ticks resume next cycle)
⚠️  WebSocket closed: The Session has been Closed!
⚠️  Feed error: [Errno 110] Connection timed out
⚠️  WebSocket closed: The Session has been Closed!
⚠️  No ticks for 61s — reconnecting (attempt 3)...
🔴 3 consecutive reconnect attempts produced zero new ticks — forcing full re-login + resubscribe...
Logged in successfully
✅ Re-logged in and resubscribed (will confirm ticks resume next cycle)
⚠️  No ticks for 61s — reconnecting (attempt 1)...
Socket Connection has been closed, So! The scripts are already un-subscribed!
The Data has been Un-Subscribed
  subscribe() returned OK (will confirm ticks resume next cycle)
⚠️  WebSocket closed: The Session has been Closed!
⚠️  Feed error: [Errno 110] Connection timed out
⚠️  WebSocket closed: The Session has been Closed!
⚠️  No ticks for 61s — reconnecting (attempt 2)...
Socket Connection has been closed, So! The scripts are already un-subscribed!
The Data has been Un-Subscribed
  subscribe() returned OK (will confirm ticks resume next cycle)
⚠️  WebSocket closed: The Session has been Closed!
⚠️  Feed error: [Errno 110] Connection timed out
⚠️  No ticks for 61s — reconnecting (attempt 3)...
🔴 3 consecutive reconnect attempts produced zero new ticks — forcing full re-login + resubscribe...
Logged in successfully
✅ Re-logged in and resubscribed (will confirm ticks resume next cycle)
⚠️  WebSocket closed: The Session has been Closed!
⚠️  Feed error: [Errno 110] Connection timed out
⚠️  WebSocket closed: The Session has been Closed!
⚠️  No ticks for 61s — reconnecting (attempt 1)...
Socket Connection has been closed, So! The scripts are already un-subscribed!
The Data has been Un-Subscribed
  subscribe() returned OK (will confirm ticks resume next cycle)
⚠️  WebSocket closed: The Session has been Closed!
⚠️  Feed error: [Errno 110] Connection timed out
⚠️  WebSocket closed: The Session has been Closed!
⚠️  No ticks for 61s — reconnecting (attempt 2)...
Socket Connection has been closed, So! The scripts are already un-subscribed!
The Data has been Un-Subscribed
  subscribe() returned OK (will confirm ticks resume next cycle)
⚠️  WebSocket closed: The Session has been Closed!
⚠️  Feed error: [Errno 110] Connection timed out
⚠️  WebSocket closed: The Session has been Closed!
⚠️  No ticks for 61s — reconnecting (attempt 3)...
🔴 3 consecutive reconnect attempts produced zero new ticks — forcing full re-login + resubscribe...
Logged in successfully
✅ Re-logged in and resubscribed (will confirm ticks resume next cycle)
⚠️  WebSocket closed: The Session has been Closed!
⚠️  Feed error: [Errno 110] Connection timed out
⚠️  WebSocket closed: The Session has been Closed!
⚠️  WebSocket closed: The Session has been Closed!
⚠️  Feed error: Handshake status 522 <none> -+-+- {'date': 'Mon, 05 Oct 2026 07:08:51 GMT', 'content-type': 'text/plain; charset=UTF-8', 'content-length': '16', 'connection': 'keep-alive', 'cache-control': 'private, max-age=0, no-store, no-cache, must-revalidate, post-check=0, pre-check=0', 'expires': 'Thu, 01 Jan 1970 00:00:01 GMT', 'referrer-policy': 'same-origin', 'server-timing': 'cfEdge;dur=19354,cfOrigin;dur=0', 'x-frame-options': 'SAMEORIGIN', 'server': 'cloudflare', 'cf-ray': 'a45a987eb92711e9-ORD'} -+-+- b'error code: 522\n'
⚠️  WebSocket closed: The Session has been Closed!
⚠️  No ticks for 61s — reconnecting (attempt 1)...
Socket Connection has been closed, So! The scripts are already un-subscribed!
The Data has been Un-Subscribed
  subscribe() returned OK (will confirm ticks resume next cycle)
⚠️  WebSocket closed: The Session has been Closed!
⚠️  Feed error: [Errno 110] Connection timed out
⚠️  WebSocket closed: The Session has been Closed!
⚠️  WebSocket closed: The Session has been Closed!
⚠️  Feed error: Handshake status 522 <none> -+-+- {'date': 'Mon, 05 Oct 2026 07:09:54 GMT', 'content-type': 'text/plain; charset=UTF-8', 'content-length': '16', 'connection': 'keep-alive', 'cache-control': 'private, max-age=0, no-store, no-cache, must-revalidate, post-check=0, pre-check=0', 'expires': 'Thu, 01 Jan 1970 00:00:01 GMT', 'referrer-policy': 'same-origin', 'server-timing': 'cfEdge;dur=19468,cfOrigin;dur=0', 'x-frame-options': 'SAMEORIGIN', 'server': 'cloudflare', 'cf-ray': 'a45a9a0869e0e5db-ORD'} -+-+- b'error code: 522\n'
⚠️  WebSocket closed: The Session has been Closed!
⚠️  No ticks for 61s — reconnecting (attempt 2)...
Socket Connection has been closed, So! The scripts are already un-subscribed!
The Data has been Un-Subscribed
  subscribe() returned OK (will confirm ticks resume next cycle)
⚠️  No ticks for 61s — reconnecting (attempt 3)...
🔴 3 consecutive reconnect attempts produced zero new ticks — forcing full re-login + resubscribe...
Logged in successfully
✅ Re-logged in and resubscribed (will confirm ticks resume next cycle)
⚠️  No ticks for 61s — reconnecting (attempt 1)...
Socket Connection has been closed, So! The scripts are already un-subscribed!
The Data has been Un-Subscribed
  subscribe() returned OK (will confirm ticks resume next cycle)
⚠️  WebSocket closed: The Session has been Closed!
⚠️  Feed error: [Errno 110] Connection timed out
⚠️  No ticks for 61s — reconnecting (attempt 2)...
Socket Connection has been closed, So! The scripts are already un-subscribed!
The Data has been Un-Subscribed
  subscribe() returned OK (will confirm ticks resume next cycle)
⚠️  WebSocket closed: The Session has been Closed!
⚠️  Feed error: [Errno 110] Connection timed out
⚠️  No ticks for 61s — reconnecting (attempt 3)...
🔴 3 consecutive reconnect attempts produced zero new ticks — forcing full re-login + resubscribe...
Logged in successfully
✅ Re-logged in and resubscribed (will confirm ticks resume next cycle)
⚠️  WebSocket closed: The Session has been Closed!
⚠️  Feed error: [Errno 110] Connection timed out
⚠️  WebSocket closed: The Session has been Closed!
⚠️  WebSocket closed: The Session has been Closed!
⚠️  Feed error: Handshake status 522 <none> -+-+- {'date': 'Mon, 05 Oct 2026 07:15:09 GMT', 'content-type': 'text/plain; charset=UTF-8', 'content-length': '16', 'connection': 'keep-alive', 'cache-control': 'private, max-age=0, no-store, no-cache, must-revalidate, post-check=0, pre-check=0', 'expires': 'Thu, 01 Jan 1970 00:00:01 GMT', 'referrer-policy': 'same-origin', 'server-timing': 'cfEdge;dur=19631,cfOrigin;dur=0', 'x-frame-options': 'SAMEORIGIN', 'server': 'cloudflare', 'cf-ray': 'a45aa1b5ffc76d8d-ORD'} -+-+- b'error code: 522\n'
⚠️  WebSocket closed: The Session has been Closed!
⚠️  No ticks for 61s — reconnecting (attempt 1)...
Socket Connection has been closed, So! The scripts are already un-subscribed!
The Data has been Un-Subscribed
  subscribe() returned OK (will confirm ticks resume next cycle)
⚠️  WebSocket closed: The Session has been Closed!
⚠️  Feed error: [Errno 110] Connection timed out
⚠️  WebSocket closed: The Session has been Closed!
⚠️  No ticks for 61s — reconnecting (attempt 2)...
Socket Connection has been closed, So! The scripts are already un-subscribed!
The Data has been Un-Subscribed
  subscribe() returned OK (will confirm ticks resume next cycle)
⚠️  No ticks for 61s — reconnecting (attempt 3)...
🔴 3 consecutive reconnect attempts produced zero new ticks — forcing full re-login + resubscribe...
Logged in successfully
✅ Re-logged in and resubscribed (will confirm ticks resume next cycle)
⚠️  WebSocket closed: The Session has been Closed!
⚠️  Feed error: [Errno 110] Connection timed out
⚠️  WebSocket closed: The Session has been Closed!
⚠️  No ticks for 61s — reconnecting (attempt 1)...
Socket Connection has been closed, So! The scripts are already un-subscribed!
The Data has been Un-Subscribed
  subscribe() returned OK (will confirm ticks resume next cycle)
⚠️  WebSocket closed: The Session has been Closed!
⚠️  Feed error: [Errno 110] Connection timed out
⚠️  WebSocket closed: The Session has been Closed!
⚠️  Feed error: Handshake status 522 <none> -+-+- {'date': 'Mon, 05 Oct 2026 07:19:21 GMT', 'content-type': 'text/plain; charset=UTF-8', 'content-length': '16', 'connection': 'keep-alive', 'cache-control': 'private, max-age=0, no-store, no-cache, must-revalidate, post-check=0, pre-check=0', 'expires': 'Thu, 01 Jan 1970 00:00:01 GMT', 'referrer-policy': 'same-origin', 'server-timing': 'cfEdge;dur=19626,cfOrigin;dur=0', 'x-frame-options': 'SAMEORIGIN', 'server': 'cloudflare', 'cf-ray': 'a45aa7dba8759652-ORD'} -+-+- b'error code: 522\n'
⚠️  WebSocket closed: The Session has been Closed!
⚠️  No ticks for 61s — reconnecting (attempt 2)...
Socket Connection has been closed, So! The scripts are already un-subscribed!
The Data has been Un-Subscribed
  subscribe() returned OK (will confirm ticks resume next cycle)
⚠️  WebSocket closed: The Session has been Closed!
⚠️  Feed error: [Errno 110] Connection timed out
⚠️  WebSocket closed: The Session has been Closed!
⚠️  WebSocket closed: The Session has been Closed!
⚠️  Feed error: Handshake status 522 <none> -+-+- {'date': 'Mon, 05 Oct 2026 07:20:24 GMT', 'content-type': 'text/plain; charset=UTF-8', 'content-length': '16', 'connection': 'keep-alive', 'cache-control': 'private, max-age=0, no-store, no-cache, must-revalidate, post-check=0, pre-check=0', 'expires': 'Thu, 01 Jan 1970 00:00:01 GMT', 'referrer-policy': 'same-origin', 'server-timing': 'cfEdge;dur=19368,cfOrigin;dur=0', 'x-frame-options': 'SAMEORIGIN', 'server': 'cloudflare', 'cf-ray': 'a45aa9658f6da0d5-ORD'} -+-+- b'error code: 522\n'
⚠️  WebSocket closed: The Session has been Closed!
⚠️  No ticks for 61s — reconnecting (attempt 3)...
🔴 3 consecutive reconnect attempts produced zero new ticks — forcing full re-login + resubscribe...
Logged in successfully
✅ Re-logged in and resubscribed (will confirm ticks resume next cycle)
⚠️  No ticks for 61s — reconnecting (attempt 1)...
Socket Connection has been closed, So! The scripts are already un-subscribed!
The Data has been Un-Subscribed
  subscribe() returned OK (will confirm ticks resume next cycle)
⚠️  No ticks for 61s — reconnecting (attempt 2)...
Socket Connection has been closed, So! The scripts are already un-subscribed!
The Data has been Un-Subscribed
  subscribe() returned OK (will confirm ticks resume next cycle)
⚠️  WebSocket closed: The Session has been Closed!
⚠️  Feed error: [Errno 110] Connection timed out
⚠️  No ticks for 61s — reconnecting (attempt 3)...
🔴 3 consecutive reconnect attempts produced zero new ticks — forcing full re-login + resubscribe...
Logged in successfully
✅ Re-logged in and resubscribed (will confirm ticks resume next cycle)
⚠️  WebSocket closed: The Session has been Closed!
⚠️  Feed error: [Errno 110] Connection timed out
⚠️  No ticks for 61s — reconnecting (attempt 1)...
Socket Connection has been closed, So! The scripts are already un-subscribed!
The Data has been Un-Subscribed
  subscribe() returned OK (will confirm ticks resume next cycle)
⚠️  WebSocket closed: The Session has been Closed!
⚠️  Feed error: [Errno 110] Connection timed out
⚠️  WebSocket closed: The Session has been Closed!
⚠️  No ticks for 61s — reconnecting (attempt 2)...
Socket Connection has been closed, So! The scripts are already un-subscribed!
The Data has been Un-Subscribed
  subscribe() returned OK (will confirm ticks resume next cycle)
⚠️  WebSocket closed: The Session has been Closed!
⚠️  Feed error: [Errno 110] Connection timed out
⚠️  WebSocket closed: The Session has been Closed!
⚠️  No ticks for 61s — reconnecting (attempt 3)...
🔴 3 consecutive reconnect attempts produced zero new ticks — forcing full re-login + resubscribe...
Logged in successfully
✅ Re-logged in and resubscribed (will confirm ticks resume next cycle)
⚠️  WebSocket closed: The Session has been Closed!
⚠️  Feed error: [Errno 110] Connection timed out
⚠️  WebSocket closed: The Session has been Closed!
⚠️  No ticks for 61s — reconnecting (attempt 1)...
Socket Connection has been closed, So! The scripts are already un-subscribed!
The Data has been Un-Subscribed
  subscribe() returned OK (will confirm ticks resume next cycle)
⚠️  WebSocket closed: The Session has been Closed!
⚠️  Feed error: [Errno 110] Connection timed out
⚠️  WebSocket closed: The Session has been Closed!
⚠️  No ticks for 61s — reconnecting (attempt 2)...
Socket Connection has been closed, So! The scripts are already un-subscribed!
The Data has been Un-Subscribed
  subscribe() returned OK (will confirm ticks resume next cycle)
⚠️  WebSocket closed: The Session has been Closed!
⚠️  Feed error: [Errno 110] Connection timed out
⚠️  WebSocket closed: The Session has been Closed!
⚠️  No ticks for 61s — reconnecting (attempt 3)...
🔴 3 consecutive reconnect attempts produced zero new ticks — forcing full re-login + resubscribe...
Logged in successfully
✅ Re-logged in and resubscribed (will confirm ticks resume next cycle)
⚠️  WebSocket closed: The Session has been Closed!
⚠️  Feed error: [Errno 110] Connection timed out
⚠️  WebSocket closed: The Session has been Closed!
⚠️  No ticks for 61s — reconnecting (attempt 1)...
Socket Connection has been closed, So! The scripts are already un-subscribed!
The Data has been Un-Subscribed
  subscribe() returned OK (will confirm ticks resume next cycle)
⚠️  WebSocket closed: The Session has been Closed!
⚠️  Feed error: [Errno 110] Connection timed out
⚠️  WebSocket closed: The Session has been Closed!
⚠️  No ticks for 61s — reconnecting (attempt 2)...
Socket Connection has been closed, So! The scripts are already un-subscribed!
The Data has been Un-Subscribed
  subscribe() returned OK (will confirm ticks resume next cycle)
⚠️  WebSocket closed: The Session has been Closed!
⚠️  Feed error: [Errno 110] Connection timed out
⚠️  WebSocket closed: The Session has been Closed!
⚠️  No ticks for 61s — reconnecting (attempt 3)...
🔴 3 consecutive reconnect attempts produced zero new ticks — forcing full re-login + resubscribe...
Logged in successfully
✅ Re-logged in and resubscribed (will confirm ticks resume next cycle)
⚠️  WebSocket closed: The Session has been Closed!
⚠️  Feed error: [Errno 110] Connection timed out
⚠️  WebSocket closed: The Session has been Closed!
⚠️  No ticks for 61s — reconnecting (attempt 1)...
Socket Connection has been closed, So! The scripts are already un-subscribed!
The Data has been Un-Subscribed
  subscribe() returned OK (will confirm ticks resume next cycle)
⚠️  WebSocket closed: The Session has been Closed!
⚠️  Feed error: [Errno 110] Connection timed out
⚠️  WebSocket closed: The Session has been Closed!
⚠️  No ticks for 61s — reconnecting (attempt 2)...
Socket Connection has been closed, So! The scripts are already un-subscribed!
The Data has been Un-Subscribed
  subscribe() returned OK (will confirm ticks resume next cycle)
⚠️  WebSocket closed: The Session has been Closed!
⚠️  Feed error: [Errno 110] Connection timed out
⚠️  WebSocket closed: The Session has been Closed!
⚠️  No ticks for 61s — reconnecting (attempt 3)...
🔴 3 consecutive reconnect attempts produced zero new ticks — forcing full re-login + resubscribe...
Logged in successfully
✅ Re-logged in and resubscribed (will confirm ticks resume next cycle)
⚠️  WebSocket closed: The Session has been Closed!
⚠️  Feed error: [Errno 110] Connection timed out
⚠️  WebSocket closed: The Session has been Closed!
⚠️  No ticks for 61s — reconnecting (attempt 1)...
Socket Connection has been closed, So! The scripts are already un-subscribed!
The Data has been Un-Subscribed
  subscribe() returned OK (will confirm ticks resume next cycle)
⚠️  WebSocket closed: The Session has been Closed!
⚠️  Feed error: [Errno 110] Connection timed out
⚠️  WebSocket closed: The Session has been Closed!
⚠️  No ticks for 61s — reconnecting (attempt 2)...
Socket Connection has been closed, So! The scripts are already un-subscribed!
The Data has been Un-Subscribed
  subscribe() returned OK (will confirm ticks resume next cycle)
⚠️  WebSocket closed: The Session has been Closed!
⚠️  Feed error: [Errno 110] Connection timed out
⚠️  WebSocket closed: The Session has been Closed!
⚠️  No ticks for 61s — reconnecting (attempt 3)...
🔴 3 consecutive reconnect attempts produced zero new ticks — forcing full re-login + resubscribe...
Logged in successfully
✅ Re-logged in and resubscribed (will confirm ticks resume next cycle)
⚠️  WebSocket closed: The Session has been Closed!
⚠️  Feed error: [Errno 110] Connection timed out
⚠️  WebSocket closed: The Session has been Closed!
⚠️  No ticks for 61s — reconnecting (attempt 1)...
Socket Connection has been closed, So! The scripts are already un-subscribed!
The Data has been Un-Subscribed
  subscribe() returned OK (will confirm ticks resume next cycle)
⚠️  WebSocket closed: The Session has been Closed!
⚠️  Feed error: [Errno 110] Connection timed out
⚠️  WebSocket closed: The Session has been Closed!
⚠️  No ticks for 61s — reconnecting (attempt 2)...
Socket Connection has been closed, So! The scripts are already un-subscribed!
The Data has been Un-Subscribed
  subscribe() returned OK (will confirm ticks resume next cycle)
⚠️  WebSocket closed: The Session has been Closed!
⚠️  Feed error: [Errno 110] Connection timed out
⚠️  WebSocket closed: The Session has been Closed!
⚠️  No ticks for 61s — reconnecting (attempt 3)...
🔴 3 consecutive reconnect attempts produced zero new ticks — forcing full re-login + resubscribe...
Logged in successfully
✅ Re-logged in and resubscribed (will confirm ticks resume next cycle)
⚠️  WebSocket closed: The Session has been Closed!
⚠️  Feed error: [Errno 110] Connection timed out
⚠️  WebSocket closed: The Session has been Closed!
⚠️  No ticks for 61s — reconnecting (attempt 1)...
Socket Connection has been closed, So! The scripts are already un-subscribed!
The Data has been Un-Subscribed
  subscribe() returned OK (will confirm ticks resume next cycle)
⚠️  WebSocket closed: The Session has been Closed!
⚠️  Feed error: [Errno 110] Connection timed out
⚠️  WebSocket closed: The Session has been Closed!
⚠️  No ticks for 61s — reconnecting (attempt 2)...
Socket Connection has been closed, So! The scripts are already un-subscribed!
The Data has been Un-Subscribed
  subscribe() returned OK (will confirm ticks resume next cycle)
⚠️  WebSocket closed: The Session has been Closed!
⚠️  Feed error: [Errno 110] Connection timed out
⚠️  WebSocket closed: The Session has been Closed!
⚠️  No ticks for 61s — reconnecting (attempt 3)...
🔴 3 consecutive reconnect attempts produced zero new ticks — forcing full re-login + resubscribe...
Logged in successfully
✅ Re-logged in and resubscribed (will confirm ticks resume next cycle)
⚠️  WebSocket closed: The Session has been Closed!
⚠️  Feed error: [Errno 110] Connection timed out
⚠️  WebSocket closed: The Session has been Closed!
⚠️  No ticks for 61s — reconnecting (attempt 1)...
Socket Connection has been closed, So! The scripts are already un-subscribed!
The Data has been Un-Subscribed
  subscribe() returned OK (will confirm ticks resume next cycle)
⚠️  WebSocket closed: The Session has been Closed!
⚠️  Feed error: [Errno 110] Connection timed out
⚠️  WebSocket closed: The Session has been Closed!
⚠️  No ticks for 61s — reconnecting (attempt 2)...
Socket Connection has been closed, So! The scripts are already un-subscribed!
The Data has been Un-Subscribed
  subscribe() returned OK (will confirm ticks resume next cycle)
⚠️  WebSocket closed: The Session has been Closed!
⚠️  Feed error: [Errno 110] Connection timed out
⚠️  WebSocket closed: The Session has been Closed!
⚠️  No ticks for 61s — reconnecting (attempt 3)...
🔴 3 consecutive reconnect attempts produced zero new ticks — forcing full re-login + resubscribe...
Logged in successfully
✅ Re-logged in and resubscribed (will confirm ticks resume next cycle)
⚠️  WebSocket closed: The Session has been Closed!
⚠️  Feed error: [Errno 110] Connection timed out
⚠️  WebSocket closed: The Session has been Closed!
⚠️  No ticks for 61s — reconnecting (attempt 1)...
Socket Connection has been closed, So! The scripts are already un-subscribed!
The Data has been Un-Subscribed
  subscribe() returned OK (will confirm ticks resume next cycle)
⚠️  WebSocket closed: The Session has been Closed!
⚠️  Feed error: [Errno 110] Connection timed out
⚠️  WebSocket closed: The Session has been Closed!
⚠️  WebSocket closed: The Session has been Closed!
⚠️  Feed error: Handshake status 522 <none> -+-+- {'date': 'Mon, 05 Oct 2026 07:50:49 GMT', 'content-type': 'text/plain; charset=UTF-8', 'content-length': '16', 'connection': 'keep-alive', 'cache-control': 'private, max-age=0, no-store, no-cache, must-revalidate, post-check=0, pre-check=0', 'expires': 'Thu, 01 Jan 1970 00:00:01 GMT', 'referrer-policy': 'same-origin', 'server-timing': 'cfEdge;dur=19374,cfOrigin;dur=0', 'x-frame-options': 'SAMEORIGIN', 'server': 'cloudflare', 'cf-ray': 'a45ad5f3ca9389c5-ORD'} -+-+- b'error code: 522\n'
⚠️  WebSocket closed: The Session has been Closed!
⚠️  No ticks for 61s — reconnecting (attempt 2)...
Socket Connection has been closed, So! The scripts are already un-subscribed!
The Data has been Un-Subscribed
  subscribe() returned OK (will confirm ticks resume next cycle)
⚠️  WebSocket closed: The Session has been Closed!
⚠️  Feed error: [Errno 110] Connection timed out
⚠️  WebSocket closed: The Session has been Closed!
⚠️  No ticks for 61s — reconnecting (attempt 3)...
🔴 3 consecutive reconnect attempts produced zero new ticks — forcing full re-login + resubscribe...
Logged in successfully
✅ Re-logged in and resubscribed (will confirm ticks resume next cycle)
⚠️  No ticks for 61s — reconnecting (attempt 1)...
Socket Connection has been closed, So! The scripts are already un-subscribed!
The Data has been Un-Subscribed
  subscribe() returned OK (will confirm ticks resume next cycle)
⚠️  WebSocket closed: The Session has been Closed!
⚠️  Feed error: [Errno 110] Connection timed out
⚠️  WebSocket closed: The Session has been Closed!
⚠️  No ticks for 61s — reconnecting (attempt 2)...
Socket Connection has been closed, So! The scripts are already un-subscribed!
The Data has been Un-Subscribed
  subscribe() returned OK (will confirm ticks resume next cycle)
⚠️  WebSocket closed: The Session has been Closed!
⚠️  Feed error: [Errno 110] Connection timed out
⚠️  No ticks for 61s — reconnecting (attempt 3)...
🔴 3 consecutive reconnect attempts produced zero new ticks — forcing full re-login + resubscribe...
Logged in successfully
✅ Re-logged in and resubscribed (will confirm ticks resume next cycle)
⚠️  WebSocket closed: The Session has been Closed!
⚠️  Feed error: [Errno 110] Connection timed out
⚠️  WebSocket closed: The Session has been Closed!
⚠️  No ticks for 61s — reconnecting (attempt 1)...
Socket Connection has been closed, So! The scripts are already un-subscribed!
The Data has been Un-Subscribed
  subscribe() returned OK (will confirm ticks resume next cycle)
⚠️  WebSocket closed: The Session has been Closed!
⚠️  Feed error: [Errno 110] Connection timed out
⚠️  WebSocket closed: The Session has been Closed!
⚠️  No ticks for 61s — reconnecting (attempt 2)...
Socket Connection has been closed, So! The scripts are already un-subscribed!
The Data has been Un-Subscribed
  subscribe() returned OK (will confirm ticks resume next cycle)
⚠️  WebSocket closed: The Session has been Closed!
⚠️  Feed error: [Errno 110] Connection timed out
⚠️  WebSocket closed: The Session has been Closed!
⚠️  No ticks for 61s — reconnecting (attempt 3)...
🔴 3 consecutive reconnect attempts produced zero new ticks — forcing full re-login + resubscribe...
Logged in successfully
✅ Re-logged in and resubscribed (will confirm ticks resume next cycle)
⚠️  WebSocket closed: The Session has been Closed!
⚠️  Feed error: [Errno 110] Connection timed out
⚠️  WebSocket closed: The Session has been Closed!
⚠️  No ticks for 61s — reconnecting (attempt 1)...
Socket Connection has been closed, So! The scripts are already un-subscribed!
The Data has been Un-Subscribed
  subscribe() returned OK (will confirm ticks resume next cycle)
⚠️  WebSocket closed: The Session has been Closed!
⚠️  Feed error: [Errno 110] Connection timed out
⚠️  WebSocket closed: The Session has been Closed!
⚠️  No ticks for 61s — reconnecting (attempt 2)...
Socket Connection has been closed, So! The scripts are already un-subscribed!
The Data has been Un-Subscribed
  subscribe() returned OK (will confirm ticks resume next cycle)
⚠️  WebSocket closed: The Session has been Closed!
⚠️  Feed error: [Errno 110] Connection timed out
⚠️  WebSocket closed: The Session has been Closed!
⚠️  WebSocket closed: The Session has been Closed!
⚠️  Feed error: Handshake status 522 <none> -+-+- {'date': 'Mon, 05 Oct 2026 08:01:18 GMT', 'content-type': 'text/plain; charset=UTF-8', 'content-length': '16', 'connection': 'keep-alive', 'cache-control': 'private, max-age=0, no-store, no-cache, must-revalidate, post-check=0, pre-check=0', 'expires': 'Thu, 01 Jan 1970 00:00:01 GMT', 'referrer-policy': 'same-origin', 'server-timing': 'cfEdge;dur=19620,cfOrigin;dur=0', 'x-frame-options': 'SAMEORIGIN', 'server': 'cloudflare', 'cf-ray': 'a45ae550da9261c1-ORD'} -+-+- b'error code: 522\n'
⚠️  WebSocket closed: The Session has been Closed!
⚠️  No ticks for 61s — reconnecting (attempt 3)...
🔴 3 consecutive reconnect attempts produced zero new ticks — forcing full re-login + resubscribe...
Logged in successfully
✅ Re-logged in and resubscribed (will confirm ticks resume next cycle)
⚠️  WebSocket closed: The Session has been Closed!
⚠️  Feed error: [Errno 110] Connection timed out
⚠️  WebSocket closed: The Session has been Closed!
⚠️  No ticks for 61s — reconnecting (attempt 1)...
Socket Connection has been closed, So! The scripts are already un-subscribed!
The Data has been Un-Subscribed
  subscribe() returned OK (will confirm ticks resume next cycle)
⚠️  No ticks for 61s — reconnecting (attempt 2)...
Socket Connection has been closed, So! The scripts are already un-subscribed!
The Data has been Un-Subscribed
  subscribe() returned OK (will confirm ticks resume next cycle)
⚠️  WebSocket closed: The Session has been Closed!
⚠️  Feed error: [Errno 110] Connection timed out
⚠️  WebSocket closed: The Session has been Closed!
⚠️  No ticks for 61s — reconnecting (attempt 3)...
🔴 3 consecutive reconnect attempts produced zero new ticks — forcing full re-login + resubscribe...
Logged in successfully
✅ Re-logged in and resubscribed (will confirm ticks resume next cycle)
⚠️  WebSocket closed: The Session has been Closed!
⚠️  Feed error: [Errno 110] Connection timed out
⚠️  No ticks for 61s — reconnecting (attempt 1)...
Socket Connection has been closed, So! The scripts are already un-subscribed!
The Data has been Un-Subscribed
  subscribe() returned OK (will confirm ticks resume next cycle)
⚠️  WebSocket closed: The Session has been Closed!
⚠️  Feed error: [Errno 110] Connection timed out
⚠️  WebSocket closed: The Session has been Closed!
⚠️  No ticks for 61s — reconnecting (attempt 2)...
Socket Connection has been closed, So! The scripts are already un-subscribed!
The Data has been Un-Subscribed
  subscribe() returned OK (will confirm ticks resume next cycle)
⚠️  WebSocket closed: The Session has been Closed!
⚠️  Feed error: [Errno 110] Connection timed out
⚠️  WebSocket closed: The Session has been Closed!
⚠️  No ticks for 61s — reconnecting (attempt 3)...
🔴 3 consecutive reconnect attempts produced zero new ticks — forcing full re-login + resubscribe...
Logged in successfully
✅ Re-logged in and resubscribed (will confirm ticks resume next cycle)
⚠️  WebSocket closed: The Session has been Closed!
⚠️  Feed error: [Errno 110] Connection timed out
⚠️  WebSocket closed: The Session has been Closed!
⚠️  No ticks for 61s — reconnecting (attempt 1)...
Socket Connection has been closed, So! The scripts are already un-subscribed!
The Data has been Un-Subscribed
  subscribe() returned OK (will confirm ticks resume next cycle)
⚠️  WebSocket closed: The Session has been Closed!
⚠️  Feed error: [Errno 110] Connection timed out
⚠️  WebSocket closed: The Session has been Closed!
⚠️  No ticks for 61s — reconnecting (attempt 2)...
Socket Connection has been closed, So! The scripts are already un-subscribed!
The Data has been Un-Subscribed
  subscribe() returned OK (will confirm ticks resume next cycle)
⚠️  WebSocket closed: The Session has been Closed!
⚠️  Feed error: [Errno 110] Connection timed out
⚠️  WebSocket closed: The Session has been Closed!
⚠️  No ticks for 61s — reconnecting (attempt 3)...
🔴 3 consecutive reconnect attempts produced zero new ticks — forcing full re-login + resubscribe...
Logged in successfully
✅ Re-logged in and resubscribed (will confirm ticks resume next cycle)
⚠️  WebSocket closed: The Session has been Closed!
⚠️  Feed error: [Errno 110] Connection timed out
⚠️  WebSocket closed: The Session has been Closed!
⚠️  WebSocket closed: The Session has been Closed!
⚠️  Feed error: Handshake status 522 <none> -+-+- {'date': 'Mon, 05 Oct 2026 08:11:47 GMT', 'content-type': 'text/plain; charset=UTF-8', 'content-length': '16', 'connection': 'keep-alive', 'cache-control': 'private, max-age=0, no-store, no-cache, must-revalidate, post-check=0, pre-check=0', 'expires': 'Thu, 01 Jan 1970 00:00:01 GMT', 'referrer-policy': 'same-origin', 'server-timing': 'cfEdge;dur=19568,cfOrigin;dur=0', 'x-frame-options': 'SAMEORIGIN', 'server': 'cloudflare', 'cf-ray': 'a45af4ac0e0cfa25-ORD'} -+-+- b'error code: 522\n'
⚠️  WebSocket closed: The Session has been Closed!
⚠️  No ticks for 61s — reconnecting (attempt 1)...
Socket Connection has been closed, So! The scripts are already un-subscribed!
The Data has been Un-Subscribed
  subscribe() returned OK (will confirm ticks resume next cycle)
⚠️  WebSocket closed: The Session has been Closed!
⚠️  Feed error: [Errno 110] Connection timed out
⚠️  WebSocket closed: The Session has been Closed!
⚠️  No ticks for 61s — reconnecting (attempt 2)...
Socket Connection has been closed, So! The scripts are already un-subscribed!
The Data has been Un-Subscribed
  subscribe() returned OK (will confirm ticks resume next cycle)
⚠️  No ticks for 61s — reconnecting (attempt 3)...
🔴 3 consecutive reconnect attempts produced zero new ticks — forcing full re-login + resubscribe...
Logged in successfully
✅ Re-logged in and resubscribed (will confirm ticks resume next cycle)
⚠️  WebSocket closed: The Session has been Closed!
⚠️  Feed error: [Errno 110] Connection timed out
⚠️  WebSocket closed: The Session has been Closed!
⚠️  No ticks for 61s — reconnecting (attempt 1)...
Socket Connection has been closed, So! The scripts are already un-subscribed!
The Data has been Un-Subscribed
  subscribe() returned OK (will confirm ticks resume next cycle)
⚠️  WebSocket closed: The Session has been Closed!
⚠️  Feed error: [Errno 110] Connection timed out
⚠️  No ticks for 61s — reconnecting (attempt 2)...
Socket Connection has been closed, So! The scripts are already un-subscribed!
The Data has been Un-Subscribed
  subscribe() returned OK (will confirm ticks resume next cycle)
⚠️  WebSocket closed: The Session has been Closed!
⚠️  Feed error: [Errno 110] Connection timed out
⚠️  WebSocket closed: The Session has been Closed!
⚠️  No ticks for 61s — reconnecting (attempt 3)...
🔴 3 consecutive reconnect attempts produced zero new ticks — forcing full re-login + resubscribe...
Logged in successfully
✅ Re-logged in and resubscribed (will confirm ticks resume next cycle)
⚠️  WebSocket closed: The Session has been Closed!
⚠️  Feed error: [Errno 110] Connection timed out
⚠️  WebSocket closed: The Session has been Closed!
⚠️  WebSocket closed: The Session has been Closed!
⚠️  Feed error: Handshake status 522 <none> -+-+- {'date': 'Mon, 05 Oct 2026 08:18:04 GMT', 'content-type': 'text/plain; charset=UTF-8', 'content-length': '16', 'connection': 'keep-alive', 'cache-control': 'private, max-age=0, no-store, no-cache, must-revalidate, post-check=0, pre-check=0', 'expires': 'Thu, 01 Jan 1970 00:00:01 GMT', 'referrer-policy': 'same-origin', 'server-timing': 'cfEdge;dur=19310,cfOrigin;dur=0', 'x-frame-options': 'SAMEORIGIN', 'server': 'cloudflare', 'cf-ray': 'a45afde3ece3c93a-ORD'} -+-+- b'error code: 522\n'
⚠️  WebSocket closed: The Session has been Closed!
⚠️  No ticks for 61s — reconnecting (attempt 1)...
Socket Connection has been closed, So! The scripts are already un-subscribed!
The Data has been Un-Subscribed
  subscribe() returned OK (will confirm ticks resume next cycle)
⚠️  WebSocket closed: The Session has been Closed!
⚠️  Feed error: [Errno 110] Connection timed out
⚠️  WebSocket closed: The Session has been Closed!
⚠️  No ticks for 61s — reconnecting (attempt 2)...
Socket Connection has been closed, So! The scripts are already un-subscribed!
The Data has been Un-Subscribed
  subscribe() returned OK (will confirm ticks resume next cycle)
⚠️  WebSocket closed: The Session has been Closed!
⚠️  Feed error: Handshake status 522 <none> -+-+- {'date': 'Mon, 05 Oct 2026 08:20:11 GMT', 'content-type': 'text/plain; charset=UTF-8', 'content-length': '16', 'connection': 'keep-alive', 'cache-control': 'private, max-age=0, no-store, no-cache, must-revalidate, post-check=0, pre-check=0', 'expires': 'Thu, 01 Jan 1970 00:00:01 GMT', 'referrer-policy': 'same-origin', 'server-timing': 'cfEdge;dur=19498,cfOrigin;dur=0', 'x-frame-options': 'SAMEORIGIN', 'server': 'cloudflare', 'cf-ray': 'a45b00f7def788cd-ORD'} -+-+- b'error code: 522\n'
⚠️  WebSocket closed: The Session has been Closed!
⚠️  No ticks for 61s — reconnecting (attempt 3)...
🔴 3 consecutive reconnect attempts produced zero new ticks — forcing full re-login + resubscribe...
Logged in successfully
✅ Re-logged in and resubscribed (will confirm ticks resume next cycle)
⚠️  WebSocket closed: The Session has been Closed!
⚠️  Feed error: [Errno 110] Connection timed out
⚠️  WebSocket closed: The Session has been Closed!
⚠️  WebSocket closed: The Session has been Closed!
⚠️  Feed error: Handshake status 522 <none> -+-+- {'date': 'Mon, 05 Oct 2026 08:21:13 GMT', 'content-type': 'text/plain; charset=UTF-8', 'content-length': '16', 'connection': 'keep-alive', 'cache-control': 'private, max-age=0, no-store, no-cache, must-revalidate, post-check=0, pre-check=0', 'expires': 'Thu, 01 Jan 1970 00:00:01 GMT', 'referrer-policy': 'same-origin', 'server-timing': 'cfEdge;dur=19353,cfOrigin;dur=0', 'x-frame-options': 'SAMEORIGIN', 'server': 'cloudflare', 'cf-ray': 'a45b027fc98b0044-ORD'} -+-+- b'error code: 522\n'
⚠️  WebSocket closed: The Session has been Closed!
⚠️  No ticks for 61s — reconnecting (attempt 1)...
Socket Connection has been closed, So! The scripts are already un-subscribed!
The Data has been Un-Subscribed
  subscribe() returned OK (will confirm ticks resume next cycle)
⚠️  No ticks for 61s — reconnecting (attempt 2)...
Socket Connection has been closed, So! The scripts are already un-subscribed!
The Data has been Un-Subscribed
  subscribe() returned OK (will confirm ticks resume next cycle)
⚠️  WebSocket closed: The Session has been Closed!
⚠️  Feed error: Handshake status 522 <none> -+-+- {'date': 'Mon, 05 Oct 2026 08:23:19 GMT', 'content-type': 'text/plain; charset=UTF-8', 'content-length': '16', 'connection': 'keep-alive', 'cache-control': 'private, max-age=0, no-store, no-cache, must-revalidate, post-check=0, pre-check=0', 'expires': 'Thu, 01 Jan 1970 00:00:01 GMT', 'referrer-policy': 'same-origin', 'server-timing': 'cfEdge;dur=19458,cfOrigin;dur=0', 'x-frame-options': 'SAMEORIGIN', 'server': 'cloudflare', 'cf-ray': 'a45b05937edee819-ORD'} -+-+- b'error code: 522\n'
⚠️  WebSocket closed: The Session has been Closed!
⚠️  No ticks for 61s — reconnecting (attempt 3)...
🔴 3 consecutive reconnect attempts produced zero new ticks — forcing full re-login + resubscribe...
Logged in successfully
✅ Re-logged in and resubscribed (will confirm ticks resume next cycle)
⚠️  WebSocket closed: The Session has been Closed!
⚠️  Feed error: [Errno 110] Connection timed out
⚠️  No ticks for 61s — reconnecting (attempt 1)...
Socket Connection has been closed, So! The scripts are already un-subscribed!
The Data has been Un-Subscribed
  subscribe() returned OK (will confirm ticks resume next cycle)
⚠️  No ticks for 61s — reconnecting (attempt 2)...
Socket Connection has been closed, So! The scripts are already un-subscribed!
The Data has been Un-Subscribed
  subscribe() returned OK (will confirm ticks resume next cycle)
⚠️  WebSocket closed: The Session has been Closed!
⚠️  Feed error: [Errno 110] Connection timed out
⚠️  WebSocket closed: The Session has been Closed!
⚠️  No ticks for 61s — reconnecting (attempt 3)...
🔴 3 consecutive reconnect attempts produced zero new ticks — forcing full re-login + resubscribe...
Logged in successfully
✅ Re-logged in and resubscribed (will confirm ticks resume next cycle)
⚠️  WebSocket closed: The Session has been Closed!
⚠️  Feed error: [Errno 110] Connection timed out
⚠️  No ticks for 61s — reconnecting (attempt 1)...
Socket Connection has been closed, So! The scripts are already un-subscribed!
The Data has been Un-Subscribed
  subscribe() returned OK (will confirm ticks resume next cycle)
⚠️  WebSocket closed: The Session has been Closed!
⚠️  Feed error: [Errno 110] Connection timed out
⚠️  WebSocket closed: The Session has been Closed!
⚠️  No ticks for 61s — reconnecting (attempt 2)...
Socket Connection has been closed, So! The scripts are already un-subscribed!
The Data has been Un-Subscribed
  subscribe() returned OK (will confirm ticks resume next cycle)
⚠️  WebSocket closed: The Session has been Closed!
⚠️  Feed error: [Errno 110] Connection timed out
⚠️  WebSocket closed: The Session has been Closed!
⚠️  No ticks for 61s — reconnecting (attempt 3)...
🔴 3 consecutive reconnect attempts produced zero new ticks — forcing full re-login + resubscribe...
Logged in successfully
✅ Re-logged in and resubscribed (will confirm ticks resume next cycle)
⚠️  WebSocket closed: The Session has been Closed!
⚠️  Feed error: [Errno 110] Connection timed out
⚠️  WebSocket closed: The Session has been Closed!
⚠️  No ticks for 61s — reconnecting (attempt 1)...
Socket Connection has been closed, So! The scripts are already un-subscribed!
The Data has been Un-Subscribed
  subscribe() returned OK (will confirm ticks resume next cycle)
⚠️  WebSocket closed: The Session has been Closed!
⚠️  Feed error: [Errno 110] Connection timed out
⚠️  WebSocket closed: The Session has been Closed!
⚠️  WebSocket closed: The Session has been Closed!
⚠️  Feed error: Handshake status 522 <none> -+-+- {'date': 'Mon, 05 Oct 2026 08:31:43 GMT', 'content-type': 'text/plain; charset=UTF-8', 'content-length': '16', 'connection': 'keep-alive', 'cache-control': 'private, max-age=0, no-store, no-cache, must-revalidate, post-check=0, pre-check=0', 'expires': 'Thu, 01 Jan 1970 00:00:01 GMT', 'referrer-policy': 'same-origin', 'server-timing': 'cfEdge;dur=19943,cfOrigin;dur=0', 'x-frame-options': 'SAMEORIGIN', 'server': 'cloudflare', 'cf-ray': 'a45b11ddca7d9bcc-ORD'} -+-+- b'error code: 522\n'
⚠️  WebSocket closed: The Session has been Closed!
⚠️  No ticks for 61s — reconnecting (attempt 2)...
Socket Connection has been closed, So! The scripts are already un-subscribed!
The Data has been Un-Subscribed
  subscribe() returned OK (will confirm ticks resume next cycle)
⚠️  WebSocket closed: The Session has been Closed!
⚠️  Feed error: [Errno 110] Connection timed out
⚠️  WebSocket closed: The Session has been Closed!
⚠️  WebSocket closed: The Session has been Closed!
⚠️  Feed error: Handshake status 522 <none> -+-+- {'date': 'Mon, 05 Oct 2026 08:32:46 GMT', 'content-type': 'text/plain; charset=UTF-8', 'content-length': '16', 'connection': 'keep-alive', 'cache-control': 'private, max-age=0, no-store, no-cache, must-revalidate, post-check=0, pre-check=0', 'expires': 'Thu, 01 Jan 1970 00:00:01 GMT', 'referrer-policy': 'same-origin', 'server-timing': 'cfEdge;dur=19686,cfOrigin;dur=0', 'x-frame-options': 'SAMEORIGIN', 'server': 'cloudflare', 'cf-ray': 'a45b13677dedf32d-ORD'} -+-+- b'error code: 522\n'
⚠️  WebSocket closed: The Session has been Closed!
⚠️  No ticks for 61s — reconnecting (attempt 3)...
🔴 3 consecutive reconnect attempts produced zero new ticks — forcing full re-login + resubscribe...
Logged in successfully
✅ Re-logged in and resubscribed (will confirm ticks resume next cycle)
⚠️  No ticks for 61s — reconnecting (attempt 1)...
Socket Connection has been closed, So! The scripts are already un-subscribed!
The Data has been Un-Subscribed
  subscribe() returned OK (will confirm ticks resume next cycle)
⚠️  No ticks for 61s — reconnecting (attempt 2)...
Socket Connection has been closed, So! The scripts are already un-subscribed!
The Data has been Un-Subscribed
  subscribe() returned OK (will confirm ticks resume next cycle)
⚠️  WebSocket closed: The Session has been Closed!
⚠️  Feed error: [Errno 110] Connection timed out
⚠️  No ticks for 61s — reconnecting (attempt 3)...
🔴 3 consecutive reconnect attempts produced zero new ticks — forcing full re-login + resubscribe...
Logged in successfully
✅ Re-logged in and resubscribed (will confirm ticks resume next cycle)
⚠️  WebSocket closed: The Session has been Closed!
⚠️  Feed error: [Errno 110] Connection timed out
⚠️  No ticks for 61s — reconnecting (attempt 1)...
Socket Connection has been closed, So! The scripts are already un-subscribed!
The Data has been Un-Subscribed
  subscribe() returned OK (will confirm ticks resume next cycle)
⚠️  WebSocket closed: The Session has been Closed!
⚠️  Feed error: [Errno 110] Connection timed out
⚠️  WebSocket closed: The Session has been Closed!
⚠️  No ticks for 61s — reconnecting (attempt 2)...
Socket Connection has been closed, So! The scripts are already un-subscribed!
The Data has been Un-Subscribed
  subscribe() returned OK (will confirm ticks resume next cycle)
⚠️  WebSocket closed: The Session has been Closed!
⚠️  Feed error: [Errno 110] Connection timed out
⚠️  WebSocket closed: The Session has been Closed!
⚠️  No ticks for 61s — reconnecting (attempt 3)...
🔴 3 consecutive reconnect attempts produced zero new ticks — forcing full re-login + resubscribe...
Logged in successfully
✅ Re-logged in and resubscribed (will confirm ticks resume next cycle)
⚠️  WebSocket closed: The Session has been Closed!
⚠️  Feed error: [Errno 110] Connection timed out
⚠️  WebSocket closed: The Session has been Closed!
⚠️  No ticks for 61s — reconnecting (attempt 1)...
Socket Connection has been closed, So! The scripts are already un-subscribed!
The Data has been Un-Subscribed
  subscribe() returned OK (will confirm ticks resume next cycle)
⚠️  WebSocket closed: The Session has been Closed!
⚠️  Feed error: [Errno 110] Connection timed out
⚠️  WebSocket closed: The Session has been Closed!
⚠️  No ticks for 61s — reconnecting (attempt 2)...
Socket Connection has been closed, So! The scripts are already un-subscribed!
The Data has been Un-Subscribed
  subscribe() returned OK (will confirm ticks resume next cycle)
⚠️  WebSocket closed: The Session has been Closed!
⚠️  Feed error: [Errno 110] Connection timed out
⚠️  WebSocket closed: The Session has been Closed!
⚠️  No ticks for 61s — reconnecting (attempt 3)...
🔴 3 consecutive reconnect attempts produced zero new ticks — forcing full re-login + resubscribe...
Logged in successfully
✅ Re-logged in and resubscribed (will confirm ticks resume next cycle)
⚠️  WebSocket closed: The Session has been Closed!
⚠️  Feed error: [Errno 110] Connection timed out
⚠️  WebSocket closed: The Session has been Closed!
⚠️  No ticks for 61s — reconnecting (attempt 1)...
Socket Connection has been closed, So! The scripts are already un-subscribed!
The Data has been Un-Subscribed
  subscribe() returned OK (will confirm ticks resume next cycle)
⚠️  WebSocket closed: The Session has been Closed!
⚠️  Feed error: [Errno 110] Connection timed out
⚠️  WebSocket closed: The Session has been Closed!
⚠️  No ticks for 61s — reconnecting (attempt 2)...
Socket Connection has been closed, So! The scripts are already un-subscribed!
The Data has been Un-Subscribed
  subscribe() returned OK (will confirm ticks resume next cycle)
⚠️  WebSocket closed: The Session has been Closed!
⚠️  Feed error: [Errno 110] Connection timed out
⚠️  WebSocket closed: The Session has been Closed!
⚠️  No ticks for 61s — reconnecting (attempt 3)...
🔴 3 consecutive reconnect attempts produced zero new ticks — forcing full re-login + resubscribe...
Logged in successfully
✅ Re-logged in and resubscribed (will confirm ticks resume next cycle)
⚠️  WebSocket closed: The Session has been Closed!
⚠️  Feed error: [Errno 110] Connection timed out
⚠️  WebSocket closed: The Session has been Closed!
⚠️  No ticks for 61s — reconnecting (attempt 1)...
Socket Connection has been closed, So! The scripts are already un-subscribed!
The Data has been Un-Subscribed
  subscribe() returned OK (will confirm ticks resume next cycle)
⚠️  WebSocket closed: The Session has been Closed!
⚠️  Feed error: [Errno 110] Connection timed out
⚠️  WebSocket closed: The Session has been Closed!
⚠️  No ticks for 61s — reconnecting (attempt 2)...
Socket Connection has been closed, So! The scripts are already un-subscribed!
The Data has been Un-Subscribed
  subscribe() returned OK (will confirm ticks resume next cycle)
⚠️  WebSocket closed: The Session has been Closed!
⚠️  Feed error: [Errno 110] Connection timed out
⚠️  WebSocket closed: The Session has been Closed!
⚠️  No ticks for 61s — reconnecting (attempt 3)...
🔴 3 consecutive reconnect attempts produced zero new ticks — forcing full re-login + resubscribe...
Logged in successfully
✅ Re-logged in and resubscribed (will confirm ticks resume next cycle)
⚠️  WebSocket closed: The Session has been Closed!
⚠️  Feed error: [Errno 110] Connection timed out
⚠️  WebSocket closed: The Session has been Closed!
⚠️  No ticks for 61s — reconnecting (attempt 1)...
Socket Connection has been closed, So! The scripts are already un-subscribed!
The Data has been Un-Subscribed
  subscribe() returned OK (will confirm ticks resume next cycle)
⚠️  WebSocket closed: The Session has been Closed!
⚠️  Feed error: [Errno 110] Connection timed out
⚠️  WebSocket closed: The Session has been Closed!
⚠️  No ticks for 61s — reconnecting (attempt 2)...
Socket Connection has been closed, So! The scripts are already un-subscribed!
The Data has been Un-Subscribed
  subscribe() returned OK (will confirm ticks resume next cycle)
⚠️  WebSocket closed: The Session has been Closed!
⚠️  Feed error: [Errno 110] Connection timed out
⚠️  WebSocket closed: The Session has been Closed!
⚠️  WebSocket closed: The Session has been Closed!
⚠️  Feed error: Handshake status 522 <none> -+-+- {'date': 'Mon, 05 Oct 2026 08:51:39 GMT', 'content-type': 'text/plain; charset=UTF-8', 'content-length': '16', 'connection': 'keep-alive', 'cache-control': 'private, max-age=0, no-store, no-cache, must-revalidate, post-check=0, pre-check=0', 'expires': 'Thu, 01 Jan 1970 00:00:01 GMT', 'referrer-policy': 'same-origin', 'server-timing': 'cfEdge;dur=19729,cfOrigin;dur=0', 'x-frame-options': 'SAMEORIGIN', 'server': 'cloudflare', 'cf-ray': 'a45b2f0e0bca9300-ORD'} -+-+- b'error code: 522\n'
⚠️  WebSocket closed: The Session has been Closed!
⚠️  No ticks for 61s — reconnecting (attempt 3)...
🔴 3 consecutive reconnect attempts produced zero new ticks — forcing full re-login + resubscribe...
Logged in successfully
✅ Re-logged in and resubscribed (will confirm ticks resume next cycle)
⚠️  WebSocket closed: The Session has been Closed!
⚠️  Feed error: [Errno 110] Connection timed out
⚠️  WebSocket closed: The Session has been Closed!
⚠️  No ticks for 61s — reconnecting (attempt 1)...
Socket Connection has been closed, So! The scripts are already un-subscribed!
The Data has been Un-Subscribed
  subscribe() returned OK (will confirm ticks resume next cycle)
⚠️  No ticks for 61s — reconnecting (attempt 2)...
Socket Connection has been closed, So! The scripts are already un-subscribed!
The Data has been Un-Subscribed
  subscribe() returned OK (will confirm ticks resume next cycle)
⚠️  WebSocket closed: The Session has been Closed!
⚠️  Feed error: [Errno 110] Connection timed out
⚠️  WebSocket closed: The Session has been Closed!
⚠️  No ticks for 61s — reconnecting (attempt 3)...
🔴 3 consecutive reconnect attempts produced zero new ticks — forcing full re-login + resubscribe...
Logged in successfully
✅ Re-logged in and resubscribed (will confirm ticks resume next cycle)
⚠️  WebSocket closed: The Session has been Closed!
⚠️  Feed error: [Errno 110] Connection timed out
⚠️  WebSocket closed: The Session has been Closed!
⚠️  Feed error: Handshake status 522 <none> -+-+- {'date': 'Mon, 05 Oct 2026 08:55:51 GMT', 'content-type': 'text/plain; charset=UTF-8', 'content-length': '16', 'connection': 'keep-alive', 'cache-control': 'private, max-age=0, no-store, no-cache, must-revalidate, post-check=0, pre-check=0', 'expires': 'Thu, 01 Jan 1970 00:00:01 GMT', 'referrer-policy': 'same-origin', 'server-timing': 'cfEdge;dur=19744,cfOrigin;dur=0', 'x-frame-options': 'SAMEORIGIN', 'server': 'cloudflare', 'cf-ray': 'a45b35364dea6af6-ORD'} -+-+- b'error code: 522\n'
⚠️  WebSocket closed: The Session has been Closed!
⚠️  No ticks for 61s — reconnecting (attempt 1)...
Socket Connection has been closed, So! The scripts are already un-subscribed!
The Data has been Un-Subscribed
  subscribe() returned OK (will confirm ticks resume next cycle)
⚠️  WebSocket closed: The Session has been Closed!
⚠️  Feed error: [Errno 110] Connection timed out
⚠️  WebSocket closed: The Session has been Closed!
⚠️  WebSocket closed: The Session has been Closed!
⚠️  Feed error: Handshake status 522 <none> -+-+- {'date': 'Mon, 05 Oct 2026 08:56:54 GMT', 'content-type': 'text/plain; charset=UTF-8', 'content-length': '16', 'connection': 'keep-alive', 'cache-control': 'private, max-age=0, no-store, no-cache, must-revalidate, post-check=0, pre-check=0', 'expires': 'Thu, 01 Jan 1970 00:00:01 GMT', 'referrer-policy': 'same-origin', 'server-timing': 'cfEdge;dur=19605,cfOrigin;dur=0', 'x-frame-options': 'SAMEORIGIN', 'server': 'cloudflare', 'cf-ray': 'a45b36c02cd7acb1-ORD'} -+-+- b'error code: 522\n'
⚠️  WebSocket closed: The Session has been Closed!
⚠️  No ticks for 61s — reconnecting (attempt 2)...
Socket Connection has been closed, So! The scripts are already un-subscribed!
The Data has been Un-Subscribed
  subscribe() returned OK (will confirm ticks resume next cycle)
⚠️  No ticks for 61s — reconnecting (attempt 3)...
🔴 3 consecutive reconnect attempts produced zero new ticks — forcing full re-login + resubscribe...
Logged in successfully
✅ Re-logged in and resubscribed (will confirm ticks resume next cycle)
⚠️  No ticks for 61s — reconnecting (attempt 1)...
Socket Connection has been closed, So! The scripts are already un-subscribed!
The Data has been Un-Subscribed
  subscribe() returned OK (will confirm ticks resume next cycle)
⚠️  WebSocket closed: The Session has been Closed!
⚠️  Feed error: [Errno 110] Connection timed out
⚠️  WebSocket closed: The Session has been Closed!
⚠️  Feed error: Handshake status 522 <none> -+-+- {'date': 'Mon, 05 Oct 2026 09:00:03 GMT', 'content-type': 'text/plain; charset=UTF-8', 'content-length': '16', 'connection': 'keep-alive', 'cache-control': 'private, max-age=0, no-store, no-cache, must-revalidate, post-check=0, pre-check=0', 'expires': 'Thu, 01 Jan 1970 00:00:01 GMT', 'referrer-policy': 'same-origin', 'server-timing': 'cfEdge;dur=19656,cfOrigin;dur=0', 'x-frame-options': 'SAMEORIGIN', 'server': 'cloudflare', 'cf-ray': 'a45b3b5c8a7972eb-ORD'} -+-+- b'error code: 522\n'
⚠️  WebSocket closed: The Session has been Closed!
⚠️  No ticks for 61s — reconnecting (attempt 2)...
Socket Connection has been closed, So! The scripts are already un-subscribed!
The Data has been Un-Subscribed
  subscribe() returned OK (will confirm ticks resume next cycle)
⚠️  WebSocket closed: The Session has been Closed!
⚠️  Feed error: [Errno 110] Connection timed out
⚠️  No ticks for 61s — reconnecting (attempt 3)...
🔴 3 consecutive reconnect attempts produced zero new ticks — forcing full re-login + resubscribe...
Logged in successfully
✅ Re-logged in and resubscribed (will confirm ticks resume next cycle)
⚠️  No ticks for 61s — reconnecting (attempt 1)...
Socket Connection has been closed, So! The scripts are already un-subscribed!
The Data has been Un-Subscribed
  subscribe() returned OK (will confirm ticks resume next cycle)
⚠️  WebSocket closed: The Session has been Closed!
⚠️  Feed error: [Errno 110] Connection timed out
⚠️  WebSocket closed: The Session has been Closed!
⚠️  No ticks for 61s — reconnecting (attempt 2)...
Socket Connection has been closed, So! The scripts are already un-subscribed!
The Data has been Un-Subscribed
  subscribe() returned OK (will confirm ticks resume next cycle)
⚠️  WebSocket closed: The Session has been Closed!
⚠️  Feed error: [Errno 110] Connection timed out
⚠️  No ticks for 61s — reconnecting (attempt 3)...
🔴 3 consecutive reconnect attempts produced zero new ticks — forcing full re-login + resubscribe...
Logged in successfully
✅ Re-logged in and resubscribed (will confirm ticks resume next cycle)
⚠️  WebSocket closed: The Session has been Closed!
⚠️  Feed error: [Errno 110] Connection timed out
⚠️  WebSocket closed: The Session has been Closed!
⚠️  WebSocket closed: The Session has been Closed!
⚠️  Feed error: Handshake status 522 <none> -+-+- {'date': 'Mon, 05 Oct 2026 09:05:17 GMT', 'content-type': 'text/plain; charset=UTF-8', 'content-length': '16', 'connection': 'keep-alive', 'cache-control': 'private, max-age=0, no-store, no-cache, must-revalidate, post-check=0, pre-check=0', 'expires': 'Thu, 01 Jan 1970 00:00:01 GMT', 'referrer-policy': 'same-origin', 'server-timing': 'cfEdge;dur=19709,cfOrigin;dur=0', 'x-frame-options': 'SAMEORIGIN', 'server': 'cloudflare', 'cf-ray': 'a45b430a6d334616-ORD'} -+-+- b'error code: 522\n'
⚠️  WebSocket closed: The Session has been Closed!
⚠️  No ticks for 61s — reconnecting (attempt 1)...
Socket Connection has been closed, So! The scripts are already un-subscribed!
The Data has been Un-Subscribed
  subscribe() returned OK (will confirm ticks resume next cycle)
⚠️  WebSocket closed: The Session has been Closed!
⚠️  Feed error: [Errno 110] Connection timed out
⚠️  WebSocket closed: The Session has been Closed!
⚠️  No ticks for 61s — reconnecting (attempt 2)...
Socket Connection has been closed, So! The scripts are already un-subscribed!
The Data has been Un-Subscribed
  subscribe() returned OK (will confirm ticks resume next cycle)
⚠️  WebSocket closed: The Session has been Closed!
⚠️  Feed error: Handshake status 522 <none> -+-+- {'date': 'Mon, 05 Oct 2026 09:07:23 GMT', 'content-type': 'text/plain; charset=UTF-8', 'content-length': '16', 'connection': 'keep-alive', 'cache-control': 'private, max-age=0, no-store, no-cache, must-revalidate, post-check=0, pre-check=0', 'expires': 'Thu, 01 Jan 1970 00:00:01 GMT', 'referrer-policy': 'same-origin', 'server-timing': 'cfEdge;dur=19477,cfOrigin;dur=0', 'x-frame-options': 'SAMEORIGIN', 'server': 'cloudflare', 'cf-ray': 'a45b461e59e9eabc-ORD'} -+-+- b'error code: 522\n'
⚠️  WebSocket closed: The Session has been Closed!
⚠️  No ticks for 61s — reconnecting (attempt 3)...
🔴 3 consecutive reconnect attempts produced zero new ticks — forcing full re-login + resubscribe...
Logged in successfully
✅ Re-logged in and resubscribed (will confirm ticks resume next cycle)
⚠️  WebSocket closed: The Session has been Closed!
⚠️  Feed error: [Errno 110] Connection timed out
⚠️  WebSocket closed: The Session has been Closed!
⚠️  No ticks for 61s — reconnecting (attempt 1)...
Socket Connection has been closed, So! The scripts are already un-subscribed!
The Data has been Un-Subscribed
  subscribe() returned OK (will confirm ticks resume next cycle)
⚠️  WebSocket closed: The Session has been Closed!
⚠️  Feed error: Handshake status 522 <none> -+-+- {'date': 'Mon, 05 Oct 2026 09:09:29 GMT', 'content-type': 'text/plain; charset=UTF-8', 'content-length': '16', 'connection': 'keep-alive', 'cache-control': 'private, max-age=0, no-store, no-cache, must-revalidate, post-check=0, pre-check=0', 'expires': 'Thu, 01 Jan 1970 00:00:01 GMT', 'referrer-policy': 'same-origin', 'server-timing': 'cfEdge;dur=19482,cfOrigin;dur=0', 'x-frame-options': 'SAMEORIGIN', 'server': 'cloudflare', 'cf-ray': 'a45b49306fa1f852-ORD'} -+-+- b'error code: 522\n'
⚠️  WebSocket closed: The Session has been Closed!
⚠️  No ticks for 61s — reconnecting (attempt 2)...
Socket Connection has been closed, So! The scripts are already un-subscribed!
The Data has been Un-Subscribed
  subscribe() returned OK (will confirm ticks resume next cycle)
⚠️  WebSocket closed: The Session has been Closed!
⚠️  Feed error: [Errno 110] Connection timed out
⚠️  WebSocket closed: The Session has been Closed!
⚠️  No ticks for 61s — reconnecting (attempt 3)...
🔴 3 consecutive reconnect attempts produced zero new ticks — forcing full re-login + resubscribe...
Logged in successfully
✅ Re-logged in and resubscribed (will confirm ticks resume next cycle)
⚠️  No ticks for 61s — reconnecting (attempt 1)...
Socket Connection has been closed, So! The scripts are already un-subscribed!
The Data has been Un-Subscribed
  subscribe() returned OK (will confirm ticks resume next cycle)
⚠️  WebSocket closed: The Session has been Closed!
⚠️  Feed error: [Errno 110] Connection timed out
⚠️  WebSocket closed: The Session has been Closed!
⚠️  No ticks for 61s — reconnecting (attempt 2)...
Socket Connection has been closed, So! The scripts are already un-subscribed!
The Data has been Un-Subscribed
  subscribe() returned OK (will confirm ticks resume next cycle)
⚠️  WebSocket closed: The Session has been Closed!
⚠️  Feed error: [Errno 110] Connection timed out
⚠️  WebSocket closed: The Session has been Closed!
⚠️  Feed error: Handshake status 522 <none> -+-+- {'date': 'Mon, 05 Oct 2026 09:13:41 GMT', 'content-type': 'text/plain; charset=UTF-8', 'content-length': '16', 'connection': 'keep-alive', 'cache-control': 'private, max-age=0, no-store, no-cache, must-revalidate, post-check=0, pre-check=0', 'expires': 'Thu, 01 Jan 1970 00:00:01 GMT', 'referrer-policy': 'same-origin', 'server-timing': 'cfEdge;dur=19737,cfOrigin;dur=0', 'x-frame-options': 'SAMEORIGIN', 'server': 'cloudflare', 'cf-ray': 'a45b4f55fc38f855-ORD'} -+-+- b'error code: 522\n'
⚠️  WebSocket closed: The Session has been Closed!
⚠️  No ticks for 61s — reconnecting (attempt 3)...
🔴 3 consecutive reconnect attempts produced zero new ticks — forcing full re-login + resubscribe...
Logged in successfully
✅ Re-logged in and resubscribed (will confirm ticks resume next cycle)
⚠️  WebSocket closed: The Session has been Closed!
⚠️  Feed error: [Errno 110] Connection timed out
⚠️  WebSocket closed: The Session has been Closed!
⚠️  WebSocket closed: The Session has been Closed!
⚠️  Feed error: Handshake status 522 <none> -+-+- {'date': 'Mon, 05 Oct 2026 09:14:43 GMT', 'content-type': 'text/plain; charset=UTF-8', 'content-length': '16', 'connection': 'keep-alive', 'cache-control': 'private, max-age=0, no-store, no-cache, must-revalidate, post-check=0, pre-check=0', 'expires': 'Thu, 01 Jan 1970 00:00:01 GMT', 'referrer-policy': 'same-origin', 'server-timing': 'cfEdge;dur=19440,cfOrigin;dur=0', 'x-frame-options': 'SAMEORIGIN', 'server': 'cloudflare', 'cf-ray': 'a45b50de2e11e27f-ORD'} -+-+- b'error code: 522\n'
⚠️  WebSocket closed: The Session has been Closed!
⚠️  No ticks for 61s — reconnecting (attempt 1)...
Socket Connection has been closed, So! The scripts are already un-subscribed!
The Data has been Un-Subscribed
  subscribe() returned OK (will confirm ticks resume next cycle)
⚠️  No ticks for 61s — reconnecting (attempt 2)...
Socket Connection has been closed, So! The scripts are already un-subscribed!
The Data has been Un-Subscribed
  subscribe() returned OK (will confirm ticks resume next cycle)
⚠️  No ticks for 61s — reconnecting (attempt 3)...
🔴 3 consecutive reconnect attempts produced zero new ticks — forcing full re-login + resubscribe...
Logged in successfully
✅ Re-logged in and resubscribed (will confirm ticks resume next cycle)
⚠️  WebSocket closed: The Session has been Closed!
⚠️  Feed error: [Errno 110] Connection timed out
⚠️  No ticks for 61s — reconnecting (attempt 1)...
Socket Connection has been closed, So! The scripts are already un-subscribed!
The Data has been Un-Subscribed
  subscribe() returned OK (will confirm ticks resume next cycle)
⚠️  WebSocket closed: The Session has been Closed!
⚠️  Feed error: [Errno 110] Connection timed out
⚠️  No ticks for 61s — reconnecting (attempt 2)...
Socket Connection has been closed, So! The scripts are already un-subscribed!
The Data has been Un-Subscribed
  subscribe() returned OK (will confirm ticks resume next cycle)
⚠️  WebSocket closed: The Session has been Closed!
⚠️  Feed error: [Errno 110] Connection timed out
⚠️  WebSocket closed: The Session has been Closed!
⚠️  No ticks for 61s — reconnecting (attempt 3)...
🔴 3 consecutive reconnect attempts produced zero new ticks — forcing full re-login + resubscribe...
Logged in successfully
✅ Re-logged in and resubscribed (will confirm ticks resume next cycle)
⚠️  WebSocket closed: The Session has been Closed!
⚠️  Feed error: [Errno 110] Connection timed out
⚠️  WebSocket closed: The Session has been Closed!
⚠️  No ticks for 61s — reconnecting (attempt 1)...
Socket Connection has been closed, So! The scripts are already un-subscribed!
The Data has been Un-Subscribed
  subscribe() returned OK (will confirm ticks resume next cycle)
⚠️  WebSocket closed: The Session has been Closed!
⚠️  Feed error: [Errno 110] Connection timed out
⚠️  WebSocket closed: The Session has been Closed!
⚠️  No ticks for 61s — reconnecting (attempt 2)...
Socket Connection has been closed, So! The scripts are already un-subscribed!
The Data has been Un-Subscribed
  subscribe() returned OK (will confirm ticks resume next cycle)
⚠️  WebSocket closed: The Session has been Closed!
⚠️  Feed error: [Errno 110] Connection timed out
⚠️  WebSocket closed: The Session has been Closed!
⚠️  WebSocket closed: The Session has been Closed!
⚠️  Feed error: Handshake status 522 <none> -+-+- {'date': 'Mon, 05 Oct 2026 09:23:07 GMT', 'content-type': 'text/plain; charset=UTF-8', 'content-length': '16', 'connection': 'keep-alive', 'cache-control': 'private, max-age=0, no-store, no-cache, must-revalidate, post-check=0, pre-check=0', 'expires': 'Thu, 01 Jan 1970 00:00:01 GMT', 'referrer-policy': 'same-origin', 'server-timing': 'cfEdge;dur=19612,cfOrigin;dur=0', 'x-frame-options': 'SAMEORIGIN', 'server': 'cloudflare', 'cf-ray': 'a45b5d29cc15eae6-ORD'} -+-+- b'error code: 522\n'
⚠️  WebSocket closed: The Session has been Closed!
⚠️  No ticks for 61s — reconnecting (attempt 3)...
🔴 3 consecutive reconnect attempts produced zero new ticks — forcing full re-login + resubscribe...
Logged in successfully
✅ Re-logged in and resubscribed (will confirm ticks resume next cycle)
⚠️  WebSocket closed: The Session has been Closed!
⚠️  Feed error: [Errno 110] Connection timed out
⚠️  WebSocket closed: The Session has been Closed!
⚠️  No ticks for 61s — reconnecting (attempt 1)...
Socket Connection has been closed, So! The scripts are already un-subscribed!
The Data has been Un-Subscribed
  subscribe() returned OK (will confirm ticks resume next cycle)
⚠️  No ticks for 61s — reconnecting (attempt 2)...
Socket Connection has been closed, So! The scripts are already un-subscribed!
The Data has been Un-Subscribed
  subscribe() returned OK (will confirm ticks resume next cycle)
⚠️  WebSocket closed: The Session has been Closed!
⚠️  Feed error: [Errno 110] Connection timed out
⚠️  WebSocket closed: The Session has been Closed!
⚠️  No ticks for 61s — reconnecting (attempt 3)...
🔴 3 consecutive reconnect attempts produced zero new ticks — forcing full re-login + resubscribe...
Logged in successfully
✅ Re-logged in and resubscribed (will confirm ticks resume next cycle)
⚠️  WebSocket closed: The Session has been Closed!
⚠️  Feed error: [Errno 110] Connection timed out
⚠️  No ticks for 61s — reconnecting (attempt 1)...
Socket Connection has been closed, So! The scripts are already un-subscribed!
The Data has been Un-Subscribed
  subscribe() returned OK (will confirm ticks resume next cycle)
⚠️  WebSocket closed: The Session has been Closed!
⚠️  Feed error: [Errno 110] Connection timed out
⚠️  WebSocket closed: The Session has been Closed!
⚠️  WebSocket closed: The Session has been Closed!
⚠️  Feed error: Handshake status 522 <none> -+-+- {'date': 'Mon, 05 Oct 2026 09:28:21 GMT', 'content-type': 'text/plain; charset=UTF-8', 'content-length': '16', 'connection': 'keep-alive', 'cache-control': 'private, max-age=0, no-store, no-cache, must-revalidate, post-check=0, pre-check=0', 'expires': 'Thu, 01 Jan 1970 00:00:01 GMT', 'referrer-policy': 'same-origin', 'server-timing': 'cfEdge;dur=19276,cfOrigin;dur=0', 'x-frame-options': 'SAMEORIGIN', 'server': 'cloudflare', 'cf-ray': 'a45b64d6d9800231-ORD'} -+-+- b'error code: 522\n'
⚠️  WebSocket closed: The Session has been Closed!
⚠️  No ticks for 61s — reconnecting (attempt 2)...
Socket Connection has been closed, So! The scripts are already un-subscribed!
The Data has been Un-Subscribed
  subscribe() returned OK (will confirm ticks resume next cycle)
⚠️  WebSocket closed: The Session has been Closed!
⚠️  Feed error: [Errno 110] Connection timed out
⚠️  WebSocket closed: The Session has been Closed!
⚠️  No ticks for 61s — reconnecting (attempt 3)...
🔴 3 consecutive reconnect attempts produced zero new ticks — forcing full re-login + resubscribe...
Logged in successfully
✅ Re-logged in and resubscribed (will confirm ticks resume next cycle)
⚠️  WebSocket closed: The Session has been Closed!
⚠️  Feed error: Handshake status 522 <none> -+-+- {'date': 'Mon, 05 Oct 2026 09:30:27 GMT', 'content-type': 'text/plain; charset=UTF-8', 'content-length': '16', 'connection': 'keep-alive', 'cache-control': 'private, max-age=0, no-store, no-cache, must-revalidate, post-check=0, pre-check=0', 'expires': 'Thu, 01 Jan 1970 00:00:01 GMT', 'referrer-policy': 'same-origin', 'server-timing': 'cfEdge;dur=19326,cfOrigin;dur=0', 'x-frame-options': 'SAMEORIGIN', 'server': 'cloudflare', 'cf-ray': 'a45b67e9c8a4163e-ORD'} -+-+- b'error code: 522\n'
⚠️  WebSocket closed: The Session has been Closed!
⚠️  No ticks for 61s — reconnecting (attempt 1)...
Socket Connection has been closed, So! The scripts are already un-subscribed!
The Data has been Un-Subscribed
  subscribe() returned OK (will confirm ticks resume next cycle)
⚠️  WebSocket closed: The Session has been Closed!
⚠️  Feed error: [Errno 110] Connection timed out
⚠️  WebSocket closed: The Session has been Closed!
⚠️  No ticks for 61s — reconnecting (attempt 2)...
Socket Connection has been closed, So! The scripts are already un-subscribed!
The Data has been Un-Subscribed
  subscribe() returned OK (will confirm ticks resume next cycle)
⚠️  No ticks for 61s — reconnecting (attempt 3)...
🔴 3 consecutive reconnect attempts produced zero new ticks — forcing full re-login + resubscribe...
Logged in successfully
✅ Re-logged in and resubscribed (will confirm ticks resume next cycle)
⚠️  WebSocket closed: The Session has been Closed!
⚠️  Feed error: [Errno 110] Connection timed out
⚠️  WebSocket closed: The Session has been Closed!
⚠️  No ticks for 61s — reconnecting (attempt 1)...
Socket Connection has been closed, So! The scripts are already un-subscribed!
The Data has been Un-Subscribed
  subscribe() returned OK (will confirm ticks resume next cycle)
⚠️  WebSocket closed: The Session has been Closed!
⚠️  Feed error: [Errno 110] Connection timed out
⚠️  No ticks for 61s — reconnecting (attempt 2)...
Socket Connection has been closed, So! The scripts are already un-subscribed!
The Data has been Un-Subscribed
  subscribe() returned OK (will confirm ticks resume next cycle)
⚠️  WebSocket closed: The Session has been Closed!
⚠️  Feed error: [Errno 110] Connection timed out
⚠️  WebSocket closed: The Session has been Closed!
⚠️  No ticks for 61s — reconnecting (attempt 3)...
🔴 3 consecutive reconnect attempts produced zero new ticks — forcing full re-login + resubscribe...
Logged in successfully
✅ Re-logged in and resubscribed (will confirm ticks resume next cycle)
⚠️  WebSocket closed: The Session has been Closed!
⚠️  Feed error: [Errno 110] Connection timed out
⚠️  WebSocket closed: The Session has been Closed!
⚠️  No ticks for 61s — reconnecting (attempt 1)...
Socket Connection has been closed, So! The scripts are already un-subscribed!
The Data has been Un-Subscribed
  subscribe() returned OK (will confirm ticks resume next cycle)
⚠️  WebSocket closed: The Session has been Closed!
⚠️  Feed error: [Errno 110] Connection timed out
⚠️  WebSocket closed: The Session has been Closed!
⚠️  No ticks for 61s — reconnecting (attempt 2)...
Socket Connection has been closed, So! The scripts are already un-subscribed!
The Data has been Un-Subscribed
  subscribe() returned OK (will confirm ticks resume next cycle)
⚠️  WebSocket closed: The Session has been Closed!
⚠️  Feed error: [Errno 110] Connection timed out
⚠️  WebSocket closed: The Session has been Closed!
⚠️  No ticks for 61s — reconnecting (attempt 3)...
🔴 3 consecutive reconnect attempts produced zero new ticks — forcing full re-login + resubscribe...
Logged in successfully
✅ Re-logged in and resubscribed (will confirm ticks resume next cycle)
⚠️  WebSocket closed: The Session has been Closed!
⚠️  Feed error: [Errno 110] Connection timed out
⚠️  WebSocket closed: The Session has been Closed!

⏰ 3:10 PM — running signal scan from today's aggregated ticks...
⚠️  No ticks collected today — cannot generate signals.
⚠️  No ticks for 61s — reconnecting (attempt 1)...
Socket Connection has been closed, So! The scripts are already un-subscribed!
The Data has been Un-Subscribed
  subscribe() returned OK (will confirm ticks resume next cycle)
⚠️  WebSocket closed: The Session has been Closed!
⚠️  Feed error: [Errno 110] Connection timed out
⚠️  WebSocket closed: The Session has been Closed!
⚠️  No ticks for 61s — reconnecting (attempt 2)...
Socket Connection has been closed, So! The scripts are already un-subscribed!
The Data has been Un-Subscribed
  subscribe() returned OK (will confirm ticks resume next cycle)
⚠️  WebSocket closed: The Session has been Closed!
⚠️  Feed error: [Errno 110] Connection timed out
⚠️  WebSocket closed: The Session has been Closed!
⚠️  No ticks for 61s — reconnecting (attempt 3)...
🔴 3 consecutive reconnect attempts produced zero new ticks — forcing full re-login + resubscribe...
Logged in successfully
✅ Re-logged in and resubscribed (will confirm ticks resume next cycle)
⚠️  WebSocket closed: The Session has been Closed!
⚠️  Feed error: [Errno 110] Connection timed out
⚠️  WebSocket closed: The Session has been Closed!
⚠️  No ticks for 61s — reconnecting (attempt 1)...
Socket Connection has been closed, So! The scripts are already un-subscribed!
The Data has been Un-Subscribed
  subscribe() returned OK (will confirm ticks resume next cycle)
⚠️  WebSocket closed: The Session has been Closed!
⚠️  Feed error: [Errno 110] Connection timed out
⚠️  WebSocket closed: The Session has been Closed!
⚠️  WebSocket closed: The Session has been Closed!
⚠️  Feed error: Handshake status 522 <none> -+-+- {'date': 'Mon, 05 Oct 2026 09:44:05 GMT', 'content-type': 'text/plain; charset=UTF-8', 'content-length': '16', 'connection': 'keep-alive', 'cache-control': 'private, max-age=0, no-store, no-cache, must-revalidate, post-check=0, pre-check=0', 'expires': 'Thu, 01 Jan 1970 00:00:01 GMT', 'referrer-policy': 'same-origin', 'server-timing': 'cfEdge;dur=19291,cfOrigin;dur=0', 'x-frame-options': 'SAMEORIGIN', 'server': 'cloudflare', 'cf-ray': 'a45b7be26b01104d-ORD'} -+-+- b'error code: 522\n'
⚠️  WebSocket closed: The Session has been Closed!
⚠️  No ticks for 61s — reconnecting (attempt 2)...
Socket Connection has been closed, So! The scripts are already un-subscribed!
The Data has been Un-Subscribed
  subscribe() returned OK (will confirm ticks resume next cycle)
⚠️  WebSocket closed: The Session has been Closed!
⚠️  Feed error: [Errno 110] Connection timed out
⚠️  WebSocket closed: The Session has been Closed!
⚠️  No ticks for 61s — reconnecting (attempt 3)...
🔴 3 consecutive reconnect attempts produced zero new ticks — forcing full re-login + resubscribe...
Logged in successfully
✅ Re-logged in and resubscribed (will confirm ticks resume next cycle)
⚠️  No ticks for 61s — reconnecting (attempt 1)...
Socket Connection has been closed, So! The scripts are already un-subscribed!
The Data has been Un-Subscribed
  subscribe() returned OK (will confirm ticks resume next cycle)
⚠️  WebSocket closed: The Session has been Closed!
⚠️  Feed error: [Errno 110] Connection timed out
⚠️  WebSocket closed: The Session has been Closed!
⚠️  No ticks for 61s — reconnecting (attempt 2)...
Socket Connection has been closed, So! The scripts are already un-subscribed!
The Data has been Un-Subscribed
  subscribe() returned OK (will confirm ticks resume next cycle)
⚠️  WebSocket closed: The Session has been Closed!
⚠️  Feed error: [Errno 110] Connection timed out
⚠️  No ticks for 61s — reconnecting (attempt 3)...
🔴 3 consecutive reconnect attempts produced zero new ticks — forcing full re-login + resubscribe...
Logged in successfully
✅ Re-logged in and resubscribed (will confirm ticks resume next cycle)
⚠️  WebSocket closed: The Session has been Closed!
⚠️  Feed error: [Errno 110] Connection timed out
⚠️  WebSocket closed: The Session has been Closed!
⚠️  WebSocket closed: The Session has been Closed!
⚠️  Feed error: Handshake status 522 <none> -+-+- {'date': 'Mon, 05 Oct 2026 09:49:20 GMT', 'content-type': 'text/plain; charset=UTF-8', 'content-length': '16', 'connection': 'keep-alive', 'cache-control': 'private, max-age=0, no-store, no-cache, must-revalidate, post-check=0, pre-check=0', 'expires': 'Thu, 01 Jan 1970 00:00:01 GMT', 'referrer-policy': 'same-origin', 'server-timing': 'cfEdge;dur=19401,cfOrigin;dur=0', 'x-frame-options': 'SAMEORIGIN', 'server': 'cloudflare', 'cf-ray': 'a45b838f9e1675e4-ORD'} -+-+- b'error code: 522\n'
⚠️  WebSocket closed: The Session has been Closed!
⚠️  No ticks for 61s — reconnecting (attempt 1)...
Socket Connection has been closed, So! The scripts are already un-subscribed!
The Data has been Un-Subscribed
  subscribe() returned OK (will confirm ticks resume next cycle)
⚠️  WebSocket closed: The Session has been Closed!
⚠️  Feed error: [Errno 110] Connection timed out
⚠️  WebSocket closed: The Session has been Closed!
⚠️  No ticks for 61s — reconnecting (attempt 2)...
Socket Connection has been closed, So! The scripts are already un-subscribed!
The Data has been Un-Subscribed
  subscribe() returned OK (will confirm ticks resume next cycle)
⚠️  No ticks for 61s — reconnecting (attempt 3)...
🔴 3 consecutive reconnect attempts produced zero new ticks — forcing full re-login + resubscribe...
Logged in successfully
✅ Re-logged in and resubscribed (will confirm ticks resume next cycle)
⚠️  WebSocket closed: The Session has been Closed!
⚠️  Feed error: [Errno 110] Connection timed out
⚠️  WebSocket closed: The Session has been Closed!
⚠️  No ticks for 61s — reconnecting (attempt 1)...
Socket Connection has been closed, So! The scripts are already un-subscribed!
The Data has been Un-Subscribed
  subscribe() returned OK (will confirm ticks resume next cycle)
⚠️  WebSocket closed: The Session has been Closed!
⚠️  Feed error: [Errno 110] Connection timed out
⚠️  WebSocket closed: The Session has been Closed!
⚠️  Feed error: Handshake status 522 <none> -+-+- {'date': 'Mon, 05 Oct 2026 09:53:31 GMT', 'content-type': 'text/plain; charset=UTF-8', 'content-length': '16', 'connection': 'keep-alive', 'cache-control': 'private, max-age=0, no-store, no-cache, must-revalidate, post-check=0, pre-check=0', 'expires': 'Thu, 01 Jan 1970 00:00:01 GMT', 'referrer-policy': 'same-origin', 'server-timing': 'cfEdge;dur=19340,cfOrigin;dur=0', 'x-frame-options': 'SAMEORIGIN', 'server': 'cloudflare', 'cf-ray': 'a45b89b55892eb00-ORD'} -+-+- b'error code: 522\n'
⚠️  WebSocket closed: The Session has been Closed!
⚠️  No ticks for 61s — reconnecting (attempt 2)...
Socket Connection has been closed, So! The scripts are already un-subscribed!
The Data has been Un-Subscribed
  subscribe() returned OK (will confirm ticks resume next cycle)
⚠️  WebSocket closed: The Session has been Closed!
⚠️  Feed error: [Errno 110] Connection timed out
⚠️  WebSocket closed: The Session has been Closed!
⚠️  WebSocket closed: The Session has been Closed!
⚠️  Feed error: Handshake status 522 <none> -+-+- {'date': 'Mon, 05 Oct 2026 09:54:34 GMT', 'content-type': 'text/plain; charset=UTF-8', 'content-length': '16', 'connection': 'keep-alive', 'cache-control': 'private, max-age=0, no-store, no-cache, must-revalidate, post-check=0, pre-check=0', 'expires': 'Thu, 01 Jan 1970 00:00:01 GMT', 'referrer-policy': 'same-origin', 'server-timing': 'cfEdge;dur=19433,cfOrigin;dur=0', 'x-frame-options': 'SAMEORIGIN', 'server': 'cloudflare', 'cf-ray': 'a45b8b3f1e23e203-ORD'} -+-+- b'error code: 522\n'
⚠️  WebSocket closed: The Session has been Closed!
⚠️  No ticks for 61s — reconnecting (attempt 3)...
🔴 3 consecutive reconnect attempts produced zero new ticks — forcing full re-login + resubscribe...
Logged in successfully
✅ Re-logged in and resubscribed (will confirm ticks resume next cycle)
⚠️  No ticks for 61s — reconnecting (attempt 1)...
Socket Connection has been closed, So! The scripts are already un-subscribed!
The Data has been Un-Subscribed
  subscribe() returned OK (will confirm ticks resume next cycle)
⚠️  No ticks for 61s — reconnecting (attempt 2)...
Socket Connection has been closed, So! The scripts are already un-subscribed!
The Data has been Un-Subscribed
  subscribe() returned OK (will confirm ticks resume next cycle)
⚠️  WebSocket closed: The Session has been Closed!
⚠️  Feed error: [Errno 110] Connection timed out
⚠️  No ticks for 61s — reconnecting (attempt 3)...
🔴 3 consecutive reconnect attempts produced zero new ticks — forcing full re-login + resubscribe...
Logged in successfully
✅ Re-logged in and resubscribed (will confirm ticks resume next cycle)
⚠️  WebSocket closed: The Session has been Closed!
⚠️  Feed error: [Errno 110] Connection timed out
⚠️  WebSocket closed: The Session has been Closed!
⚠️  Feed error: Handshake status 522 <none> -+-+- {'date': 'Mon, 05 Oct 2026 09:58:46 GMT', 'content-type': 'text/plain; charset=UTF-8', 'content-length': '16', 'connection': 'keep-alive', 'cache-control': 'private, max-age=0, no-store, no-cache, must-revalidate, post-check=0, pre-check=0', 'expires': 'Thu, 01 Jan 1970 00:00:01 GMT', 'referrer-policy': 'same-origin', 'server-timing': 'cfEdge;dur=19540,cfOrigin;dur=0', 'x-frame-options': 'SAMEORIGIN', 'server': 'cloudflare', 'cf-ray': 'a45b9163ec141923-ORD'} -+-+- b'error code: 522\n'
⚠️  WebSocket closed: The Session has been Closed!
⚠️  No ticks for 61s — reconnecting (attempt 1)...
Socket Connection has been closed, So! The scripts are already un-subscribed!
The Data has been Un-Subscribed
  subscribe() returned OK (will confirm ticks resume next cycle)
⚠️  WebSocket closed: The Session has been Closed!
⚠️  Feed error: [Errno 110] Connection timed out
⚠️  WebSocket closed: The Session has been Closed!

✅ Market closed. Run ending.
Open positions carried forward: ['APOLLOHOSP']
⚠️  WebSocket closed: The Session has been Closed!
⚠️  Feed error: [Errno 110] Connection timed out
⚠️  WebSocket closed: The Session has been Closed!
[run_daily_and_push] WARNING: run_daily.py hit the 8h timeout and was killed — investigate for a hang.
