run_id,strategy,stock,entry_date,exit_date,direction,entry_price,exit_price,quantity,holding_days,pnl,return_pct,exit_reason
RUN_20260922_130143_V2,ChecklistStrategy,ADANIENT,2024-03-01,2024-03-07,LONG,3309.85,3240.0,30,6,-2095.5,-2.11,STOP_LOSS
RUN_20260922_130143_V2,ChecklistStrategy,ADANIENT,2024-03-15,2024-03-18,LONG,3111.0,3050.1,31,3,-1887.9,-1.96,SIGNAL
RUN_20260922_130143_V2,ChecklistStrategy,ADANIENT,2024-04-08,2024-04-16,LONG,3240.95,3101.0,29,8,-4058.55,-4.32,STOP_LOSS
RUN_20260922_130143_V2,ChecklistStrategy,ADANIENT,2024-05-09,2024-05-10,LONG,2864.8,2794.95,32,1,-2235.2,-2.44,STOP_LOSS
RUN_20260922_130143_V2,ChecklistStrategy,ADANIENT,2024-05-13,2024-05-15,LONG,2803.0,3046.75,15,2,3656.25,8.7,TARGET1_PARTIAL
RUN_20260922_130143_V2,ChecklistStrategy,ADANIENT,2024-05-13,2024-05-16,LONG,2803.0,3065.0,16,3,4192.0,9.35,TARGET2
RUN_20260922_130143_V2,ChecklistStrategy,ADANIENT,2024-05-30,2024-06-03,LONG,3254.0,3725.0,14,4,6594.0,14.47,TARGET1_PARTIAL
RUN_20260922_130143_V2,ChecklistStrategy,ADANIENT,2024-05-30,2024-06-04,LONG,3254.0,3520.0,15,5,3990.0,8.17,TARGET2
RUN_20260922_130143_V2,ChecklistStrategy,ADANIENT,2024-07-24,2024-07-31,LONG,2995.35,3141.0,17,7,2476.05,4.86,TARGET1_PARTIAL
RUN_20260922_130143_V2,ChecklistStrategy,ADANIENT,2024-07-24,2024-08-02,LONG,2995.35,3200.0,18,9,3683.7,6.83,TARGET2
RUN_20260922_130143_V2,ChecklistStrategy,ADANIENT,2024-08-22,2024-08-28,LONG,3130.75,3078.0,36,6,-1899.0,-1.68,STOP_LOSS
RUN_20260922_130143_V2,ChecklistStrategy,ADANIENT,2024-09-10,2024-09-16,LONG,2971.6,2972.0,37,6,14.8,0.01,SIGNAL
RUN_20260922_130143_V2,ChecklistStrategy,ADANIENT,2024-09-27,2024-09-30,LONG,3122.0,3129.0,35,3,245.0,0.22,SIGNAL
RUN_20260922_130143_V2,ChecklistStrategy,ADANIENT,2024-11-18,2024-11-19,LONG,2826.8,2831.0,39,1,163.8,0.15,SIGNAL
RUN_20260922_130143_V2,ChecklistStrategy,ADANIENT,2024-12-26,2024-12-31,LONG,2378.05,2575.0,23,5,4529.85,8.28,TARGET1_PARTIAL
RUN_20260922_130143_V2,ChecklistStrategy,ADANIENT,2024-12-26,2025-01-01,LONG,2378.05,2536.0,24,6,3790.8,6.64,TARGET2
RUN_20260922_130143_V2,ChecklistStrategy,ADANIENT,2025-01-08,2025-01-13,LONG,2520.55,2365.0,47,5,-7310.85,-6.17,STOP_LOSS
RUN_20260922_130143_V2,ChecklistStrategy,ADANIENT,2025-01-21,2025-01-22,LONG,2441.75,2399.0,46,1,-1966.5,-1.75,STOP_LOSS
RUN_20260922_130143_V2,ChecklistStrategy,ADANIENT,2025-01-29,2025-01-31,LONG,2297.0,2238.85,48,2,-2791.2,-2.53,SIGNAL
RUN_20260922_130143_V2,ChecklistStrategy,ADANIENT,2025-02-10,2025-02-11,LONG,2350.0,2312.0,46,1,-1748.0,-1.62,STOP_LOSS
RUN_20260922_130143_V2,ChecklistStrategy,ADANIENT,2025-02-18,2025-02-20,LONG,2240.0,2180.8,47,2,-2782.4,-2.64,STOP_LOSS
RUN_20260922_130143_V2,ChecklistStrategy,ADANIENT,2025-02-27,2025-03-03,LONG,2143.75,2109.0,48,4,-1668.0,-1.62,STOP_LOSS
RUN_20260922_130143_V2,ChecklistStrategy,ADANIENT,2025-03-04,2025-03-06,LONG,2085.1,2260.0,24,2,4197.6,8.39,TARGET1_PARTIAL
RUN_20260922_130143_V2,ChecklistStrategy,ADANIENT,2025-03-04,2025-03-07,LONG,2085.1,2249.95,24,3,3956.4,7.91,TARGET2
RUN_20260922_130143_V2,ChecklistStrategy,ADANIENT,2025-03-12,2025-03-17,LONG,2270.0,2200.0,48,5,-3360.0,-3.08,STOP_LOSS
RUN_20260922_130143_V2,ChecklistStrategy,ADANIENT,2025-03-18,2025-03-21,LONG,2252.7,2343.8,47,3,4281.7,4.04,SIGNAL
RUN_20260922_130143_V2,ChecklistStrategy,ADANIENT,2025-03-28,2025-04-01,LONG,2376.0,2312.0,46,4,-2944.0,-2.69,STOP_LOSS
RUN_20260922_130143_V2,ChecklistStrategy,ADANIENT,2025-05-30,2025-06-04,LONG,2550.0,2480.0,42,5,-2940.0,-2.75,STOP_LOSS
RUN_20260922_130143_V2,ChecklistStrategy,ADANIENT,2025-06-23,2025-06-25,LONG,2438.0,2519.9,42,2,3439.8,3.36,SIGNAL
RUN_20260922_130143_V2,ChecklistStrategy,ADANIENT,2025-07-09,2025-07-29,LONG,2599.0,2529.0,41,20,-2870.0,-2.69,STOP_LOSS
RUN_20260922_130143_V2,ChecklistStrategy,ADANIENT,2025-07-30,2025-07-31,LONG,2547.9,2509.9,41,1,-1558.0,-1.49,SIGNAL
RUN_20260922_130143_V2,ChecklistStrategy,ADANIENT,2025-08-05,2025-08-06,LONG,2370.0,2333.9,43,1,-1552.3,-1.52,SIGNAL
RUN_20260922_130143_V2,ChecklistStrategy,ADANIENT,2025-11-10,2025-11-13,LONG,2308.25,2425.65,21,3,2465.5,5.09,TARGET1_PARTIAL
RUN_20260922_130143_V2,ChecklistStrategy,ADANIENT,2025-11-10,2025-11-18,LONG,2308.25,2462.0,21,8,3228.81,6.66,TARGET2
RUN_20260922_130143_V2,ChecklistStrategy,ADANIENT,2025-12-10,2025-12-16,LONG,2255.8,2270.0,47,6,667.4,0.63,SIGNAL
RUN_20260922_130143_V2,ChecklistStrategy,ADANIENT,2026-01-08,2026-01-09,LONG,2275.0,2214.1,47,1,-2862.3,-2.68,STOP_LOSS
RUN_20260922_130143_V2,ChecklistStrategy,ADANIENT,2026-01-13,2026-01-20,LONG,2187.8,2134.0,48,7,-2582.4,-2.46,STOP_LOSS
RUN_20260922_130143_V2,ChecklistStrategy,ADANIENT,2026-01-29,2026-02-04,LONG,1999.8,2220.0,25,6,5505.0,11.01,TARGET1_PARTIAL
RUN_20260922_130143_V2,ChecklistStrategy,ADANIENT,2026-01-29,2026-02-05,LONG,1999.8,2232.0,26,7,6037.2,11.61,TARGET2
RUN_20260922_130143_V2,ChecklistStrategy,ADANIENT,2026-02-12,2026-02-16,LONG,2229.0,2124.2,51,4,-5344.8,-4.7,STOP_LOSS
RUN_20260922_130143_V2,ChecklistStrategy,ADANIENT,2026-03-06,2026-03-10,LONG,2079.1,2030.0,51,4,-2504.1,-2.36,STOP_LOSS
RUN_20260922_130143_V2,ChecklistStrategy,ADANIENT,2026-03-18,2026-03-20,LONG,1988.9,1951.0,53,2,-2008.7,-1.91,STOP_LOSS
RUN_20260922_130143_V2,ChecklistStrategy,ADANIENT,2026-03-27,2026-03-30,LONG,1880.0,1810.0,55,3,-3850.0,-3.72,STOP_LOSS
RUN_20260922_130143_V2,ChecklistStrategy,ADANIENT,2026-06-25,2026-06-30,LONG,3086.0,2980.0,32,5,-3392.0,-3.43,STOP_LOSS
RUN_20260922_130143_V2,ChecklistStrategy,ADANIENT,2026-07-10,2026-07-16,LONG,3105.0,3167.6,31,6,1940.6,2.02,SIGNAL
RUN_20260922_130143_V2,ChecklistStrategy,ADANIENT,2026-07-20,2026-07-24,LONG,3162.7,3010.0,31,4,-4733.7,-4.83,STOP_LOSS
RUN_20260922_130143_V2,ChecklistStrategy,ADANIENT,2026-07-27,2026-08-03,LONG,3045.1,3025.0,30,7,-603.0,-0.66,SIGNAL
RUN_20260922_130143_V2,ChecklistStrategy,ADANIENT,2026-08-26,2026-08-31,LONG,3122.8,3165.0,29,5,1223.8,1.35,SIGNAL
RUN_20260922_130143_V2,ChecklistStrategy,ADANIENT,2026-09-07,2026-09-10,LONG,2940.0,3114.5,16,3,2792.0,5.94,TARGET1_PARTIAL
RUN_20260922_130143_V2,ChecklistStrategy,ADANIENT,2026-09-07,2026-09-14,LONG,2940.0,3060.0,16,7,1920.0,4.08,SIGNAL_AFTER_PARTIAL
RUN_20260922_130143_V2,ChecklistStrategy,ADANIPORTS,2024-03-15,2024-03-20,LONG,1273.8,1248.0,78,5,-2012.4,-2.03,STOP_LOSS
RUN_20260922_130143_V2,ChecklistStrategy,ADANIPORTS,2024-04-10,2024-04-16,LONG,1359.0,1302.0,72,6,-4104.0,-4.19,STOP_LOSS
RUN_20260922_130143_V2,ChecklistStrategy,ADANIPORTS,2024-05-02,2024-05-06,LONG,1333.95,1322.5,70,4,-801.5,-0.86,SIGNAL
RUN_20260922_130143_V2,ChecklistStrategy,ADANIPORTS,2024-05-13,2024-05-15,LONG,1267.0,1337.85,36,2,2550.6,5.59,TARGET1_PARTIAL
RUN_20260922_130143_V2,ChecklistStrategy,ADANIPORTS,2024-05-13,2024-05-17,LONG,1267.0,1330.0,37,4,2331.0,4.97,TARGET2
RUN_20260922_130143_V2,ChecklistStrategy,ADANIPORTS,2024-06-12,2024-06-20,LONG,1411.75,1459.3,69,8,3280.95,3.37,SIGNAL
RUN_20260922_130143_V2,ChecklistStrategy,ADANIPORTS,2024-07-11,2024-07-31,LONG,1495.0,1557.0,67,20,4154.0,4.15,SIGNAL
RUN_20260922_130143_V2,ChecklistStrategy,ADANIPORTS,2024-08-22,2024-08-23,LONG,1507.0,1493.0,69,1,-966.0,-0.93,SIGNAL
RUN_20260922_130143_V2,ChecklistStrategy,ADANIPORTS,2024-08-30,2024-09-04,LONG,1480.95,1472.0,70,5,-626.5,-0.6,SIGNAL
RUN_20260922_130143_V2,ChecklistStrategy,ADANIPORTS,2024-09-10,2024-09-20,LONG,1439.0,1418.95,71,10,-1423.55,-1.39,STOP_LOSS
RUN_20260922_130143_V2,ChecklistStrategy,ADANIPORTS,2024-10-03,2024-10-07,LONG,1452.75,1410.0,69,4,-2949.75,-2.94,STOP_LOSS
RUN_20260922_130143_V2,ChecklistStrategy,ADANIPORTS,2024-10-09,2024-10-18,LONG,1424.75,1389.0,69,9,-2466.75,-2.51,STOP_LOSS
RUN_20260922_130143_V2,ChecklistStrategy,ADANIPORTS,2024-11-04,2024-11-05,LONG,1394.2,1350.0,69,1,-3049.8,-3.17,STOP_LOSS
RUN_20260922_130143_V2,ChecklistStrategy,ADANIPORTS,2024-11-22,2024-11-25,LONG,1072.6,1185.0,41,3,4608.4,10.48,TARGET1_PARTIAL
RUN_20260922_130143_V2,ChecklistStrategy,ADANIPORTS,2024-11-22,2024-11-26,LONG,1072.6,1172.05,42,4,4176.9,9.27,TARGET2
RUN_20260922_130143_V2,ChecklistStrategy,ADANIPORTS,2024-11-28,2024-11-29,LONG,1196.65,1175.0,84,1,-1818.6,-1.81,STOP_LOSS
RUN_20260922_130143_V2,ChecklistStrategy,ADANIPORTS,2024-12-06,2024-12-09,LONG,1279.0,1257.8,78,3,-1653.6,-1.66,SIGNAL
RUN_20260922_130143_V2,ChecklistStrategy,ADANIPORTS,2024-12-13,2024-12-17,LONG,1241.95,1235.1,79,4,-541.15,-0.55,SIGNAL
RUN_20260922_130143_V2,ChecklistStrategy,ADANIPORTS,2025-01-01,2025-01-03,LONG,1223.0,1234.5,79,2,908.5,0.94,SIGNAL
RUN_20260922_130143_V2,ChecklistStrategy,ADANIPORTS,2025-01-08,2025-01-09,LONG,1183.55,1156.7,83,1,-2228.56,-2.27,STOP_LOSS
RUN_20260922_130143_V2,ChecklistStrategy,ADANIPORTS,2025-01-24,2025-01-28,LONG,1104.15,1087.0,87,4,-1492.05,-1.55,STOP_LOSS
RUN_20260922_130143_V2,ChecklistStrategy,ADANIPORTS,2025-02-13,2025-02-17,LONG,1133.8,1058.95,83,4,-6212.56,-6.6,STOP_LOSS
RUN_20260922_130143_V2,ChecklistStrategy,ADANIPORTS,2025-02-19,2025-02-21,LONG,1061.6,1111.7,40,2,2004.0,4.72,TARGET1_PARTIAL
RUN_20260922_130143_V2,ChecklistStrategy,ADANIPORTS,2025-02-19,2025-02-24,LONG,1061.6,1083.25,41,5,887.65,2.04,SIGNAL_AFTER_PARTIAL
RUN_20260922_130143_V2,ChecklistStrategy,ADANIPORTS,2025-02-27,2025-03-04,LONG,1083.0,1047.95,84,5,-2944.2,-3.24,STOP_LOSS
RUN_20260922_130143_V2,ChecklistStrategy,ADANIPORTS,2025-03-18,2025-03-21,LONG,1137.15,1182.0,77,3,3453.45,3.94,SIGNAL
RUN_20260922_130143_V2,ChecklistStrategy,ADANIPORTS,2025-04-24,2025-04-28,LONG,1238.0,1188.1,74,4,-3692.6,-4.03,STOP_LOSS
RUN_20260922_130143_V2,ChecklistStrategy,ADANIPORTS,2025-06-03,2025-06-04,LONG,1470.0,1432.3,59,1,-2224.3,-2.56,STOP_LOSS
RUN_20260922_130143_V2,ChecklistStrategy,ADANIPORTS,2025-06-23,2025-06-25,LONG,1341.0,1399.7,63,2,3698.1,4.38,SIGNAL
RUN_20260922_130143_V2,ChecklistStrategy,ADANIPORTS,2025-07-08,2025-07-23,LONG,1438.0,1430.0,62,15,-496.0,-0.56,SIGNAL
RUN_20260922_130143_V2,ChecklistStrategy,ADANIPORTS,2025-07-30,2025-08-04,LONG,1398.8,1349.8,63,5,-3087.0,-3.5,STOP_LOSS
RUN_20260922_130143_V2,ChecklistStrategy,ADANIPORTS,2025-08-08,2025-08-18,LONG,1345.4,1321.9,63,10,-1480.5,-1.75,STOP_LOSS
RUN_20260922_130143_V2,ChecklistStrategy,ADANIPORTS,2025-08-19,2025-08-22,LONG,1332.0,1364.0,63,3,2016.0,2.4,SIGNAL
RUN_20260922_130143_V2,ChecklistStrategy,ADANIPORTS,2025-09-23,2025-09-26,LONG,1453.0,1407.2,59,3,-2702.2,-3.15,STOP_LOSS
RUN_20260922_130143_V2,ChecklistStrategy,ADANIPORTS,2025-12-05,2025-12-09,LONG,1504.6,1476.9,55,4,-1523.5,-1.84,SIGNAL
RUN_20260922_130143_V2,ChecklistStrategy,ADANIPORTS,2025-12-12,2025-12-24,LONG,1512.0,1503.0,54,12,-486.0,-0.6,SIGNAL
RUN_20260922_130143_V2,ChecklistStrategy,ADANIPORTS,2026-01-13,2026-01-19,LONG,1443.5,1421.0,56,6,-1260.0,-1.56,SIGNAL
RUN_20260922_130143_V2,ChecklistStrategy,ADANIPORTS,2026-01-22,2026-01-27,LONG,1400.0,1334.3,57,5,-3744.9,-4.69,STOP_LOSS
RUN_20260922_130143_V2,ChecklistStrategy,ADANIPORTS,2026-01-28,2026-02-04,LONG,1373.9,1529.9,27,7,4212.0,11.35,TARGET1_PARTIAL
RUN_20260922_130143_V2,ChecklistStrategy,ADANIPORTS,2026-01-28,2026-02-05,LONG,1373.9,1568.0,28,8,5434.8,14.13,TARGET2
RUN_20260922_130143_V2,ChecklistStrategy,ADANIPORTS,2026-02-24,2026-03-02,LONG,1553.7,1462.0,55,6,-5043.5,-5.9,STOP_LOSS
RUN_20260922_130143_V2,ChecklistStrategy,ADANIPORTS,2026-03-25,2026-04-01,LONG,1359.7,1351.2,59,7,-501.5,-0.63,STOP_LOSS
RUN_20260922_130143_V2,ChecklistStrategy,ADANIPORTS,2026-06-17,2026-06-18,LONG,1824.0,1833.0,43,1,387.0,0.49,SIGNAL
RUN_20260922_130143_V2,ChecklistStrategy,ADANIPORTS,2026-06-25,2026-06-26,LONG,1813.3,1796.0,44,1,-761.2,-0.95,SIGNAL
RUN_20260922_130143_V2,ChecklistStrategy,ADANIPORTS,2026-07-20,2026-07-24,LONG,1836.1,1764.9,43,4,-3061.6,-3.88,STOP_LOSS
RUN_20260922_130143_V2,ChecklistStrategy,ADANIPORTS,2026-08-05,2026-08-06,LONG,1708.2,1704.0,44,1,-184.8,-0.25,SIGNAL
RUN_20260922_130143_V2,ChecklistStrategy,ADANIPORTS,2026-08-17,2026-08-18,LONG,1700.0,1691.6,44,1,-369.6,-0.49,SIGNAL
RUN_20260922_130143_V2,ChecklistStrategy,ADANIPORTS,2026-09-02,2026-09-04,LONG,1637.1,1699.9,23,2,1444.4,3.84,TARGET1_PARTIAL
RUN_20260922_130143_V2,ChecklistStrategy,ADANIPORTS,2026-09-02,2026-09-08,LONG,1637.1,1694.0,23,6,1308.7,3.48,SIGNAL_AFTER_PARTIAL
RUN_20260922_130143_V2,ChecklistStrategy,ADANIPORTS,2026-09-17,2026-09-21,LONG,1731.0,1793.7,22,4,1379.4,3.62,TARGET1_PARTIAL
RUN_20260922_130143_V2,ChecklistStrategy,ADANIPORTS,2026-09-17,2026-09-22,LONG,1731.0,1796.0,23,5,1495.0,3.76,SIGNAL_AFTER_PARTIAL
RUN_20260922_130143_V2,ChecklistStrategy,APOLLOHOSP,2024-02-01,2024-02-13,LONG,6289.65,6614.45,7,12,2273.6,5.16,TARGET1_PARTIAL
RUN_20260922_130143_V2,ChecklistStrategy,APOLLOHOSP,2024-02-01,2024-02-14,LONG,6289.65,6718.8,8,13,3433.2,6.82,TARGET2
RUN_20260922_130143_V2,ChecklistStrategy,APOLLOHOSP,2024-02-23,2024-02-26,LONG,6779.0,6769.95,15,3,-135.75,-0.13,SIGNAL
RUN_20260922_130143_V2,ChecklistStrategy,APOLLOHOSP,2024-03-04,2024-03-11,LONG,6145.0,6048.8,17,7,-1635.4,-1.57,SIGNAL
RUN_20260922_130143_V2,ChecklistStrategy,APOLLOHOSP,2024-03-15,2024-03-26,LONG,6015.0,6398.0,8,11,3064.0,6.37,TARGET1_PARTIAL
RUN_20260922_130143_V2,ChecklistStrategy,APOLLOHOSP,2024-03-15,2024-04-02,LONG,6015.0,6469.5,9,18,4090.5,7.56,TARGET2
RUN_20260922_130143_V2,ChecklistStrategy,APOLLOHOSP,2024-04-18,2024-04-19,LONG,6306.1,6140.0,17,1,-2823.7,-2.63,STOP_LOSS
RUN_20260922_130143_V2,ChecklistStrategy,APOLLOHOSP,2024-04-22,2024-04-30,LONG,6154.5,6000.0,17,8,-2626.5,-2.51,STOP_LOSS
RUN_20260922_130143_V2,ChecklistStrategy,APOLLOHOSP,2024-05-13,2024-05-27,LONG,5820.0,5950.0,18,14,2340.0,2.23,SIGNAL
RUN_20260922_130143_V2,ChecklistStrategy,APOLLOHOSP,2024-06-06,2024-06-14,LONG,5970.0,6210.0,18,8,4320.0,4.02,SIGNAL
RUN_20260922_130143_V2,ChecklistStrategy,APOLLOHOSP,2024-07-16,2024-08-02,LONG,6437.25,6706.4,8,17,2153.2,4.18,TARGET1_PARTIAL
RUN_20260922_130143_V2,ChecklistStrategy,APOLLOHOSP,2024-07-16,2024-08-09,LONG,6437.25,6582.25,9,24,1305.0,2.25,SIGNAL_AFTER_PARTIAL
RUN_20260922_130143_V2,ChecklistStrategy,APOLLOHOSP,2024-08-12,2024-08-16,LONG,6550.0,6556.2,17,4,105.4,0.09,SIGNAL
RUN_20260922_130143_V2,ChecklistStrategy,APOLLOHOSP,2024-08-27,2024-09-09,LONG,6780.0,6906.8,16,13,2028.8,1.87,SIGNAL
RUN_20260922_130143_V2,ChecklistStrategy,APOLLOHOSP,2024-10-14,2024-10-16,LONG,6976.85,7085.1,16,2,1732.0,1.55,SIGNAL
RUN_20260922_130143_V2,ChecklistStrategy,APOLLOHOSP,2024-10-30,2024-11-05,LONG,6980.6,6920.0,17,6,-1030.2,-0.87,SIGNAL
RUN_20260922_130143_V2,ChecklistStrategy,APOLLOHOSP,2024-11-06,2024-11-08,LONG,7020.0,7390.05,8,2,2960.4,5.27,TARGET1_PARTIAL
RUN_20260922_130143_V2,ChecklistStrategy,APOLLOHOSP,2024-11-06,2024-11-11,LONG,7020.0,7400.0,8,5,3040.0,5.41,SIGNAL_AFTER_PARTIAL
RUN_20260922_130143_V2,ChecklistStrategy,APOLLOHOSP,2024-12-17,2024-12-18,LONG,7227.0,7233.25,17,1,106.25,0.09,SIGNAL
RUN_20260922_130143_V2,ChecklistStrategy,APOLLOHOSP,2024-12-31,2025-01-09,LONG,7305.6,7140.0,16,9,-2649.6,-2.27,STOP_LOSS
RUN_20260922_130143_V2,ChecklistStrategy,APOLLOHOSP,2025-01-10,2025-01-14,LONG,7090.0,6854.6,17,4,-4001.8,-3.32,STOP_LOSS
RUN_20260922_130143_V2,ChecklistStrategy,APOLLOHOSP,2025-01-17,2025-01-23,LONG,6819.95,6892.25,17,6,1229.1,1.06,SIGNAL
RUN_20260922_130143_V2,ChecklistStrategy,APOLLOHOSP,2025-02-13,2025-02-14,LONG,6372.25,6377.25,18,1,90.0,0.08,SIGNAL
RUN_20260922_130143_V2,ChecklistStrategy,APOLLOHOSP,2025-03-04,2025-03-10,LONG,6133.0,6206.4,19,6,1394.6,1.2,SIGNAL
RUN_20260922_130143_V2,ChecklistStrategy,APOLLOHOSP,2025-03-12,2025-03-20,LONG,6134.1,6465.0,9,8,2978.1,5.39,TARGET1_PARTIAL
RUN_20260922_130143_V2,ChecklistStrategy,APOLLOHOSP,2025-03-12,2025-03-21,LONG,6134.1,6494.0,10,9,3599.0,5.87,SIGNAL_AFTER_PARTIAL
RUN_20260922_130143_V2,ChecklistStrategy,APOLLOHOSP,2025-04-01,2025-04-04,LONG,6599.0,6672.0,19,3,1387.0,1.11,SIGNAL
RUN_20260922_130143_V2,ChecklistStrategy,APOLLOHOSP,2025-04-17,2025-04-28,LONG,7038.0,6954.5,18,11,-1503.0,-1.19,SIGNAL
RUN_20260922_130143_V2,ChecklistStrategy,APOLLOHOSP,2025-05-22,2025-06-03,LONG,6984.0,6950.0,17,12,-578.0,-0.49,SIGNAL
RUN_20260922_130143_V2,ChecklistStrategy,APOLLOHOSP,2025-06-05,2025-06-30,LONG,6868.5,7336.5,9,25,4212.0,6.81,TARGET1_PARTIAL
RUN_20260922_130143_V2,ChecklistStrategy,APOLLOHOSP,2025-06-05,2025-07-02,LONG,6868.5,7470.0,9,27,5413.5,8.76,TARGET2
RUN_20260922_130143_V2,ChecklistStrategy,APOLLOHOSP,2025-07-15,2025-07-29,LONG,7260.5,7356.5,18,14,1728.0,1.32,SIGNAL
RUN_20260922_130143_V2,ChecklistStrategy,APOLLOHOSP,2025-07-30,2025-08-04,LONG,7460.0,7387.0,18,5,-1314.0,-0.98,SIGNAL
RUN_20260922_130143_V2,ChecklistStrategy,APOLLOHOSP,2025-08-08,2025-08-13,LONG,7170.0,7403.0,18,5,4194.0,3.25,SIGNAL
RUN_20260922_130143_V2,ChecklistStrategy,APOLLOHOSP,2025-08-28,2025-08-29,LONG,7755.0,7670.0,17,1,-1445.0,-1.1,SIGNAL
RUN_20260922_130143_V2,ChecklistStrategy,APOLLOHOSP,2025-09-02,2025-09-08,LONG,7631.5,7834.5,17,6,3451.0,2.66,SIGNAL
RUN_20260922_130143_V2,ChecklistStrategy,APOLLOHOSP,2025-10-03,2025-10-15,LONG,7441.0,7800.0,9,12,3231.0,4.82,TARGET1_PARTIAL
RUN_20260922_130143_V2,ChecklistStrategy,APOLLOHOSP,2025-10-03,2025-10-20,LONG,7441.0,7950.0,9,17,4581.0,6.84,TARGET2
RUN_20260922_130143_V2,ChecklistStrategy,APOLLOHOSP,2025-12-16,2025-12-17,LONG,7110.0,7109.0,20,1,-20.0,-0.01,SIGNAL
RUN_20260922_130143_V2,ChecklistStrategy,APOLLOHOSP,2026-01-07,2026-01-09,LONG,7349.0,7348.0,20,2,-20.0,-0.01,SIGNAL
RUN_20260922_130143_V2,ChecklistStrategy,APOLLOHOSP,2026-01-14,2026-01-15,LONG,7258.0,7272.5,20,1,290.0,0.2,SIGNAL
RUN_20260922_130143_V2,ChecklistStrategy,APOLLOHOSP,2026-01-27,2026-02-03,LONG,6802.0,7070.0,21,7,5628.0,3.94,SIGNAL
RUN_20260922_130143_V2,ChecklistStrategy,APOLLOHOSP,2026-03-02,2026-03-18,LONG,7621.0,7511.5,19,16,-2080.5,-1.44,SIGNAL
RUN_20260922_130143_V2,ChecklistStrategy,APOLLOHOSP,2026-04-07,2026-04-08,LONG,7370.5,7385.0,20,1,290.0,0.2,SIGNAL
RUN_20260922_130143_V2,ChecklistStrategy,APOLLOHOSP,2026-04-20,2026-05-11,LONG,7705.0,8046.0,9,21,3069.0,4.43,TARGET1_PARTIAL
RUN_20260922_130143_V2,ChecklistStrategy,APOLLOHOSP,2026-04-20,2026-05-14,LONG,7705.0,8011.0,10,24,3060.0,3.97,SIGNAL_AFTER_PARTIAL
RUN_20260922_130143_V2,ChecklistStrategy,APOLLOHOSP,2026-05-21,2026-06-01,LONG,8198.5,8221.5,19,11,437.0,0.28,SIGNAL
RUN_20260922_130143_V2,ChecklistStrategy,APOLLOHOSP,2026-07-15,2026-07-22,LONG,8948.5,8926.0,17,7,-382.5,-0.25,SIGNAL
RUN_20260922_130143_V2,ChecklistStrategy,APOLLOHOSP,2026-07-28,2026-08-06,LONG,8844.5,8947.0,17,9,1742.5,1.16,SIGNAL
RUN_20260922_130143_V2,ChecklistStrategy,APOLLOHOSP,2026-08-07,2026-08-10,LONG,9000.0,8945.0,17,3,-935.0,-0.61,SIGNAL
RUN_20260922_130143_V2,ChecklistStrategy,ASIANPAINT,2024-02-12,2024-02-26,LONG,2951.65,2920.0,33,14,-1044.45,-1.07,SIGNAL
RUN_20260922_130143_V2,ChecklistStrategy,ASIANPAINT,2024-03-07,2024-04-19,LONG,2825.0,2790.0,34,43,-1190.0,-1.24,SIGNAL
RUN_20260922_130143_V2,ChecklistStrategy,ASIANPAINT,2024-04-30,2024-05-03,LONG,2855.0,2983.05,17,3,2176.85,4.49,TARGET1_PARTIAL
RUN_20260922_130143_V2,ChecklistStrategy,ASIANPAINT,2024-04-30,2024-05-09,LONG,2855.0,2828.0,17,9,-459.0,-0.95,STOP_LOSS_AFTER_PARTIAL
RUN_20260922_130143_V2,ChecklistStrategy,ASIANPAINT,2024-06-05,2024-06-07,LONG,2864.5,2904.8,34,2,1370.2,1.41,SIGNAL
RUN_20260922_130143_V2,ChecklistStrategy,ASIANPAINT,2024-06-10,2024-06-26,LONG,2928.0,2860.2,34,16,-2305.2,-2.32,STOP_LOSS
RUN_20260922_130143_V2,ChecklistStrategy,ASIANPAINT,2024-07-11,2024-07-19,LONG,2999.0,2925.0,32,8,-2368.0,-2.47,STOP_LOSS
RUN_20260922_130143_V2,ChecklistStrategy,ASIANPAINT,2024-08-12,2024-08-22,LONG,3020.0,3167.0,15,10,2205.0,4.87,TARGET1_PARTIAL
RUN_20260922_130143_V2,ChecklistStrategy,ASIANPAINT,2024-08-12,2024-08-26,LONG,3020.0,3155.0,16,14,2160.0,4.47,SIGNAL_AFTER_PARTIAL
RUN_20260922_130143_V2,ChecklistStrategy,ASIANPAINT,2024-09-09,2024-09-13,LONG,3273.7,3355.55,30,4,2455.5,2.5,SIGNAL
RUN_20260922_130143_V2,ChecklistStrategy,ASIANPAINT,2024-10-09,2024-10-10,LONG,3095.55,3090.05,33,1,-181.5,-0.18,SIGNAL
RUN_20260922_130143_V2,ChecklistStrategy,ASIANPAINT,2024-10-22,2024-10-24,LONG,3054.0,2989.7,33,2,-2121.9,-2.11,STOP_LOSS
RUN_20260922_130143_V2,ChecklistStrategy,ASIANPAINT,2024-10-31,2024-11-05,LONG,2994.2,2895.0,33,5,-3273.6,-3.31,STOP_LOSS
RUN_20260922_130143_V2,ChecklistStrategy,ASIANPAINT,2024-12-06,2024-12-10,LONG,2468.0,2399.9,39,4,-2655.9,-2.76,STOP_LOSS
RUN_20260922_130143_V2,ChecklistStrategy,ASIANPAINT,2024-12-26,2025-01-16,LONG,2284.0,2239.0,41,21,-1845.0,-1.97,STOP_LOSS
RUN_20260922_130143_V2,ChecklistStrategy,ASIANPAINT,2025-01-31,2025-02-03,LONG,2255.0,2351.15,20,3,1923.0,4.26,TARGET1_PARTIAL
RUN_20260922_130143_V2,ChecklistStrategy,ASIANPAINT,2025-01-31,2025-02-04,LONG,2255.0,2304.65,20,4,993.0,2.2,SIGNAL_AFTER_PARTIAL
RUN_20260922_130143_V2,ChecklistStrategy,ASIANPAINT,2025-02-10,2025-02-17,LONG,2271.05,2231.3,41,7,-1629.75,-1.75,SIGNAL
RUN_20260922_130143_V2,ChecklistStrategy,ASIANPAINT,2025-06-23,2025-06-30,LONG,2261.2,2362.0,20,7,2016.0,4.46,TARGET1_PARTIAL
RUN_20260922_130143_V2,ChecklistStrategy,ASIANPAINT,2025-06-23,2025-07-03,LONG,2261.2,2428.9,20,10,3354.0,7.42,TARGET2
RUN_20260922_130143_V2,ChecklistStrategy,ASIANPAINT,2025-07-17,2025-07-25,LONG,2404.1,2340.0,40,8,-2564.0,-2.67,STOP_LOSS
RUN_20260922_130143_V2,ChecklistStrategy,ASIANPAINT,2025-08-04,2025-08-05,LONG,2443.2,2461.9,39,1,729.3,0.77,SIGNAL
RUN_20260922_130143_V2,ChecklistStrategy,ASIANPAINT,2025-09-11,2025-09-17,LONG,2541.0,2482.0,38,6,-2242.0,-2.32,STOP_LOSS
RUN_20260922_130143_V2,ChecklistStrategy,ASIANPAINT,2025-10-07,2025-10-13,LONG,2355.0,2340.2,40,6,-592.0,-0.63,SIGNAL
RUN_20260922_130143_V2,ChecklistStrategy,ASIANPAINT,2025-12-03,2025-12-09,LONG,2969.0,2910.0,31,6,-1829.0,-1.99,SIGNAL
RUN_20260922_130143_V2,ChecklistStrategy,ASIANPAINT,2025-12-30,2025-12-31,LONG,2770.3,2755.0,33,1,-504.9,-0.55,SIGNAL
RUN_20260922_130143_V2,ChecklistStrategy,ASIANPAINT,2026-01-29,2026-01-30,LONG,2511.8,2417.0,36,1,-3412.8,-3.77,STOP_LOSS
RUN_20260922_130143_V2,ChecklistStrategy,ASIANPAINT,2026-02-02,2026-03-04,LONG,2374.9,2260.7,36,30,-4111.2,-4.81,STOP_LOSS
RUN_20260922_130143_V2,ChecklistStrategy,ASIANPAINT,2026-03-17,2026-03-24,LONG,2217.7,2184.0,37,7,-1246.9,-1.52,STOP_LOSS
RUN_20260922_130143_V2,ChecklistStrategy,ASIANPAINT,2026-04-07,2026-04-09,LONG,2167.7,2275.0,18,2,1931.4,4.95,TARGET1_PARTIAL
RUN_20260922_130143_V2,ChecklistStrategy,ASIANPAINT,2026-04-07,2026-04-13,LONG,2167.7,2279.9,19,6,2131.8,5.18,TARGET2
RUN_20260922_130143_V2,ChecklistStrategy,ASIANPAINT,2026-05-01,2026-05-11,LONG,2444.5,2578.9,17,10,2284.8,5.5,TARGET1_PARTIAL
RUN_20260922_130143_V2,ChecklistStrategy,ASIANPAINT,2026-05-01,2026-05-12,LONG,2444.5,2546.2,18,11,1830.6,4.16,SIGNAL_AFTER_PARTIAL
RUN_20260922_130143_V2,ChecklistStrategy,ASIANPAINT,2026-06-25,2026-06-26,LONG,2690.0,2645.2,33,1,-1478.4,-1.67,SIGNAL
RUN_20260922_130143_V2,ChecklistStrategy,ASIANPAINT,2026-07-20,2026-07-30,LONG,2689.0,2758.1,33,10,2280.3,2.57,SIGNAL
RUN_20260922_130143_V2,ChecklistStrategy,ASIANPAINT,2026-08-12,2026-08-18,LONG,2733.2,2663.1,33,6,-2313.3,-2.56,SIGNAL
RUN_20260922_130143_V2,ChecklistStrategy,ASIANPAINT,2026-08-20,2026-09-02,LONG,2635.1,2548.0,33,13,-2874.3,-3.31,STOP_LOSS
RUN_20260922_130143_V2,ChecklistStrategy,ASIANPAINT,2026-09-04,2026-09-09,LONG,2540.0,2459.1,33,5,-2669.7,-3.19,STOP_LOSS
RUN_20260922_130143_V2,ChecklistStrategy,AXISBANK,2024-02-01,2024-02-05,LONG,1072.65,1067.05,93,4,-520.8,-0.52,SIGNAL
RUN_20260922_130143_V2,ChecklistStrategy,AXISBANK,2024-02-12,2024-02-13,LONG,1051.4,1051.0,94,1,-37.6,-0.04,SIGNAL
RUN_20260922_130143_V2,ChecklistStrategy,AXISBANK,2024-03-07,2024-03-13,LONG,1126.0,1096.0,88,6,-2640.0,-2.66,STOP_LOSS
RUN_20260922_130143_V2,ChecklistStrategy,AXISBANK,2024-03-19,2024-03-20,LONG,1055.55,1050.0,91,1,-505.05,-0.53,SIGNAL
RUN_20260922_130143_V2,ChecklistStrategy,AXISBANK,2024-04-12,2024-04-15,LONG,1079.5,1063.1,88,3,-1443.2,-1.52,SIGNAL
RUN_20260922_130143_V2,ChecklistStrategy,AXISBANK,2024-05-14,2024-05-28,LONG,1129.95,1188.0,41,14,2380.05,5.14,TARGET1_PARTIAL
RUN_20260922_130143_V2,ChecklistStrategy,AXISBANK,2024-05-14,2024-06-04,LONG,1129.95,1224.0,42,21,3950.1,8.32,TARGET2
RUN_20260922_130143_V2,ChecklistStrategy,AXISBANK,2024-06-10,2024-06-13,LONG,1185.0,1201.8,84,3,1411.2,1.42,SIGNAL
RUN_20260922_130143_V2,ChecklistStrategy,AXISBANK,2024-06-19,2024-06-26,LONG,1193.0,1281.1,42,7,3700.2,7.38,TARGET1_PARTIAL
RUN_20260922_130143_V2,ChecklistStrategy,AXISBANK,2024-06-19,2024-06-27,LONG,1193.0,1310.0,43,8,5031.0,9.81,TARGET2
RUN_20260922_130143_V2,ChecklistStrategy,AXISBANK,2024-07-15,2024-07-16,LONG,1316.7,1307.45,84,1,-777.0,-0.7,SIGNAL
RUN_20260922_130143_V2,ChecklistStrategy,AXISBANK,2024-08-28,2024-08-29,LONG,1177.0,1169.0,93,1,-744.0,-0.68,SIGNAL
RUN_20260922_130143_V2,ChecklistStrategy,AXISBANK,2024-09-06,2024-09-17,LONG,1176.0,1235.2,46,11,2723.2,5.03,TARGET1_PARTIAL
RUN_20260922_130143_V2,ChecklistStrategy,AXISBANK,2024-09-06,2024-09-20,LONG,1176.0,1244.0,46,14,3128.0,5.78,SIGNAL_AFTER_PARTIAL
RUN_20260922_130143_V2,ChecklistStrategy,AXISBANK,2024-10-09,2024-10-22,LONG,1154.0,1194.25,99,13,3984.75,3.49,SIGNAL
RUN_20260922_130143_V2,ChecklistStrategy,AXISBANK,2024-10-30,2024-11-05,LONG,1178.75,1138.95,100,6,-3980.0,-3.38,STOP_LOSS
RUN_20260922_130143_V2,ChecklistStrategy,AXISBANK,2024-11-28,2024-12-11,LONG,1148.5,1150.0,99,13,148.5,0.13,SIGNAL
RUN_20260922_130143_V2,ChecklistStrategy,AXISBANK,2024-12-16,2024-12-19,LONG,1146.5,1104.9,100,3,-4160.0,-3.63,STOP_LOSS
RUN_20260922_130143_V2,ChecklistStrategy,AXISBANK,2024-12-24,2024-12-31,LONG,1077.3,1062.0,102,7,-1560.6,-1.42,SIGNAL
RUN_20260922_130143_V2,ChecklistStrategy,AXISBANK,2025-01-08,2025-01-10,LONG,1063.75,1056.25,102,2,-765.0,-0.71,SIGNAL
RUN_20260922_130143_V2,ChecklistStrategy,AXISBANK,2025-01-17,2025-01-22,LONG,1000.0,975.75,104,5,-2522.0,-2.43,STOP_LOSS
RUN_20260922_130143_V2,ChecklistStrategy,AXISBANK,2025-02-07,2025-02-10,LONG,1019.5,1021.0,103,3,154.5,0.15,SIGNAL
RUN_20260922_130143_V2,ChecklistStrategy,AXISBANK,2025-04-29,2025-04-30,LONG,1194.0,1185.1,88,1,-783.2,-0.75,SIGNAL
RUN_20260922_130143_V2,ChecklistStrategy,AXISBANK,2025-05-22,2025-06-04,LONG,1196.7,1181.8,87,13,-1296.29,-1.25,SIGNAL
RUN_20260922_130143_V2,ChecklistStrategy,AXISBANK,2025-06-19,2025-07-02,LONG,1218.0,1180.0,84,13,-3192.0,-3.12,STOP_LOSS
RUN_20260922_130143_V2,ChecklistStrategy,AXISBANK,2025-08-08,2025-08-19,LONG,1073.0,1078.0,93,11,465.0,0.47,SIGNAL
RUN_20260922_130143_V2,ChecklistStrategy,AXISBANK,2025-12-04,2025-12-17,LONG,1270.7,1220.6,79,13,-3957.9,-3.94,STOP_LOSS
RUN_20260922_130143_V2,ChecklistStrategy,AXISBANK,2026-01-15,2026-01-27,LONG,1298.8,1288.8,74,12,-740.0,-0.77,STOP_LOSS
RUN_20260922_130143_V2,ChecklistStrategy,AXISBANK,2026-01-30,2026-02-03,LONG,1352.0,1403.0,70,4,3570.0,3.77,STOP_LOSS
RUN_20260922_130143_V2,ChecklistStrategy,AXISBANK,2026-02-17,2026-02-20,LONG,1358.3,1351.0,73,3,-532.9,-0.54,SIGNAL
RUN_20260922_130143_V2,ChecklistStrategy,AXISBANK,2026-03-06,2026-03-09,LONG,1347.0,1282.2,73,3,-4730.4,-4.81,STOP_LOSS
RUN_20260922_130143_V2,ChecklistStrategy,AXISBANK,2026-03-10,2026-03-12,LONG,1295.2,1243.2,72,2,-3744.0,-4.01,STOP_LOSS
RUN_20260922_130143_V2,ChecklistStrategy,AXISBANK,2026-04-28,2026-05-01,LONG,1312.0,1268.3,68,3,-2971.6,-3.33,STOP_LOSS
RUN_20260922_130143_V2,ChecklistStrategy,AXISBANK,2026-05-19,2026-05-26,LONG,1238.5,1309.8,35,7,2495.5,5.76,TARGET1_PARTIAL
RUN_20260922_130143_V2,ChecklistStrategy,AXISBANK,2026-05-19,2026-06-11,LONG,1238.5,1308.8,35,23,2460.5,5.68,TARGET2
RUN_20260922_130143_V2,ChecklistStrategy,AXISBANK,2026-07-20,2026-07-23,LONG,1275.0,1230.1,69,3,-3098.1,-3.52,STOP_LOSS
RUN_20260922_130143_V2,ChecklistStrategy,AXISBANK,2026-08-31,2026-09-02,LONG,1257.0,1254.6,70,2,-168.0,-0.19,SIGNAL
RUN_20260922_130143_V2,ChecklistStrategy,BAJAJ-AUTO,2024-03-15,2024-03-21,LONG,8384.8,8608.2,11,6,2457.4,2.66,SIGNAL
RUN_20260922_130143_V2,ChecklistStrategy,BAJAJ-AUTO,2024-03-22,2024-03-28,LONG,8700.05,9162.5,5,6,2312.25,5.32,TARGET1_PARTIAL
RUN_20260922_130143_V2,ChecklistStrategy,BAJAJ-AUTO,2024-03-22,2024-04-01,LONG,8700.05,9194.8,6,10,2968.5,5.69,SIGNAL_AFTER_PARTIAL
RUN_20260922_130143_V2,ChecklistStrategy,BAJAJ-AUTO,2024-04-12,2024-04-19,LONG,8949.05,9075.05,11,7,1386.0,1.41,SIGNAL
RUN_20260922_130143_V2,ChecklistStrategy,BAJAJ-AUTO,2024-05-02,2024-05-07,LONG,8944.0,9055.15,12,5,1333.8,1.24,SIGNAL
RUN_20260922_130143_V2,ChecklistStrategy,BAJAJ-AUTO,2024-05-15,2024-05-16,LONG,9069.0,8950.0,12,1,-1428.0,-1.31,SIGNAL
RUN_20260922_130143_V2,ChecklistStrategy,BAJAJ-AUTO,2024-05-17,2024-05-31,LONG,8891.0,8990.0,12,14,1188.0,1.11,SIGNAL
RUN_20260922_130143_V2,ChecklistStrategy,BAJAJ-AUTO,2024-06-25,2024-06-27,LONG,9755.0,9564.65,11,2,-2093.85,-1.95,STOP_LOSS
RUN_20260922_130143_V2,ChecklistStrategy,BAJAJ-AUTO,2024-07-01,2024-07-02,LONG,9505.0,9520.0,11,1,165.0,0.16,SIGNAL
RUN_20260922_130143_V2,ChecklistStrategy,BAJAJ-AUTO,2024-07-16,2024-07-19,LONG,9715.0,9635.0,11,3,-880.0,-0.82,SIGNAL
RUN_20260922_130143_V2,ChecklistStrategy,BAJAJ-AUTO,2024-07-24,2024-08-12,LONG,9360.0,9741.0,5,19,1905.0,4.07,TARGET1_PARTIAL
RUN_20260922_130143_V2,ChecklistStrategy,BAJAJ-AUTO,2024-07-24,2024-08-13,LONG,9360.0,9700.0,6,20,2040.0,3.63,SIGNAL_AFTER_PARTIAL
RUN_20260922_130143_V2,ChecklistStrategy,BAJAJ-AUTO,2024-10-09,2024-10-16,LONG,11944.0,11537.9,9,7,-3654.9,-3.4,STOP_LOSS
RUN_20260922_130143_V2,ChecklistStrategy,BAJAJ-AUTO,2024-10-17,2024-10-18,LONG,11222.2,10049.55,9,1,-10553.85,-10.45,STOP_LOSS
RUN_20260922_130143_V2,ChecklistStrategy,BAJAJ-AUTO,2024-10-24,2024-10-28,LONG,10504.0,10206.1,9,4,-2681.1,-2.84,STOP_LOSS
RUN_20260922_130143_V2,ChecklistStrategy,BAJAJ-AUTO,2024-11-06,2024-11-08,LONG,9883.4,9856.65,9,2,-240.75,-0.27,SIGNAL
RUN_20260922_130143_V2,ChecklistStrategy,BAJAJ-AUTO,2024-11-28,2024-12-06,LONG,9165.1,8953.9,10,8,-2111.99,-2.3,STOP_LOSS
RUN_20260922_130143_V2,ChecklistStrategy,BAJAJ-AUTO,2024-12-12,2024-12-13,LONG,9095.0,8964.15,10,1,-1308.5,-1.44,SIGNAL
RUN_20260922_130143_V2,ChecklistStrategy,BAJAJ-AUTO,2025-01-02,2025-01-13,LONG,8740.5,8704.5,10,11,-360.0,-0.41,SIGNAL
RUN_20260922_130143_V2,ChecklistStrategy,BAJAJ-AUTO,2025-02-18,2025-02-24,LONG,8510.1,8450.5,10,6,-596.0,-0.7,SIGNAL
RUN_20260922_130143_V2,ChecklistStrategy,BAJAJ-AUTO,2025-03-07,2025-03-21,LONG,7462.25,7969.0,5,14,2533.75,6.79,TARGET1_PARTIAL
RUN_20260922_130143_V2,ChecklistStrategy,BAJAJ-AUTO,2025-03-07,2025-03-24,LONG,7462.25,8117.8,6,17,3933.3,8.78,TARGET2
RUN_20260922_130143_V2,ChecklistStrategy,BAJAJ-AUTO,2025-04-02,2025-04-04,LONG,7962.0,7880.0,11,2,-902.0,-1.03,SIGNAL
RUN_20260922_130143_V2,ChecklistStrategy,BAJAJ-AUTO,2025-04-08,2025-04-15,LONG,7384.5,8000.0,6,7,3693.0,8.34,TARGET1_PARTIAL
RUN_20260922_130143_V2,ChecklistStrategy,BAJAJ-AUTO,2025-04-08,2025-04-16,LONG,7384.5,7999.0,6,8,3687.0,8.32,TARGET2
RUN_20260922_130143_V2,ChecklistStrategy,BAJAJ-AUTO,2025-04-24,2025-04-25,LONG,8260.0,8225.0,12,1,-420.0,-0.42,SIGNAL
RUN_20260922_130143_V2,ChecklistStrategy,BAJAJ-AUTO,2025-04-29,2025-05-05,LONG,8136.5,7869.5,12,6,-3204.0,-3.28,STOP_LOSS
RUN_20260922_130143_V2,ChecklistStrategy,BAJAJ-AUTO,2025-05-06,2025-05-07,LONG,7930.0,7915.5,12,1,-174.0,-0.18,SIGNAL
RUN_20260922_130143_V2,ChecklistStrategy,BAJAJ-AUTO,2025-05-20,2025-05-21,LONG,8850.0,8608.0,11,1,-2662.0,-2.73,STOP_LOSS
RUN_20260922_130143_V2,ChecklistStrategy,BAJAJ-AUTO,2025-05-22,2025-05-29,LONG,8660.0,8907.0,10,7,2470.0,2.85,SIGNAL
RUN_20260922_130143_V2,ChecklistStrategy,BAJAJ-AUTO,2025-06-20,2025-07-11,LONG,8315.0,8285.5,11,21,-324.5,-0.35,SIGNAL
RUN_20260922_130143_V2,ChecklistStrategy,BAJAJ-AUTO,2025-07-24,2025-07-25,LONG,8409.5,8275.0,11,1,-1479.5,-1.6,SIGNAL
RUN_20260922_130143_V2,ChecklistStrategy,BAJAJ-AUTO,2025-07-29,2025-08-13,LONG,8089.5,8214.5,11,15,1375.0,1.55,SIGNAL
RUN_20260922_130143_V2,ChecklistStrategy,BAJAJ-AUTO,2025-08-14,2025-08-18,LONG,8250.0,8400.0,11,4,1650.0,1.82,SIGNAL
RUN_20260922_130143_V2,ChecklistStrategy,BAJAJ-AUTO,2025-09-19,2025-09-25,LONG,9050.0,8821.0,10,6,-2290.0,-2.53,STOP_LOSS
RUN_20260922_130143_V2,ChecklistStrategy,BAJAJ-AUTO,2025-10-06,2025-10-10,LONG,8698.0,8816.0,11,4,1298.0,1.36,SIGNAL
RUN_20260922_130143_V2,ChecklistStrategy,BAJAJ-AUTO,2025-10-27,2025-11-03,LONG,9099.5,8900.0,10,7,-1995.0,-2.19,STOP_LOSS
RUN_20260922_130143_V2,ChecklistStrategy,BAJAJ-AUTO,2025-11-10,2025-11-26,LONG,8795.0,9054.0,10,16,2590.0,2.94,SIGNAL
RUN_20260922_130143_V2,ChecklistStrategy,BAJAJ-AUTO,2025-12-05,2025-12-18,LONG,9054.0,8891.0,10,13,-1630.0,-1.8,SIGNAL
RUN_20260922_130143_V2,ChecklistStrategy,BAJAJ-AUTO,2025-12-22,2025-12-29,LONG,9010.0,9069.5,10,7,595.0,0.66,SIGNAL
RUN_20260922_130143_V2,ChecklistStrategy,BAJAJ-AUTO,2025-12-30,2026-01-02,LONG,9087.0,9550.0,5,3,2315.0,5.1,TARGET1_PARTIAL
RUN_20260922_130143_V2,ChecklistStrategy,BAJAJ-AUTO,2025-12-30,2026-01-05,LONG,9087.0,9520.0,5,6,2165.0,4.77,SIGNAL_AFTER_PARTIAL
RUN_20260922_130143_V2,ChecklistStrategy,BAJAJ-AUTO,2026-01-14,2026-01-21,LONG,9576.0,9150.0,10,7,-4260.0,-4.45,STOP_LOSS
RUN_20260922_130143_V2,ChecklistStrategy,BAJAJ-AUTO,2026-03-23,2026-03-24,LONG,8989.5,8900.0,10,1,-895.0,-1.0,STOP_LOSS
RUN_20260922_130143_V2,ChecklistStrategy,BAJAJ-AUTO,2026-04-30,2026-05-01,LONG,9515.0,9994.0,5,1,2395.0,5.03,TARGET1_PARTIAL
RUN_20260922_130143_V2,ChecklistStrategy,BAJAJ-AUTO,2026-04-30,2026-05-05,LONG,9515.0,10131.0,5,5,3080.0,6.47,TARGET2
RUN_20260922_130143_V2,ChecklistStrategy,BAJAJ-AUTO,2026-05-20,2026-05-22,LONG,10158.0,10667.0,4,2,2036.0,5.01,TARGET1_PARTIAL
RUN_20260922_130143_V2,ChecklistStrategy,BAJAJ-AUTO,2026-05-20,2026-05-25,LONG,10158.0,10700.0,5,5,2710.0,5.34,SIGNAL_AFTER_PARTIAL
RUN_20260922_130143_V2,ChecklistStrategy,BAJAJ-AUTO,2026-05-27,2026-06-02,LONG,10625.0,10305.0,9,6,-2880.0,-3.01,STOP_LOSS
RUN_20260922_130143_V2,ChecklistStrategy,BAJAJ-AUTO,2026-06-05,2026-06-10,LONG,10394.0,10229.0,9,5,-1485.0,-1.59,STOP_LOSS
RUN_20260922_130143_V2,ChecklistStrategy,BAJAJ-AUTO,2026-07-01,2026-07-09,LONG,9762.0,10176.0,5,8,2070.0,4.24,TARGET1_PARTIAL
RUN_20260922_130143_V2,ChecklistStrategy,BAJAJ-AUTO,2026-07-01,2026-07-14,LONG,9762.0,10212.5,5,13,2252.5,4.61,TARGET2
RUN_20260922_130143_V2,ChecklistStrategy,BAJAJ-AUTO,2026-09-09,2026-09-10,LONG,11841.0,11771.0,8,1,-560.0,-0.59,SIGNAL
RUN_20260922_130143_V2,ChecklistStrategy,BAJAJ-AUTO,2026-09-17,2026-09-18,LONG,11568.0,11501.0,9,1,-603.0,-0.58,SIGNAL
RUN_20260922_130143_V2,ChecklistStrategy,BAJAJFINSV,2024-02-01,2024-02-07,LONG,1632.0,1609.0,61,6,-1403.0,-1.41,STOP_LOSS
RUN_20260922_130143_V2,ChecklistStrategy,BAJAJFINSV,2024-02-14,2024-02-21,LONG,1560.0,1604.0,62,7,2728.0,2.82,SIGNAL
RUN_20260922_130143_V2,ChecklistStrategy,BAJAJFINSV,2024-03-01,2024-03-06,LONG,1597.95,1558.0,63,5,-2516.85,-2.5,STOP_LOSS
RUN_20260922_130143_V2,ChecklistStrategy,BAJAJFINSV,2024-03-07,2024-03-26,LONG,1557.15,1589.0,63,19,2006.55,2.05,SIGNAL
RUN_20260922_130143_V2,ChecklistStrategy,BAJAJFINSV,2024-05-29,2024-05-31,LONG,1594.15,1530.0,62,2,-3977.3,-4.02,STOP_LOSS
RUN_20260922_130143_V2,ChecklistStrategy,BAJAJFINSV,2024-06-06,2024-06-14,LONG,1521.5,1590.1,31,8,2126.6,4.51,TARGET1_PARTIAL
RUN_20260922_130143_V2,ChecklistStrategy,BAJAJFINSV,2024-06-06,2024-07-01,LONG,1521.5,1588.2,32,25,2134.4,4.38,SIGNAL_AFTER_PARTIAL
RUN_20260922_130143_V2,ChecklistStrategy,BAJAJFINSV,2024-08-12,2024-08-22,LONG,1557.0,1624.8,32,10,2169.6,4.35,TARGET1_PARTIAL
RUN_20260922_130143_V2,ChecklistStrategy,BAJAJFINSV,2024-08-12,2024-08-27,LONG,1557.0,1686.2,32,15,4134.4,8.3,TARGET2
RUN_20260922_130143_V2,ChecklistStrategy,BAJAJFINSV,2024-09-19,2024-09-27,LONG,1890.0,1976.85,28,8,2431.8,4.6,TARGET1_PARTIAL
RUN_20260922_130143_V2,ChecklistStrategy,BAJAJFINSV,2024-09-19,2024-09-30,LONG,1890.0,2010.7,28,11,3379.6,6.39,TARGET2
RUN_20260922_130143_V2,ChecklistStrategy,BAJAJFINSV,2024-10-10,2024-10-15,LONG,1874.8,1873.6,60,5,-72.0,-0.06,SIGNAL
RUN_20260922_130143_V2,ChecklistStrategy,BAJAJFINSV,2024-10-29,2024-10-31,LONG,1725.15,1745.2,65,2,1303.25,1.16,SIGNAL
RUN_20260922_130143_V2,ChecklistStrategy,BAJAJFINSV,2024-11-06,2024-11-11,LONG,1732.1,1727.55,65,5,-295.75,-0.26,SIGNAL
RUN_20260922_130143_V2,ChecklistStrategy,BAJAJFINSV,2024-11-28,2024-11-29,LONG,1605.0,1581.9,70,1,-1617.0,-1.44,SIGNAL
RUN_20260922_130143_V2,ChecklistStrategy,BAJAJFINSV,2025-01-17,2025-01-27,LONG,1686.1,1714.85,65,10,1868.75,1.71,SIGNAL
RUN_20260922_130143_V2,ChecklistStrategy,BAJAJFINSV,2025-02-03,2025-02-05,LONG,1735.0,1811.0,32,2,2432.0,4.38,TARGET1_PARTIAL
RUN_20260922_130143_V2,ChecklistStrategy,BAJAJFINSV,2025-02-03,2025-02-14,LONG,1735.0,1853.5,32,11,3792.0,6.83,TARGET2
RUN_20260922_130143_V2,ChecklistStrategy,BAJAJFINSV,2025-02-18,2025-02-25,LONG,1892.0,1857.8,63,7,-2154.6,-1.81,SIGNAL
RUN_20260922_130143_V2,ChecklistStrategy,BAJAJFINSV,2025-03-28,2025-04-02,LONG,1995.75,1946.3,58,5,-2868.1,-2.48,STOP_LOSS
RUN_20260922_130143_V2,ChecklistStrategy,BAJAJFINSV,2025-05-05,2025-05-09,LONG,1964.9,1970.0,58,4,295.8,0.26,SIGNAL
RUN_20260922_130143_V2,ChecklistStrategy,BAJAJFINSV,2025-05-22,2025-05-23,LONG,2037.3,2005.9,56,1,-1758.4,-1.54,SIGNAL
RUN_20260922_130143_V2,ChecklistStrategy,BAJAJFINSV,2025-05-26,2025-05-27,LONG,2044.0,2050.0,55,1,330.0,0.29,SIGNAL
RUN_20260922_130143_V2,ChecklistStrategy,BAJAJFINSV,2025-06-12,2025-06-13,LONG,2016.0,2000.0,56,1,-896.0,-0.79,SIGNAL
RUN_20260922_130143_V2,ChecklistStrategy,BAJAJFINSV,2025-07-17,2025-07-28,LONG,2037.6,1990.0,55,11,-2618.0,-2.34,STOP_LOSS
RUN_20260922_130143_V2,ChecklistStrategy,BAJAJFINSV,2025-07-30,2025-08-04,LONG,1972.7,1923.0,55,5,-2733.5,-2.52,STOP_LOSS
RUN_20260922_130143_V2,ChecklistStrategy,BAJAJFINSV,2025-08-05,2025-09-08,LONG,1930.1,2014.4,27,34,2276.1,4.37,TARGET1_PARTIAL
RUN_20260922_130143_V2,ChecklistStrategy,BAJAJFINSV,2025-08-05,2025-09-09,LONG,1930.1,2012.0,28,35,2293.2,4.24,SIGNAL_AFTER_PARTIAL
RUN_20260922_130143_V2,ChecklistStrategy,BAJAJFINSV,2025-09-15,2025-09-17,LONG,2078.0,2088.0,53,2,530.0,0.48,SIGNAL
RUN_20260922_130143_V2,ChecklistStrategy,BAJAJFINSV,2025-09-30,2025-10-01,LONG,2025.0,2008.9,55,1,-885.5,-0.8,SIGNAL
RUN_20260922_130143_V2,ChecklistStrategy,BAJAJFINSV,2025-10-06,2025-10-13,LONG,1996.1,2004.1,55,7,440.0,0.4,SIGNAL
RUN_20260922_130143_V2,ChecklistStrategy,BAJAJFINSV,2025-11-10,2025-11-12,LONG,2114.7,2009.5,52,2,-5470.4,-4.97,STOP_LOSS
RUN_20260922_130143_V2,ChecklistStrategy,BAJAJFINSV,2025-11-13,2025-11-24,LONG,2045.0,2064.0,51,11,969.0,0.93,SIGNAL
RUN_20260922_130143_V2,ChecklistStrategy,BAJAJFINSV,2025-12-31,2026-01-01,LONG,2030.2,2045.0,52,1,769.6,0.73,SIGNAL
RUN_20260922_130143_V2,ChecklistStrategy,BAJAJFINSV,2026-01-29,2026-02-04,LONG,1927.0,1993.0,27,6,1782.0,3.43,TARGET1_PARTIAL
RUN_20260922_130143_V2,ChecklistStrategy,BAJAJFINSV,2026-01-29,2026-02-06,LONG,1927.0,2000.1,28,8,2046.8,3.79,SIGNAL_AFTER_PARTIAL
RUN_20260922_130143_V2,ChecklistStrategy,BAJAJFINSV,2026-02-09,2026-02-12,LONG,2026.9,2025.0,54,3,-102.6,-0.09,SIGNAL
RUN_20260922_130143_V2,ChecklistStrategy,BAJAJFINSV,2026-02-13,2026-02-18,LONG,2035.0,2040.0,54,5,270.0,0.25,SIGNAL
RUN_20260922_130143_V2,ChecklistStrategy,BAJAJFINSV,2026-02-23,2026-03-02,LONG,2050.0,1950.0,53,7,-5300.0,-4.88,STOP_LOSS
RUN_20260922_130143_V2,ChecklistStrategy,BAJAJFINSV,2026-03-10,2026-03-12,LONG,1845.1,1786.9,57,2,-3317.4,-3.15,STOP_LOSS
RUN_20260922_130143_V2,ChecklistStrategy,BAJAJFINSV,2026-03-17,2026-03-20,LONG,1775.6,1724.0,57,3,-2941.2,-2.91,STOP_LOSS
RUN_20260922_130143_V2,ChecklistStrategy,BAJAJFINSV,2026-04-06,2026-04-09,LONG,1635.0,1784.6,30,3,4488.0,9.15,TARGET1_PARTIAL
RUN_20260922_130143_V2,ChecklistStrategy,BAJAJFINSV,2026-04-06,2026-04-10,LONG,1635.0,1777.8,30,4,4284.0,8.73,TARGET2
RUN_20260922_130143_V2,ChecklistStrategy,BAJAJFINSV,2026-04-20,2026-04-23,LONG,1839.9,1821.5,58,3,-1067.2,-1.0,SIGNAL
RUN_20260922_130143_V2,ChecklistStrategy,BAJAJFINSV,2026-05-15,2026-05-18,LONG,1735.1,1715.0,61,3,-1226.1,-1.16,SIGNAL
RUN_20260922_130143_V2,ChecklistStrategy,BAJAJFINSV,2026-05-19,2026-05-20,LONG,1745.2,1732.5,60,1,-762.0,-0.73,SIGNAL
RUN_20260922_130143_V2,ChecklistStrategy,BAJAJFINSV,2026-06-03,2026-06-08,LONG,1739.0,1684.0,60,5,-3300.0,-3.16,STOP_LOSS
RUN_20260922_130143_V2,ChecklistStrategy,BAJAJFINSV,2026-06-22,2026-06-30,LONG,1768.1,1760.0,57,8,-461.7,-0.46,SIGNAL
RUN_20260922_130143_V2,ChecklistStrategy,BAJAJFINSV,2026-07-20,2026-07-23,LONG,1852.1,1870.0,54,3,966.6,0.97,SIGNAL
RUN_20260922_130143_V2,ChecklistStrategy,BAJAJFINSV,2026-08-11,2026-08-17,LONG,2014.0,2001.4,50,6,-630.0,-0.63,SIGNAL
RUN_20260922_130143_V2,ChecklistStrategy,BAJAJFINSV,2026-08-31,2026-09-08,LONG,1985.6,1938.6,50,8,-2350.0,-2.37,STOP_LOSS
RUN_20260922_130143_V2,ChecklistStrategy,BAJAJFINSV,2026-09-18,2026-09-21,LONG,1857.2,1860.2,53,3,159.0,0.16,SIGNAL
RUN_20260922_130143_V2,ChecklistStrategy,BAJFINANCE,2024-02-01,2024-02-02,LONG,686.59,675.5,145,1,-1608.05,-1.62,SIGNAL
RUN_20260922_130143_V2,ChecklistStrategy,BAJFINANCE,2024-02-12,2024-02-22,LONG,666.95,669.1,147,10,317.52,0.32,SIGNAL
RUN_20260922_130143_V2,ChecklistStrategy,BAJFINANCE,2024-03-18,2024-03-19,LONG,651.43,650.97,151,1,-70.22,-0.07,SIGNAL
RUN_20260922_130143_V2,ChecklistStrategy,BAJFINANCE,2024-04-30,2024-05-10,LONG,682.99,663.89,144,10,-2751.12,-2.8,STOP_LOSS
RUN_20260922_130143_V2,ChecklistStrategy,BAJFINANCE,2024-05-13,2024-05-21,LONG,668.4,670.5,143,8,300.3,0.31,SIGNAL
RUN_20260922_130143_V2,ChecklistStrategy,BAJFINANCE,2024-06-27,2024-07-05,LONG,715.0,713.4,133,8,-212.8,-0.22,SIGNAL
RUN_20260922_130143_V2,ChecklistStrategy,BAJFINANCE,2024-07-08,2024-07-09,LONG,714.49,710.98,133,1,-466.83,-0.49,SIGNAL
RUN_20260922_130143_V2,ChecklistStrategy,BAJFINANCE,2024-07-15,2024-07-18,LONG,702.01,704.71,135,3,365.18,0.38,SIGNAL
RUN_20260922_130143_V2,ChecklistStrategy,BAJFINANCE,2024-07-19,2024-07-22,LONG,711.0,693.2,134,3,-2385.2,-2.5,STOP_LOSS
RUN_20260922_130143_V2,ChecklistStrategy,BAJFINANCE,2024-07-26,2024-08-01,LONG,667.51,683.15,139,6,2174.66,2.34,SIGNAL
RUN_20260922_130143_V2,ChecklistStrategy,BAJFINANCE,2024-09-09,2024-09-11,LONG,732.4,725.0,129,2,-954.6,-1.01,SIGNAL
RUN_20260922_130143_V2,ChecklistStrategy,BAJFINANCE,2024-10-08,2024-10-14,LONG,726.48,729.27,129,6,359.27,0.38,SIGNAL
RUN_20260922_130143_V2,ChecklistStrategy,BAJFINANCE,2024-10-24,2024-10-25,LONG,701.25,704.09,134,1,380.56,0.4,SIGNAL
RUN_20260922_130143_V2,ChecklistStrategy,BAJFINANCE,2024-10-30,2024-10-31,LONG,699.9,694.9,134,1,-670.0,-0.71,SIGNAL
RUN_20260922_130143_V2,ChecklistStrategy,BAJFINANCE,2024-11-06,2024-11-08,LONG,693.5,690.45,135,2,-411.75,-0.44,SIGNAL
RUN_20260922_130143_V2,ChecklistStrategy,BAJFINANCE,2024-11-21,2024-11-22,LONG,661.4,647.0,141,1,-2030.4,-2.18,STOP_LOSS
RUN_20260922_130143_V2,ChecklistStrategy,BAJFINANCE,2024-11-28,2024-11-29,LONG,671.4,651.9,136,1,-2652.0,-2.9,STOP_LOSS
RUN_20260922_130143_V2,ChecklistStrategy,BAJFINANCE,2025-01-02,2025-01-03,LONG,698.0,738.97,63,1,2581.42,5.87,TARGET1_PARTIAL
RUN_20260922_130143_V2,ChecklistStrategy,BAJFINANCE,2025-01-02,2025-01-06,LONG,698.0,750.0,64,4,3328.0,7.45,TARGET2
RUN_20260922_130143_V2,ChecklistStrategy,BAJFINANCE,2025-01-17,2025-01-27,LONG,722.1,738.01,130,10,2068.3,2.2,SIGNAL
RUN_20260922_130143_V2,ChecklistStrategy,BAJFINANCE,2025-02-03,2025-02-04,LONG,792.22,842.5,60,1,3016.8,6.35,TARGET1_PARTIAL
RUN_20260922_130143_V2,ChecklistStrategy,BAJFINANCE,2025-02-03,2025-02-05,LONG,792.22,850.0,60,2,3466.8,7.29,TARGET2
RUN_20260922_130143_V2,ChecklistStrategy,BAJFINANCE,2025-03-07,2025-03-11,LONG,840.99,830.5,122,4,-1279.78,-1.25,SIGNAL
RUN_20260922_130143_V2,ChecklistStrategy,BAJFINANCE,2025-03-18,2025-03-20,LONG,858.03,872.5,118,2,1706.87,1.69,SIGNAL
RUN_20260922_130143_V2,ChecklistStrategy,BAJFINANCE,2025-04-30,2025-05-02,LONG,884.0,857.55,113,2,-2988.85,-2.99,STOP_LOSS
RUN_20260922_130143_V2,ChecklistStrategy,BAJFINANCE,2025-05-08,2025-05-09,LONG,897.7,865.0,111,1,-3629.7,-3.64,SIGNAL
RUN_20260922_130143_V2,ChecklistStrategy,BAJFINANCE,2025-05-26,2025-05-28,LONG,925.5,924.5,104,2,-104.0,-0.11,SIGNAL
RUN_20260922_130143_V2,ChecklistStrategy,BAJFINANCE,2025-07-09,2025-07-17,LONG,926.5,925.95,103,8,-56.65,-0.06,SIGNAL
RUN_20260922_130143_V2,ChecklistStrategy,BAJFINANCE,2025-07-21,2025-07-28,LONG,938.9,909.25,102,7,-3024.3,-3.16,STOP_LOSS
RUN_20260922_130143_V2,ChecklistStrategy,BAJFINANCE,2025-08-14,2025-08-19,LONG,860.0,905.95,54,5,2481.3,5.34,TARGET1_PARTIAL
RUN_20260922_130143_V2,ChecklistStrategy,BAJFINANCE,2025-08-14,2025-08-25,LONG,860.0,902.1,54,11,2273.4,4.9,SIGNAL_AFTER_PARTIAL
RUN_20260922_130143_V2,ChecklistStrategy,BAJFINANCE,2025-09-15,2025-09-17,LONG,999.0,1010.0,97,2,1067.0,1.1,SIGNAL
RUN_20260922_130143_V2,ChecklistStrategy,BAJFINANCE,2025-09-30,2025-10-14,LONG,990.0,1040.0,49,14,2450.0,5.05,TARGET1_PARTIAL
RUN_20260922_130143_V2,ChecklistStrategy,BAJFINANCE,2025-09-30,2025-10-15,LONG,990.0,1026.0,50,15,1800.0,3.64,SIGNAL_AFTER_PARTIAL
RUN_20260922_130143_V2,ChecklistStrategy,BAJFINANCE,2025-11-13,2025-11-20,LONG,1012.5,1015.0,101,7,252.5,0.25,SIGNAL
RUN_20260922_130143_V2,ChecklistStrategy,BAJFINANCE,2025-12-15,2025-12-16,LONG,1015.0,1007.5,101,1,-757.5,-0.74,SIGNAL
RUN_20260922_130143_V2,ChecklistStrategy,BAJFINANCE,2026-01-05,2026-01-06,LONG,979.7,978.0,103,1,-175.1,-0.17,SIGNAL
RUN_20260922_130143_V2,ChecklistStrategy,BAJFINANCE,2026-01-23,2026-01-28,LONG,942.85,914.7,108,5,-3040.2,-2.99,STOP_LOSS
RUN_20260922_130143_V2,ChecklistStrategy,BAJFINANCE,2026-03-17,2026-03-18,LONG,878.15,876.1,112,1,-229.61,-0.23,SIGNAL
RUN_20260922_130143_V2,ChecklistStrategy,BAJFINANCE,2026-04-27,2026-05-01,LONG,923.05,937.0,107,4,1492.65,1.51,SIGNAL
RUN_20260922_130143_V2,ChecklistStrategy,BAJFINANCE,2026-05-19,2026-05-22,LONG,927.6,908.1,108,3,-2106.0,-2.1,STOP_LOSS
RUN_20260922_130143_V2,ChecklistStrategy,BAJFINANCE,2026-07-08,2026-07-10,LONG,1025.0,1010.1,94,2,-1400.6,-1.45,STOP_LOSS
RUN_20260922_130143_V2,ChecklistStrategy,BAJFINANCE,2026-07-16,2026-07-21,LONG,1024.0,1064.0,94,5,3760.0,3.91,SIGNAL
RUN_20260922_130143_V2,ChecklistStrategy,BAJFINANCE,2026-08-11,2026-08-27,LONG,1098.0,1090.0,91,16,-728.0,-0.73,SIGNAL
RUN_20260922_130143_V2,ChecklistStrategy,BAJFINANCE,2026-09-14,2026-09-16,LONG,1034.5,1010.5,96,2,-2304.0,-2.32,STOP_LOSS
RUN_20260922_130143_V2,ChecklistStrategy,BEL,2024-09-05,2024-09-06,LONG,299.0,290.35,334,1,-2889.1,-2.89,STOP_LOSS
RUN_20260922_130143_V2,ChecklistStrategy,BEL,2024-10-21,2024-10-23,LONG,286.3,271.0,337,2,-5156.1,-5.34,STOP_LOSS
RUN_20260922_130143_V2,ChecklistStrategy,BEL,2024-12-02,2024-12-03,LONG,307.8,309.0,298,1,357.6,0.39,SIGNAL
RUN_20260922_130143_V2,ChecklistStrategy,BEL,2025-01-01,2025-01-02,LONG,293.15,294.45,314,1,408.21,0.44,SIGNAL
RUN_20260922_130143_V2,ChecklistStrategy,BEL,2025-01-08,2025-01-10,LONG,287.0,280.0,322,2,-2254.0,-2.44,STOP_LOSS
RUN_20260922_130143_V2,ChecklistStrategy,BEL,2025-02-18,2025-02-21,LONG,249.0,259.5,181,3,1900.5,4.22,TARGET1_PARTIAL
RUN_20260922_130143_V2,ChecklistStrategy,BEL,2025-02-18,2025-02-24,LONG,249.0,251.0,181,6,362.0,0.8,SIGNAL_AFTER_PARTIAL
RUN_20260922_130143_V2,ChecklistStrategy,BEL,2025-04-04,2025-04-07,LONG,287.1,257.0,321,3,-9662.1,-10.48,STOP_LOSS
RUN_20260922_130143_V2,ChecklistStrategy,BEL,2025-06-27,2025-07-02,LONG,410.5,431.05,100,5,2055.0,5.01,TARGET1_PARTIAL
RUN_20260922_130143_V2,ChecklistStrategy,BEL,2025-06-27,2025-07-03,LONG,410.5,427.7,101,6,1737.2,4.19,SIGNAL_AFTER_PARTIAL
RUN_20260922_130143_V2,ChecklistStrategy,BEL,2025-08-22,2025-08-25,LONG,373.8,377.85,230,3,931.5,1.08,SIGNAL
RUN_20260922_130143_V2,ChecklistStrategy,BEL,2025-09-15,2025-09-22,LONG,400.0,409.8,218,7,2136.4,2.45,SIGNAL
RUN_20260922_130143_V2,ChecklistStrategy,BEL,2025-09-26,2025-09-30,LONG,403.65,405.0,221,4,298.35,0.33,SIGNAL
RUN_20260922_130143_V2,ChecklistStrategy,BEL,2025-10-03,2025-10-08,LONG,406.8,410.4,220,5,792.0,0.88,SIGNAL
RUN_20260922_130143_V2,ChecklistStrategy,BEL,2025-10-10,2025-10-14,LONG,409.0,410.0,220,4,220.0,0.24,SIGNAL
RUN_20260922_130143_V2,ChecklistStrategy,BEL,2025-10-16,2025-10-20,LONG,409.1,416.5,221,4,1635.4,1.81,SIGNAL
RUN_20260922_130143_V2,ChecklistStrategy,BEL,2025-11-17,2025-11-24,LONG,427.95,414.0,215,7,-2999.25,-3.26,STOP_LOSS
RUN_20260922_130143_V2,ChecklistStrategy,BEL,2025-11-26,2025-11-28,LONG,410.25,414.0,217,2,813.75,0.91,SIGNAL
RUN_20260922_130143_V2,ChecklistStrategy,BEL,2026-02-12,2026-02-16,LONG,437.0,433.05,205,4,-809.75,-0.9,SIGNAL
RUN_20260922_130143_V2,ChecklistStrategy,BEL,2026-06-04,2026-06-19,LONG,405.0,427.9,109,15,2496.1,5.65,TARGET1_PARTIAL
RUN_20260922_130143_V2,ChecklistStrategy,BEL,2026-06-04,2026-06-22,LONG,405.0,428.1,109,18,2517.9,5.7,SIGNAL_AFTER_PARTIAL
RUN_20260922_130143_V2,ChecklistStrategy,BEL,2026-08-14,2026-08-25,LONG,410.45,407.0,228,11,-786.6,-0.84,SIGNAL
RUN_20260922_130143_V2,ChecklistStrategy,BEL,2026-08-28,2026-09-07,LONG,410.85,406.35,226,10,-1017.0,-1.1,SIGNAL
RUN_20260922_130143_V2,ChecklistStrategy,BHARTIARTL,2024-02-23,2024-02-29,LONG,1127.0,1118.85,88,6,-717.2,-0.72,SIGNAL
RUN_20260922_130143_V2,ChecklistStrategy,BHARTIARTL,2024-03-15,2024-03-22,LONG,1190.0,1226.95,83,7,3066.85,3.11,SIGNAL
RUN_20260922_130143_V2,ChecklistStrategy,BHARTIARTL,2024-03-26,2024-04-08,LONG,1225.0,1188.0,82,13,-3034.0,-3.02,STOP_LOSS
RUN_20260922_130143_V2,ChecklistStrategy,BHARTIARTL,2024-05-09,2024-05-17,LONG,1283.0,1353.6,38,8,2682.8,5.5,TARGET1_PARTIAL
RUN_20260922_130143_V2,ChecklistStrategy,BHARTIARTL,2024-05-09,2024-05-23,LONG,1283.0,1350.75,38,14,2574.5,5.28,SIGNAL_AFTER_PARTIAL
RUN_20260922_130143_V2,ChecklistStrategy,BHARTIARTL,2024-06-07,2024-06-11,LONG,1370.6,1426.0,38,4,2105.2,4.04,TARGET1_PARTIAL
RUN_20260922_130143_V2,ChecklistStrategy,BHARTIARTL,2024-06-07,2024-06-27,LONG,1370.6,1464.0,38,20,3549.2,6.81,TARGET2
RUN_20260922_130143_V2,ChecklistStrategy,BHARTIARTL,2024-07-24,2024-08-05,LONG,1466.0,1482.0,74,12,1184.0,1.09,SIGNAL
RUN_20260922_130143_V2,ChecklistStrategy,BHARTIARTL,2024-08-16,2024-08-21,LONG,1480.0,1453.0,75,5,-2025.0,-1.82,STOP_LOSS
RUN_20260922_130143_V2,ChecklistStrategy,BHARTIARTL,2024-10-08,2024-10-09,LONG,1662.6,1666.75,65,1,269.75,0.25,SIGNAL
RUN_20260922_130143_V2,ChecklistStrategy,BHARTIARTL,2024-10-14,2024-10-18,LONG,1686.0,1710.0,64,4,1536.0,1.42,SIGNAL
RUN_20260922_130143_V2,ChecklistStrategy,BHARTIARTL,2024-10-21,2024-10-28,LONG,1705.55,1658.15,64,7,-3033.6,-2.78,STOP_LOSS
RUN_20260922_130143_V2,ChecklistStrategy,BHARTIARTL,2024-12-02,2024-12-04,LONG,1627.15,1629.75,66,2,171.6,0.16,SIGNAL
RUN_20260922_130143_V2,ChecklistStrategy,BHARTIARTL,2024-12-06,2024-12-09,LONG,1618.0,1595.9,66,3,-1458.6,-1.37,SIGNAL
RUN_20260922_130143_V2,ChecklistStrategy,BHARTIARTL,2024-12-13,2024-12-17,LONG,1618.0,1650.5,65,4,2112.5,2.01,SIGNAL
RUN_20260922_130143_V2,ChecklistStrategy,BHARTIARTL,2024-12-24,2024-12-26,LONG,1590.0,1583.9,68,2,-414.8,-0.38,SIGNAL
RUN_20260922_130143_V2,ChecklistStrategy,BHARTIARTL,2025-01-23,2025-01-30,LONG,1624.5,1606.7,65,7,-1157.0,-1.1,SIGNAL
RUN_20260922_130143_V2,ChecklistStrategy,BHARTIARTL,2025-02-04,2025-02-05,LONG,1662.15,1670.0,64,1,502.4,0.47,SIGNAL
RUN_20260922_130143_V2,ChecklistStrategy,BHARTIARTL,2025-02-27,2025-03-03,LONG,1643.4,1579.0,65,4,-4186.0,-3.92,STOP_LOSS
RUN_20260922_130143_V2,ChecklistStrategy,BHARTIARTL,2025-03-04,2025-03-07,LONG,1589.0,1629.0,64,3,2560.0,2.52,SIGNAL
RUN_20260922_130143_V2,ChecklistStrategy,BHARTIARTL,2025-04-30,2025-05-08,LONG,1837.0,1897.0,57,8,3420.0,3.27,SIGNAL
RUN_20260922_130143_V2,ChecklistStrategy,BHARTIARTL,2025-08-12,2025-08-22,LONG,1857.4,1934.0,58,10,4442.8,4.12,SIGNAL
RUN_20260922_130143_V2,ChecklistStrategy,BHARTIARTL,2025-09-16,2025-09-19,LONG,1903.3,1930.2,59,3,1587.09,1.41,SIGNAL
RUN_20260922_130143_V2,ChecklistStrategy,BHARTIARTL,2025-09-22,2025-09-26,LONG,1954.0,1931.1,58,4,-1328.2,-1.17,SIGNAL
RUN_20260922_130143_V2,ChecklistStrategy,BHARTIARTL,2025-10-06,2025-10-13,LONG,1892.6,1937.9,59,7,2672.7,2.39,SIGNAL
RUN_20260922_130143_V2,ChecklistStrategy,BHARTIARTL,2025-12-03,2025-12-09,LONG,2100.1,2086.8,54,6,-718.2,-0.63,SIGNAL
RUN_20260922_130143_V2,ChecklistStrategy,BHARTIARTL,2025-12-15,2025-12-16,LONG,2070.1,2070.1,55,1,0.0,0.0,SIGNAL
RUN_20260922_130143_V2,ChecklistStrategy,BHARTIARTL,2026-01-30,2026-02-05,LONG,1925.6,2012.0,29,6,2505.6,4.49,TARGET1_PARTIAL
RUN_20260922_130143_V2,ChecklistStrategy,BHARTIARTL,2026-01-30,2026-02-20,LONG,1925.6,1981.1,29,21,1609.5,2.88,SIGNAL_AFTER_PARTIAL
RUN_20260922_130143_V2,ChecklistStrategy,BHARTIARTL,2026-02-27,2026-03-09,LONG,1910.0,1831.0,61,10,-4819.0,-4.14,STOP_LOSS
RUN_20260922_130143_V2,ChecklistStrategy,BHARTIARTL,2026-06-22,2026-06-24,LONG,1915.8,1891.2,59,2,-1451.41,-1.28,SIGNAL
RUN_20260922_130143_V2,ChecklistStrategy,BHARTIARTL,2026-07-02,2026-07-08,LONG,1860.8,1911.0,60,6,3012.0,2.7,SIGNAL
RUN_20260922_130143_V2,ChecklistStrategy,BHARTIARTL,2026-07-15,2026-07-16,LONG,1953.7,1928.0,59,1,-1516.3,-1.32,SIGNAL
RUN_20260922_130143_V2,ChecklistStrategy,BHARTIARTL,2026-07-21,2026-07-27,LONG,1946.4,1892.0,58,6,-3155.2,-2.79,STOP_LOSS
RUN_20260922_130143_V2,ChecklistStrategy,BHARTIARTL,2026-08-10,2026-08-12,LONG,1955.0,1908.6,56,2,-2598.4,-2.37,STOP_LOSS
RUN_20260922_130143_V2,ChecklistStrategy,BHARTIARTL,2026-08-17,2026-08-18,LONG,1984.2,1956.7,54,1,-1485.0,-1.39,SIGNAL
RUN_20260922_130143_V2,ChecklistStrategy,BHARTIARTL,2026-09-02,2026-09-03,LONG,1869.0,1855.6,56,1,-750.4,-0.72,SIGNAL
RUN_20260922_130143_V2,ChecklistStrategy,CIPLA,2024-02-23,2024-03-04,LONG,1456.15,1483.0,68,10,1825.8,1.84,SIGNAL
RUN_20260922_130143_V2,ChecklistStrategy,CIPLA,2024-03-14,2024-03-20,LONG,1467.1,1435.8,69,6,-2159.69,-2.13,STOP_LOSS
RUN_20260922_130143_V2,ChecklistStrategy,CIPLA,2024-05-07,2024-05-08,LONG,1423.4,1375.05,69,1,-3336.15,-3.4,STOP_LOSS
RUN_20260922_130143_V2,ChecklistStrategy,CIPLA,2024-05-16,2024-05-23,LONG,1409.0,1482.0,34,7,2482.0,5.18,TARGET1_PARTIAL
RUN_20260922_130143_V2,ChecklistStrategy,CIPLA,2024-05-16,2024-05-27,LONG,1409.0,1491.0,34,11,2788.0,5.82,SIGNAL_AFTER_PARTIAL
RUN_20260922_130143_V2,ChecklistStrategy,CIPLA,2024-06-10,2024-06-14,LONG,1506.9,1545.0,67,4,2552.7,2.53,SIGNAL
RUN_20260922_130143_V2,ChecklistStrategy,CIPLA,2024-07-10,2024-07-16,LONG,1512.1,1517.2,68,6,346.8,0.34,SIGNAL
RUN_20260922_130143_V2,ChecklistStrategy,CIPLA,2024-08-01,2024-08-29,LONG,1545.95,1622.0,33,28,2509.65,4.92,TARGET1_PARTIAL
RUN_20260922_130143_V2,ChecklistStrategy,CIPLA,2024-08-01,2024-09-02,LONG,1545.95,1669.0,34,32,4183.7,7.96,TARGET2
RUN_20260922_130143_V2,ChecklistStrategy,CIPLA,2024-09-23,2024-09-27,LONG,1646.85,1630.15,67,4,-1118.9,-1.01,SIGNAL
RUN_20260922_130143_V2,ChecklistStrategy,CIPLA,2024-10-03,2024-10-07,LONG,1661.25,1623.0,65,4,-2486.25,-2.3,STOP_LOSS
RUN_20260922_130143_V2,ChecklistStrategy,CIPLA,2024-10-15,2024-10-17,LONG,1601.9,1562.2,66,2,-2620.2,-2.48,STOP_LOSS
RUN_20260922_130143_V2,ChecklistStrategy,CIPLA,2024-12-16,2024-12-20,LONG,1448.0,1506.55,36,4,2107.8,4.04,TARGET1_PARTIAL
RUN_20260922_130143_V2,ChecklistStrategy,CIPLA,2024-12-16,2024-12-23,LONG,1448.0,1473.95,36,7,934.2,1.79,SIGNAL_AFTER_PARTIAL
RUN_20260922_130143_V2,ChecklistStrategy,CIPLA,2025-02-14,2025-02-27,LONG,1478.0,1452.0,72,13,-1872.0,-1.76,SIGNAL
RUN_20260922_130143_V2,ChecklistStrategy,CIPLA,2025-03-05,2025-03-07,LONG,1395.1,1465.95,37,2,2621.45,5.08,TARGET1_PARTIAL
RUN_20260922_130143_V2,ChecklistStrategy,CIPLA,2025-03-05,2025-03-11,LONG,1395.1,1448.0,38,6,2010.2,3.79,SIGNAL_AFTER_PARTIAL
RUN_20260922_130143_V2,ChecklistStrategy,CIPLA,2025-03-13,2025-03-24,LONG,1456.4,1525.05,37,11,2540.05,4.71,TARGET1_PARTIAL
RUN_20260922_130143_V2,ChecklistStrategy,CIPLA,2025-03-13,2025-04-01,LONG,1456.4,1438.55,38,19,-678.3,-1.23,STOP_LOSS_AFTER_PARTIAL
RUN_20260922_130143_V2,ChecklistStrategy,CIPLA,2025-04-17,2025-04-28,LONG,1498.0,1525.9,74,11,2064.6,1.86,SIGNAL
RUN_20260922_130143_V2,ChecklistStrategy,CIPLA,2025-05-22,2025-06-05,LONG,1483.0,1476.0,76,14,-532.0,-0.47,SIGNAL
RUN_20260922_130143_V2,ChecklistStrategy,CIPLA,2025-06-11,2025-06-13,LONG,1512.5,1480.0,74,2,-2405.0,-2.15,SIGNAL
RUN_20260922_130143_V2,ChecklistStrategy,CIPLA,2025-06-23,2025-07-03,LONG,1499.7,1504.0,73,10,313.9,0.29,SIGNAL
RUN_20260922_130143_V2,ChecklistStrategy,CIPLA,2025-07-04,2025-07-11,LONG,1508.4,1480.0,73,7,-2073.2,-1.88,STOP_LOSS
RUN_20260922_130143_V2,ChecklistStrategy,CIPLA,2025-07-21,2025-07-29,LONG,1481.1,1563.4,36,8,2962.8,5.56,TARGET1_PARTIAL
RUN_20260922_130143_V2,ChecklistStrategy,CIPLA,2025-07-21,2025-07-30,LONG,1481.1,1574.3,37,9,3448.4,6.29,TARGET2
RUN_20260922_130143_V2,ChecklistStrategy,CIPLA,2025-08-05,2025-08-22,LONG,1513.5,1590.0,37,17,2830.5,5.05,TARGET1_PARTIAL
RUN_20260922_130143_V2,ChecklistStrategy,CIPLA,2025-08-05,2025-08-28,LONG,1513.5,1594.0,38,23,3059.0,5.32,SIGNAL_AFTER_PARTIAL
RUN_20260922_130143_V2,ChecklistStrategy,CIPLA,2025-09-29,2025-09-30,LONG,1506.9,1488.1,80,1,-1504.0,-1.25,SIGNAL
RUN_20260922_130143_V2,ChecklistStrategy,CIPLA,2025-10-01,2025-10-17,LONG,1505.0,1565.3,39,16,2351.7,4.01,TARGET1_PARTIAL
RUN_20260922_130143_V2,ChecklistStrategy,CIPLA,2025-10-01,2025-10-21,LONG,1505.0,1646.7,40,20,5668.0,9.42,TARGET2
RUN_20260922_130143_V2,ChecklistStrategy,CIPLA,2025-10-30,2025-10-31,LONG,1587.0,1510.1,80,1,-6152.0,-4.85,STOP_LOSS
RUN_20260922_130143_V2,ChecklistStrategy,CIPLA,2025-11-18,2025-11-26,LONG,1530.0,1505.0,78,8,-1950.0,-1.63,SIGNAL
RUN_20260922_130143_V2,ChecklistStrategy,CIPLA,2026-01-01,2026-01-08,LONG,1512.0,1467.9,78,7,-3439.8,-2.92,STOP_LOSS
RUN_20260922_130143_V2,ChecklistStrategy,CIPLA,2026-01-12,2026-01-15,LONG,1464.0,1434.5,78,3,-2301.0,-2.02,STOP_LOSS
RUN_20260922_130143_V2,ChecklistStrategy,CIPLA,2026-01-20,2026-01-22,LONG,1392.3,1381.2,81,2,-899.11,-0.8,SIGNAL
RUN_20260922_130143_V2,ChecklistStrategy,CIPLA,2026-01-30,2026-02-18,LONG,1319.0,1350.8,84,19,2671.2,2.41,SIGNAL
RUN_20260922_130143_V2,ChecklistStrategy,CIPLA,2026-03-06,2026-03-09,LONG,1326.1,1309.0,86,3,-1470.6,-1.29,SIGNAL
RUN_20260922_130143_V2,ChecklistStrategy,CIPLA,2026-04-10,2026-04-21,LONG,1225.4,1228.6,92,11,294.4,0.26,SIGNAL
RUN_20260922_130143_V2,ChecklistStrategy,CIPLA,2026-06-03,2026-06-10,LONG,1375.0,1374.0,82,7,-82.0,-0.07,SIGNAL
RUN_20260922_130143_V2,ChecklistStrategy,CIPLA,2026-07-15,2026-07-23,LONG,1447.0,1409.1,78,8,-2956.2,-2.62,STOP_LOSS
RUN_20260922_130143_V2,ChecklistStrategy,CIPLA,2026-07-27,2026-07-30,LONG,1412.6,1478.8,39,3,2581.8,4.69,TARGET1_PARTIAL
RUN_20260922_130143_V2,ChecklistStrategy,CIPLA,2026-07-27,2026-08-17,LONG,1412.6,1445.4,39,21,1279.2,2.32,SIGNAL_AFTER_PARTIAL
RUN_20260922_130143_V2,ChecklistStrategy,CIPLA,2026-08-25,2026-08-27,LONG,1435.9,1405.0,79,2,-2441.1,-2.15,STOP_LOSS
RUN_20260922_130143_V2,ChecklistStrategy,CIPLA,2026-09-11,2026-09-22,LONG,1373.0,1386.3,81,11,1077.3,0.97,SIGNAL
RUN_20260922_130143_V2,ChecklistStrategy,COALINDIA,2024-02-14,2024-02-16,LONG,451.65,482.4,110,2,3382.5,6.81,TARGET1_PARTIAL
RUN_20260922_130143_V2,ChecklistStrategy,COALINDIA,2024-02-14,2024-02-19,LONG,451.65,482.8,111,5,3457.65,6.9,TARGET2
RUN_20260922_130143_V2,ChecklistStrategy,COALINDIA,2024-03-15,2024-03-18,LONG,427.7,416.0,249,3,-2913.3,-2.74,STOP_LOSS
RUN_20260922_130143_V2,ChecklistStrategy,COALINDIA,2024-04-25,2024-04-30,LONG,443.0,456.4,233,5,3122.2,3.02,SIGNAL
RUN_20260922_130143_V2,ChecklistStrategy,COALINDIA,2024-06-21,2024-06-26,LONG,483.15,470.25,221,5,-2850.9,-2.67,STOP_LOSS
RUN_20260922_130143_V2,ChecklistStrategy,COALINDIA,2024-07-11,2024-07-18,LONG,492.0,515.35,105,7,2451.75,4.75,TARGET1_PARTIAL
RUN_20260922_130143_V2,ChecklistStrategy,COALINDIA,2024-07-11,2024-07-22,LONG,492.0,488.0,106,11,-424.0,-0.81,STOP_LOSS_AFTER_PARTIAL
RUN_20260922_130143_V2,ChecklistStrategy,COALINDIA,2024-08-12,2024-08-16,LONG,529.0,507.7,199,4,-4238.7,-4.03,STOP_LOSS
RUN_20260922_130143_V2,ChecklistStrategy,COALINDIA,2024-10-09,2024-10-16,LONG,492.0,495.0,206,7,618.0,0.61,SIGNAL
RUN_20260922_130143_V2,ChecklistStrategy,COALINDIA,2024-10-17,2024-10-18,LONG,495.75,488.0,206,1,-1596.5,-1.56,SIGNAL
RUN_20260922_130143_V2,ChecklistStrategy,COALINDIA,2024-12-16,2024-12-19,LONG,410.5,390.95,244,3,-4770.2,-4.76,STOP_LOSS
RUN_20260922_130143_V2,ChecklistStrategy,COALINDIA,2025-01-01,2025-01-07,LONG,383.55,380.55,249,6,-747.0,-0.78,SIGNAL
RUN_20260922_130143_V2,ChecklistStrategy,COALINDIA,2025-01-24,2025-01-27,LONG,386.05,380.9,245,3,-1261.75,-1.33,SIGNAL
RUN_20260922_130143_V2,ChecklistStrategy,COALINDIA,2025-02-18,2025-03-03,LONG,360.25,370.0,259,13,2525.25,2.71,SIGNAL
RUN_20260922_130143_V2,ChecklistStrategy,COALINDIA,2025-04-09,2025-04-11,LONG,382.3,389.95,250,2,1912.51,2.0,STOP_LOSS
RUN_20260922_130143_V2,ChecklistStrategy,COALINDIA,2025-04-17,2025-04-21,LONG,396.9,399.25,245,4,575.75,0.59,SIGNAL
RUN_20260922_130143_V2,ChecklistStrategy,COALINDIA,2025-04-29,2025-04-30,LONG,397.15,389.1,247,1,-1988.35,-2.03,STOP_LOSS
RUN_20260922_130143_V2,ChecklistStrategy,COALINDIA,2025-05-26,2025-06-02,LONG,402.55,398.95,239,7,-860.39,-0.89,SIGNAL
RUN_20260922_130143_V2,ChecklistStrategy,COALINDIA,2025-06-05,2025-06-10,LONG,394.6,403.0,241,5,2024.4,2.13,SIGNAL
RUN_20260922_130143_V2,ChecklistStrategy,COALINDIA,2025-07-23,2025-07-28,LONG,389.4,381.2,250,5,-2050.0,-2.11,STOP_LOSS
RUN_20260922_130143_V2,ChecklistStrategy,COALINDIA,2025-07-30,2025-08-04,LONG,384.0,372.45,248,5,-2864.4,-3.01,STOP_LOSS
RUN_20260922_130143_V2,ChecklistStrategy,COALINDIA,2025-08-29,2025-09-03,LONG,372.65,380.95,246,5,2041.8,2.23,SIGNAL
RUN_20260922_130143_V2,ChecklistStrategy,COALINDIA,2025-09-22,2025-09-24,LONG,394.5,394.5,239,2,0.0,0.0,SIGNAL
RUN_20260922_130143_V2,ChecklistStrategy,COALINDIA,2025-10-24,2025-10-29,LONG,392.65,393.25,240,5,144.0,0.15,SIGNAL
RUN_20260922_130143_V2,ChecklistStrategy,COALINDIA,2025-11-17,2025-11-19,LONG,387.0,383.1,243,2,-947.7,-1.01,SIGNAL
RUN_20260922_130143_V2,ChecklistStrategy,COALINDIA,2025-12-08,2025-12-09,LONG,380.9,375.1,245,1,-1421.0,-1.52,SIGNAL
RUN_20260922_130143_V2,ChecklistStrategy,COALINDIA,2025-12-18,2025-12-24,LONG,384.4,403.8,119,6,2308.6,5.05,TARGET1_PARTIAL
RUN_20260922_130143_V2,ChecklistStrategy,COALINDIA,2025-12-18,2025-12-26,LONG,384.4,403.8,119,8,2308.6,5.05,SIGNAL_AFTER_PARTIAL
RUN_20260922_130143_V2,ChecklistStrategy,COALINDIA,2026-02-17,2026-02-18,LONG,422.25,418.45,228,1,-866.4,-0.9,SIGNAL
RUN_20260922_130143_V2,ChecklistStrategy,COALINDIA,2026-03-02,2026-03-05,LONG,417.9,440.15,110,3,2447.5,5.32,TARGET1_PARTIAL
RUN_20260922_130143_V2,ChecklistStrategy,COALINDIA,2026-03-02,2026-03-06,LONG,417.9,451.15,111,4,3690.75,7.96,TARGET2
RUN_20260922_130143_V2,ChecklistStrategy,COALINDIA,2026-04-10,2026-04-13,LONG,455.0,435.0,223,3,-4460.0,-4.4,STOP_LOSS
RUN_20260922_130143_V2,ChecklistStrategy,COALINDIA,2026-05-08,2026-05-14,LONG,461.2,464.0,208,6,582.4,0.61,SIGNAL
RUN_20260922_130143_V2,ChecklistStrategy,COALINDIA,2026-05-18,2026-05-20,LONG,462.0,456.0,211,2,-1266.0,-1.3,SIGNAL
RUN_20260922_130143_V2,ChecklistStrategy,COALINDIA,2026-06-02,2026-06-08,LONG,469.85,465.0,203,6,-984.55,-1.03,SIGNAL
RUN_20260922_130143_V2,ChecklistStrategy,COALINDIA,2026-07-14,2026-07-21,LONG,429.95,429.95,221,7,0.0,0.0,SIGNAL
RUN_20260922_130143_V2,ChecklistStrategy,COALINDIA,2026-08-04,2026-08-19,LONG,415.0,406.95,228,15,-1835.4,-1.94,SIGNAL
RUN_20260922_130143_V2,ChecklistStrategy,DRREDDY,2024-02-01,2024-02-02,LONG,1217.89,1203.19,81,1,-1190.71,-1.21,SIGNAL
RUN_20260922_130143_V2,ChecklistStrategy,DRREDDY,2024-03-05,2024-03-13,LONG,1266.98,1260.48,77,8,-500.5,-0.51,SIGNAL
RUN_20260922_130143_V2,ChecklistStrategy,DRREDDY,2024-03-14,2024-03-18,LONG,1256.4,1258.42,77,4,155.54,0.16,SIGNAL
RUN_20260922_130143_V2,ChecklistStrategy,DRREDDY,2024-03-21,2024-03-27,LONG,1225.0,1230.2,80,6,416.0,0.42,SIGNAL
RUN_20260922_130143_V2,ChecklistStrategy,DRREDDY,2024-04-05,2024-04-08,LONG,1228.5,1243.49,80,3,1199.2,1.22,SIGNAL
RUN_20260922_130143_V2,ChecklistStrategy,DRREDDY,2024-05-09,2024-05-10,LONG,1214.9,1175.0,82,1,-3271.8,-3.28,STOP_LOSS
RUN_20260922_130143_V2,ChecklistStrategy,DRREDDY,2024-05-28,2024-05-30,LONG,1174.43,1195.0,82,2,1686.74,1.75,SIGNAL
RUN_20260922_130143_V2,ChecklistStrategy,DRREDDY,2024-06-13,2024-06-19,LONG,1223.98,1198.39,80,6,-2047.2,-2.09,STOP_LOSS
RUN_20260922_130143_V2,ChecklistStrategy,DRREDDY,2024-06-26,2024-07-01,LONG,1212.7,1286.0,39,5,2858.7,6.04,TARGET1_PARTIAL
RUN_20260922_130143_V2,ChecklistStrategy,DRREDDY,2024-06-26,2024-07-03,LONG,1212.7,1274.8,39,7,2421.9,5.12,SIGNAL_AFTER_PARTIAL
RUN_20260922_130143_V2,ChecklistStrategy,DRREDDY,2024-11-04,2024-11-11,LONG,1259.6,1284.0,80,7,1952.0,1.94,SIGNAL
RUN_20260922_130143_V2,ChecklistStrategy,DRREDDY,2024-11-21,2024-12-02,LONG,1174.9,1214.25,84,11,3305.4,3.35,SIGNAL
RUN_20260922_130143_V2,ChecklistStrategy,DRREDDY,2024-12-12,2024-12-18,LONG,1244.8,1251.9,85,6,603.5,0.57,SIGNAL
RUN_20260922_130143_V2,ChecklistStrategy,DRREDDY,2025-01-15,2025-01-17,LONG,1345.0,1298.0,79,2,-3713.0,-3.49,STOP_LOSS
RUN_20260922_130143_V2,ChecklistStrategy,DRREDDY,2025-02-18,2025-02-20,LONG,1198.95,1164.5,85,2,-2928.25,-2.87,STOP_LOSS
RUN_20260922_130143_V2,ChecklistStrategy,DRREDDY,2025-02-21,2025-02-27,LONG,1170.7,1128.5,85,6,-3587.0,-3.6,STOP_LOSS
RUN_20260922_130143_V2,ChecklistStrategy,DRREDDY,2025-03-04,2025-03-20,LONG,1111.1,1178.95,43,16,2917.55,6.11,TARGET1_PARTIAL
RUN_20260922_130143_V2,ChecklistStrategy,DRREDDY,2025-03-04,2025-03-21,LONG,1111.1,1190.2,43,17,3401.3,7.12,TARGET2
RUN_20260922_130143_V2,ChecklistStrategy,DRREDDY,2025-04-02,2025-04-07,LONG,1150.0,1020.0,89,5,-11570.0,-11.3,STOP_LOSS
RUN_20260922_130143_V2,ChecklistStrategy,DRREDDY,2025-04-29,2025-04-30,LONG,1204.4,1176.2,75,1,-2115.01,-2.34,STOP_LOSS
RUN_20260922_130143_V2,ChecklistStrategy,DRREDDY,2025-05-02,2025-05-09,LONG,1176.1,1142.5,75,7,-2520.0,-2.86,STOP_LOSS
RUN_20260922_130143_V2,ChecklistStrategy,DRREDDY,2025-05-12,2025-05-14,LONG,1155.9,1213.3,37,2,2123.8,4.97,TARGET1_PARTIAL
RUN_20260922_130143_V2,ChecklistStrategy,DRREDDY,2025-05-12,2025-05-15,LONG,1155.9,1214.0,37,3,2149.7,5.03,SIGNAL_AFTER_PARTIAL
RUN_20260922_130143_V2,ChecklistStrategy,DRREDDY,2025-07-08,2025-07-09,LONG,1310.3,1280.0,69,1,-2090.7,-2.31,STOP_LOSS
RUN_20260922_130143_V2,ChecklistStrategy,DRREDDY,2025-07-16,2025-07-17,LONG,1260.9,1259.4,70,1,-105.0,-0.12,SIGNAL
RUN_20260922_130143_V2,ChecklistStrategy,DRREDDY,2025-07-18,2025-07-21,LONG,1265.0,1250.2,69,3,-1021.2,-1.17,SIGNAL
RUN_20260922_130143_V2,ChecklistStrategy,DRREDDY,2025-07-24,2025-07-25,LONG,1261.1,1266.0,69,1,338.1,0.39,SIGNAL
RUN_20260922_130143_V2,ChecklistStrategy,DRREDDY,2025-10-31,2025-11-19,LONG,1202.5,1248.7,72,19,3326.4,3.84,SIGNAL
RUN_20260922_130143_V2,ChecklistStrategy,DRREDDY,2025-11-20,2025-11-25,LONG,1255.0,1236.3,72,5,-1346.4,-1.49,STOP_LOSS
RUN_20260922_130143_V2,ChecklistStrategy,DRREDDY,2025-11-27,2025-12-11,LONG,1248.0,1250.8,71,14,198.8,0.22,SIGNAL
RUN_20260922_130143_V2,ChecklistStrategy,DRREDDY,2025-12-19,2025-12-30,LONG,1277.0,1268.0,69,11,-621.0,-0.7,SIGNAL
RUN_20260922_130143_V2,ChecklistStrategy,DRREDDY,2026-01-01,2026-01-06,LONG,1270.0,1250.0,69,5,-1380.0,-1.57,SIGNAL
RUN_20260922_130143_V2,ChecklistStrategy,DRREDDY,2026-01-12,2026-01-14,LONG,1210.0,1191.1,72,2,-1360.8,-1.56,SIGNAL
RUN_20260922_130143_V2,ChecklistStrategy,DRREDDY,2026-02-02,2026-02-05,LONG,1189.5,1242.0,35,3,1837.5,4.41,TARGET1_PARTIAL
RUN_20260922_130143_V2,ChecklistStrategy,DRREDDY,2026-02-02,2026-02-09,LONG,1189.5,1260.0,35,7,2467.5,5.93,SIGNAL_AFTER_PARTIAL
RUN_20260922_130143_V2,ChecklistStrategy,DRREDDY,2026-02-12,2026-03-12,LONG,1268.9,1321.0,35,28,1823.5,4.11,TARGET1_PARTIAL
RUN_20260922_130143_V2,ChecklistStrategy,DRREDDY,2026-02-12,2026-03-13,LONG,1268.9,1310.0,36,29,1479.6,3.24,SIGNAL_AFTER_PARTIAL
RUN_20260922_130143_V2,ChecklistStrategy,DRREDDY,2026-03-18,2026-03-24,LONG,1283.8,1267.2,72,6,-1195.21,-1.29,STOP_LOSS
RUN_20260922_130143_V2,ChecklistStrategy,DRREDDY,2026-04-07,2026-04-16,LONG,1208.0,1222.0,75,9,1050.0,1.16,SIGNAL
RUN_20260922_130143_V2,ChecklistStrategy,DRREDDY,2026-04-20,2026-04-21,LONG,1235.0,1232.6,75,1,-180.0,-0.19,SIGNAL
RUN_20260922_130143_V2,ChecklistStrategy,DRREDDY,2026-05-20,2026-05-21,LONG,1323.6,1325.0,69,1,96.6,0.11,SIGNAL
RUN_20260922_130143_V2,ChecklistStrategy,DRREDDY,2026-07-15,2026-07-20,LONG,1249.1,1213.3,74,5,-2649.19,-2.87,STOP_LOSS
RUN_20260922_130143_V2,ChecklistStrategy,DRREDDY,2026-07-21,2026-07-23,LONG,1224.7,1101.0,73,2,-9030.1,-10.1,STOP_LOSS
RUN_20260922_130143_V2,ChecklistStrategy,DRREDDY,2026-08-26,2026-08-31,LONG,1189.9,1178.0,68,5,-809.2,-1.0,SIGNAL
RUN_20260922_130143_V2,ChecklistStrategy,DRREDDY,2026-09-02,2026-09-17,LONG,1165.0,1140.0,68,15,-1700.0,-2.15,STOP_LOSS
RUN_20260922_130143_V2,ChecklistStrategy,DRREDDY,2026-09-18,2026-09-21,LONG,1182.6,1185.0,66,3,158.4,0.2,SIGNAL
RUN_20260922_130143_V2,ChecklistStrategy,EICHERMOT,2024-02-06,2024-02-09,LONG,3900.0,3820.0,25,3,-2000.0,-2.05,STOP_LOSS
RUN_20260922_130143_V2,ChecklistStrategy,EICHERMOT,2024-02-12,2024-02-22,LONG,3869.9,3864.8,25,10,-127.5,-0.13,SIGNAL
RUN_20260922_130143_V2,ChecklistStrategy,EICHERMOT,2024-02-27,2024-02-29,LONG,3950.0,3862.95,24,2,-2089.2,-2.2,STOP_LOSS
RUN_20260922_130143_V2,ChecklistStrategy,EICHERMOT,2024-03-06,2024-03-14,LONG,3800.0,3717.0,25,8,-2075.0,-2.18,SIGNAL
RUN_20260922_130143_V2,ChecklistStrategy,EICHERMOT,2024-04-04,2024-04-09,LONG,3957.0,4247.8,11,5,3198.8,7.35,TARGET1_PARTIAL
RUN_20260922_130143_V2,ChecklistStrategy,EICHERMOT,2024-04-04,2024-04-10,LONG,3957.0,4250.0,12,6,3516.0,7.4,TARGET2
RUN_20260922_130143_V2,ChecklistStrategy,EICHERMOT,2024-04-18,2024-04-19,LONG,4356.0,4345.0,22,1,-242.0,-0.25,SIGNAL
RUN_20260922_130143_V2,ChecklistStrategy,EICHERMOT,2024-06-06,2024-06-11,LONG,4579.0,4810.0,10,5,2310.0,5.04,TARGET1_PARTIAL
RUN_20260922_130143_V2,ChecklistStrategy,EICHERMOT,2024-06-06,2024-06-12,LONG,4579.0,4765.0,11,6,2046.0,4.06,SIGNAL_AFTER_PARTIAL
RUN_20260922_130143_V2,ChecklistStrategy,EICHERMOT,2024-09-02,2024-09-03,LONG,4949.75,4923.95,20,1,-516.0,-0.52,SIGNAL
RUN_20260922_130143_V2,ChecklistStrategy,EICHERMOT,2024-09-26,2024-10-01,LONG,4915.0,5026.3,21,5,2337.3,2.26,SIGNAL
RUN_20260922_130143_V2,ChecklistStrategy,EICHERMOT,2024-10-14,2024-10-18,LONG,4749.0,4613.9,22,4,-2972.2,-2.84,STOP_LOSS
RUN_20260922_130143_V2,ChecklistStrategy,EICHERMOT,2024-10-21,2024-10-23,LONG,4765.0,4722.55,21,2,-891.45,-0.89,SIGNAL
RUN_20260922_130143_V2,ChecklistStrategy,EICHERMOT,2024-10-29,2024-10-30,LONG,4688.0,4850.1,10,1,1621.0,3.46,TARGET1_PARTIAL
RUN_20260922_130143_V2,ChecklistStrategy,EICHERMOT,2024-10-29,2024-10-31,LONG,4688.0,4869.0,11,2,1991.0,3.86,SIGNAL_AFTER_PARTIAL
RUN_20260922_130143_V2,ChecklistStrategy,EICHERMOT,2024-11-06,2024-11-11,LONG,4910.95,4762.0,21,5,-3127.95,-3.03,STOP_LOSS
RUN_20260922_130143_V2,ChecklistStrategy,EICHERMOT,2024-12-03,2024-12-10,LONG,4820.75,4840.0,21,7,404.25,0.4,SIGNAL
RUN_20260922_130143_V2,ChecklistStrategy,EICHERMOT,2025-01-03,2025-01-08,LONG,5325.0,5212.2,19,5,-2143.2,-2.12,STOP_LOSS
RUN_20260922_130143_V2,ChecklistStrategy,EICHERMOT,2025-01-23,2025-01-27,LONG,4996.6,5190.0,10,4,1934.0,3.87,TARGET1_PARTIAL
RUN_20260922_130143_V2,ChecklistStrategy,EICHERMOT,2025-01-23,2025-01-28,LONG,4996.6,5160.0,10,5,1634.0,3.27,SIGNAL_AFTER_PARTIAL
RUN_20260922_130143_V2,ChecklistStrategy,EICHERMOT,2025-01-30,2025-01-31,LONG,5182.9,5165.0,20,1,-358.0,-0.35,SIGNAL
RUN_20260922_130143_V2,ChecklistStrategy,EICHERMOT,2025-02-10,2025-02-11,LONG,5400.0,5138.85,19,1,-4961.85,-4.84,SIGNAL
RUN_20260922_130143_V2,ChecklistStrategy,EICHERMOT,2025-02-20,2025-02-25,LONG,4780.0,5028.0,10,5,2480.0,5.19,TARGET1_PARTIAL
RUN_20260922_130143_V2,ChecklistStrategy,EICHERMOT,2025-02-20,2025-03-03,LONG,4780.0,4827.0,10,11,470.0,0.98,STOP_LOSS_AFTER_PARTIAL
RUN_20260922_130143_V2,ChecklistStrategy,EICHERMOT,2025-03-04,2025-03-07,LONG,4887.0,5094.4,10,3,2074.0,4.24,TARGET1_PARTIAL
RUN_20260922_130143_V2,ChecklistStrategy,EICHERMOT,2025-03-04,2025-03-11,LONG,4887.0,4950.0,10,7,630.0,1.29,SIGNAL_AFTER_PARTIAL
RUN_20260922_130143_V2,ChecklistStrategy,EICHERMOT,2025-03-18,2025-03-24,LONG,5050.25,5325.5,10,6,2752.5,5.45,TARGET1_PARTIAL
RUN_20260922_130143_V2,ChecklistStrategy,EICHERMOT,2025-03-18,2025-03-25,LONG,5050.25,5460.0,10,7,4097.5,8.11,TARGET2
RUN_20260922_130143_V2,ChecklistStrategy,EICHERMOT,2025-04-29,2025-05-05,LONG,5626.5,5469.5,19,6,-2983.0,-2.79,STOP_LOSS
RUN_20260922_130143_V2,ChecklistStrategy,EICHERMOT,2025-05-06,2025-05-08,LONG,5460.5,5463.5,19,2,57.0,0.05,SIGNAL
RUN_20260922_130143_V2,ChecklistStrategy,EICHERMOT,2025-05-13,2025-05-19,LONG,5506.5,5510.0,19,6,66.5,0.06,SIGNAL
RUN_20260922_130143_V2,ChecklistStrategy,EICHERMOT,2025-05-30,2025-06-02,LONG,5378.0,5340.0,20,3,-760.0,-0.71,SIGNAL
RUN_20260922_130143_V2,ChecklistStrategy,EICHERMOT,2025-06-09,2025-06-12,LONG,5422.0,5351.0,19,3,-1349.0,-1.31,SIGNAL
RUN_20260922_130143_V2,ChecklistStrategy,EICHERMOT,2025-06-19,2025-06-25,LONG,5410.0,5632.0,9,6,1998.0,4.1,TARGET1_PARTIAL
RUN_20260922_130143_V2,ChecklistStrategy,EICHERMOT,2025-06-19,2025-06-26,LONG,5410.0,5576.5,10,7,1665.0,3.08,SIGNAL_AFTER_PARTIAL
RUN_20260922_130143_V2,ChecklistStrategy,EICHERMOT,2025-06-27,2025-07-01,LONG,5615.0,5656.5,19,4,788.5,0.74,SIGNAL
RUN_20260922_130143_V2,ChecklistStrategy,EICHERMOT,2025-07-02,2025-07-04,LONG,5687.0,5715.5,19,2,541.5,0.5,SIGNAL
RUN_20260922_130143_V2,ChecklistStrategy,EICHERMOT,2025-07-16,2025-07-23,LONG,5600.0,5432.0,19,7,-3192.0,-3.0,STOP_LOSS
RUN_20260922_130143_V2,ChecklistStrategy,EICHERMOT,2025-08-05,2025-08-08,LONG,5625.0,5681.5,19,3,1073.5,1.0,SIGNAL
RUN_20260922_130143_V2,ChecklistStrategy,EICHERMOT,2025-08-14,2025-08-20,LONG,5710.0,5964.0,9,6,2286.0,4.45,TARGET1_PARTIAL
RUN_20260922_130143_V2,ChecklistStrategy,EICHERMOT,2025-08-14,2025-08-22,LONG,5710.0,5970.0,9,8,2340.0,4.55,SIGNAL_AFTER_PARTIAL
RUN_20260922_130143_V2,ChecklistStrategy,EICHERMOT,2025-09-02,2025-09-08,LONG,6310.5,6570.5,8,6,2080.0,4.12,TARGET1_PARTIAL
RUN_20260922_130143_V2,ChecklistStrategy,EICHERMOT,2025-09-02,2025-09-09,LONG,6310.5,6782.0,9,7,4243.5,7.47,TARGET2
RUN_20260922_130143_V2,ChecklistStrategy,EICHERMOT,2025-09-29,2025-10-07,LONG,7049.0,6880.0,16,8,-2704.0,-2.4,STOP_LOSS
RUN_20260922_130143_V2,ChecklistStrategy,EICHERMOT,2025-10-16,2025-11-11,LONG,6893.0,6871.5,16,26,-344.0,-0.31,SIGNAL
RUN_20260922_130143_V2,ChecklistStrategy,EICHERMOT,2025-11-19,2025-11-21,LONG,6800.0,7125.5,8,2,2604.0,4.79,TARGET1_PARTIAL
RUN_20260922_130143_V2,ChecklistStrategy,EICHERMOT,2025-11-19,2025-11-25,LONG,6800.0,7258.5,8,6,3668.0,6.74,TARGET2
RUN_20260922_130143_V2,ChecklistStrategy,EICHERMOT,2025-12-01,2025-12-30,LONG,7061.5,7272.0,17,29,3578.5,2.98,SIGNAL
RUN_20260922_130143_V2,ChecklistStrategy,EICHERMOT,2026-01-01,2026-01-05,LONG,7317.0,7344.0,17,4,459.0,0.37,SIGNAL
RUN_20260922_130143_V2,ChecklistStrategy,EICHERMOT,2026-01-13,2026-01-19,LONG,7488.0,7300.0,16,6,-3008.0,-2.51,STOP_LOSS
RUN_20260922_130143_V2,ChecklistStrategy,EICHERMOT,2026-02-02,2026-02-04,LONG,6805.0,7215.0,8,2,3280.0,6.02,TARGET1_PARTIAL
RUN_20260922_130143_V2,ChecklistStrategy,EICHERMOT,2026-02-02,2026-02-05,LONG,6805.0,7290.0,9,3,4365.0,7.13,TARGET2
RUN_20260922_130143_V2,ChecklistStrategy,EICHERMOT,2026-03-23,2026-04-01,LONG,6790.0,6787.5,18,9,-45.0,-0.04,STOP_LOSS
RUN_20260922_130143_V2,ChecklistStrategy,EICHERMOT,2026-04-13,2026-05-01,LONG,7150.0,7109.0,17,18,-697.0,-0.57,SIGNAL
RUN_20260922_130143_V2,ChecklistStrategy,EICHERMOT,2026-05-15,2026-05-18,LONG,7030.0,6970.0,18,3,-1080.0,-0.85,SIGNAL
RUN_20260922_130143_V2,ChecklistStrategy,EICHERMOT,2026-07-02,2026-07-07,LONG,7155.0,7499.0,8,5,2752.0,4.81,TARGET1_PARTIAL
RUN_20260922_130143_V2,ChecklistStrategy,EICHERMOT,2026-07-02,2026-07-21,LONG,7155.0,7590.0,9,19,3915.0,6.08,SIGNAL_AFTER_PARTIAL
RUN_20260922_130143_V2,ChecklistStrategy,EICHERMOT,2026-09-04,2026-09-11,LONG,7665.0,7600.0,17,7,-1105.0,-0.85,SIGNAL
RUN_20260922_130143_V2,ChecklistStrategy,ETERNAL,2024-07-02,2024-07-10,LONG,204.0,213.0,245,8,2205.0,4.41,TARGET1_PARTIAL
RUN_20260922_130143_V2,ChecklistStrategy,ETERNAL,2024-07-02,2024-07-12,LONG,204.0,219.0,245,10,3675.0,7.35,TARGET2
RUN_20260922_130143_V2,ChecklistStrategy,ETERNAL,2024-07-19,2024-07-30,LONG,217.99,226.95,239,11,2141.44,4.11,TARGET1_PARTIAL
RUN_20260922_130143_V2,ChecklistStrategy,ETERNAL,2024-07-19,2024-08-02,LONG,217.99,244.5,240,14,6362.4,12.16,TARGET2
RUN_20260922_130143_V2,ChecklistStrategy,ETERNAL,2024-09-17,2024-09-18,LONG,277.65,270.65,411,1,-2877.0,-2.52,STOP_LOSS
RUN_20260922_130143_V2,ChecklistStrategy,ETERNAL,2024-10-28,2024-10-31,LONG,252.0,248.0,438,3,-1752.0,-1.59,STOP_LOSS
RUN_20260922_130143_V2,ChecklistStrategy,ETERNAL,2024-12-31,2025-01-02,LONG,278.0,277.9,388,2,-38.8,-0.04,SIGNAL
RUN_20260922_130143_V2,ChecklistStrategy,ETERNAL,2025-01-13,2025-01-14,LONG,240.0,233.95,450,1,-2722.5,-2.52,STOP_LOSS
RUN_20260922_130143_V2,ChecklistStrategy,ETERNAL,2025-02-20,2025-02-24,LONG,231.5,219.98,455,4,-5241.6,-4.98,SIGNAL
RUN_20260922_130143_V2,ChecklistStrategy,ETERNAL,2025-05-15,2025-05-19,LONG,236.2,245.84,213,4,2053.32,4.08,TARGET1_PARTIAL
RUN_20260922_130143_V2,ChecklistStrategy,ETERNAL,2025-05-15,2025-05-20,LONG,236.2,240.0,214,5,813.2,1.61,SIGNAL_AFTER_PARTIAL
RUN_20260922_130143_V2,ChecklistStrategy,ETERNAL,2025-09-01,2025-09-08,LONG,313.95,331.0,165,7,2813.25,5.43,TARGET1_PARTIAL
RUN_20260922_130143_V2,ChecklistStrategy,ETERNAL,2025-09-01,2025-09-19,LONG,313.95,337.0,166,18,3826.3,7.34,TARGET2
RUN_20260922_130143_V2,ChecklistStrategy,ETERNAL,2025-10-28,2025-11-03,LONG,332.75,316.45,331,6,-5395.3,-4.9,STOP_LOSS
RUN_20260922_130143_V2,ChecklistStrategy,ETERNAL,2025-11-10,2025-11-13,LONG,304.25,308.65,343,3,1509.2,1.45,SIGNAL
RUN_20260922_130143_V2,ChecklistStrategy,ETERNAL,2025-12-10,2025-12-18,LONG,289.0,284.05,365,8,-1806.75,-1.71,SIGNAL
RUN_20260922_130143_V2,ChecklistStrategy,ETERNAL,2026-02-05,2026-02-06,LONG,291.1,286.9,356,1,-1495.2,-1.44,SIGNAL
RUN_20260922_130143_V2,ChecklistStrategy,ETERNAL,2026-02-17,2026-02-19,LONG,284.0,277.35,360,2,-2394.0,-2.34,STOP_LOSS
RUN_20260922_130143_V2,ChecklistStrategy,ETERNAL,2026-04-21,2026-04-24,LONG,254.89,259.9,395,3,1978.95,1.97,SIGNAL
RUN_20260922_130143_V2,ChecklistStrategy,ETERNAL,2026-06-05,2026-06-10,LONG,253.35,247.0,403,5,-2559.05,-2.51,STOP_LOSS
RUN_20260922_130143_V2,ChecklistStrategy,ETERNAL,2026-07-15,2026-07-23,LONG,285.0,289.85,349,8,1692.65,1.7,SIGNAL
RUN_20260922_130143_V2,ChecklistStrategy,ETERNAL,2026-09-11,2026-09-16,LONG,317.95,316.25,315,5,-535.5,-0.53,SIGNAL
RUN_20260922_130143_V2,ChecklistStrategy,GRASIM,2024-03-01,2024-03-05,LONG,2209.0,2230.1,45,4,949.5,0.96,SIGNAL
RUN_20260922_130143_V2,ChecklistStrategy,GRASIM,2024-04-22,2024-04-24,LONG,2275.0,2378.0,22,2,2266.0,4.53,TARGET1_PARTIAL
RUN_20260922_130143_V2,ChecklistStrategy,GRASIM,2024-04-22,2024-05-02,LONG,2275.0,2410.0,22,10,2970.0,5.93,TARGET2
RUN_20260922_130143_V2,ChecklistStrategy,GRASIM,2024-05-13,2024-05-24,LONG,2377.9,2449.75,44,11,3161.4,3.02,SIGNAL
RUN_20260922_130143_V2,ChecklistStrategy,GRASIM,2024-05-29,2024-05-30,LONG,2440.0,2404.0,44,1,-1584.0,-1.48,SIGNAL
RUN_20260922_130143_V2,ChecklistStrategy,GRASIM,2024-06-06,2024-06-11,LONG,2306.05,2449.9,23,5,3308.55,6.24,TARGET1_PARTIAL
RUN_20260922_130143_V2,ChecklistStrategy,GRASIM,2024-06-06,2024-06-12,LONG,2306.05,2430.0,23,6,2850.85,5.37,TARGET2
RUN_20260922_130143_V2,ChecklistStrategy,GRASIM,2024-06-20,2024-06-27,LONG,2447.1,2554.9,23,7,2479.4,4.41,TARGET1_PARTIAL
RUN_20260922_130143_V2,ChecklistStrategy,GRASIM,2024-06-20,2024-06-28,LONG,2447.1,2635.95,23,8,4343.55,7.72,TARGET2
RUN_20260922_130143_V2,ChecklistStrategy,GRASIM,2024-07-23,2024-07-25,LONG,2811.0,2805.0,42,2,-252.0,-0.21,SIGNAL
RUN_20260922_130143_V2,ChecklistStrategy,GRASIM,2024-09-02,2024-09-12,LONG,2706.75,2690.6,44,10,-710.6,-0.6,SIGNAL
RUN_20260922_130143_V2,ChecklistStrategy,GRASIM,2024-09-26,2024-09-30,LONG,2674.0,2784.0,22,4,2420.0,4.11,TARGET1_PARTIAL
RUN_20260922_130143_V2,ChecklistStrategy,GRASIM,2024-09-26,2024-10-15,LONG,2674.0,2725.0,22,19,1122.0,1.91,SIGNAL_AFTER_PARTIAL
RUN_20260922_130143_V2,ChecklistStrategy,GRASIM,2024-11-06,2024-11-07,LONG,2650.95,2631.15,46,1,-910.8,-0.75,SIGNAL
RUN_20260922_130143_V2,ChecklistStrategy,GRASIM,2024-11-18,2024-11-25,LONG,2497.0,2615.0,24,7,2832.0,4.73,TARGET1_PARTIAL
RUN_20260922_130143_V2,ChecklistStrategy,GRASIM,2024-11-18,2024-11-27,LONG,2497.0,2619.8,24,9,2947.2,4.92,SIGNAL_AFTER_PARTIAL
RUN_20260922_130143_V2,ChecklistStrategy,GRASIM,2024-11-28,2024-11-29,LONG,2622.0,2565.0,48,1,-2736.0,-2.17,SIGNAL
RUN_20260922_130143_V2,ChecklistStrategy,GRASIM,2024-12-16,2024-12-18,LONG,2680.1,2607.0,46,2,-3362.6,-2.73,STOP_LOSS
RUN_20260922_130143_V2,ChecklistStrategy,GRASIM,2024-12-24,2024-12-31,LONG,2515.0,2430.0,47,7,-3995.0,-3.38,STOP_LOSS
RUN_20260922_130143_V2,ChecklistStrategy,GRASIM,2025-01-15,2025-01-22,LONG,2326.9,2380.95,50,7,2702.5,2.32,SIGNAL
RUN_20260922_130143_V2,ChecklistStrategy,GRASIM,2025-01-23,2025-01-27,LONG,2388.0,2475.5,25,4,2187.5,3.66,TARGET1_PARTIAL
RUN_20260922_130143_V2,ChecklistStrategy,GRASIM,2025-01-23,2025-02-14,LONG,2388.0,2499.0,25,22,2775.0,4.65,SIGNAL_AFTER_PARTIAL
RUN_20260922_130143_V2,ChecklistStrategy,GRASIM,2025-02-18,2025-02-25,LONG,2480.0,2392.0,50,7,-4400.0,-3.55,STOP_LOSS
RUN_20260922_130143_V2,ChecklistStrategy,GRASIM,2025-03-12,2025-03-13,LONG,2413.55,2402.0,49,1,-565.95,-0.48,SIGNAL
RUN_20260922_130143_V2,ChecklistStrategy,GRASIM,2025-03-18,2025-03-24,LONG,2399.35,2478.65,49,6,3885.69,3.31,SIGNAL
RUN_20260922_130143_V2,ChecklistStrategy,GRASIM,2025-04-28,2025-04-30,LONG,2735.0,2735.0,45,2,0.0,0.0,SIGNAL
RUN_20260922_130143_V2,ChecklistStrategy,GRASIM,2025-05-15,2025-05-23,LONG,2734.3,2675.0,45,8,-2668.5,-2.17,STOP_LOSS
RUN_20260922_130143_V2,ChecklistStrategy,GRASIM,2025-07-25,2025-08-01,LONG,2735.0,2748.0,44,7,572.0,0.48,SIGNAL
RUN_20260922_130143_V2,ChecklistStrategy,GRASIM,2025-08-18,2025-08-20,LONG,2795.0,2828.3,43,2,1431.9,1.19,SIGNAL
RUN_20260922_130143_V2,ChecklistStrategy,GRASIM,2025-08-21,2025-08-25,LONG,2880.0,2825.7,42,4,-2280.6,-1.89,STOP_LOSS
RUN_20260922_130143_V2,ChecklistStrategy,GRASIM,2025-09-12,2025-09-23,LONG,2799.0,2858.9,42,11,2515.8,2.14,SIGNAL
RUN_20260922_130143_V2,ChecklistStrategy,GRASIM,2025-10-07,2025-10-09,LONG,2800.0,2781.4,43,2,-799.8,-0.66,SIGNAL
RUN_20260922_130143_V2,ChecklistStrategy,GRASIM,2025-10-10,2025-10-15,LONG,2810.6,2780.0,43,5,-1315.8,-1.09,SIGNAL
RUN_20260922_130143_V2,ChecklistStrategy,GRASIM,2025-11-04,2025-11-07,LONG,2908.9,2700.0,41,3,-8564.9,-7.18,STOP_LOSS
RUN_20260922_130143_V2,ChecklistStrategy,GRASIM,2025-11-27,2025-11-28,LONG,2748.0,2747.2,40,1,-32.0,-0.03,SIGNAL
RUN_20260922_130143_V2,ChecklistStrategy,GRASIM,2025-12-22,2025-12-23,LONG,2812.7,2811.0,39,1,-66.3,-0.06,SIGNAL
RUN_20260922_130143_V2,ChecklistStrategy,GRASIM,2026-01-07,2026-01-09,LONG,2880.0,2799.8,38,2,-3047.6,-2.78,STOP_LOSS
RUN_20260922_130143_V2,ChecklistStrategy,GRASIM,2026-01-13,2026-01-14,LONG,2799.0,2774.0,38,1,-950.0,-0.89,SIGNAL
RUN_20260922_130143_V2,ChecklistStrategy,GRASIM,2026-01-22,2026-01-28,LONG,2742.5,2870.1,19,6,2424.4,4.65,TARGET1_PARTIAL
RUN_20260922_130143_V2,ChecklistStrategy,GRASIM,2026-01-22,2026-02-02,LONG,2742.5,2740.0,20,11,-50.0,-0.09,SIGNAL_AFTER_PARTIAL
RUN_20260922_130143_V2,ChecklistStrategy,GRASIM,2026-02-05,2026-02-11,LONG,2830.1,2979.0,19,6,2829.1,5.26,TARGET1_PARTIAL
RUN_20260922_130143_V2,ChecklistStrategy,GRASIM,2026-02-05,2026-02-12,LONG,2830.1,2940.4,19,7,2095.7,3.9,SIGNAL_AFTER_PARTIAL
RUN_20260922_130143_V2,ChecklistStrategy,GRASIM,2026-02-19,2026-02-20,LONG,2928.1,2864.9,38,1,-2401.61,-2.16,STOP_LOSS
RUN_20260922_130143_V2,ChecklistStrategy,GRASIM,2026-03-06,2026-03-09,LONG,2701.5,2659.0,41,3,-1742.5,-1.57,SIGNAL
RUN_20260922_130143_V2,ChecklistStrategy,GRASIM,2026-03-17,2026-03-23,LONG,2655.1,2591.0,41,6,-2628.1,-2.41,SIGNAL
RUN_20260922_130143_V2,ChecklistStrategy,GRASIM,2026-04-06,2026-04-09,LONG,2545.0,2740.1,20,3,3902.0,7.67,TARGET1_PARTIAL
RUN_20260922_130143_V2,ChecklistStrategy,GRASIM,2026-04-06,2026-04-10,LONG,2545.0,2750.0,21,4,4305.0,8.06,TARGET2
RUN_20260922_130143_V2,ChecklistStrategy,GRASIM,2026-04-20,2026-04-29,LONG,2730.5,2798.0,42,9,2835.0,2.47,SIGNAL
RUN_20260922_130143_V2,ChecklistStrategy,GRASIM,2026-05-14,2026-05-22,LONG,2955.0,3178.0,20,8,4460.0,7.55,TARGET1_PARTIAL
RUN_20260922_130143_V2,ChecklistStrategy,GRASIM,2026-05-14,2026-05-25,LONG,2955.0,3180.0,20,11,4500.0,7.61,TARGET2
RUN_20260922_130143_V2,ChecklistStrategy,GRASIM,2026-06-25,2026-07-08,LONG,3131.9,3174.0,40,13,1684.0,1.34,SIGNAL
RUN_20260922_130143_V2,ChecklistStrategy,GRASIM,2026-07-21,2026-08-05,LONG,3150.1,3150.0,40,15,-4.0,-0.0,SIGNAL
RUN_20260922_130143_V2,ChecklistStrategy,GRASIM,2026-08-10,2026-08-14,LONG,3324.0,3264.8,38,4,-2249.6,-1.78,STOP_LOSS
RUN_20260922_130143_V2,ChecklistStrategy,GRASIM,2026-08-26,2026-09-02,LONG,3291.0,3292.0,38,7,38.0,0.03,SIGNAL
RUN_20260922_130143_V2,ChecklistStrategy,GRASIM,2026-09-03,2026-09-16,LONG,3275.1,3190.0,38,13,-3233.8,-2.6,STOP_LOSS
RUN_20260922_130143_V2,ChecklistStrategy,HCLTECH,2024-02-01,2024-02-13,LONG,1576.0,1675.0,31,12,3069.0,6.28,TARGET1_PARTIAL
RUN_20260922_130143_V2,ChecklistStrategy,HCLTECH,2024-02-01,2024-02-15,LONG,1576.0,1678.0,32,14,3264.0,6.47,TARGET2
RUN_20260922_130143_V2,ChecklistStrategy,HCLTECH,2024-03-07,2024-03-13,LONG,1650.0,1638.75,64,6,-720.0,-0.68,SIGNAL
RUN_20260922_130143_V2,ChecklistStrategy,HCLTECH,2024-03-26,2024-03-27,LONG,1562.25,1569.0,67,1,452.25,0.43,SIGNAL
RUN_20260922_130143_V2,ChecklistStrategy,HCLTECH,2024-05-07,2024-05-09,LONG,1347.95,1315.0,77,2,-2537.15,-2.44,STOP_LOSS
RUN_20260922_130143_V2,ChecklistStrategy,HCLTECH,2024-06-28,2024-07-01,LONG,1468.0,1465.0,70,3,-210.0,-0.2,SIGNAL
RUN_20260922_130143_V2,ChecklistStrategy,HCLTECH,2024-08-12,2024-08-19,LONG,1590.0,1665.0,32,7,2400.0,4.72,TARGET1_PARTIAL
RUN_20260922_130143_V2,ChecklistStrategy,HCLTECH,2024-08-12,2024-08-21,LONG,1590.0,1686.0,32,9,3072.0,6.04,TARGET2
RUN_20260922_130143_V2,ChecklistStrategy,HCLTECH,2024-08-29,2024-09-03,LONG,1714.0,1806.0,31,5,2852.0,5.37,TARGET1_PARTIAL
RUN_20260922_130143_V2,ChecklistStrategy,HCLTECH,2024-08-29,2024-09-04,LONG,1714.0,1765.1,32,6,1635.2,2.98,SIGNAL_AFTER_PARTIAL
RUN_20260922_130143_V2,ChecklistStrategy,HCLTECH,2024-09-25,2024-09-27,LONG,1778.8,1810.0,63,2,1965.6,1.75,SIGNAL
RUN_20260922_130143_V2,ChecklistStrategy,HCLTECH,2024-10-03,2024-10-15,LONG,1778.0,1830.0,31,12,1612.0,2.92,TARGET1_PARTIAL
RUN_20260922_130143_V2,ChecklistStrategy,HCLTECH,2024-10-03,2024-10-17,LONG,1778.0,1869.9,32,14,2940.8,5.17,SIGNAL_AFTER_PARTIAL
RUN_20260922_130143_V2,ChecklistStrategy,HCLTECH,2024-10-24,2024-10-25,LONG,1845.0,1860.0,64,1,960.0,0.81,SIGNAL
RUN_20260922_130143_V2,ChecklistStrategy,HCLTECH,2024-11-22,2024-11-28,LONG,1846.35,1885.1,65,6,2518.75,2.1,SIGNAL
RUN_20260922_130143_V2,ChecklistStrategy,HCLTECH,2024-12-02,2024-12-06,LONG,1848.05,1926.0,33,4,2572.35,4.22,TARGET1_PARTIAL
RUN_20260922_130143_V2,ChecklistStrategy,HCLTECH,2024-12-02,2024-12-16,LONG,1848.05,1970.85,33,14,4052.4,6.64,TARGET2
RUN_20260922_130143_V2,ChecklistStrategy,HCLTECH,2024-12-27,2025-01-08,LONG,1900.0,1906.3,67,12,422.1,0.33,SIGNAL
RUN_20260922_130143_V2,ChecklistStrategy,HCLTECH,2025-01-21,2025-01-28,LONG,1791.4,1711.95,72,7,-5720.41,-4.44,STOP_LOSS
RUN_20260922_130143_V2,ChecklistStrategy,HCLTECH,2025-02-01,2025-02-12,LONG,1726.0,1723.9,71,11,-149.1,-0.12,SIGNAL
RUN_20260922_130143_V2,ChecklistStrategy,HCLTECH,2025-03-06,2025-03-13,LONG,1580.0,1540.6,78,7,-3073.2,-2.49,STOP_LOSS
RUN_20260922_130143_V2,ChecklistStrategy,HCLTECH,2025-03-18,2025-03-26,LONG,1545.15,1624.9,38,8,3030.5,5.16,TARGET1_PARTIAL
RUN_20260922_130143_V2,ChecklistStrategy,HCLTECH,2025-03-18,2025-04-02,LONG,1545.15,1515.0,39,15,-1175.85,-1.95,STOP_LOSS_AFTER_PARTIAL
RUN_20260922_130143_V2,ChecklistStrategy,HCLTECH,2025-04-16,2025-04-22,LONG,1415.0,1490.0,42,6,3150.0,5.3,TARGET1_PARTIAL
RUN_20260922_130143_V2,ChecklistStrategy,HCLTECH,2025-04-16,2025-04-24,LONG,1415.0,1595.0,43,8,7740.0,12.72,TARGET2
RUN_20260922_130143_V2,ChecklistStrategy,HCLTECH,2025-05-05,2025-05-13,LONG,1580.0,1685.0,42,8,4410.0,6.65,TARGET1_PARTIAL
RUN_20260922_130143_V2,ChecklistStrategy,HCLTECH,2025-05-05,2025-05-16,LONG,1580.0,1691.9,42,11,4699.8,7.08,TARGET2
RUN_20260922_130143_V2,ChecklistStrategy,HCLTECH,2025-05-22,2025-05-28,LONG,1638.4,1664.0,85,6,2176.0,1.56,SIGNAL
RUN_20260922_130143_V2,ChecklistStrategy,HCLTECH,2025-06-09,2025-06-12,LONG,1648.0,1725.0,43,3,3311.0,4.67,TARGET1_PARTIAL
RUN_20260922_130143_V2,ChecklistStrategy,HCLTECH,2025-06-09,2025-07-10,LONG,1648.0,1675.0,44,31,1188.0,1.64,SIGNAL_AFTER_PARTIAL
RUN_20260922_130143_V2,ChecklistStrategy,HCLTECH,2025-07-21,2025-07-25,LONG,1548.8,1501.1,95,4,-4531.51,-3.08,STOP_LOSS
RUN_20260922_130143_V2,ChecklistStrategy,HCLTECH,2025-07-30,2025-08-28,LONG,1480.5,1488.0,97,29,727.5,0.51,SIGNAL
RUN_20260922_130143_V2,ChecklistStrategy,HCLTECH,2025-09-01,2025-09-09,LONG,1446.0,1410.2,99,8,-3544.2,-2.48,STOP_LOSS
RUN_20260922_130143_V2,ChecklistStrategy,HCLTECH,2025-09-17,2025-09-22,LONG,1490.8,1423.0,94,5,-6373.2,-4.55,SIGNAL
RUN_20260922_130143_V2,ChecklistStrategy,HCLTECH,2025-10-03,2025-10-06,LONG,1396.5,1393.5,96,3,-288.0,-0.21,SIGNAL
RUN_20260922_130143_V2,ChecklistStrategy,HCLTECH,2025-10-07,2025-10-10,LONG,1422.0,1491.0,47,3,3243.0,4.85,TARGET1_PARTIAL
RUN_20260922_130143_V2,ChecklistStrategy,HCLTECH,2025-10-07,2025-10-13,LONG,1422.0,1490.0,47,6,3196.0,4.78,SIGNAL_AFTER_PARTIAL
RUN_20260922_130143_V2,ChecklistStrategy,HCLTECH,2025-10-21,2025-10-29,LONG,1502.7,1530.0,93,8,2538.9,1.82,SIGNAL
RUN_20260922_130143_V2,ChecklistStrategy,HCLTECH,2025-11-07,2025-11-13,LONG,1515.1,1599.4,46,6,3877.8,5.56,TARGET1_PARTIAL
RUN_20260922_130143_V2,ChecklistStrategy,HCLTECH,2025-11-07,2025-11-17,LONG,1515.1,1594.0,47,10,3708.3,5.21,SIGNAL_AFTER_PARTIAL
RUN_20260922_130143_V2,ChecklistStrategy,HCLTECH,2025-11-27,2025-12-05,LONG,1619.1,1662.7,92,8,4011.2,2.69,SIGNAL
RUN_20260922_130143_V2,ChecklistStrategy,HCLTECH,2025-12-23,2025-12-30,LONG,1675.1,1630.8,92,7,-4075.59,-2.64,STOP_LOSS
RUN_20260922_130143_V2,ChecklistStrategy,HCLTECH,2026-01-02,2026-01-19,LONG,1632.0,1698.0,45,17,2970.0,4.04,TARGET1_PARTIAL
RUN_20260922_130143_V2,ChecklistStrategy,HCLTECH,2026-01-02,2026-01-21,LONG,1632.0,1687.6,46,19,2557.6,3.41,SIGNAL_AFTER_PARTIAL
RUN_20260922_130143_V2,ChecklistStrategy,HCLTECH,2026-02-10,2026-02-12,LONG,1595.0,1529.0,97,2,-6402.0,-4.14,STOP_LOSS
RUN_20260922_130143_V2,ChecklistStrategy,HCLTECH,2026-03-27,2026-03-30,LONG,1377.0,1350.0,107,3,-2889.0,-1.96,SIGNAL
RUN_20260922_130143_V2,ChecklistStrategy,HCLTECH,2026-04-06,2026-04-07,LONG,1397.0,1391.0,104,1,-624.0,-0.43,SIGNAL
RUN_20260922_130143_V2,ChecklistStrategy,HCLTECH,2026-04-22,2026-04-23,LONG,1345.0,1290.0,100,1,-5500.0,-4.09,STOP_LOSS
RUN_20260922_130143_V2,ChecklistStrategy,HCLTECH,2026-04-28,2026-04-29,LONG,1227.9,1200.0,113,1,-3152.7,-2.27,STOP_LOSS
RUN_20260922_130143_V2,ChecklistStrategy,HCLTECH,2026-04-30,2026-05-13,LONG,1200.0,1146.3,113,13,-6068.09,-4.48,STOP_LOSS
RUN_20260922_130143_V2,ChecklistStrategy,HCLTECH,2026-07-14,2026-07-15,LONG,1200.0,1157.0,106,1,-4558.0,-3.58,STOP_LOSS
RUN_20260922_130143_V2,ChecklistStrategy,HCLTECH,2026-08-10,2026-08-18,LONG,1356.6,1318.0,92,8,-3551.2,-2.85,STOP_LOSS
RUN_20260922_130143_V2,ChecklistStrategy,HCLTECH,2026-08-25,2026-08-26,LONG,1322.0,1319.5,92,1,-230.0,-0.19,SIGNAL
RUN_20260922_130143_V2,ChecklistStrategy,HDFCBANK,2024-02-01,2024-02-08,LONG,732.53,714.92,136,7,-2393.6,-2.4,STOP_LOSS
RUN_20260922_130143_V2,ChecklistStrategy,HDFCBANK,2024-02-14,2024-02-21,LONG,688.0,732.0,69,7,3036.0,6.4,TARGET1_PARTIAL
RUN_20260922_130143_V2,ChecklistStrategy,HDFCBANK,2024-02-14,2024-03-13,LONG,688.0,732.75,70,28,3132.5,6.5,TARGET2
RUN_20260922_130143_V2,ChecklistStrategy,HDFCBANK,2024-03-22,2024-04-05,LONG,720.5,769.5,71,14,3479.0,6.8,TARGET1_PARTIAL
RUN_20260922_130143_V2,ChecklistStrategy,HDFCBANK,2024-03-22,2024-04-08,LONG,720.5,777.47,72,17,4102.2,7.91,TARGET2
RUN_20260922_130143_V2,ChecklistStrategy,HDFCBANK,2024-04-18,2024-05-02,LONG,754.9,761.0,147,14,896.7,0.81,SIGNAL
RUN_20260922_130143_V2,ChecklistStrategy,HDFCBANK,2024-05-07,2024-05-09,LONG,760.97,737.47,147,2,-3454.5,-3.09,STOP_LOSS
RUN_20260922_130143_V2,ChecklistStrategy,HDFCBANK,2024-05-14,2024-05-27,LONG,726.12,761.67,74,13,2630.7,4.9,TARGET1_PARTIAL
RUN_20260922_130143_V2,ChecklistStrategy,HDFCBANK,2024-05-14,2024-05-28,LONG,726.12,765.05,75,14,2919.37,5.36,SIGNAL_AFTER_PARTIAL
RUN_20260922_130143_V2,ChecklistStrategy,HDFCBANK,2024-07-12,2024-07-22,LONG,811.0,808.5,140,10,-350.0,-0.31,SIGNAL
RUN_20260922_130143_V2,ChecklistStrategy,HDFCBANK,2024-07-26,2024-07-30,LONG,802.5,801.0,140,4,-210.0,-0.19,SIGNAL
RUN_20260922_130143_V2,ChecklistStrategy,HDFCBANK,2024-07-31,2024-09-19,LONG,807.0,849.6,70,50,2982.0,5.28,TARGET1_PARTIAL
RUN_20260922_130143_V2,ChecklistStrategy,HDFCBANK,2024-07-31,2024-09-23,LONG,807.0,874.5,70,54,4725.0,8.36,TARGET2
RUN_20260922_130143_V2,ChecklistStrategy,HDFCBANK,2024-10-09,2024-10-10,LONG,824.75,819.5,146,1,-766.5,-0.64,SIGNAL
RUN_20260922_130143_V2,ChecklistStrategy,HDFCBANK,2024-10-17,2024-10-23,LONG,847.47,852.53,141,6,712.06,0.6,SIGNAL
RUN_20260922_130143_V2,ChecklistStrategy,HDFCBANK,2024-10-30,2024-11-05,LONG,871.0,851.5,137,6,-2671.5,-2.24,SIGNAL
RUN_20260922_130143_V2,ChecklistStrategy,HDFCBANK,2024-12-20,2025-01-07,LONG,891.1,857.5,131,18,-4401.6,-3.77,STOP_LOSS
RUN_20260922_130143_V2,ChecklistStrategy,HDFCBANK,2025-02-13,2025-02-14,LONG,849.5,850.95,132,1,191.4,0.17,SIGNAL
RUN_20260922_130143_V2,ChecklistStrategy,HDFCBANK,2025-02-18,2025-02-25,LONG,856.53,835.55,132,7,-2768.7,-2.45,STOP_LOSS
RUN_20260922_130143_V2,ChecklistStrategy,HDFCBANK,2025-02-27,2025-03-11,LONG,841.28,841.2,131,12,-9.83,-0.01,SIGNAL
RUN_20260922_130143_V2,ChecklistStrategy,HDFCBANK,2025-03-28,2025-04-02,LONG,914.5,885.35,121,5,-3527.15,-3.19,STOP_LOSS
RUN_20260922_130143_V2,ChecklistStrategy,HDFCBANK,2025-04-03,2025-04-07,LONG,890.55,881.4,119,4,-1088.85,-1.03,SIGNAL
RUN_20260922_130143_V2,ChecklistStrategy,HDFCBANK,2025-06-03,2025-06-04,LONG,969.0,960.5,109,1,-926.5,-0.88,SIGNAL
RUN_20260922_130143_V2,ChecklistStrategy,HDFCBANK,2025-07-07,2025-07-08,LONG,994.5,988.5,105,1,-630.0,-0.6,SIGNAL
RUN_20260922_130143_V2,ChecklistStrategy,HDFCBANK,2025-12-08,2025-12-10,LONG,1000.0,997.5,103,2,-257.5,-0.25,SIGNAL
RUN_20260922_130143_V2,ChecklistStrategy,HDFCBANK,2025-12-22,2026-01-06,LONG,988.0,962.7,105,15,-2656.5,-2.56,SIGNAL
RUN_20260922_130143_V2,ChecklistStrategy,HDFCBANK,2026-01-21,2026-02-11,LONG,925.0,931.25,108,21,675.0,0.68,SIGNAL
RUN_20260922_130143_V2,ChecklistStrategy,HDFCBANK,2026-04-13,2026-04-17,LONG,791.5,790.1,125,4,-175.0,-0.18,SIGNAL
RUN_20260922_130143_V2,ChecklistStrategy,HDFCBANK,2026-04-22,2026-04-23,LONG,810.0,792.0,125,1,-2250.0,-2.22,SIGNAL
RUN_20260922_130143_V2,ChecklistStrategy,HDFCBANK,2026-06-11,2026-06-12,LONG,743.0,754.7,132,1,1544.4,1.57,SIGNAL
RUN_20260922_130143_V2,ChecklistStrategy,HDFCBANK,2026-06-19,2026-06-26,LONG,788.7,796.3,126,7,957.6,0.96,SIGNAL
RUN_20260922_130143_V2,ChecklistStrategy,HDFCBANK,2026-08-13,2026-08-28,LONG,726.9,710.85,139,15,-2230.96,-2.21,STOP_LOSS
RUN_20260922_130143_V2,ChecklistStrategy,HDFCBANK,2026-09-11,2026-09-16,LONG,683.9,714.9,71,5,2201.0,4.53,TARGET1_PARTIAL
RUN_20260922_130143_V2,ChecklistStrategy,HDFCBANK,2026-09-11,2026-09-21,LONG,683.9,731.0,72,10,3391.2,6.89,TARGET2
RUN_20260922_130143_V2,ChecklistStrategy,HDFCLIFE,2024-04-08,2024-04-16,LONG,630.0,609.05,158,8,-3310.1,-3.33,STOP_LOSS
RUN_20260922_130143_V2,ChecklistStrategy,HDFCLIFE,2024-04-22,2024-04-29,LONG,601.85,590.0,160,7,-1896.0,-1.97,STOP_LOSS
RUN_20260922_130143_V2,ChecklistStrategy,HDFCLIFE,2024-06-28,2024-07-03,LONG,594.0,592.4,159,5,-254.4,-0.27,SIGNAL
RUN_20260922_130143_V2,ChecklistStrategy,HDFCLIFE,2024-07-04,2024-07-08,LONG,596.0,609.0,158,4,2054.0,2.18,SIGNAL
RUN_20260922_130143_V2,ChecklistStrategy,HDFCLIFE,2024-08-06,2024-08-07,LONG,711.65,682.1,135,1,-3989.26,-4.15,STOP_LOSS
RUN_20260922_130143_V2,ChecklistStrategy,HDFCLIFE,2024-08-08,2024-08-22,LONG,691.1,726.0,66,14,2303.4,5.05,TARGET1_PARTIAL
RUN_20260922_130143_V2,ChecklistStrategy,HDFCLIFE,2024-08-08,2024-08-28,LONG,691.1,739.95,66,20,3224.1,7.07,TARGET2
RUN_20260922_130143_V2,ChecklistStrategy,HDFCLIFE,2024-09-18,2024-09-24,LONG,698.9,727.5,69,6,1973.4,4.09,TARGET1_PARTIAL
RUN_20260922_130143_V2,ChecklistStrategy,HDFCLIFE,2024-09-18,2024-09-25,LONG,698.9,722.0,70,7,1617.0,3.31,SIGNAL_AFTER_PARTIAL
RUN_20260922_130143_V2,ChecklistStrategy,HDFCLIFE,2024-09-27,2024-10-01,LONG,729.45,716.0,138,4,-1856.1,-1.84,SIGNAL
RUN_20260922_130143_V2,ChecklistStrategy,HDFCLIFE,2024-10-11,2024-10-16,LONG,721.5,723.45,137,5,267.15,0.27,SIGNAL
RUN_20260922_130143_V2,ChecklistStrategy,HDFCLIFE,2024-10-18,2024-10-28,LONG,726.0,710.25,137,10,-2157.75,-2.17,STOP_LOSS
RUN_20260922_130143_V2,ChecklistStrategy,HDFCLIFE,2024-12-05,2024-12-06,LONG,650.2,645.0,149,1,-774.8,-0.8,SIGNAL
RUN_20260922_130143_V2,ChecklistStrategy,HDFCLIFE,2024-12-10,2024-12-11,LONG,641.8,634.8,150,1,-1050.0,-1.09,SIGNAL
RUN_20260922_130143_V2,ChecklistStrategy,HDFCLIFE,2025-01-02,2025-01-07,LONG,617.0,606.0,154,5,-1694.0,-1.78,SIGNAL
RUN_20260922_130143_V2,ChecklistStrategy,HDFCLIFE,2025-01-08,2025-01-14,LONG,620.05,605.0,151,6,-2272.55,-2.43,STOP_LOSS
RUN_20260922_130143_V2,ChecklistStrategy,HDFCLIFE,2025-01-29,2025-02-01,LONG,612.0,639.05,74,3,2001.7,4.42,TARGET1_PARTIAL
RUN_20260922_130143_V2,ChecklistStrategy,HDFCLIFE,2025-01-29,2025-02-03,LONG,612.0,615.5,75,5,262.5,0.57,SIGNAL_AFTER_PARTIAL
RUN_20260922_130143_V2,ChecklistStrategy,HDFCLIFE,2025-02-05,2025-02-06,LONG,626.0,626.45,149,1,67.05,0.07,SIGNAL
RUN_20260922_130143_V2,ChecklistStrategy,HDFCLIFE,2025-03-04,2025-03-07,LONG,613.1,618.3,151,3,785.2,0.85,SIGNAL
RUN_20260922_130143_V2,ChecklistStrategy,HDFCLIFE,2025-03-18,2025-03-20,LONG,629.8,665.0,74,2,2604.8,5.59,TARGET1_PARTIAL
RUN_20260922_130143_V2,ChecklistStrategy,HDFCLIFE,2025-03-18,2025-03-21,LONG,629.8,677.8,75,3,3600.0,7.62,TARGET2
RUN_20260922_130143_V2,ChecklistStrategy,HDFCLIFE,2025-05-02,2025-05-05,LONG,743.7,730.1,135,3,-1836.0,-1.83,SIGNAL
RUN_20260922_130143_V2,ChecklistStrategy,HDFCLIFE,2025-06-12,2025-06-13,LONG,765.1,743.9,128,1,-2713.59,-2.77,SIGNAL
RUN_20260922_130143_V2,ChecklistStrategy,HDFCLIFE,2025-06-23,2025-06-24,LONG,769.95,779.5,122,1,1165.1,1.24,SIGNAL
RUN_20260922_130143_V2,ChecklistStrategy,HDFCLIFE,2025-07-04,2025-07-14,LONG,783.9,755.2,123,10,-3530.1,-3.66,STOP_LOSS
RUN_20260922_130143_V2,ChecklistStrategy,HDFCLIFE,2025-07-28,2025-07-29,LONG,762.0,762.0,122,1,0.0,0.0,SIGNAL
RUN_20260922_130143_V2,ChecklistStrategy,HDFCLIFE,2025-09-02,2025-09-03,LONG,780.0,783.0,119,1,357.0,0.38,SIGNAL
RUN_20260922_130143_V2,ChecklistStrategy,HDFCLIFE,2025-09-10,2025-09-29,LONG,763.0,762.0,122,19,-122.0,-0.13,SIGNAL
RUN_20260922_130143_V2,ChecklistStrategy,HDFCLIFE,2025-10-28,2025-11-07,LONG,736.0,731.05,126,10,-623.7,-0.67,SIGNAL
RUN_20260922_130143_V2,ChecklistStrategy,HDFCLIFE,2025-11-10,2025-11-13,LONG,750.0,782.9,61,3,2006.9,4.39,TARGET1_PARTIAL
RUN_20260922_130143_V2,ChecklistStrategy,HDFCLIFE,2025-11-10,2025-11-14,LONG,750.0,779.0,62,4,1798.0,3.87,SIGNAL_AFTER_PARTIAL
RUN_20260922_130143_V2,ChecklistStrategy,HDFCLIFE,2025-11-20,2025-11-28,LONG,760.7,780.4,126,8,2482.2,2.59,SIGNAL
RUN_20260922_130143_V2,ChecklistStrategy,HDFCLIFE,2025-12-02,2025-12-09,LONG,762.0,763.9,128,7,243.2,0.25,SIGNAL
RUN_20260922_130143_V2,ChecklistStrategy,HDFCLIFE,2025-12-11,2025-12-17,LONG,771.05,764.35,128,6,-857.6,-0.87,SIGNAL
RUN_20260922_130143_V2,ChecklistStrategy,HDFCLIFE,2025-12-19,2025-12-23,LONG,753.1,759.95,129,4,883.65,0.91,SIGNAL
RUN_20260922_130143_V2,ChecklistStrategy,HDFCLIFE,2026-01-28,2026-01-30,LONG,722.2,721.25,137,2,-130.15,-0.13,SIGNAL
RUN_20260922_130143_V2,ChecklistStrategy,HDFCLIFE,2026-02-02,2026-02-04,LONG,717.3,724.0,135,2,904.5,0.93,SIGNAL
RUN_20260922_130143_V2,ChecklistStrategy,HDFCLIFE,2026-02-10,2026-02-16,LONG,711.25,693.0,140,6,-2555.0,-2.57,STOP_LOSS
RUN_20260922_130143_V2,ChecklistStrategy,HDFCLIFE,2026-02-19,2026-02-23,LONG,726.9,730.0,132,4,409.2,0.43,SIGNAL
RUN_20260922_130143_V2,ChecklistStrategy,HDFCLIFE,2026-03-25,2026-04-01,LONG,603.95,600.0,161,7,-635.95,-0.65,STOP_LOSS
RUN_20260922_130143_V2,ChecklistStrategy,HDFCLIFE,2026-04-06,2026-04-09,LONG,563.0,592.9,85,3,2541.5,5.31,TARGET1_PARTIAL
RUN_20260922_130143_V2,ChecklistStrategy,HDFCLIFE,2026-04-06,2026-04-13,LONG,563.0,592.45,85,7,2503.25,5.23,TARGET2
RUN_20260922_130143_V2,ChecklistStrategy,HDFCLIFE,2026-04-22,2026-04-23,LONG,614.2,604.2,165,1,-1650.0,-1.63,SIGNAL
RUN_20260922_130143_V2,ChecklistStrategy,HDFCLIFE,2026-04-28,2026-04-30,LONG,594.2,594.35,167,2,25.04,0.03,SIGNAL
RUN_20260922_130143_V2,ChecklistStrategy,HDFCLIFE,2026-06-18,2026-07-02,LONG,583.0,574.3,171,14,-1487.7,-1.49,STOP_LOSS
RUN_20260922_130143_V2,ChecklistStrategy,HDFCLIFE,2026-08-06,2026-08-07,LONG,545.0,542.5,180,1,-450.0,-0.46,SIGNAL
RUN_20260922_130143_V2,ChecklistStrategy,HDFCLIFE,2026-08-11,2026-08-19,LONG,540.0,538.0,181,8,-362.0,-0.37,SIGNAL
RUN_20260922_130143_V2,ChecklistStrategy,HDFCLIFE,2026-09-11,2026-09-16,LONG,522.0,522.0,185,5,0.0,0.0,SIGNAL
RUN_20260922_130143_V2,ChecklistStrategy,HEROMOTOCO,2024-03-01,2024-03-06,LONG,4459.9,4580.0,22,5,2642.2,2.69,SIGNAL
RUN_20260922_130143_V2,ChecklistStrategy,HEROMOTOCO,2024-03-07,2024-03-14,LONG,4650.0,4455.0,22,7,-4290.0,-4.19,STOP_LOSS
RUN_20260922_130143_V2,ChecklistStrategy,HEROMOTOCO,2024-03-15,2024-03-18,LONG,4655.0,4560.5,21,3,-1984.5,-2.03,SIGNAL
RUN_20260922_130143_V2,ChecklistStrategy,HEROMOTOCO,2024-03-22,2024-03-27,LONG,4538.8,4692.0,21,5,3217.2,3.38,SIGNAL
RUN_20260922_130143_V2,ChecklistStrategy,HEROMOTOCO,2024-06-25,2024-06-27,LONG,5565.9,5459.9,17,2,-1802.0,-1.9,STOP_LOSS
RUN_20260922_130143_V2,ChecklistStrategy,HEROMOTOCO,2024-06-28,2024-07-02,LONG,5500.0,5670.0,17,4,2890.0,3.09,SIGNAL
RUN_20260922_130143_V2,ChecklistStrategy,HEROMOTOCO,2024-07-08,2024-07-11,LONG,5565.65,5530.0,18,3,-641.7,-0.64,SIGNAL
RUN_20260922_130143_V2,ChecklistStrategy,HEROMOTOCO,2024-08-12,2024-08-16,LONG,5214.8,5120.0,19,4,-1801.2,-1.82,STOP_LOSS
RUN_20260922_130143_V2,ChecklistStrategy,HEROMOTOCO,2024-08-28,2024-09-04,LONG,5365.0,5605.0,9,7,2160.0,4.47,TARGET1_PARTIAL
RUN_20260922_130143_V2,ChecklistStrategy,HEROMOTOCO,2024-08-28,2024-09-06,LONG,5365.0,5720.0,9,9,3195.0,6.62,TARGET2
RUN_20260922_130143_V2,ChecklistStrategy,HEROMOTOCO,2024-10-03,2024-10-07,LONG,5733.35,5569.95,17,4,-2777.8,-2.85,STOP_LOSS
RUN_20260922_130143_V2,ChecklistStrategy,HEROMOTOCO,2024-10-14,2024-10-18,LONG,5504.0,5217.45,18,4,-5157.9,-5.21,STOP_LOSS
RUN_20260922_130143_V2,ChecklistStrategy,HEROMOTOCO,2024-10-22,2024-10-24,LONG,5263.0,5160.05,18,2,-1853.1,-1.96,STOP_LOSS
RUN_20260922_130143_V2,ChecklistStrategy,HEROMOTOCO,2024-11-06,2024-11-12,LONG,4858.0,4757.5,19,6,-1909.5,-2.07,STOP_LOSS
RUN_20260922_130143_V2,ChecklistStrategy,HEROMOTOCO,2024-12-20,2024-12-23,LONG,4406.95,4365.0,20,3,-839.0,-0.95,SIGNAL
RUN_20260922_130143_V2,ChecklistStrategy,HEROMOTOCO,2025-01-29,2025-02-01,LONG,4036.0,4330.0,11,3,3234.0,7.28,TARGET1_PARTIAL
RUN_20260922_130143_V2,ChecklistStrategy,HEROMOTOCO,2025-01-29,2025-02-03,LONG,4036.0,4420.0,11,5,4224.0,9.51,TARGET2
RUN_20260922_130143_V2,ChecklistStrategy,HEROMOTOCO,2025-02-06,2025-02-07,LONG,4289.0,4319.95,22,1,680.9,0.72,SIGNAL
RUN_20260922_130143_V2,ChecklistStrategy,HEROMOTOCO,2025-02-18,2025-02-28,LONG,3880.0,3745.6,25,10,-3360.0,-3.46,STOP_LOSS
RUN_20260922_130143_V2,ChecklistStrategy,HEROMOTOCO,2025-03-06,2025-03-13,LONG,3629.5,3625.0,26,7,-117.0,-0.12,SIGNAL
RUN_20260922_130143_V2,ChecklistStrategy,HEROMOTOCO,2025-03-28,2025-04-03,LONG,3779.0,3780.0,25,6,25.0,0.03,SIGNAL
RUN_20260922_130143_V2,ChecklistStrategy,HEROMOTOCO,2025-04-08,2025-04-16,LONG,3600.0,3809.0,13,8,2717.0,5.81,TARGET1_PARTIAL
RUN_20260922_130143_V2,ChecklistStrategy,HEROMOTOCO,2025-04-08,2025-04-21,LONG,3600.0,3794.0,13,13,2522.0,5.39,SIGNAL_AFTER_PARTIAL
RUN_20260922_130143_V2,ChecklistStrategy,HEROMOTOCO,2025-06-23,2025-07-01,LONG,4320.0,4258.3,23,8,-1419.1,-1.43,SIGNAL
RUN_20260922_130143_V2,ChecklistStrategy,HEROMOTOCO,2025-07-10,2025-07-14,LONG,4330.1,4219.0,22,4,-2444.2,-2.57,STOP_LOSS
RUN_20260922_130143_V2,ChecklistStrategy,HEROMOTOCO,2025-07-22,2025-07-25,LONG,4418.0,4278.0,21,3,-2940.0,-3.17,STOP_LOSS
RUN_20260922_130143_V2,ChecklistStrategy,HEROMOTOCO,2025-07-29,2025-08-05,LONG,4290.0,4536.0,10,7,2460.0,5.73,TARGET1_PARTIAL
RUN_20260922_130143_V2,ChecklistStrategy,HEROMOTOCO,2025-07-29,2025-08-07,LONG,4290.0,4430.0,11,9,1540.0,3.26,SIGNAL_AFTER_PARTIAL
RUN_20260922_130143_V2,ChecklistStrategy,HEROMOTOCO,2025-08-08,2025-08-11,LONG,4660.0,4603.0,20,3,-1140.0,-1.22,SIGNAL
RUN_20260922_130143_V2,ChecklistStrategy,HEROMOTOCO,2025-09-17,2025-09-29,LONG,5344.0,5328.0,17,12,-272.0,-0.3,SIGNAL
RUN_20260922_130143_V2,ChecklistStrategy,HEROMOTOCO,2025-11-17,2025-11-19,LONG,5589.0,5851.0,17,2,4454.0,4.69,SIGNAL
RUN_20260922_130143_V2,ChecklistStrategy,HEROMOTOCO,2025-12-12,2025-12-16,LONG,6003.5,5960.5,16,4,-688.0,-0.72,SIGNAL
RUN_20260922_130143_V2,ChecklistStrategy,HEROMOTOCO,2025-12-19,2025-12-23,LONG,5725.0,5710.0,17,4,-255.0,-0.26,SIGNAL
RUN_20260922_130143_V2,ChecklistStrategy,HEROMOTOCO,2025-12-24,2025-12-30,LONG,5744.0,5570.0,17,6,-2958.0,-3.03,STOP_LOSS
RUN_20260922_130143_V2,ChecklistStrategy,HEROMOTOCO,2026-01-13,2026-01-19,LONG,5780.0,5625.0,16,6,-2480.0,-2.68,STOP_LOSS
RUN_20260922_130143_V2,ChecklistStrategy,HEROMOTOCO,2026-01-28,2026-02-02,LONG,5407.0,5550.0,17,5,2431.0,2.64,SIGNAL
RUN_20260922_130143_V2,ChecklistStrategy,HEROMOTOCO,2026-02-10,2026-02-13,LONG,5785.0,5702.0,16,3,-1328.0,-1.43,SIGNAL
RUN_20260922_130143_V2,ChecklistStrategy,HEROMOTOCO,2026-03-05,2026-03-13,LONG,5513.5,5338.0,17,8,-2983.5,-3.18,STOP_LOSS
RUN_20260922_130143_V2,ChecklistStrategy,HEROMOTOCO,2026-03-23,2026-03-24,LONG,5191.0,5185.0,17,1,-102.0,-0.12,STOP_LOSS
RUN_20260922_130143_V2,ChecklistStrategy,HEROMOTOCO,2026-05-15,2026-05-19,LONG,5082.0,4944.5,17,4,-2337.5,-2.71,STOP_LOSS
RUN_20260922_130143_V2,ChecklistStrategy,HEROMOTOCO,2026-06-03,2026-06-05,LONG,4856.0,4898.0,18,2,756.0,0.86,SIGNAL
RUN_20260922_130143_V2,ChecklistStrategy,HEROMOTOCO,2026-07-01,2026-07-03,LONG,4818.9,4900.0,18,2,1459.8,1.68,SIGNAL
RUN_20260922_130143_V2,ChecklistStrategy,HEROMOTOCO,2026-07-24,2026-07-27,LONG,5101.2,5050.0,17,3,-870.4,-1.0,SIGNAL
RUN_20260922_130143_V2,ChecklistStrategy,HEROMOTOCO,2026-08-10,2026-08-14,LONG,5765.0,5830.0,15,4,975.0,1.13,SIGNAL
RUN_20260922_130143_V2,ChecklistStrategy,HEROMOTOCO,2026-08-21,2026-08-27,LONG,5724.5,5594.5,15,6,-1950.0,-2.27,STOP_LOSS
RUN_20260922_130143_V2,ChecklistStrategy,HEROMOTOCO,2026-08-31,2026-09-01,LONG,5614.0,5610.0,15,1,-60.0,-0.07,STOP_LOSS
RUN_20260922_130143_V2,ChecklistStrategy,HEROMOTOCO,2026-09-04,2026-09-16,LONG,5319.0,5200.0,16,12,-1904.0,-2.24,STOP_LOSS
RUN_20260922_130143_V2,ChecklistStrategy,HINDALCO,2024-02-01,2024-02-02,LONG,578.0,577.0,172,1,-172.0,-0.17,SIGNAL
RUN_20260922_130143_V2,ChecklistStrategy,HINDALCO,2024-03-15,2024-03-19,LONG,522.0,532.0,189,4,1890.0,1.92,SIGNAL
RUN_20260922_130143_V2,ChecklistStrategy,HINDALCO,2024-04-25,2024-05-08,LONG,635.7,615.1,159,13,-3275.41,-3.24,STOP_LOSS
RUN_20260922_130143_V2,ChecklistStrategy,HINDALCO,2024-05-13,2024-05-16,LONG,625.1,660.0,78,3,2722.2,5.58,TARGET1_PARTIAL
RUN_20260922_130143_V2,ChecklistStrategy,HINDALCO,2024-05-13,2024-05-22,LONG,625.1,698.55,79,9,5802.55,11.75,TARGET2
RUN_20260922_130143_V2,ChecklistStrategy,HINDALCO,2024-06-10,2024-06-20,LONG,677.05,665.0,156,10,-1879.8,-1.78,STOP_LOSS
RUN_20260922_130143_V2,ChecklistStrategy,HINDALCO,2024-06-21,2024-07-22,LONG,680.0,655.0,154,31,-3850.0,-3.68,STOP_LOSS
RUN_20260922_130143_V2,ChecklistStrategy,HINDALCO,2024-08-12,2024-08-20,LONG,619.0,663.0,80,8,3520.0,7.11,TARGET1_PARTIAL
RUN_20260922_130143_V2,ChecklistStrategy,HINDALCO,2024-08-12,2024-08-21,LONG,619.0,668.9,81,9,4041.9,8.06,TARGET2
RUN_20260922_130143_V2,ChecklistStrategy,HINDALCO,2024-10-10,2024-10-15,LONG,731.9,746.0,148,5,2086.8,1.93,SIGNAL
RUN_20260922_130143_V2,ChecklistStrategy,HINDALCO,2024-10-29,2024-10-30,LONG,692.9,690.95,159,1,-310.05,-0.28,SIGNAL
RUN_20260922_130143_V2,ChecklistStrategy,HINDALCO,2024-12-04,2024-12-05,LONG,667.55,664.0,164,1,-582.2,-0.53,SIGNAL
RUN_20260922_130143_V2,ChecklistStrategy,HINDALCO,2025-01-01,2025-01-06,LONG,601.5,592.6,181,5,-1610.9,-1.48,SIGNAL
RUN_20260922_130143_V2,ChecklistStrategy,HINDALCO,2025-01-23,2025-01-28,LONG,611.0,590.1,175,5,-3657.5,-3.42,STOP_LOSS
RUN_20260922_130143_V2,ChecklistStrategy,HINDALCO,2025-02-10,2025-02-11,LONG,605.0,594.05,171,1,-1872.45,-1.81,SIGNAL
RUN_20260922_130143_V2,ChecklistStrategy,HINDALCO,2025-02-28,2025-03-06,LONG,630.0,664.95,80,6,2796.0,5.55,TARGET1_PARTIAL
RUN_20260922_130143_V2,ChecklistStrategy,HINDALCO,2025-02-28,2025-03-07,LONG,630.0,678.6,81,7,3936.6,7.71,TARGET2
RUN_20260922_130143_V2,ChecklistStrategy,HINDALCO,2025-04-29,2025-05-16,LONG,631.05,659.5,86,17,2446.7,4.51,TARGET1_PARTIAL
RUN_20260922_130143_V2,ChecklistStrategy,HINDALCO,2025-04-29,2025-05-19,LONG,631.05,655.0,86,20,2059.7,3.8,SIGNAL_AFTER_PARTIAL
RUN_20260922_130143_V2,ChecklistStrategy,HINDALCO,2025-05-30,2025-06-02,LONG,647.8,628.95,174,3,-3279.9,-2.91,STOP_LOSS
RUN_20260922_130143_V2,ChecklistStrategy,HINDALCO,2025-06-05,2025-06-20,LONG,638.0,641.35,172,15,576.2,0.53,SIGNAL
RUN_20260922_130143_V2,ChecklistStrategy,HINDALCO,2025-06-23,2025-06-26,LONG,644.0,674.1,84,3,2528.4,4.67,TARGET1_PARTIAL
RUN_20260922_130143_V2,ChecklistStrategy,HINDALCO,2025-06-23,2025-06-27,LONG,644.0,695.0,85,4,4335.0,7.92,TARGET2
RUN_20260922_130143_V2,ChecklistStrategy,HINDALCO,2025-07-11,2025-07-15,LONG,673.0,670.0,173,4,-519.0,-0.45,SIGNAL
RUN_20260922_130143_V2,ChecklistStrategy,HINDALCO,2025-07-16,2025-07-24,LONG,668.0,697.0,86,8,2494.0,4.34,TARGET1_PARTIAL
RUN_20260922_130143_V2,ChecklistStrategy,HINDALCO,2025-07-16,2025-08-13,LONG,668.0,673.0,87,28,435.0,0.75,STOP_LOSS_AFTER_PARTIAL
RUN_20260922_130143_V2,ChecklistStrategy,HINDALCO,2025-11-18,2025-11-24,LONG,804.5,782.85,147,6,-3182.55,-2.69,STOP_LOSS
RUN_20260922_130143_V2,ChecklistStrategy,HINDALCO,2026-03-04,2026-03-05,LONG,928.0,930.0,123,1,246.0,0.22,SIGNAL
RUN_20260922_130143_V2,ChecklistStrategy,HINDALCO,2026-03-11,2026-03-13,LONG,959.95,967.0,121,2,853.05,0.73,SIGNAL
RUN_20260922_130143_V2,ChecklistStrategy,HINDALCO,2026-04-06,2026-04-08,LONG,917.2,975.0,63,2,3641.4,6.3,TARGET1_PARTIAL
RUN_20260922_130143_V2,ChecklistStrategy,HINDALCO,2026-04-06,2026-04-10,LONG,917.2,995.35,64,4,5001.6,8.52,TARGET2
RUN_20260922_130143_V2,ChecklistStrategy,HINDALCO,2026-05-20,2026-05-21,LONG,1038.4,1098.7,59,1,3557.7,5.81,TARGET1_PARTIAL
RUN_20260922_130143_V2,ChecklistStrategy,HINDALCO,2026-05-20,2026-05-25,LONG,1038.4,1110.0,60,5,4296.0,6.9,TARGET2
RUN_20260922_130143_V2,ChecklistStrategy,HINDALCO,2026-06-02,2026-06-03,LONG,1141.0,1155.0,116,1,1624.0,1.23,SIGNAL
RUN_20260922_130143_V2,ChecklistStrategy,HINDALCO,2026-07-21,2026-08-04,LONG,944.15,995.0,71,14,3610.35,5.39,TARGET1_PARTIAL
RUN_20260922_130143_V2,ChecklistStrategy,HINDALCO,2026-07-21,2026-08-05,LONG,944.15,1028.5,71,15,5988.85,8.93,TARGET2
RUN_20260922_130143_V2,ChecklistStrategy,HINDALCO,2026-08-26,2026-08-28,LONG,1052.65,1030.0,137,2,-3103.05,-2.15,STOP_LOSS
RUN_20260922_130143_V2,ChecklistStrategy,HINDALCO,2026-08-31,2026-09-08,LONG,1029.9,1014.0,136,8,-2162.4,-1.54,STOP_LOSS
RUN_20260922_130143_V2,ChecklistStrategy,HINDUNILVR,2024-04-26,2024-05-08,LONG,2245.0,2366.4,22,12,2670.8,5.41,TARGET1_PARTIAL
RUN_20260922_130143_V2,ChecklistStrategy,HINDUNILVR,2024-04-26,2024-05-09,LONG,2245.0,2340.6,22,13,2103.2,4.26,SIGNAL_AFTER_PARTIAL
RUN_20260922_130143_V2,ChecklistStrategy,HINDUNILVR,2024-05-17,2024-05-27,LONG,2351.9,2369.05,44,10,754.61,0.73,SIGNAL
RUN_20260922_130143_V2,ChecklistStrategy,HINDUNILVR,2024-06-10,2024-06-14,LONG,2579.0,2473.0,40,4,-4240.0,-4.11,STOP_LOSS
RUN_20260922_130143_V2,ChecklistStrategy,HINDUNILVR,2024-06-21,2024-06-25,LONG,2475.0,2439.35,40,4,-1426.0,-1.44,SIGNAL
RUN_20260922_130143_V2,ChecklistStrategy,HINDUNILVR,2024-07-04,2024-07-12,LONG,2515.05,2601.0,39,8,3352.05,3.42,SIGNAL
RUN_20260922_130143_V2,ChecklistStrategy,HINDUNILVR,2024-08-06,2024-09-04,LONG,2720.1,2780.0,37,29,2216.3,2.2,SIGNAL
RUN_20260922_130143_V2,ChecklistStrategy,HINDUNILVR,2024-09-18,2024-09-24,LONG,2874.0,3020.0,18,6,2628.0,5.08,TARGET1_PARTIAL
RUN_20260922_130143_V2,ChecklistStrategy,HINDUNILVR,2024-09-18,2024-09-30,LONG,2874.0,2964.2,18,12,1623.6,3.14,SIGNAL_AFTER_PARTIAL
RUN_20260922_130143_V2,ChecklistStrategy,HINDUNILVR,2024-12-02,2024-12-03,LONG,2485.0,2480.0,43,1,-215.0,-0.2,SIGNAL
RUN_20260922_130143_V2,ChecklistStrategy,HINDUNILVR,2024-12-04,2024-12-10,LONG,2481.1,2408.7,43,6,-3113.21,-2.92,STOP_LOSS
RUN_20260922_130143_V2,ChecklistStrategy,HINDUNILVR,2024-12-12,2024-12-23,LONG,2385.05,2337.0,44,11,-2114.2,-2.01,STOP_LOSS
RUN_20260922_130143_V2,ChecklistStrategy,HINDUNILVR,2024-12-24,2025-01-07,LONG,2331.1,2377.15,44,14,2026.19,1.98,SIGNAL
RUN_20260922_130143_V2,ChecklistStrategy,HINDUNILVR,2025-01-08,2025-01-15,LONG,2391.0,2373.9,44,7,-752.4,-0.72,SIGNAL
RUN_20260922_130143_V2,ChecklistStrategy,HINDUNILVR,2025-01-23,2025-01-31,LONG,2315.0,2401.5,22,8,1903.0,3.74,TARGET1_PARTIAL
RUN_20260922_130143_V2,ChecklistStrategy,HINDUNILVR,2025-01-23,2025-02-01,LONG,2315.0,2475.0,22,9,3520.0,6.91,TARGET2
RUN_20260922_130143_V2,ChecklistStrategy,HINDUNILVR,2025-02-13,2025-02-20,LONG,2330.1,2250.4,47,7,-3745.91,-3.42,STOP_LOSS
RUN_20260922_130143_V2,ChecklistStrategy,HINDUNILVR,2025-02-21,2025-03-03,LONG,2248.05,2199.0,47,10,-2305.35,-2.18,STOP_LOSS
RUN_20260922_130143_V2,ChecklistStrategy,HINDUNILVR,2025-04-03,2025-04-11,LONG,2225.45,2394.6,23,8,3890.45,7.6,TARGET1_PARTIAL
RUN_20260922_130143_V2,ChecklistStrategy,HINDUNILVR,2025-04-03,2025-04-15,LONG,2225.45,2400.0,23,12,4014.65,7.84,TARGET2
RUN_20260922_130143_V2,ChecklistStrategy,HINDUNILVR,2025-04-28,2025-04-29,LONG,2345.0,2328.0,47,1,-799.0,-0.72,SIGNAL
RUN_20260922_130143_V2,ChecklistStrategy,HINDUNILVR,2025-05-02,2025-05-21,LONG,2334.1,2346.0,47,19,559.3,0.51,SIGNAL
RUN_20260922_130143_V2,ChecklistStrategy,HINDUNILVR,2025-05-22,2025-05-28,LONG,2355.0,2388.0,47,6,1551.0,1.4,SIGNAL
RUN_20260922_130143_V2,ChecklistStrategy,HINDUNILVR,2025-06-03,2025-06-04,LONG,2365.1,2359.5,47,1,-263.2,-0.24,SIGNAL
RUN_20260922_130143_V2,ChecklistStrategy,HINDUNILVR,2025-06-30,2025-07-08,LONG,2309.9,2405.4,24,8,2292.0,4.13,TARGET1_PARTIAL
RUN_20260922_130143_V2,ChecklistStrategy,HINDUNILVR,2025-06-30,2025-07-09,LONG,2309.9,2399.0,24,9,2138.4,3.86,SIGNAL_AFTER_PARTIAL
RUN_20260922_130143_V2,ChecklistStrategy,HINDUNILVR,2025-07-29,2025-08-04,LONG,2444.8,2547.0,23,6,2350.6,4.18,TARGET1_PARTIAL
RUN_20260922_130143_V2,ChecklistStrategy,HINDUNILVR,2025-07-29,2025-08-05,LONG,2444.8,2537.5,24,7,2224.8,3.79,SIGNAL_AFTER_PARTIAL
RUN_20260922_130143_V2,ChecklistStrategy,HINDUNILVR,2025-08-12,2025-08-18,LONG,2518.0,2539.0,48,6,1008.0,0.83,SIGNAL
RUN_20260922_130143_V2,ChecklistStrategy,HINDUNILVR,2025-09-10,2025-09-15,LONG,2642.0,2580.5,46,5,-2829.0,-2.33,STOP_LOSS
RUN_20260922_130143_V2,ChecklistStrategy,HINDUNILVR,2025-09-23,2025-09-26,LONG,2568.9,2535.0,46,3,-1559.4,-1.32,SIGNAL
RUN_20260922_130143_V2,ChecklistStrategy,HINDUNILVR,2025-10-15,2025-10-20,LONG,2502.6,2609.0,23,5,2447.2,4.25,TARGET1_PARTIAL
RUN_20260922_130143_V2,ChecklistStrategy,HINDUNILVR,2025-10-15,2025-10-24,LONG,2502.6,2584.0,24,9,1953.6,3.25,SIGNAL_AFTER_PARTIAL
RUN_20260922_130143_V2,ChecklistStrategy,HINDUNILVR,2025-12-16,2026-01-02,LONG,2293.4,2326.0,53,17,1727.81,1.42,SIGNAL
RUN_20260922_130143_V2,ChecklistStrategy,HINDUNILVR,2026-01-13,2026-01-15,LONG,2415.1,2353.5,51,2,-3141.6,-2.55,STOP_LOSS
RUN_20260922_130143_V2,ChecklistStrategy,HINDUNILVR,2026-01-20,2026-01-22,LONG,2423.0,2368.9,49,2,-2650.9,-2.23,STOP_LOSS
RUN_20260922_130143_V2,ChecklistStrategy,HINDUNILVR,2026-01-30,2026-02-06,LONG,2341.0,2354.4,50,7,670.0,0.57,SIGNAL
RUN_20260922_130143_V2,ChecklistStrategy,HINDUNILVR,2026-02-09,2026-02-13,LONG,2425.0,2400.0,48,4,-1200.0,-1.03,SIGNAL
RUN_20260922_130143_V2,ChecklistStrategy,HINDUNILVR,2026-02-17,2026-02-26,LONG,2309.3,2378.0,50,9,3435.0,2.97,SIGNAL
RUN_20260922_130143_V2,ChecklistStrategy,HINDUNILVR,2026-03-10,2026-03-12,LONG,2224.0,2165.1,54,2,-3180.59,-2.65,STOP_LOSS
RUN_20260922_130143_V2,ChecklistStrategy,HINDUNILVR,2026-04-06,2026-04-09,LONG,2065.3,2145.5,56,3,4491.2,3.88,SIGNAL
RUN_20260922_130143_V2,ChecklistStrategy,HINDUNILVR,2026-04-13,2026-04-20,LONG,2131.0,2240.8,28,7,3074.4,5.15,TARGET1_PARTIAL
RUN_20260922_130143_V2,ChecklistStrategy,HINDUNILVR,2026-04-13,2026-04-21,LONG,2131.0,2238.7,28,8,3015.6,5.05,SIGNAL_AFTER_PARTIAL
RUN_20260922_130143_V2,ChecklistStrategy,HINDUNILVR,2026-04-30,2026-05-01,LONG,2312.0,2250.9,55,1,-3360.51,-2.64,STOP_LOSS
RUN_20260922_130143_V2,ChecklistStrategy,HINDUNILVR,2026-05-11,2026-05-15,LONG,2277.1,2248.7,54,4,-1533.61,-1.25,SIGNAL
RUN_20260922_130143_V2,ChecklistStrategy,HINDUNILVR,2026-05-25,2026-06-01,LONG,2215.0,2158.5,55,7,-3107.5,-2.55,STOP_LOSS
RUN_20260922_130143_V2,ChecklistStrategy,HINDUNILVR,2026-06-17,2026-06-24,LONG,2201.1,2160.0,54,7,-2219.41,-1.87,SIGNAL
RUN_20260922_130143_V2,ChecklistStrategy,HINDUNILVR,2026-07-08,2026-07-09,LONG,2199.0,2139.0,53,1,-3180.0,-2.73,STOP_LOSS
RUN_20260922_130143_V2,ChecklistStrategy,HINDUNILVR,2026-07-22,2026-07-29,LONG,2139.7,2050.5,53,7,-4727.6,-4.17,STOP_LOSS
RUN_20260922_130143_V2,ChecklistStrategy,HINDUNILVR,2026-07-30,2026-08-11,LONG,2120.0,2086.0,51,12,-1734.0,-1.6,SIGNAL
RUN_20260922_130143_V2,ChecklistStrategy,HINDUNILVR,2026-08-21,2026-09-01,LONG,2028.0,1987.0,52,11,-2132.0,-2.02,STOP_LOSS
RUN_20260922_130143_V2,ChecklistStrategy,HINDUNILVR,2026-09-02,2026-09-11,LONG,1983.0,1930.5,52,9,-2730.0,-2.65,STOP_LOSS
RUN_20260922_130143_V2,ChecklistStrategy,ICICIBANK,2024-04-05,2024-04-26,LONG,1070.0,1112.15,46,21,1938.9,3.94,TARGET1_PARTIAL
RUN_20260922_130143_V2,ChecklistStrategy,ICICIBANK,2024-04-05,2024-04-29,LONG,1070.0,1108.0,46,24,1748.0,3.55,SIGNAL_AFTER_PARTIAL
RUN_20260922_130143_V2,ChecklistStrategy,ICICIBANK,2024-05-06,2024-05-07,LONG,1141.55,1147.95,90,1,575.99,0.56,SIGNAL
RUN_20260922_130143_V2,ChecklistStrategy,ICICIBANK,2024-05-14,2024-05-30,LONG,1125.9,1097.0,92,16,-2658.8,-2.57,STOP_LOSS
RUN_20260922_130143_V2,ChecklistStrategy,ICICIBANK,2024-06-10,2024-06-12,LONG,1116.0,1121.0,90,2,450.0,0.45,SIGNAL
RUN_20260922_130143_V2,ChecklistStrategy,ICICIBANK,2024-09-04,2024-09-05,LONG,1239.85,1238.0,81,1,-149.85,-0.15,SIGNAL
RUN_20260922_130143_V2,ChecklistStrategy,ICICIBANK,2024-09-10,2024-09-16,LONG,1236.95,1251.0,82,6,1152.1,1.14,SIGNAL
RUN_20260922_130143_V2,ChecklistStrategy,ICICIBANK,2024-10-21,2024-10-22,LONG,1264.5,1266.6,81,1,170.1,0.17,SIGNAL
RUN_20260922_130143_V2,ChecklistStrategy,ICICIBANK,2024-11-06,2024-11-11,LONG,1300.25,1262.0,79,5,-3021.75,-2.94,STOP_LOSS
RUN_20260922_130143_V2,ChecklistStrategy,ICICIBANK,2024-11-12,2024-11-13,LONG,1276.15,1270.6,78,1,-432.9,-0.43,SIGNAL
RUN_20260922_130143_V2,ChecklistStrategy,ICICIBANK,2024-11-18,2024-11-19,LONG,1260.0,1257.05,78,1,-230.1,-0.23,SIGNAL
RUN_20260922_130143_V2,ChecklistStrategy,ICICIBANK,2025-01-10,2025-01-14,LONG,1259.0,1233.35,78,4,-2000.7,-2.04,STOP_LOSS
RUN_20260922_130143_V2,ChecklistStrategy,ICICIBANK,2025-01-24,2025-01-30,LONG,1203.1,1250.0,40,6,1876.0,3.9,TARGET1_PARTIAL
RUN_20260922_130143_V2,ChecklistStrategy,ICICIBANK,2025-01-24,2025-02-01,LONG,1203.1,1251.15,40,8,1922.0,3.99,SIGNAL_AFTER_PARTIAL
RUN_20260922_130143_V2,ChecklistStrategy,ICICIBANK,2025-02-03,2025-02-05,LONG,1246.85,1270.2,80,2,1868.0,1.87,SIGNAL
RUN_20260922_130143_V2,ChecklistStrategy,ICICIBANK,2025-02-11,2025-02-14,LONG,1255.85,1252.1,81,3,-303.75,-0.3,SIGNAL
RUN_20260922_130143_V2,ChecklistStrategy,ICICIBANK,2025-02-20,2025-02-21,LONG,1255.35,1241.1,80,1,-1140.0,-1.14,SIGNAL
RUN_20260922_130143_V2,ChecklistStrategy,ICICIBANK,2025-04-11,2025-04-16,LONG,1305.1,1357.0,77,5,3996.3,3.98,SIGNAL
RUN_20260922_130143_V2,ChecklistStrategy,ICICIBANK,2025-05-16,2025-05-20,LONG,1453.3,1450.2,72,4,-223.21,-0.21,SIGNAL
RUN_20260922_130143_V2,ChecklistStrategy,ICICIBANK,2025-05-23,2025-06-04,LONG,1442.2,1437.4,72,12,-345.59,-0.33,SIGNAL
RUN_20260922_130143_V2,ChecklistStrategy,ICICIBANK,2025-06-06,2025-06-10,LONG,1448.6,1439.0,71,4,-681.6,-0.66,SIGNAL
RUN_20260922_130143_V2,ChecklistStrategy,ICICIBANK,2025-07-09,2025-07-25,LONG,1436.2,1500.0,71,16,4529.8,4.44,SIGNAL
RUN_20260922_130143_V2,ChecklistStrategy,ICICIBANK,2025-10-03,2025-10-06,LONG,1371.9,1371.0,78,3,-70.2,-0.07,SIGNAL
RUN_20260922_130143_V2,ChecklistStrategy,ICICIBANK,2025-10-10,2025-10-20,LONG,1370.3,1442.0,39,10,2796.3,5.23,TARGET1_PARTIAL
RUN_20260922_130143_V2,ChecklistStrategy,ICICIBANK,2025-10-10,2025-10-21,LONG,1370.3,1384.5,39,11,553.8,1.04,SIGNAL_AFTER_PARTIAL
RUN_20260922_130143_V2,ChecklistStrategy,ICICIBANK,2025-10-27,2025-10-31,LONG,1382.1,1357.0,80,4,-2008.0,-1.82,SIGNAL
RUN_20260922_130143_V2,ChecklistStrategy,ICICIBANK,2025-11-10,2025-11-17,LONG,1342.9,1375.1,81,7,2608.2,2.4,SIGNAL
RUN_20260922_130143_V2,ChecklistStrategy,ICICIBANK,2025-12-04,2025-12-18,LONG,1387.0,1346.3,80,14,-3256.0,-2.93,STOP_LOSS
RUN_20260922_130143_V2,ChecklistStrategy,ICICIBANK,2026-02-09,2026-02-10,LONG,1413.5,1401.0,76,1,-950.0,-0.88,SIGNAL
RUN_20260922_130143_V2,ChecklistStrategy,ICICIBANK,2026-02-11,2026-02-16,LONG,1407.4,1404.0,76,5,-258.4,-0.24,SIGNAL
RUN_20260922_130143_V2,ChecklistStrategy,ICICIBANK,2026-02-19,2026-03-02,LONG,1408.5,1355.0,75,11,-4012.5,-3.8,STOP_LOSS
RUN_20260922_130143_V2,ChecklistStrategy,ICICIBANK,2026-05-19,2026-05-20,LONG,1251.1,1230.0,82,1,-1730.2,-1.69,SIGNAL
RUN_20260922_130143_V2,ChecklistStrategy,ICICIBANK,2026-05-25,2026-05-27,LONG,1271.0,1286.0,79,2,1185.0,1.18,SIGNAL
RUN_20260922_130143_V2,ChecklistStrategy,ICICIBANK,2026-06-04,2026-06-11,LONG,1232.2,1286.5,41,7,2226.3,4.41,TARGET1_PARTIAL
RUN_20260922_130143_V2,ChecklistStrategy,ICICIBANK,2026-06-04,2026-06-12,LONG,1232.2,1330.0,41,8,4009.8,7.94,TARGET2
RUN_20260922_130143_V2,ChecklistStrategy,ICICIBANK,2026-08-07,2026-08-10,LONG,1451.0,1428.1,74,3,-1694.6,-1.58,STOP_LOSS
RUN_20260922_130143_V2,ChecklistStrategy,ICICIBANK,2026-08-11,2026-08-14,LONG,1432.1,1403.0,74,3,-2153.4,-2.03,SIGNAL
RUN_20260922_130143_V2,ChecklistStrategy,ICICIBANK,2026-08-26,2026-09-02,LONG,1423.1,1425.1,73,7,146.0,0.14,SIGNAL
RUN_20260922_130143_V2,ChecklistStrategy,INDUSINDBK,2024-02-12,2024-02-13,LONG,1488.2,1452.4,67,1,-2398.6,-2.41,STOP_LOSS
RUN_20260922_130143_V2,ChecklistStrategy,INDUSINDBK,2024-02-14,2024-02-20,LONG,1450.05,1489.0,66,6,2570.7,2.69,SIGNAL
RUN_20260922_130143_V2,ChecklistStrategy,INDUSINDBK,2024-03-01,2024-03-06,LONG,1480.0,1542.45,33,5,2060.85,4.22,TARGET1_PARTIAL
RUN_20260922_130143_V2,ChecklistStrategy,INDUSINDBK,2024-03-01,2024-03-12,LONG,1480.0,1541.05,34,11,2075.7,4.12,SIGNAL_AFTER_PARTIAL
RUN_20260922_130143_V2,ChecklistStrategy,INDUSINDBK,2024-03-19,2024-03-20,LONG,1476.05,1440.0,70,1,-2523.5,-2.44,STOP_LOSS
RUN_20260922_130143_V2,ChecklistStrategy,INDUSINDBK,2024-04-08,2024-04-18,LONG,1560.0,1502.8,65,10,-3718.0,-3.67,STOP_LOSS
RUN_20260922_130143_V2,ChecklistStrategy,INDUSINDBK,2024-04-30,2024-05-03,LONG,1497.8,1517.2,65,3,1260.99,1.3,SIGNAL
RUN_20260922_130143_V2,ChecklistStrategy,INDUSINDBK,2024-05-14,2024-05-17,LONG,1407.0,1408.0,70,3,70.0,0.07,SIGNAL
RUN_20260922_130143_V2,ChecklistStrategy,INDUSINDBK,2024-05-23,2024-05-28,LONG,1408.55,1472.8,35,5,2248.75,4.56,TARGET1_PARTIAL
RUN_20260922_130143_V2,ChecklistStrategy,INDUSINDBK,2024-05-23,2024-06-04,LONG,1408.55,1509.95,35,12,3549.0,7.2,TARGET2
RUN_20260922_130143_V2,ChecklistStrategy,INDUSINDBK,2024-06-06,2024-06-07,LONG,1500.0,1468.55,69,1,-2170.05,-2.1,SIGNAL
RUN_20260922_130143_V2,ChecklistStrategy,INDUSINDBK,2024-06-26,2024-07-01,LONG,1498.0,1468.95,68,5,-1975.4,-1.94,STOP_LOSS
RUN_20260922_130143_V2,ChecklistStrategy,INDUSINDBK,2024-07-12,2024-07-15,LONG,1432.0,1438.5,70,3,455.0,0.45,SIGNAL
RUN_20260922_130143_V2,ChecklistStrategy,INDUSINDBK,2024-07-29,2024-07-30,LONG,1415.0,1411.5,71,1,-248.5,-0.25,SIGNAL
RUN_20260922_130143_V2,ChecklistStrategy,INDUSINDBK,2024-07-31,2024-08-05,LONG,1435.0,1388.0,70,5,-3290.0,-3.28,STOP_LOSS
RUN_20260922_130143_V2,ChecklistStrategy,INDUSINDBK,2024-08-13,2024-08-22,LONG,1355.0,1384.05,71,9,2062.55,2.14,SIGNAL
RUN_20260922_130143_V2,ChecklistStrategy,INDUSINDBK,2024-08-28,2024-09-03,LONG,1389.05,1450.0,35,6,2133.25,4.39,TARGET1_PARTIAL
RUN_20260922_130143_V2,ChecklistStrategy,INDUSINDBK,2024-08-28,2024-09-18,LONG,1389.05,1470.0,36,21,2914.2,5.83,SIGNAL_AFTER_PARTIAL
RUN_20260922_130143_V2,ChecklistStrategy,INDUSINDBK,2024-10-09,2024-10-10,LONG,1369.0,1350.0,76,1,-1444.0,-1.39,STOP_LOSS
RUN_20260922_130143_V2,ChecklistStrategy,INDUSINDBK,2024-10-11,2024-10-22,LONG,1360.1,1309.1,75,11,-3825.0,-3.75,STOP_LOSS
RUN_20260922_130143_V2,ChecklistStrategy,INDUSINDBK,2024-10-29,2024-10-30,LONG,1058.8,1037.65,93,1,-1966.95,-2.0,SIGNAL
RUN_20260922_130143_V2,ChecklistStrategy,INDUSINDBK,2024-11-06,2024-11-08,LONG,1092.3,1061.45,88,2,-2714.81,-2.82,STOP_LOSS
RUN_20260922_130143_V2,ChecklistStrategy,INDUSINDBK,2024-12-02,2024-12-12,LONG,990.05,986.0,94,10,-380.7,-0.41,SIGNAL
RUN_20260922_130143_V2,ChecklistStrategy,INDUSINDBK,2024-12-24,2025-01-01,LONG,941.0,958.6,98,8,1724.8,1.87,SIGNAL
RUN_20260922_130143_V2,ChecklistStrategy,INDUSINDBK,2025-01-08,2025-01-13,LONG,985.9,936.9,96,5,-4704.0,-4.97,STOP_LOSS
RUN_20260922_130143_V2,ChecklistStrategy,INDUSINDBK,2025-01-23,2025-01-28,LONG,965.95,937.35,93,5,-2659.8,-2.96,STOP_LOSS
RUN_20260922_130143_V2,ChecklistStrategy,INDUSINDBK,2025-02-18,2025-02-19,LONG,1045.0,1024.1,83,1,-1734.7,-2.0,STOP_LOSS
RUN_20260922_130143_V2,ChecklistStrategy,INDUSINDBK,2025-02-20,2025-03-03,LONG,1029.95,978.95,82,11,-4181.99,-4.95,STOP_LOSS
RUN_20260922_130143_V2,ChecklistStrategy,INDUSINDBK,2025-03-04,2025-03-10,LONG,978.0,895.0,83,6,-6889.0,-8.49,STOP_LOSS
RUN_20260922_130143_V2,ChecklistStrategy,INDUSINDBK,2025-03-27,2025-04-02,LONG,655.3,682.7,57,6,1561.8,4.18,TARGET1_PARTIAL
RUN_20260922_130143_V2,ChecklistStrategy,INDUSINDBK,2025-03-27,2025-04-03,LONG,655.3,694.95,57,7,2260.05,6.05,TARGET2
RUN_20260922_130143_V2,ChecklistStrategy,INDUSINDBK,2025-05-15,2025-05-21,LONG,778.0,783.0,100,6,500.0,0.64,SIGNAL
RUN_20260922_130143_V2,ChecklistStrategy,INDUSINDBK,2025-05-23,2025-05-28,LONG,781.1,820.5,50,5,1970.0,5.04,TARGET1_PARTIAL
RUN_20260922_130143_V2,ChecklistStrategy,INDUSINDBK,2025-05-23,2025-05-29,LONG,781.1,805.15,50,6,1202.5,3.08,SIGNAL_AFTER_PARTIAL
RUN_20260922_130143_V2,ChecklistStrategy,INDUSINDBK,2025-05-30,2025-06-02,LONG,821.1,815.0,99,3,-603.9,-0.74,SIGNAL
RUN_20260922_130143_V2,ChecklistStrategy,INDUSINDBK,2025-07-21,2025-07-22,LONG,870.05,880.0,93,1,925.35,1.14,SIGNAL
RUN_20260922_130143_V2,ChecklistStrategy,INDUSINDBK,2025-07-24,2025-07-25,LONG,855.25,846.4,96,1,-849.6,-1.03,SIGNAL
RUN_20260922_130143_V2,ChecklistStrategy,INDUSINDBK,2025-09-08,2025-09-15,LONG,759.5,741.0,107,7,-1979.5,-2.44,STOP_LOSS
RUN_20260922_130143_V2,ChecklistStrategy,INDUSINDBK,2025-10-24,2025-10-29,LONG,759.95,804.0,52,5,2290.6,5.8,TARGET1_PARTIAL
RUN_20260922_130143_V2,ChecklistStrategy,INDUSINDBK,2025-10-24,2025-10-30,LONG,759.95,807.0,52,6,2446.6,6.19,TARGET2
RUN_20260922_130143_V2,ChecklistStrategy,INDUSINDBK,2025-12-10,2025-12-11,LONG,847.8,834.45,99,1,-1321.65,-1.57,SIGNAL
RUN_20260922_130143_V2,ChecklistStrategy,INDUSINDBK,2025-12-31,2026-01-02,LONG,841.5,896.0,49,2,2670.5,6.48,TARGET1_PARTIAL
RUN_20260922_130143_V2,ChecklistStrategy,INDUSINDBK,2025-12-31,2026-01-05,LONG,841.5,905.0,49,5,3111.5,7.55,TARGET2
RUN_20260922_130143_V2,ChecklistStrategy,INDUSINDBK,2026-01-07,2026-01-08,LONG,914.5,897.0,96,1,-1680.0,-1.91,SIGNAL
RUN_20260922_130143_V2,ChecklistStrategy,INDUSINDBK,2026-01-29,2026-02-18,LONG,899.9,944.0,48,20,2116.8,4.9,TARGET1_PARTIAL
RUN_20260922_130143_V2,ChecklistStrategy,INDUSINDBK,2026-01-29,2026-02-27,LONG,899.9,963.0,48,29,3028.8,7.01,TARGET2
RUN_20260922_130143_V2,ChecklistStrategy,INDUSINDBK,2026-03-11,2026-03-12,LONG,897.2,870.0,102,1,-2774.4,-3.03,STOP_LOSS
RUN_20260922_130143_V2,ChecklistStrategy,INDUSINDBK,2026-03-17,2026-03-24,LONG,825.0,789.85,107,7,-3761.05,-4.26,STOP_LOSS
RUN_20260922_130143_V2,ChecklistStrategy,INDUSINDBK,2026-03-25,2026-04-01,LONG,802.95,765.95,106,7,-3922.0,-4.61,STOP_LOSS
RUN_20260922_130143_V2,ChecklistStrategy,INDUSINDBK,2026-04-06,2026-04-09,LONG,774.6,831.85,52,3,2977.0,7.39,TARGET1_PARTIAL
RUN_20260922_130143_V2,ChecklistStrategy,INDUSINDBK,2026-04-06,2026-04-10,LONG,774.6,818.5,52,4,2282.8,5.67,SIGNAL_AFTER_PARTIAL
RUN_20260922_130143_V2,ChecklistStrategy,INDUSINDBK,2026-04-13,2026-04-16,LONG,807.1,845.5,52,3,1996.8,4.76,TARGET1_PARTIAL
RUN_20260922_130143_V2,ChecklistStrategy,INDUSINDBK,2026-04-13,2026-04-20,LONG,807.1,853.9,52,7,2433.6,5.8,SIGNAL_AFTER_PARTIAL
RUN_20260922_130143_V2,ChecklistStrategy,INDUSINDBK,2026-04-23,2026-04-24,LONG,861.7,868.0,104,1,655.2,0.73,SIGNAL
RUN_20260922_130143_V2,ChecklistStrategy,INDUSINDBK,2026-06-18,2026-06-24,LONG,937.0,904.05,97,6,-3196.15,-3.52,STOP_LOSS
RUN_20260922_130143_V2,ChecklistStrategy,INDUSINDBK,2026-06-30,2026-07-06,LONG,916.45,968.0,48,6,2474.4,5.62,TARGET1_PARTIAL
RUN_20260922_130143_V2,ChecklistStrategy,INDUSINDBK,2026-06-30,2026-07-07,LONG,916.45,1009.7,48,7,4476.0,10.18,TARGET2
RUN_20260922_130143_V2,ChecklistStrategy,INDUSINDBK,2026-08-03,2026-08-05,LONG,1019.0,1025.0,93,2,558.0,0.59,SIGNAL
RUN_20260922_130143_V2,ChecklistStrategy,INDUSINDBK,2026-08-13,2026-08-31,LONG,1015.0,992.0,93,18,-2139.0,-2.27,STOP_LOSS
RUN_20260922_130143_V2,ChecklistStrategy,INDUSINDBK,2026-09-01,2026-09-02,LONG,1004.0,985.0,91,1,-1729.0,-1.89,SIGNAL
RUN_20260922_130143_V2,ChecklistStrategy,INDUSINDBK,2026-09-03,2026-09-08,LONG,980.0,991.6,93,5,1078.8,1.18,SIGNAL
RUN_20260922_130143_V2,ChecklistStrategy,INFY,2024-02-13,2024-03-05,LONG,1683.0,1634.0,59,21,-2891.0,-2.91,STOP_LOSS
RUN_20260922_130143_V2,ChecklistStrategy,INFY,2024-03-13,2024-03-14,LONG,1612.9,1614.4,60,1,90.0,0.09,SIGNAL
RUN_20260922_130143_V2,ChecklistStrategy,INFY,2024-04-05,2024-04-10,LONG,1480.05,1500.35,65,5,1319.5,1.37,SIGNAL
RUN_20260922_130143_V2,ChecklistStrategy,INFY,2024-04-12,2024-04-16,LONG,1504.0,1451.0,65,4,-3445.0,-3.52,STOP_LOSS
RUN_20260922_130143_V2,ChecklistStrategy,INFY,2024-06-28,2024-07-01,LONG,1572.55,1559.5,60,3,-783.0,-0.83,SIGNAL
RUN_20260922_130143_V2,ChecklistStrategy,INFY,2024-08-08,2024-08-09,LONG,1779.95,1771.25,52,1,-452.4,-0.49,STOP_LOSS
RUN_20260922_130143_V2,ChecklistStrategy,INFY,2024-10-03,2024-10-09,LONG,1889.5,1952.55,49,6,3089.45,3.34,SIGNAL
RUN_20260922_130143_V2,ChecklistStrategy,INFY,2024-10-24,2024-10-25,LONG,1861.4,1863.45,51,1,104.55,0.11,SIGNAL
RUN_20260922_130143_V2,ChecklistStrategy,INFY,2024-11-04,2024-11-07,LONG,1724.5,1812.95,27,3,2388.15,5.13,TARGET1_PARTIAL
RUN_20260922_130143_V2,ChecklistStrategy,INFY,2024-11-04,2024-11-08,LONG,1724.5,1818.0,27,4,2524.5,5.42,SIGNAL_AFTER_PARTIAL
RUN_20260922_130143_V2,ChecklistStrategy,INFY,2024-12-31,2025-01-06,LONG,1892.3,1952.0,53,6,3164.1,3.15,SIGNAL
RUN_20260922_130143_V2,ChecklistStrategy,INFY,2025-01-09,2025-01-10,LONG,1934.05,1937.0,54,1,159.3,0.15,SIGNAL
RUN_20260922_130143_V2,ChecklistStrategy,INFY,2025-01-16,2025-01-17,LONG,1965.95,1851.0,53,1,-6092.35,-5.85,SIGNAL
RUN_20260922_130143_V2,ChecklistStrategy,INFY,2025-01-21,2025-01-29,LONG,1819.05,1845.0,54,8,1401.3,1.43,SIGNAL
RUN_20260922_130143_V2,ChecklistStrategy,INFY,2025-02-17,2025-02-24,LONG,1838.55,1800.05,53,7,-2040.5,-2.09,SIGNAL
RUN_20260922_130143_V2,ChecklistStrategy,INFY,2025-03-04,2025-03-13,LONG,1695.0,1599.25,57,9,-5457.75,-5.65,STOP_LOSS
RUN_20260922_130143_V2,ChecklistStrategy,INFY,2025-04-11,2025-04-23,LONG,1411.25,1446.0,65,12,2258.75,2.46,SIGNAL
RUN_20260922_130143_V2,ChecklistStrategy,INFY,2025-05-15,2025-05-19,LONG,1589.8,1576.5,59,4,-784.7,-0.84,SIGNAL
RUN_20260922_130143_V2,ChecklistStrategy,INFY,2025-05-22,2025-05-28,LONG,1555.5,1581.0,59,6,1504.5,1.64,SIGNAL
RUN_20260922_130143_V2,ChecklistStrategy,INFY,2025-06-23,2025-06-30,LONG,1601.0,1615.0,58,7,812.0,0.87,SIGNAL
RUN_20260922_130143_V2,ChecklistStrategy,INFY,2025-07-09,2025-07-14,LONG,1637.8,1591.8,58,5,-2668.0,-2.81,STOP_LOSS
RUN_20260922_130143_V2,ChecklistStrategy,INFY,2025-07-29,2025-08-04,LONG,1512.9,1461.5,61,6,-3135.4,-3.4,STOP_LOSS
RUN_20260922_130143_V2,ChecklistStrategy,INFY,2025-08-08,2025-08-13,LONG,1425.0,1425.0,62,5,0.0,0.0,SIGNAL
RUN_20260922_130143_V2,ChecklistStrategy,INFY,2025-08-14,2025-08-21,LONG,1426.2,1508.0,31,7,2535.8,5.74,TARGET1_PARTIAL
RUN_20260922_130143_V2,ChecklistStrategy,INFY,2025-08-14,2025-08-26,LONG,1426.2,1523.0,31,12,3000.8,6.79,TARGET2
RUN_20260922_130143_V2,ChecklistStrategy,INFY,2025-09-02,2025-09-05,LONG,1499.4,1470.0,63,3,-1852.2,-1.96,STOP_LOSS
RUN_20260922_130143_V2,ChecklistStrategy,INFY,2025-09-17,2025-09-24,LONG,1516.9,1487.2,61,7,-1811.7,-1.96,SIGNAL
RUN_20260922_130143_V2,ChecklistStrategy,INFY,2025-10-03,2025-10-10,LONG,1439.0,1510.0,31,7,2201.0,4.93,TARGET1_PARTIAL
RUN_20260922_130143_V2,ChecklistStrategy,INFY,2025-10-03,2025-10-24,LONG,1439.0,1539.5,32,21,3216.0,6.98,TARGET2
RUN_20260922_130143_V2,ChecklistStrategy,INFY,2025-11-20,2025-12-03,LONG,1555.0,1555.1,62,13,6.2,0.01,SIGNAL
RUN_20260922_130143_V2,ChecklistStrategy,INFY,2025-12-04,2025-12-22,LONG,1568.0,1664.0,30,18,2880.0,6.12,TARGET1_PARTIAL
RUN_20260922_130143_V2,ChecklistStrategy,INFY,2025-12-04,2025-12-23,LONG,1568.0,1679.0,31,19,3441.0,7.08,TARGET2
RUN_20260922_130143_V2,ChecklistStrategy,INFY,2026-02-17,2026-02-19,LONG,1370.0,1385.0,75,2,1125.0,1.09,SIGNAL
RUN_20260922_130143_V2,ChecklistStrategy,INFY,2026-04-06,2026-04-07,LONG,1301.4,1302.0,80,1,48.0,0.05,SIGNAL
RUN_20260922_130143_V2,ChecklistStrategy,INFY,2026-04-28,2026-05-14,LONG,1162.7,1119.8,88,16,-3775.19,-3.69,STOP_LOSS
RUN_20260922_130143_V2,ChecklistStrategy,INFY,2026-05-18,2026-05-20,LONG,1119.0,1187.0,44,2,2992.0,6.08,TARGET1_PARTIAL
RUN_20260922_130143_V2,ChecklistStrategy,INFY,2026-05-18,2026-05-21,LONG,1119.0,1196.1,45,3,3469.5,6.89,TARGET2
RUN_20260922_130143_V2,ChecklistStrategy,INFY,2026-07-08,2026-07-13,LONG,1071.9,1057.1,99,5,-1465.2,-1.38,SIGNAL
RUN_20260922_130143_V2,ChecklistStrategy,INFY,2026-08-31,2026-09-01,LONG,1138.6,1128.0,91,1,-964.6,-0.93,SIGNAL
RUN_20260922_130143_V2,ChecklistStrategy,INFY,2026-09-02,2026-09-04,LONG,1137.7,1133.0,90,2,-423.0,-0.41,SIGNAL
RUN_20260922_130143_V2,ChecklistStrategy,ITC,2024-04-08,2024-04-10,LONG,412.42,412.42,242,2,0.0,0.0,SIGNAL
RUN_20260922_130143_V2,ChecklistStrategy,ITC,2024-04-24,2024-04-30,LONG,413.33,423.63,241,6,2483.07,2.49,SIGNAL
RUN_20260922_130143_V2,ChecklistStrategy,ITC,2024-05-13,2024-05-14,LONG,417.18,414.54,245,1,-648.76,-0.63,SIGNAL
RUN_20260922_130143_V2,ChecklistStrategy,ITC,2024-05-17,2024-06-05,LONG,416.36,406.35,244,19,-2443.5,-2.4,STOP_LOSS
RUN_20260922_130143_V2,ChecklistStrategy,ITC,2024-07-12,2024-07-23,LONG,441.64,449.25,224,11,1703.97,1.72,SIGNAL
RUN_20260922_130143_V2,ChecklistStrategy,ITC,2024-09-10,2024-09-12,LONG,492.92,496.0,204,2,628.59,0.62,SIGNAL
RUN_20260922_130143_V2,ChecklistStrategy,ITC,2024-10-22,2024-10-23,LONG,465.71,463.16,217,1,-553.72,-0.55,SIGNAL
RUN_20260922_130143_V2,ChecklistStrategy,ITC,2024-11-07,2024-11-18,LONG,463.88,448.72,217,11,-3291.01,-3.27,STOP_LOSS
RUN_20260922_130143_V2,ChecklistStrategy,ITC,2024-12-16,2024-12-20,LONG,452.81,449.2,215,4,-776.35,-0.8,SIGNAL
RUN_20260922_130143_V2,ChecklistStrategy,ITC,2025-01-16,2025-01-21,LONG,438.05,438.0,220,5,-11.0,-0.01,SIGNAL
RUN_20260922_130143_V2,ChecklistStrategy,ITC,2025-03-04,2025-03-13,LONG,395.4,413.0,121,9,2129.6,4.45,TARGET1_PARTIAL
RUN_20260922_130143_V2,ChecklistStrategy,ITC,2025-03-04,2025-04-15,LONG,395.4,429.2,121,42,4089.8,8.55,TARGET2
RUN_20260922_130143_V2,ChecklistStrategy,ITC,2025-05-09,2025-05-19,LONG,425.95,435.0,238,10,2153.9,2.12,SIGNAL
RUN_20260922_130143_V2,ChecklistStrategy,ITC,2025-06-03,2025-06-18,LONG,419.0,417.0,249,15,-498.0,-0.48,SIGNAL
RUN_20260922_130143_V2,ChecklistStrategy,ITC,2025-08-01,2025-08-21,LONG,412.4,406.05,252,20,-1600.2,-1.54,SIGNAL
RUN_20260922_130143_V2,ChecklistStrategy,ITC,2025-08-26,2025-09-02,LONG,399.3,406.55,256,7,1856.0,1.82,SIGNAL
RUN_20260922_130143_V2,ChecklistStrategy,ITC,2025-09-19,2025-09-22,LONG,411.55,410.65,253,3,-227.7,-0.22,SIGNAL
RUN_20260922_130143_V2,ChecklistStrategy,ITC,2025-10-03,2025-10-06,LONG,404.9,403.0,256,3,-486.4,-0.47,SIGNAL
RUN_20260922_130143_V2,ChecklistStrategy,ITC,2025-11-21,2025-11-25,LONG,405.0,403.55,255,4,-369.75,-0.36,SIGNAL
RUN_20260922_130143_V2,ChecklistStrategy,ITC,2025-12-05,2025-12-09,LONG,403.05,402.0,255,4,-267.75,-0.26,SIGNAL
RUN_20260922_130143_V2,ChecklistStrategy,ITC,2026-01-01,2026-01-02,LONG,402.7,360.0,254,1,-10845.8,-10.6,STOP_LOSS
RUN_20260922_130143_V2,ChecklistStrategy,ITC,2026-02-17,2026-02-19,LONG,318.45,334.05,144,2,2246.4,4.9,TARGET1_PARTIAL
RUN_20260922_130143_V2,ChecklistStrategy,ITC,2026-02-17,2026-02-20,LONG,318.45,325.05,144,3,950.4,2.07,SIGNAL_AFTER_PARTIAL
RUN_20260922_130143_V2,ChecklistStrategy,ITC,2026-03-11,2026-03-16,LONG,309.05,302.55,307,5,-1995.5,-2.1,STOP_LOSS
RUN_20260922_130143_V2,ChecklistStrategy,ITC,2026-03-27,2026-04-01,LONG,294.7,293.0,314,5,-533.8,-0.58,STOP_LOSS
RUN_20260922_130143_V2,ChecklistStrategy,ITC,2026-04-28,2026-05-01,LONG,304.4,314.9,303,3,3181.5,3.45,SIGNAL
RUN_20260922_130143_V2,ChecklistStrategy,ITC,2026-06-05,2026-06-17,LONG,280.0,291.95,170,12,2031.5,4.27,TARGET1_PARTIAL
RUN_20260922_130143_V2,ChecklistStrategy,ITC,2026-06-05,2026-07-01,LONG,280.0,287.85,170,26,1334.5,2.8,SIGNAL_AFTER_PARTIAL
RUN_20260922_130143_V2,ChecklistStrategy,ITC,2026-07-08,2026-07-09,LONG,286.9,281.25,341,1,-1926.65,-1.97,STOP_LOSS
RUN_20260922_130143_V2,ChecklistStrategy,ITC,2026-08-07,2026-08-11,LONG,285.0,282.0,338,4,-1014.0,-1.05,SIGNAL
RUN_20260922_130143_V2,ChecklistStrategy,ITC,2026-08-14,2026-08-17,LONG,278.35,278.2,343,3,-51.45,-0.05,SIGNAL
RUN_20260922_130143_V2,ChecklistStrategy,ITC,2026-08-25,2026-09-01,LONG,269.7,261.5,354,7,-2902.8,-3.04,STOP_LOSS
RUN_20260922_130143_V2,ChecklistStrategy,JIOFIN,2024-05-13,2024-05-24,LONG,347.85,368.5,143,11,2952.95,5.94,TARGET1_PARTIAL
RUN_20260922_130143_V2,ChecklistStrategy,JIOFIN,2024-05-13,2024-05-31,LONG,347.85,355.05,144,18,1036.8,2.07,STOP_LOSS_AFTER_PARTIAL
RUN_20260922_130143_V2,ChecklistStrategy,JIOFIN,2024-07-22,2024-07-26,LONG,338.75,329.85,306,4,-2723.4,-2.63,STOP_LOSS
RUN_20260922_130143_V2,ChecklistStrategy,JIOFIN,2024-12-12,2024-12-19,LONG,343.8,318.0,294,7,-7585.2,-7.5,STOP_LOSS
RUN_20260922_130143_V2,ChecklistStrategy,JIOFIN,2025-02-20,2025-02-28,LONG,228.0,219.26,408,8,-3565.92,-3.83,STOP_LOSS
RUN_20260922_130143_V2,ChecklistStrategy,JIOFIN,2025-06-23,2025-06-25,LONG,288.55,303.7,152,2,2302.8,5.25,TARGET1_PARTIAL
RUN_20260922_130143_V2,ChecklistStrategy,JIOFIN,2025-06-23,2025-06-27,LONG,288.55,314.1,153,4,3909.15,8.85,TARGET2
RUN_20260922_130143_V2,ChecklistStrategy,JIOFIN,2025-07-16,2025-07-23,LONG,321.0,311.6,298,7,-2801.2,-2.93,STOP_LOSS
RUN_20260922_130143_V2,ChecklistStrategy,JIOFIN,2025-08-12,2025-08-25,LONG,327.95,322.0,284,13,-1689.8,-1.81,STOP_LOSS
RUN_20260922_130143_V2,ChecklistStrategy,JIOFIN,2025-09-01,2025-09-11,LONG,311.7,310.05,293,10,-483.46,-0.53,SIGNAL
RUN_20260922_130143_V2,ChecklistStrategy,JIOFIN,2025-10-10,2025-10-15,LONG,307.0,305.6,295,5,-413.0,-0.46,SIGNAL
RUN_20260922_130143_V2,ChecklistStrategy,JIOFIN,2026-01-08,2026-01-09,LONG,303.3,292.0,297,1,-3356.1,-3.73,STOP_LOSS
RUN_20260922_130143_V2,ChecklistStrategy,JIOFIN,2026-02-12,2026-02-16,LONG,270.0,262.05,321,4,-2551.95,-2.94,STOP_LOSS
RUN_20260922_130143_V2,ChecklistStrategy,JIOFIN,2026-03-06,2026-03-10,LONG,242.2,236.95,347,4,-1821.75,-2.17,STOP_LOSS
RUN_20260922_130143_V2,ChecklistStrategy,JIOFIN,2026-04-02,2026-04-09,LONG,227.85,246.0,177,7,3212.55,7.97,TARGET1_PARTIAL
RUN_20260922_130143_V2,ChecklistStrategy,JIOFIN,2026-04-02,2026-04-13,LONG,227.85,237.0,178,11,1628.7,4.02,TARGET2
RUN_20260922_130143_V2,ChecklistStrategy,JIOFIN,2026-04-20,2026-04-21,LONG,242.0,237.27,358,1,-1693.34,-1.95,STOP_LOSS
RUN_20260922_130143_V2,ChecklistStrategy,JIOFIN,2026-07-22,2026-07-24,LONG,239.36,232.0,356,2,-2620.16,-3.07,STOP_LOSS
RUN_20260922_130143_V2,ChecklistStrategy,JIOFIN,2026-09-01,2026-09-04,LONG,240.0,237.8,343,3,-754.6,-0.92,SIGNAL
RUN_20260922_130143_V2,ChecklistStrategy,JSWSTEEL,2024-02-14,2024-02-22,LONG,798.0,831.0,123,8,4059.0,4.14,SIGNAL
RUN_20260922_130143_V2,ChecklistStrategy,JSWSTEEL,2024-03-15,2024-03-20,LONG,782.1,802.2,132,5,2653.2,2.57,SIGNAL
RUN_20260922_130143_V2,ChecklistStrategy,JSWSTEEL,2024-04-25,2024-05-06,LONG,882.7,879.7,120,11,-360.0,-0.34,SIGNAL
RUN_20260922_130143_V2,ChecklistStrategy,JSWSTEEL,2024-05-07,2024-05-08,LONG,880.65,850.4,120,1,-3630.0,-3.43,STOP_LOSS
RUN_20260922_130143_V2,ChecklistStrategy,JSWSTEEL,2024-05-13,2024-05-17,LONG,847.85,888.0,60,4,2409.0,4.74,TARGET1_PARTIAL
RUN_20260922_130143_V2,ChecklistStrategy,JSWSTEEL,2024-05-13,2024-05-21,LONG,847.85,892.0,60,8,2649.0,5.21,TARGET2
RUN_20260922_130143_V2,ChecklistStrategy,JSWSTEEL,2024-05-29,2024-06-03,LONG,899.6,912.0,118,5,1463.2,1.38,STOP_LOSS
RUN_20260922_130143_V2,ChecklistStrategy,JSWSTEEL,2024-06-04,2024-06-05,LONG,914.0,857.0,118,1,-6726.0,-6.24,STOP_LOSS
RUN_20260922_130143_V2,ChecklistStrategy,JSWSTEEL,2024-06-13,2024-06-25,LONG,917.55,936.9,111,12,2147.85,2.11,SIGNAL
RUN_20260922_130143_V2,ChecklistStrategy,JSWSTEEL,2024-06-28,2024-07-01,LONG,943.15,935.0,110,3,-896.5,-0.86,SIGNAL
RUN_20260922_130143_V2,ChecklistStrategy,JSWSTEEL,2024-07-18,2024-07-19,LONG,934.35,927.0,110,1,-808.5,-0.79,SIGNAL
RUN_20260922_130143_V2,ChecklistStrategy,JSWSTEEL,2024-07-24,2024-07-26,LONG,895.0,880.0,114,2,-1710.0,-1.68,STOP_LOSS
RUN_20260922_130143_V2,ChecklistStrategy,JSWSTEEL,2024-08-19,2024-08-27,LONG,910.0,963.45,55,8,2939.75,5.87,TARGET1_PARTIAL
RUN_20260922_130143_V2,ChecklistStrategy,JSWSTEEL,2024-08-19,2024-09-12,LONG,910.0,935.8,55,24,1419.0,2.84,SIGNAL_AFTER_PARTIAL
RUN_20260922_130143_V2,ChecklistStrategy,JSWSTEEL,2024-10-21,2024-10-23,LONG,997.0,963.65,105,2,-3501.75,-3.35,STOP_LOSS
RUN_20260922_130143_V2,ChecklistStrategy,JSWSTEEL,2024-10-25,2024-10-28,LONG,958.1,936.0,105,3,-2320.5,-2.31,SIGNAL
RUN_20260922_130143_V2,ChecklistStrategy,JSWSTEEL,2024-11-06,2024-11-08,LONG,1000.0,994.0,98,2,-588.0,-0.6,SIGNAL
RUN_20260922_130143_V2,ChecklistStrategy,JSWSTEEL,2024-11-11,2024-11-13,LONG,988.0,953.5,98,2,-3381.0,-3.49,STOP_LOSS
RUN_20260922_130143_V2,ChecklistStrategy,JSWSTEEL,2024-12-02,2024-12-04,LONG,965.9,996.1,98,2,2959.6,3.13,SIGNAL
RUN_20260922_130143_V2,ChecklistStrategy,JSWSTEEL,2024-12-06,2024-12-18,LONG,999.9,967.05,97,12,-3186.45,-3.29,STOP_LOSS
RUN_20260922_130143_V2,ChecklistStrategy,JSWSTEEL,2025-01-30,2025-02-01,LONG,937.9,947.85,100,2,995.0,1.06,SIGNAL
RUN_20260922_130143_V2,ChecklistStrategy,JSWSTEEL,2025-02-28,2025-03-07,LONG,968.1,1011.0,48,7,2059.2,4.43,TARGET1_PARTIAL
RUN_20260922_130143_V2,ChecklistStrategy,JSWSTEEL,2025-02-28,2025-03-11,LONG,968.1,1003.85,49,11,1751.75,3.69,SIGNAL_AFTER_PARTIAL
RUN_20260922_130143_V2,ChecklistStrategy,JSWSTEEL,2025-05-23,2025-05-28,LONG,1011.0,1014.9,98,5,382.2,0.39,SIGNAL
RUN_20260922_130143_V2,ChecklistStrategy,JSWSTEEL,2025-07-02,2025-07-10,LONG,1031.0,1040.9,96,8,950.4,0.96,SIGNAL
RUN_20260922_130143_V2,ChecklistStrategy,JSWSTEEL,2025-07-11,2025-08-11,LONG,1043.0,1049.2,96,31,595.2,0.59,SIGNAL
RUN_20260922_130143_V2,ChecklistStrategy,JSWSTEEL,2025-08-12,2025-09-01,LONG,1054.8,1026.6,95,20,-2679.01,-2.67,STOP_LOSS
RUN_20260922_130143_V2,ChecklistStrategy,JSWSTEEL,2025-09-02,2025-09-05,LONG,1035.6,1069.0,94,3,3139.6,3.23,SIGNAL
RUN_20260922_130143_V2,ChecklistStrategy,JSWSTEEL,2025-10-23,2025-10-24,LONG,1161.0,1140.0,87,1,-1827.0,-1.81,SIGNAL
RUN_20260922_130143_V2,ChecklistStrategy,JSWSTEEL,2025-11-18,2025-11-19,LONG,1179.9,1167.5,84,1,-1041.6,-1.05,SIGNAL
RUN_20260922_130143_V2,ChecklistStrategy,JSWSTEEL,2025-11-26,2025-11-28,LONG,1112.0,1160.0,44,2,2112.0,4.32,TARGET1_PARTIAL
RUN_20260922_130143_V2,ChecklistStrategy,JSWSTEEL,2025-11-26,2025-12-03,LONG,1112.0,1162.0,44,7,2200.0,4.5,SIGNAL_AFTER_PARTIAL
RUN_20260922_130143_V2,ChecklistStrategy,JSWSTEEL,2025-12-29,2026-01-01,LONG,1100.0,1163.5,46,3,2921.0,5.77,TARGET1_PARTIAL
RUN_20260922_130143_V2,ChecklistStrategy,JSWSTEEL,2025-12-29,2026-01-02,LONG,1100.0,1172.0,47,4,3384.0,6.55,TARGET2
RUN_20260922_130143_V2,ChecklistStrategy,JSWSTEEL,2026-01-15,2026-01-19,LONG,1181.8,1187.4,92,4,515.2,0.47,SIGNAL
RUN_20260922_130143_V2,ChecklistStrategy,JSWSTEEL,2026-01-22,2026-01-27,LONG,1180.0,1197.0,92,5,1564.0,1.44,SIGNAL
RUN_20260922_130143_V2,ChecklistStrategy,JSWSTEEL,2026-02-23,2026-03-05,LONG,1240.0,1214.5,89,10,-2269.5,-2.06,STOP_LOSS
RUN_20260922_130143_V2,ChecklistStrategy,JSWSTEEL,2026-03-17,2026-03-24,LONG,1147.0,1131.9,94,7,-1419.4,-1.32,STOP_LOSS
RUN_20260922_130143_V2,ChecklistStrategy,JSWSTEEL,2026-05-19,2026-06-09,LONG,1298.0,1265.0,82,21,-2706.0,-2.54,STOP_LOSS
RUN_20260922_130143_V2,ChecklistStrategy,JSWSTEEL,2026-06-18,2026-06-24,LONG,1288.0,1240.0,80,6,-3840.0,-3.73,STOP_LOSS
RUN_20260922_130143_V2,ChecklistStrategy,JSWSTEEL,2026-08-11,2026-08-13,LONG,1299.0,1269.1,76,2,-2272.4,-2.3,STOP_LOSS
RUN_20260922_130143_V2,ChecklistStrategy,JSWSTEEL,2026-08-14,2026-08-19,LONG,1267.3,1273.7,76,5,486.39,0.51,SIGNAL
RUN_20260922_130143_V2,ChecklistStrategy,JSWSTEEL,2026-09-10,2026-09-14,LONG,1301.0,1265.0,75,4,-2700.0,-2.77,STOP_LOSS
RUN_20260922_130143_V2,ChecklistStrategy,JSWSTEEL,2026-09-17,2026-09-22,LONG,1248.9,1274.7,76,5,1960.79,2.07,SIGNAL
RUN_20260922_130143_V2,ChecklistStrategy,KOTAKBANK,2024-02-01,2024-02-07,LONG,366.0,358.2,273,6,-2129.4,-2.13,STOP_LOSS
RUN_20260922_130143_V2,ChecklistStrategy,KOTAKBANK,2024-02-12,2024-02-27,LONG,348.6,342.6,280,15,-1680.0,-1.72,STOP_LOSS
RUN_20260922_130143_V2,ChecklistStrategy,KOTAKBANK,2024-03-14,2024-04-01,LONG,345.0,359.0,277,18,3878.0,4.06,SIGNAL
RUN_20260922_130143_V2,ChecklistStrategy,KOTAKBANK,2024-04-05,2024-04-12,LONG,349.81,362.2,142,7,1759.38,3.54,TARGET1_PARTIAL
RUN_20260922_130143_V2,ChecklistStrategy,KOTAKBANK,2024-04-05,2024-04-26,LONG,349.81,328.49,143,21,-3048.76,-6.09,STOP_LOSS_AFTER_PARTIAL
RUN_20260922_130143_V2,ChecklistStrategy,KOTAKBANK,2024-04-30,2024-05-02,LONG,328.08,318.0,300,2,-3024.0,-3.07,SIGNAL
RUN_20260922_130143_V2,ChecklistStrategy,KOTAKBANK,2024-05-28,2024-05-31,LONG,342.46,340.6,278,3,-517.08,-0.54,SIGNAL
RUN_20260922_130143_V2,ChecklistStrategy,KOTAKBANK,2024-07-26,2024-08-06,LONG,351.62,357.0,267,11,1436.46,1.53,SIGNAL
RUN_20260922_130143_V2,ChecklistStrategy,KOTAKBANK,2024-09-11,2024-09-17,LONG,359.0,367.88,268,6,2379.84,2.47,SIGNAL
RUN_20260922_130143_V2,ChecklistStrategy,KOTAKBANK,2024-10-03,2024-10-07,LONG,371.58,362.0,262,4,-2509.96,-2.58,STOP_LOSS
RUN_20260922_130143_V2,ChecklistStrategy,KOTAKBANK,2024-10-09,2024-10-10,LONG,360.2,361.98,266,1,473.48,0.49,SIGNAL
RUN_20260922_130143_V2,ChecklistStrategy,KOTAKBANK,2024-10-21,2024-10-22,LONG,370.0,358.39,257,1,-2983.77,-3.14,STOP_LOSS
RUN_20260922_130143_V2,ChecklistStrategy,KOTAKBANK,2024-11-22,2024-11-28,LONG,346.8,356.65,268,6,2639.8,2.84,SIGNAL
RUN_20260922_130143_V2,ChecklistStrategy,KOTAKBANK,2024-12-16,2024-12-20,LONG,360.6,351.0,265,4,-2544.0,-2.66,STOP_LOSS
RUN_20260922_130143_V2,ChecklistStrategy,KOTAKBANK,2025-01-01,2025-01-14,LONG,355.85,349.92,261,13,-1547.73,-1.67,STOP_LOSS
RUN_20260922_130143_V2,ChecklistStrategy,KOTAKBANK,2025-02-19,2025-02-21,LONG,392.79,394.11,233,2,307.55,0.34,SIGNAL
RUN_20260922_130143_V2,ChecklistStrategy,KOTAKBANK,2025-03-04,2025-03-11,LONG,380.23,384.6,240,7,1048.8,1.15,SIGNAL
RUN_20260922_130143_V2,ChecklistStrategy,KOTAKBANK,2025-07-17,2025-07-18,LONG,435.0,433.52,213,1,-315.24,-0.34,SIGNAL
RUN_20260922_130143_V2,ChecklistStrategy,KOTAKBANK,2025-07-30,2025-07-31,LONG,393.22,388.24,234,1,-1165.32,-1.27,SIGNAL
RUN_20260922_130143_V2,ChecklistStrategy,KOTAKBANK,2025-08-12,2025-08-19,LONG,395.0,398.8,231,7,877.8,0.96,SIGNAL
RUN_20260922_130143_V2,ChecklistStrategy,KOTAKBANK,2025-09-04,2025-09-16,LONG,392.2,395.28,235,12,723.8,0.79,SIGNAL
RUN_20260922_130143_V2,ChecklistStrategy,KOTAKBANK,2025-10-03,2025-10-07,LONG,412.66,428.4,112,4,1762.88,3.81,TARGET1_PARTIAL
RUN_20260922_130143_V2,ChecklistStrategy,KOTAKBANK,2025-10-03,2025-10-08,LONG,412.66,425.3,113,5,1428.32,3.06,SIGNAL_AFTER_PARTIAL
RUN_20260922_130143_V2,ChecklistStrategy,KOTAKBANK,2025-12-12,2025-12-15,LONG,436.34,433.42,220,3,-642.4,-0.67,SIGNAL
RUN_20260922_130143_V2,ChecklistStrategy,KOTAKBANK,2026-01-08,2026-01-19,LONG,428.02,419.0,222,11,-2002.44,-2.11,STOP_LOSS
RUN_20260922_130143_V2,ChecklistStrategy,KOTAKBANK,2026-01-29,2026-02-02,LONG,407.0,408.7,226,4,384.2,0.42,SIGNAL
RUN_20260922_130143_V2,ChecklistStrategy,KOTAKBANK,2026-02-19,2026-02-20,LONG,425.7,415.0,219,1,-2343.3,-2.51,STOP_LOSS
RUN_20260922_130143_V2,ChecklistStrategy,KOTAKBANK,2026-03-17,2026-03-24,LONG,369.85,363.0,246,7,-1685.1,-1.85,STOP_LOSS
RUN_20260922_130143_V2,ChecklistStrategy,KOTAKBANK,2026-04-07,2026-04-09,LONG,357.0,377.0,124,2,2480.0,5.6,TARGET1_PARTIAL
RUN_20260922_130143_V2,ChecklistStrategy,KOTAKBANK,2026-04-07,2026-04-13,LONG,357.0,367.95,124,6,1357.8,3.07,SIGNAL_AFTER_PARTIAL
RUN_20260922_130143_V2,ChecklistStrategy,KOTAKBANK,2026-04-22,2026-04-24,LONG,378.1,370.6,244,2,-1830.0,-1.98,STOP_LOSS
RUN_20260922_130143_V2,ChecklistStrategy,KOTAKBANK,2026-05-11,2026-05-19,LONG,376.1,388.5,119,8,1475.6,3.3,TARGET1_PARTIAL
RUN_20260922_130143_V2,ChecklistStrategy,KOTAKBANK,2026-05-11,2026-05-27,LONG,376.1,388.55,120,16,1494.0,3.31,SIGNAL_AFTER_PARTIAL
RUN_20260922_130143_V2,ChecklistStrategy,KOTAKBANK,2026-08-11,2026-08-27,LONG,392.1,415.75,119,16,2814.35,6.03,TARGET1_PARTIAL
RUN_20260922_130143_V2,ChecklistStrategy,KOTAKBANK,2026-08-11,2026-08-28,LONG,392.1,424.6,120,17,3900.0,8.29,TARGET2
RUN_20260922_130143_V2,ChecklistStrategy,LT,2024-01-25,2024-02-01,LONG,3599.9,3480.0,27,7,-3237.3,-3.33,STOP_LOSS
RUN_20260922_130143_V2,ChecklistStrategy,LT,2024-02-14,2024-02-27,LONG,3290.05,3475.0,14,13,2589.3,5.62,TARGET1_PARTIAL
RUN_20260922_130143_V2,ChecklistStrategy,LT,2024-02-14,2024-02-28,LONG,3290.05,3505.0,15,14,3224.25,6.53,TARGET2
RUN_20260922_130143_V2,ChecklistStrategy,LT,2024-03-19,2024-03-28,LONG,3541.0,3706.55,14,9,2317.7,4.68,TARGET1_PARTIAL
RUN_20260922_130143_V2,ChecklistStrategy,LT,2024-03-19,2024-04-01,LONG,3541.0,3780.85,14,13,3357.9,6.77,TARGET2
RUN_20260922_130143_V2,ChecklistStrategy,LT,2024-05-14,2024-05-17,LONG,3300.0,3475.95,16,3,2815.2,5.33,TARGET1_PARTIAL
RUN_20260922_130143_V2,ChecklistStrategy,LT,2024-05-14,2024-05-24,LONG,3300.0,3586.0,16,10,4576.0,8.67,TARGET2
RUN_20260922_130143_V2,ChecklistStrategy,LT,2024-06-06,2024-06-12,LONG,3438.0,3615.0,16,6,2832.0,5.15,TARGET1_PARTIAL
RUN_20260922_130143_V2,ChecklistStrategy,LT,2024-06-06,2024-06-14,LONG,3438.0,3718.0,17,8,4760.0,8.14,TARGET2
RUN_20260922_130143_V2,ChecklistStrategy,LT,2024-07-08,2024-07-24,LONG,3640.1,3549.0,33,16,-3006.3,-2.5,STOP_LOSS
RUN_20260922_130143_V2,ChecklistStrategy,LT,2024-08-19,2024-09-06,LONG,3599.85,3615.1,33,18,503.25,0.42,SIGNAL
RUN_20260922_130143_V2,ChecklistStrategy,LT,2024-09-25,2024-09-27,LONG,3787.55,3738.0,31,2,-1536.05,-1.31,SIGNAL
RUN_20260922_130143_V2,ChecklistStrategy,LT,2024-11-11,2024-11-14,LONG,3646.0,3558.0,32,3,-2816.0,-2.41,STOP_LOSS
RUN_20260922_130143_V2,ChecklistStrategy,LT,2024-12-02,2024-12-03,LONG,3706.85,3721.0,31,1,438.65,0.38,SIGNAL
RUN_20260922_130143_V2,ChecklistStrategy,LT,2024-12-16,2024-12-17,LONG,3882.0,3863.05,29,1,-549.55,-0.49,SIGNAL
RUN_20260922_130143_V2,ChecklistStrategy,LT,2025-01-30,2025-01-31,LONG,3455.0,3501.05,33,1,1519.65,1.33,SIGNAL
RUN_20260922_130143_V2,ChecklistStrategy,LT,2025-02-13,2025-02-18,LONG,3289.65,3227.0,35,5,-2192.75,-1.9,STOP_LOSS
RUN_20260922_130143_V2,ChecklistStrategy,LT,2025-03-04,2025-03-07,LONG,3171.05,3259.9,35,3,3109.74,2.8,SIGNAL
RUN_20260922_130143_V2,ChecklistStrategy,LT,2025-04-15,2025-04-23,LONG,3180.0,3275.4,37,8,3529.8,3.0,SIGNAL
RUN_20260922_130143_V2,ChecklistStrategy,LT,2025-04-25,2025-05-09,LONG,3310.0,3331.0,36,14,756.0,0.63,SIGNAL
RUN_20260922_130143_V2,ChecklistStrategy,LT,2025-06-02,2025-06-03,LONG,3675.1,3655.0,33,1,-663.3,-0.55,SIGNAL
RUN_20260922_130143_V2,ChecklistStrategy,LT,2025-06-20,2025-06-30,LONG,3614.0,3682.0,33,10,2244.0,1.88,SIGNAL
RUN_20260922_130143_V2,ChecklistStrategy,LT,2025-08-05,2025-08-13,LONG,3630.0,3696.0,33,8,2178.0,1.82,SIGNAL
RUN_20260922_130143_V2,ChecklistStrategy,LT,2025-08-22,2025-09-02,LONG,3610.0,3598.4,34,11,-394.4,-0.32,SIGNAL
RUN_20260922_130143_V2,ChecklistStrategy,LT,2025-09-04,2025-09-05,LONG,3622.9,3592.8,34,1,-1023.4,-0.83,SIGNAL
RUN_20260922_130143_V2,ChecklistStrategy,LT,2025-09-24,2025-09-26,LONG,3657.6,3664.0,33,2,211.2,0.17,SIGNAL
RUN_20260922_130143_V2,ChecklistStrategy,LT,2025-11-10,2025-11-17,LONG,3895.0,4004.4,31,7,3391.4,2.81,SIGNAL
RUN_20260922_130143_V2,ChecklistStrategy,LT,2025-12-31,2026-01-06,LONG,4058.0,4153.0,31,6,2945.0,2.34,SIGNAL
RUN_20260922_130143_V2,ChecklistStrategy,LT,2026-01-13,2026-01-14,LONG,4028.0,3900.0,32,1,-4096.0,-3.18,STOP_LOSS
RUN_20260922_130143_V2,ChecklistStrategy,LT,2026-01-23,2026-02-04,LONG,3798.0,4029.0,16,12,3696.0,6.08,TARGET1_PARTIAL
RUN_20260922_130143_V2,ChecklistStrategy,LT,2026-01-23,2026-02-05,LONG,3798.0,4088.0,17,13,4930.0,7.64,TARGET2
RUN_20260922_130143_V2,ChecklistStrategy,LT,2026-02-23,2026-02-25,LONG,4395.6,4270.0,30,2,-3768.0,-2.86,STOP_LOSS
RUN_20260922_130143_V2,ChecklistStrategy,LT,2026-02-26,2026-03-04,LONG,4304.9,3950.0,30,6,-10647.0,-8.24,STOP_LOSS
RUN_20260922_130143_V2,ChecklistStrategy,LT,2026-03-17,2026-03-24,LONG,3478.0,3440.0,34,7,-1292.0,-1.09,STOP_LOSS
RUN_20260922_130143_V2,ChecklistStrategy,LT,2026-04-13,2026-04-16,LONG,3825.0,4128.0,14,3,4242.0,7.92,TARGET1_PARTIAL
RUN_20260922_130143_V2,ChecklistStrategy,LT,2026-04-13,2026-04-17,LONG,3825.0,4134.0,15,4,4635.0,8.08,TARGET2
RUN_20260922_130143_V2,ChecklistStrategy,LT,2026-05-07,2026-05-12,LONG,4028.0,3925.1,31,5,-3189.9,-2.55,STOP_LOSS
RUN_20260922_130143_V2,ChecklistStrategy,LT,2026-06-03,2026-06-04,LONG,4000.9,3945.0,31,1,-1732.9,-1.4,SIGNAL
RUN_20260922_130143_V2,ChecklistStrategy,LT,2026-07-07,2026-07-08,LONG,4044.5,3950.0,30,1,-2835.0,-2.34,SIGNAL
RUN_20260922_130143_V2,ChecklistStrategy,LT,2026-08-14,2026-08-17,LONG,4068.7,4041.0,29,3,-803.3,-0.68,SIGNAL
RUN_20260922_130143_V2,ChecklistStrategy,LT,2026-08-31,2026-09-01,LONG,4035.1,4038.0,29,1,84.1,0.07,SIGNAL
RUN_20260922_130143_V2,ChecklistStrategy,LT,2026-09-11,2026-09-17,LONG,3926.0,3811.0,29,6,-3335.0,-2.93,STOP_LOSS
RUN_20260922_130143_V2,ChecklistStrategy,M&M,2024-02-01,2024-02-02,LONG,1659.25,1655.0,60,1,-255.0,-0.26,SIGNAL
RUN_20260922_130143_V2,ChecklistStrategy,M&M,2024-03-01,2024-03-06,LONG,1933.6,1945.0,51,5,581.4,0.59,SIGNAL
RUN_20260922_130143_V2,ChecklistStrategy,M&M,2024-03-13,2024-03-14,LONG,1896.0,1853.7,52,1,-2199.6,-2.23,STOP_LOSS
RUN_20260922_130143_V2,ChecklistStrategy,M&M,2024-03-15,2024-03-18,LONG,1875.0,1807.95,51,3,-3419.55,-3.58,STOP_LOSS
RUN_20260922_130143_V2,ChecklistStrategy,M&M,2024-03-19,2024-03-20,LONG,1856.05,1851.95,50,1,-205.0,-0.22,SIGNAL
RUN_20260922_130143_V2,ChecklistStrategy,M&M,2024-05-15,2024-05-21,LONG,2281.3,2503.0,20,6,4434.0,9.72,TARGET1_PARTIAL
RUN_20260922_130143_V2,ChecklistStrategy,M&M,2024-05-15,2024-05-22,LONG,2281.3,2521.7,21,7,5048.4,10.54,TARGET2
RUN_20260922_130143_V2,ChecklistStrategy,M&M,2024-05-24,2024-05-27,LONG,2589.8,2581.15,39,3,-337.36,-0.33,SIGNAL
RUN_20260922_130143_V2,ChecklistStrategy,M&M,2024-06-06,2024-06-10,LONG,2745.0,2861.0,18,4,2088.0,4.23,TARGET1_PARTIAL
RUN_20260922_130143_V2,ChecklistStrategy,M&M,2024-06-06,2024-06-13,LONG,2745.0,2850.0,19,7,1995.0,3.83,SIGNAL_AFTER_PARTIAL
RUN_20260922_130143_V2,ChecklistStrategy,M&M,2024-06-25,2024-06-27,LONG,2921.2,2842.0,36,2,-2851.2,-2.71,STOP_LOSS
RUN_20260922_130143_V2,ChecklistStrategy,M&M,2024-08-21,2024-09-09,LONG,2774.0,2688.15,37,19,-3176.45,-3.09,STOP_LOSS
RUN_20260922_130143_V2,ChecklistStrategy,M&M,2024-10-29,2024-11-05,LONG,2762.0,2875.5,18,7,2043.0,4.11,TARGET1_PARTIAL
RUN_20260922_130143_V2,ChecklistStrategy,M&M,2024-10-29,2024-11-06,LONG,2762.0,2910.0,18,8,2664.0,5.36,SIGNAL_AFTER_PARTIAL
RUN_20260922_130143_V2,ChecklistStrategy,M&M,2024-12-02,2024-12-04,LONG,2984.0,3003.0,35,2,665.0,0.64,SIGNAL
RUN_20260922_130143_V2,ChecklistStrategy,M&M,2024-12-11,2024-12-12,LONG,3052.0,3084.8,34,1,1115.2,1.07,SIGNAL
RUN_20260922_130143_V2,ChecklistStrategy,M&M,2024-12-17,2024-12-23,LONG,3055.1,2918.0,34,6,-4661.4,-4.49,STOP_LOSS
RUN_20260922_130143_V2,ChecklistStrategy,M&M,2025-01-10,2025-01-14,LONG,3110.0,3000.0,32,4,-3520.0,-3.54,STOP_LOSS
RUN_20260922_130143_V2,ChecklistStrategy,M&M,2025-01-15,2025-01-16,LONG,3057.1,2978.15,32,1,-2526.41,-2.58,STOP_LOSS
RUN_20260922_130143_V2,ChecklistStrategy,M&M,2025-01-17,2025-01-21,LONG,2969.95,2900.1,32,4,-2235.2,-2.35,STOP_LOSS
RUN_20260922_130143_V2,ChecklistStrategy,M&M,2025-01-24,2025-01-27,LONG,2875.0,2772.3,32,3,-3286.4,-3.57,STOP_LOSS
RUN_20260922_130143_V2,ChecklistStrategy,M&M,2025-03-18,2025-03-21,LONG,2705.15,2839.1,16,3,2143.2,4.95,TARGET1_PARTIAL
RUN_20260922_130143_V2,ChecklistStrategy,M&M,2025-03-18,2025-03-24,LONG,2705.15,2815.3,17,6,1872.55,4.07,SIGNAL_AFTER_PARTIAL
RUN_20260922_130143_V2,ChecklistStrategy,M&M,2025-04-21,2025-04-23,LONG,2699.9,2830.0,17,2,2211.7,4.82,TARGET1_PARTIAL
RUN_20260922_130143_V2,ChecklistStrategy,M&M,2025-04-21,2025-04-24,LONG,2699.9,2917.8,18,3,3922.2,8.07,TARGET2
RUN_20260922_130143_V2,ChecklistStrategy,M&M,2025-05-30,2025-06-06,LONG,3005.0,3041.6,33,7,1207.8,1.22,SIGNAL
RUN_20260922_130143_V2,ChecklistStrategy,M&M,2025-06-09,2025-06-13,LONG,3130.0,2932.0,32,4,-6336.0,-6.33,STOP_LOSS
RUN_20260922_130143_V2,ChecklistStrategy,M&M,2025-07-22,2025-08-04,LONG,3246.7,3170.0,29,13,-2224.3,-2.36,STOP_LOSS
RUN_20260922_130143_V2,ChecklistStrategy,M&M,2025-08-05,2025-08-18,LONG,3195.0,3350.0,29,13,4495.0,4.85,SIGNAL
RUN_20260922_130143_V2,ChecklistStrategy,M&M,2025-08-21,2025-08-28,LONG,3410.0,3375.0,28,7,-980.0,-1.03,STOP_LOSS
RUN_20260922_130143_V2,ChecklistStrategy,M&M,2025-09-02,2025-09-03,LONG,3325.0,3269.0,29,1,-1624.0,-1.68,STOP_LOSS
RUN_20260922_130143_V2,ChecklistStrategy,M&M,2025-11-10,2025-11-11,LONG,3690.2,3699.9,25,1,242.5,0.26,SIGNAL
RUN_20260922_130143_V2,ChecklistStrategy,M&M,2025-11-27,2025-12-16,LONG,3701.5,3581.0,25,19,-3012.5,-3.26,STOP_LOSS
RUN_20260922_130143_V2,ChecklistStrategy,M&M,2025-12-19,2025-12-29,LONG,3571.0,3622.7,25,10,1292.5,1.45,SIGNAL
RUN_20260922_130143_V2,ChecklistStrategy,M&M,2025-12-31,2026-01-05,LONG,3653.0,3805.9,12,5,1834.8,4.19,TARGET1_PARTIAL
RUN_20260922_130143_V2,ChecklistStrategy,M&M,2025-12-31,2026-01-06,LONG,3653.0,3788.0,13,6,1755.0,3.7,SIGNAL_AFTER_PARTIAL
RUN_20260922_130143_V2,ChecklistStrategy,M&M,2026-01-29,2026-01-30,LONG,3449.2,3283.0,28,1,-4653.6,-4.82,SIGNAL
RUN_20260922_130143_V2,ChecklistStrategy,M&M,2026-02-05,2026-02-06,LONG,3592.0,3577.0,25,1,-375.0,-0.42,SIGNAL
RUN_20260922_130143_V2,ChecklistStrategy,M&M,2026-02-09,2026-02-10,LONG,3593.8,3616.3,25,1,562.5,0.63,SIGNAL
RUN_20260922_130143_V2,ChecklistStrategy,M&M,2026-03-11,2026-03-12,LONG,3276.0,3115.1,28,1,-4505.2,-4.91,STOP_LOSS
RUN_20260922_130143_V2,ChecklistStrategy,M&M,2026-03-17,2026-03-19,LONG,3052.0,3136.3,14,2,1180.2,2.76,TARGET1_PARTIAL
RUN_20260922_130143_V2,ChecklistStrategy,M&M,2026-03-17,2026-03-20,LONG,3052.0,3059.2,14,3,100.8,0.24,STOP_LOSS_AFTER_PARTIAL
RUN_20260922_130143_V2,ChecklistStrategy,M&M,2026-03-23,2026-04-01,LONG,3015.1,3079.9,29,9,1879.19,2.15,STOP_LOSS
RUN_20260922_130143_V2,ChecklistStrategy,M&M,2026-04-21,2026-04-24,LONG,3212.0,3047.7,28,3,-4600.4,-5.12,STOP_LOSS
RUN_20260922_130143_V2,ChecklistStrategy,M&M,2026-05-01,2026-05-07,LONG,3097.5,3311.9,13,6,2787.2,6.92,TARGET1_PARTIAL
RUN_20260922_130143_V2,ChecklistStrategy,M&M,2026-05-01,2026-05-08,LONG,3097.5,3357.8,14,7,3644.2,8.4,TARGET2
RUN_20260922_130143_V2,ChecklistStrategy,M&M,2026-05-15,2026-05-19,LONG,3170.0,3099.1,29,4,-2056.1,-2.24,STOP_LOSS
RUN_20260922_130143_V2,ChecklistStrategy,M&M,2026-07-22,2026-07-23,LONG,3198.0,3156.0,28,1,-1176.0,-1.31,SIGNAL
RUN_20260922_130143_V2,ChecklistStrategy,M&M,2026-07-24,2026-07-27,LONG,3215.3,3183.0,27,3,-872.1,-1.0,SIGNAL
RUN_20260922_130143_V2,ChecklistStrategy,M&M,2026-07-31,2026-08-07,LONG,3379.9,3405.0,26,7,652.6,0.74,SIGNAL
RUN_20260922_130143_V2,ChecklistStrategy,M&M,2026-08-10,2026-08-13,LONG,3509.0,3405.0,25,3,-2600.0,-2.96,STOP_LOSS
RUN_20260922_130143_V2,ChecklistStrategy,M&M,2026-08-14,2026-08-28,LONG,3425.0,3331.0,25,14,-2350.0,-2.74,STOP_LOSS
RUN_20260922_130143_V2,ChecklistStrategy,M&M,2026-08-31,2026-09-03,LONG,3320.0,3200.0,25,3,-3000.0,-3.61,STOP_LOSS
RUN_20260922_130143_V2,ChecklistStrategy,M&M,2026-09-07,2026-09-09,LONG,3154.1,3135.3,25,2,-470.0,-0.6,SIGNAL
RUN_20260922_130143_V2,ChecklistStrategy,MARUTI,2024-03-01,2024-03-05,LONG,11295.0,11596.05,8,4,2408.4,2.67,SIGNAL
RUN_20260922_130143_V2,ChecklistStrategy,MARUTI,2024-03-13,2024-03-14,LONG,11510.0,11401.75,8,1,-866.0,-0.94,SIGNAL
RUN_20260922_130143_V2,ChecklistStrategy,MARUTI,2024-03-15,2024-03-21,LONG,11380.0,11999.0,4,6,2476.0,5.44,TARGET1_PARTIAL
RUN_20260922_130143_V2,ChecklistStrategy,MARUTI,2024-03-15,2024-03-26,LONG,11380.0,12285.55,4,11,3622.2,7.96,TARGET2
RUN_20260922_130143_V2,ChecklistStrategy,MARUTI,2024-04-22,2024-04-26,LONG,12783.15,12922.0,8,4,1110.8,1.09,SIGNAL
RUN_20260922_130143_V2,ChecklistStrategy,MARUTI,2024-05-14,2024-06-03,LONG,12673.85,12825.0,8,20,1209.2,1.19,STOP_LOSS
RUN_20260922_130143_V2,ChecklistStrategy,MARUTI,2024-06-06,2024-06-11,LONG,12511.55,12743.5,8,5,1855.6,1.85,SIGNAL
RUN_20260922_130143_V2,ChecklistStrategy,MARUTI,2024-06-27,2024-07-02,LONG,12200.0,12149.95,9,5,-450.45,-0.41,SIGNAL
RUN_20260922_130143_V2,ChecklistStrategy,MARUTI,2024-07-19,2024-08-02,LONG,12650.0,13126.0,4,14,1904.0,3.76,TARGET1_PARTIAL
RUN_20260922_130143_V2,ChecklistStrategy,MARUTI,2024-07-19,2024-08-06,LONG,12650.0,12390.0,4,18,-1040.0,-2.06,STOP_LOSS_AFTER_PARTIAL
RUN_20260922_130143_V2,ChecklistStrategy,MARUTI,2024-09-18,2024-09-25,LONG,12240.05,12727.25,4,7,1948.8,3.98,TARGET1_PARTIAL
RUN_20260922_130143_V2,ChecklistStrategy,MARUTI,2024-09-18,2024-09-26,LONG,12240.05,12835.0,5,8,2974.75,4.86,SIGNAL_AFTER_PARTIAL
RUN_20260922_130143_V2,ChecklistStrategy,MARUTI,2024-09-27,2024-10-04,LONG,13383.0,12689.9,8,7,-5544.8,-5.18,STOP_LOSS
RUN_20260922_130143_V2,ChecklistStrategy,MARUTI,2024-10-17,2024-10-18,LONG,12400.0,12070.0,8,1,-2640.0,-2.66,STOP_LOSS
RUN_20260922_130143_V2,ChecklistStrategy,MARUTI,2024-10-21,2024-10-23,LONG,12145.55,11923.3,8,2,-1778.0,-1.83,SIGNAL
RUN_20260922_130143_V2,ChecklistStrategy,MARUTI,2024-10-24,2024-10-28,LONG,11998.95,11504.8,8,4,-3953.2,-4.12,STOP_LOSS
RUN_20260922_130143_V2,ChecklistStrategy,MARUTI,2024-11-19,2024-11-21,LONG,11090.0,10921.15,9,2,-1519.65,-1.52,SIGNAL
RUN_20260922_130143_V2,ChecklistStrategy,MARUTI,2024-12-06,2024-12-13,LONG,11200.0,11137.4,9,7,-563.4,-0.56,SIGNAL
RUN_20260922_130143_V2,ChecklistStrategy,MARUTI,2025-02-01,2025-02-03,LONG,12320.0,12990.0,4,2,2680.0,5.44,TARGET1_PARTIAL
RUN_20260922_130143_V2,ChecklistStrategy,MARUTI,2025-02-01,2025-02-04,LONG,12320.0,13250.0,4,3,3720.0,7.55,TARGET2
RUN_20260922_130143_V2,ChecklistStrategy,MARUTI,2025-03-07,2025-03-21,LONG,11650.0,11780.0,9,14,1170.0,1.12,SIGNAL
RUN_20260922_130143_V2,ChecklistStrategy,MARUTI,2025-04-09,2025-04-23,LONG,11460.1,11799.0,9,14,3050.1,2.96,SIGNAL
RUN_20260922_130143_V2,ChecklistStrategy,MARUTI,2025-05-26,2025-05-27,LONG,12455.0,12421.0,8,1,-272.0,-0.27,SIGNAL
RUN_20260922_130143_V2,ChecklistStrategy,MARUTI,2025-06-26,2025-07-01,LONG,12780.0,12450.0,8,5,-2640.0,-2.58,STOP_LOSS
RUN_20260922_130143_V2,ChecklistStrategy,MARUTI,2025-07-03,2025-07-18,LONG,12630.0,12525.0,8,15,-840.0,-0.83,SIGNAL
RUN_20260922_130143_V2,ChecklistStrategy,MARUTI,2025-07-30,2025-08-18,LONG,12431.0,13703.0,4,19,5088.0,10.23,TARGET1_PARTIAL
RUN_20260922_130143_V2,ChecklistStrategy,MARUTI,2025-07-30,2025-08-19,LONG,12431.0,14070.0,4,20,6556.0,13.18,TARGET2
RUN_20260922_130143_V2,ChecklistStrategy,MARUTI,2025-10-31,2025-11-04,LONG,16204.0,15607.0,7,4,-4179.0,-3.68,STOP_LOSS
RUN_20260922_130143_V2,ChecklistStrategy,MARUTI,2025-11-10,2025-11-13,LONG,15380.0,15661.0,7,3,1967.0,1.83,SIGNAL
RUN_20260922_130143_V2,ChecklistStrategy,MARUTI,2025-11-24,2025-12-16,LONG,16005.0,16400.0,7,22,2765.0,2.47,SIGNAL
RUN_20260922_130143_V2,ChecklistStrategy,MARUTI,2025-12-18,2025-12-19,LONG,16440.0,16329.0,7,1,-777.0,-0.68,SIGNAL
RUN_20260922_130143_V2,ChecklistStrategy,MARUTI,2025-12-22,2025-12-29,LONG,16464.0,16600.0,7,7,952.0,0.83,SIGNAL
RUN_20260922_130143_V2,ChecklistStrategy,MARUTI,2026-01-20,2026-01-22,LONG,16200.0,15950.0,7,2,-1750.0,-1.54,STOP_LOSS
RUN_20260922_130143_V2,ChecklistStrategy,MARUTI,2026-02-02,2026-02-05,LONG,14251.0,15090.0,4,3,3356.0,5.89,TARGET1_PARTIAL
RUN_20260922_130143_V2,ChecklistStrategy,MARUTI,2026-02-02,2026-02-11,LONG,14251.0,15180.0,4,9,3716.0,6.52,TARGET2
RUN_20260922_130143_V2,ChecklistStrategy,MARUTI,2026-02-23,2026-03-04,LONG,15050.0,14150.0,8,9,-7200.0,-5.98,STOP_LOSS
RUN_20260922_130143_V2,ChecklistStrategy,MARUTI,2026-03-05,2026-03-10,LONG,14300.0,13721.0,8,5,-4632.0,-4.05,STOP_LOSS
RUN_20260922_130143_V2,ChecklistStrategy,MARUTI,2026-04-07,2026-04-09,LONG,12640.0,13570.0,4,2,3720.0,7.36,TARGET1_PARTIAL
RUN_20260922_130143_V2,ChecklistStrategy,MARUTI,2026-04-07,2026-04-10,LONG,12640.0,13650.0,4,3,4040.0,7.99,TARGET2
RUN_20260922_130143_V2,ChecklistStrategy,MARUTI,2026-04-20,2026-04-24,LONG,13474.0,13200.0,8,4,-2192.0,-2.03,STOP_LOSS
RUN_20260922_130143_V2,ChecklistStrategy,MARUTI,2026-05-18,2026-06-05,LONG,13127.0,13151.0,8,18,192.0,0.18,SIGNAL
RUN_20260922_130143_V2,ChecklistStrategy,MARUTI,2026-06-24,2026-07-01,LONG,13440.0,14151.0,4,7,2844.0,5.29,TARGET1_PARTIAL
RUN_20260922_130143_V2,ChecklistStrategy,MARUTI,2026-06-24,2026-07-02,LONG,13440.0,14431.0,4,8,3964.0,7.37,TARGET2
RUN_20260922_130143_V2,ChecklistStrategy,MARUTI,2026-07-13,2026-07-21,LONG,13682.0,13520.0,8,8,-1296.0,-1.18,SIGNAL
RUN_20260922_130143_V2,ChecklistStrategy,MARUTI,2026-08-10,2026-08-17,LONG,14039.0,13834.0,8,7,-1640.0,-1.46,SIGNAL
RUN_20260922_130143_V2,ChecklistStrategy,MARUTI,2026-09-01,2026-09-02,LONG,13540.0,12763.0,8,1,-6216.0,-5.74,STOP_LOSS
RUN_20260922_130143_V2,ChecklistStrategy,MARUTI,2026-09-18,2026-09-21,LONG,12350.0,12129.0,9,3,-1989.0,-1.79,STOP_LOSS
RUN_20260922_130143_V2,ChecklistStrategy,NESTLEIND,2024-02-12,2024-02-23,LONG,1229.88,1282.5,40,11,2105.0,4.28,TARGET1_PARTIAL
RUN_20260922_130143_V2,ChecklistStrategy,NESTLEIND,2024-02-12,2024-02-27,LONG,1229.88,1292.5,41,15,2567.62,5.09,SIGNAL_AFTER_PARTIAL
RUN_20260922_130143_V2,ChecklistStrategy,NESTLEIND,2024-03-01,2024-03-06,LONG,1298.1,1270.0,80,5,-2248.0,-2.16,STOP_LOSS
RUN_20260922_130143_V2,ChecklistStrategy,NESTLEIND,2024-03-11,2024-03-13,LONG,1280.47,1297.47,79,2,1343.0,1.33,SIGNAL
RUN_20260922_130143_V2,ChecklistStrategy,NESTLEIND,2024-03-21,2024-03-28,LONG,1275.5,1283.53,81,7,650.03,0.63,SIGNAL
RUN_20260922_130143_V2,ChecklistStrategy,NESTLEIND,2024-05-13,2024-05-14,LONG,1266.38,1253.05,82,1,-1092.65,-1.05,SIGNAL
RUN_20260922_130143_V2,ChecklistStrategy,NESTLEIND,2024-05-30,2024-05-31,LONG,1232.53,1212.8,83,1,-1637.17,-1.6,STOP_LOSS
RUN_20260922_130143_V2,ChecklistStrategy,NESTLEIND,2024-06-10,2024-07-02,LONG,1255.0,1292.7,80,22,3016.0,3.0,SIGNAL
RUN_20260922_130143_V2,ChecklistStrategy,NESTLEIND,2024-07-04,2024-07-10,LONG,1280.0,1318.95,81,6,3154.95,3.04,SIGNAL
RUN_20260922_130143_V2,ChecklistStrategy,NESTLEIND,2024-07-15,2024-07-25,LONG,1304.53,1272.4,82,10,-2634.25,-2.46,STOP_LOSS
RUN_20260922_130143_V2,ChecklistStrategy,NESTLEIND,2024-08-30,2024-09-02,LONG,1252.28,1250.0,83,3,-188.83,-0.18,SIGNAL
RUN_20260922_130143_V2,ChecklistStrategy,NESTLEIND,2024-09-03,2024-09-06,LONG,1251.0,1254.3,83,3,273.9,0.26,SIGNAL
RUN_20260922_130143_V2,ChecklistStrategy,NESTLEIND,2024-11-19,2024-12-02,LONG,1112.5,1121.4,94,13,836.6,0.8,SIGNAL
RUN_20260922_130143_V2,ChecklistStrategy,NESTLEIND,2024-12-26,2025-01-07,LONG,1079.1,1095.1,97,12,1552.0,1.48,SIGNAL
RUN_20260922_130143_V2,ChecklistStrategy,NESTLEIND,2025-01-08,2025-01-17,LONG,1111.5,1090.32,96,9,-2032.8,-1.91,STOP_LOSS
RUN_20260922_130143_V2,ChecklistStrategy,NESTLEIND,2025-02-17,2025-03-05,LONG,1097.93,1055.0,95,16,-4077.88,-3.91,STOP_LOSS
RUN_20260922_130143_V2,ChecklistStrategy,NESTLEIND,2025-03-06,2025-04-01,LONG,1093.5,1130.95,91,26,3407.95,3.42,SIGNAL
RUN_20260922_130143_V2,ChecklistStrategy,NESTLEIND,2025-04-03,2025-04-11,LONG,1099.03,1172.85,47,8,3469.77,6.72,TARGET1_PARTIAL
RUN_20260922_130143_V2,ChecklistStrategy,NESTLEIND,2025-04-03,2025-04-15,LONG,1099.03,1190.7,47,12,4308.72,8.34,TARGET2
RUN_20260922_130143_V2,ChecklistStrategy,NESTLEIND,2025-05-22,2025-05-23,LONG,1192.5,1178.0,93,1,-1348.5,-1.22,SIGNAL
RUN_20260922_130143_V2,ChecklistStrategy,NESTLEIND,2025-05-26,2025-06-02,LONG,1207.2,1200.0,91,7,-655.2,-0.6,SIGNAL
RUN_20260922_130143_V2,ChecklistStrategy,NESTLEIND,2025-06-06,2025-06-19,LONG,1201.95,1170.4,91,13,-2871.04,-2.62,STOP_LOSS
RUN_20260922_130143_V2,ChecklistStrategy,NESTLEIND,2025-07-16,2025-07-22,LONG,1208.0,1236.4,88,6,2499.2,2.35,SIGNAL
RUN_20260922_130143_V2,ChecklistStrategy,NESTLEIND,2025-08-12,2025-08-20,LONG,1108.0,1165.0,49,8,2793.0,5.14,TARGET1_PARTIAL
RUN_20260922_130143_V2,ChecklistStrategy,NESTLEIND,2025-08-12,2025-08-21,LONG,1108.0,1190.0,49,9,4018.0,7.4,TARGET2
RUN_20260922_130143_V2,ChecklistStrategy,NESTLEIND,2025-08-29,2025-09-01,LONG,1160.3,1157.9,99,3,-237.6,-0.21,SIGNAL
RUN_20260922_130143_V2,ChecklistStrategy,NESTLEIND,2025-10-16,2025-10-17,LONG,1221.4,1263.9,47,1,1997.5,3.48,TARGET1_PARTIAL
RUN_20260922_130143_V2,ChecklistStrategy,NESTLEIND,2025-10-16,2025-10-21,LONG,1221.4,1280.0,47,5,2754.2,4.8,SIGNAL_AFTER_PARTIAL
RUN_20260922_130143_V2,ChecklistStrategy,NESTLEIND,2025-11-07,2025-11-25,LONG,1264.0,1267.4,94,18,319.6,0.27,SIGNAL
RUN_20260922_130143_V2,ChecklistStrategy,NESTLEIND,2025-11-26,2025-11-28,LONG,1257.1,1266.3,95,2,874.01,0.73,SIGNAL
RUN_20260922_130143_V2,ChecklistStrategy,NESTLEIND,2025-12-10,2025-12-17,LONG,1215.8,1237.0,99,7,2098.8,1.74,SIGNAL
RUN_20260922_130143_V2,ChecklistStrategy,NESTLEIND,2026-01-06,2026-01-07,LONG,1319.0,1312.5,93,1,-604.5,-0.49,SIGNAL
RUN_20260922_130143_V2,ChecklistStrategy,NESTLEIND,2026-01-13,2026-01-22,LONG,1312.4,1285.9,93,9,-2464.5,-2.02,STOP_LOSS
RUN_20260922_130143_V2,ChecklistStrategy,NESTLEIND,2026-01-28,2026-02-03,LONG,1297.2,1330.0,92,6,3017.6,2.53,SIGNAL
RUN_20260922_130143_V2,ChecklistStrategy,NESTLEIND,2026-03-06,2026-03-13,LONG,1250.0,1219.0,98,7,-3038.0,-2.48,STOP_LOSS
RUN_20260922_130143_V2,ChecklistStrategy,NESTLEIND,2026-03-25,2026-03-30,LONG,1183.2,1185.0,101,5,181.8,0.15,SIGNAL
RUN_20260922_130143_V2,ChecklistStrategy,NESTLEIND,2026-04-02,2026-04-08,LONG,1173.3,1238.0,50,6,3235.0,5.51,TARGET1_PARTIAL
RUN_20260922_130143_V2,ChecklistStrategy,NESTLEIND,2026-04-02,2026-04-13,LONG,1173.3,1239.3,51,11,3366.0,5.63,TARGET2
RUN_20260922_130143_V2,ChecklistStrategy,NESTLEIND,2026-05-19,2026-06-02,LONG,1428.0,1385.0,88,14,-3784.0,-3.01,STOP_LOSS
RUN_20260922_130143_V2,ChecklistStrategy,NESTLEIND,2026-06-08,2026-06-11,LONG,1375.0,1437.8,44,3,2763.2,4.57,TARGET1_PARTIAL
RUN_20260922_130143_V2,ChecklistStrategy,NESTLEIND,2026-06-08,2026-06-12,LONG,1375.0,1431.1,44,4,2468.4,4.08,SIGNAL_AFTER_PARTIAL
RUN_20260922_130143_V2,ChecklistStrategy,NESTLEIND,2026-06-17,2026-06-19,LONG,1392.0,1394.0,91,2,182.0,0.14,SIGNAL
RUN_20260922_130143_V2,ChecklistStrategy,NESTLEIND,2026-08-13,2026-08-18,LONG,1513.2,1478.0,84,5,-2956.8,-2.33,STOP_LOSS
RUN_20260922_130143_V2,ChecklistStrategy,NESTLEIND,2026-08-24,2026-09-02,LONG,1478.7,1425.0,84,9,-4510.8,-3.63,STOP_LOSS
RUN_20260922_130143_V2,ChecklistStrategy,NESTLEIND,2026-09-03,2026-09-10,LONG,1424.1,1396.8,84,7,-2293.19,-1.92,STOP_LOSS
RUN_20260922_130143_V2,ChecklistStrategy,NTPC,2024-02-14,2024-02-16,LONG,320.9,341.9,155,2,3255.0,6.54,TARGET1_PARTIAL
RUN_20260922_130143_V2,ChecklistStrategy,NTPC,2024-02-14,2024-02-21,LONG,320.9,347.0,155,7,4045.5,8.13,TARGET2
RUN_20260922_130143_V2,ChecklistStrategy,NTPC,2024-03-01,2024-03-05,LONG,335.6,354.9,159,4,3068.7,5.75,TARGET1_PARTIAL
RUN_20260922_130143_V2,ChecklistStrategy,NTPC,2024-03-01,2024-03-06,LONG,335.6,359.45,160,5,3816.0,7.11,TARGET2
RUN_20260922_130143_V2,ChecklistStrategy,NTPC,2024-03-19,2024-03-27,LONG,314.3,332.0,179,8,3168.3,5.63,TARGET1_PARTIAL
RUN_20260922_130143_V2,ChecklistStrategy,NTPC,2024-03-19,2024-04-01,LONG,314.3,339.0,180,13,4446.0,7.86,TARGET2
RUN_20260922_130143_V2,ChecklistStrategy,NTPC,2024-07-03,2024-07-11,LONG,370.55,382.4,328,8,3886.8,3.2,SIGNAL
RUN_20260922_130143_V2,ChecklistStrategy,NTPC,2024-10-16,2024-10-23,LONG,425.3,414.0,293,7,-3310.9,-2.66,STOP_LOSS
RUN_20260922_130143_V2,ChecklistStrategy,NTPC,2024-10-25,2024-10-31,LONG,402.5,409.0,296,6,1924.0,1.61,SIGNAL
RUN_20260922_130143_V2,ChecklistStrategy,NTPC,2024-12-02,2024-12-06,LONG,363.65,369.45,340,4,1972.01,1.59,SIGNAL
RUN_20260922_130143_V2,ChecklistStrategy,NTPC,2024-12-16,2024-12-18,LONG,357.15,349.55,352,2,-2675.2,-2.13,STOP_LOSS
RUN_20260922_130143_V2,ChecklistStrategy,NTPC,2024-12-26,2025-01-07,LONG,335.3,327.0,366,12,-3037.8,-2.48,STOP_LOSS
RUN_20260922_130143_V2,ChecklistStrategy,NTPC,2025-02-10,2025-02-12,LONG,316.5,306.2,378,2,-3893.4,-3.25,STOP_LOSS
RUN_20260922_130143_V2,ChecklistStrategy,NTPC,2025-02-13,2025-02-21,LONG,306.15,323.3,189,8,3241.35,5.6,TARGET1_PARTIAL
RUN_20260922_130143_V2,ChecklistStrategy,NTPC,2025-02-13,2025-02-24,LONG,306.15,322.1,189,11,3014.55,5.21,TARGET2
RUN_20260922_130143_V2,ChecklistStrategy,NTPC,2025-03-04,2025-03-06,LONG,311.3,329.0,194,2,3433.8,5.69,TARGET1_PARTIAL
RUN_20260922_130143_V2,ChecklistStrategy,NTPC,2025-03-04,2025-03-07,LONG,311.3,335.85,194,3,4762.7,7.89,TARGET2
RUN_20260922_130143_V2,ChecklistStrategy,NTPC,2025-04-04,2025-04-07,LONG,358.85,328.0,362,3,-11167.7,-8.6,STOP_LOSS
RUN_20260922_130143_V2,ChecklistStrategy,NTPC,2025-06-05,2025-06-12,LONG,329.2,338.15,361,7,3230.94,2.72,SIGNAL
RUN_20260922_130143_V2,ChecklistStrategy,NTPC,2025-06-23,2025-06-24,LONG,333.7,331.0,364,1,-982.8,-0.81,SIGNAL
RUN_20260922_130143_V2,ChecklistStrategy,NTPC,2025-07-08,2025-07-10,LONG,338.2,344.0,358,2,2076.4,1.71,SIGNAL
RUN_20260922_130143_V2,ChecklistStrategy,NTPC,2025-07-22,2025-07-25,LONG,341.55,338.9,360,3,-954.0,-0.78,SIGNAL
RUN_20260922_130143_V2,ChecklistStrategy,NTPC,2025-08-26,2025-09-01,LONG,336.15,328.0,361,6,-2942.15,-2.42,STOP_LOSS
RUN_20260922_130143_V2,ChecklistStrategy,NTPC,2025-09-22,2025-09-26,LONG,339.15,340.5,351,4,473.85,0.4,SIGNAL
RUN_20260922_130143_V2,ChecklistStrategy,NTPC,2025-10-06,2025-10-15,LONG,340.6,336.95,349,9,-1273.85,-1.07,SIGNAL
RUN_20260922_130143_V2,ChecklistStrategy,NTPC,2025-11-10,2025-12-01,LONG,326.1,327.1,362,21,362.0,0.31,SIGNAL
RUN_20260922_130143_V2,ChecklistStrategy,NTPC,2025-12-22,2025-12-23,LONG,319.95,321.05,370,1,406.99,0.34,SIGNAL
RUN_20260922_130143_V2,ChecklistStrategy,NTPC,2025-12-29,2025-12-31,LONG,324.1,324.75,366,2,237.9,0.2,SIGNAL
RUN_20260922_130143_V2,ChecklistStrategy,NTPC,2026-01-01,2026-01-05,LONG,329.8,350.35,180,4,3699.0,6.23,TARGET1_PARTIAL
RUN_20260922_130143_V2,ChecklistStrategy,NTPC,2026-01-01,2026-01-06,LONG,329.8,349.9,180,5,3618.0,6.09,TARGET2
RUN_20260922_130143_V2,ChecklistStrategy,NTPC,2026-01-13,2026-01-27,LONG,337.45,340.5,373,14,1137.65,0.9,SIGNAL
RUN_20260922_130143_V2,ChecklistStrategy,NTPC,2026-03-12,2026-03-20,LONG,379.0,375.85,334,8,-1052.1,-0.83,SIGNAL
RUN_20260922_130143_V2,ChecklistStrategy,NTPC,2026-04-06,2026-04-09,LONG,358.8,376.95,175,3,3176.25,5.06,TARGET1_PARTIAL
RUN_20260922_130143_V2,ChecklistStrategy,NTPC,2026-04-06,2026-04-10,LONG,358.8,381.2,175,4,3920.0,6.24,SIGNAL_AFTER_PARTIAL
RUN_20260922_130143_V2,ChecklistStrategy,NTPC,2026-04-20,2026-04-24,LONG,393.0,404.75,338,4,3971.5,2.99,SIGNAL
RUN_20260922_130143_V2,ChecklistStrategy,NTPC,2026-05-01,2026-05-07,LONG,399.15,396.75,343,6,-823.2,-0.6,SIGNAL
RUN_20260922_130143_V2,ChecklistStrategy,NTPC,2026-06-17,2026-06-24,LONG,355.55,362.85,382,7,2788.61,2.05,SIGNAL
RUN_20260922_130143_V2,ChecklistStrategy,NTPC,2026-07-13,2026-07-22,LONG,345.05,347.4,402,9,944.7,0.68,SIGNAL
RUN_20260922_130143_V2,ChecklistStrategy,NTPC,2026-08-06,2026-08-07,LONG,347.5,345.0,399,1,-997.5,-0.72,SIGNAL
RUN_20260922_130143_V2,ChecklistStrategy,NTPC,2026-08-12,2026-08-17,LONG,338.45,340.0,409,5,633.95,0.46,SIGNAL
RUN_20260922_130143_V2,ChecklistStrategy,NTPC,2026-08-19,2026-08-26,LONG,336.3,341.55,412,7,2163.0,1.56,SIGNAL
RUN_20260922_130143_V2,ChecklistStrategy,NTPC,2026-09-02,2026-09-21,LONG,324.0,325.0,431,19,431.0,0.31,SIGNAL
RUN_20260922_130143_V2,ChecklistStrategy,ONGC,2024-02-14,2024-02-15,LONG,258.0,271.65,192,1,2620.8,5.29,TARGET1_PARTIAL
RUN_20260922_130143_V2,ChecklistStrategy,ONGC,2024-02-14,2024-02-16,LONG,258.0,275.15,193,2,3309.95,6.65,TARGET2
RUN_20260922_130143_V2,ChecklistStrategy,ONGC,2024-03-26,2024-03-28,LONG,261.65,262.45,402,2,321.61,0.31,SIGNAL
RUN_20260922_130143_V2,ChecklistStrategy,ONGC,2024-04-23,2024-05-06,LONG,276.85,288.7,383,13,4538.55,4.28,SIGNAL
RUN_20260922_130143_V2,ChecklistStrategy,ONGC,2024-06-21,2024-06-26,LONG,271.45,266.9,406,5,-1847.31,-1.68,SIGNAL
RUN_20260922_130143_V2,ChecklistStrategy,ONGC,2024-07-23,2024-07-26,LONG,320.05,336.5,169,3,2780.05,5.14,TARGET1_PARTIAL
RUN_20260922_130143_V2,ChecklistStrategy,ONGC,2024-07-23,2024-07-31,LONG,320.05,332.05,169,8,2028.0,3.75,SIGNAL_AFTER_PARTIAL
RUN_20260922_130143_V2,ChecklistStrategy,ONGC,2024-09-30,2024-10-08,LONG,297.0,288.15,381,8,-3371.85,-2.98,STOP_LOSS
RUN_20260922_130143_V2,ChecklistStrategy,ONGC,2024-10-21,2024-10-23,LONG,281.15,270.0,388,2,-4326.2,-3.97,STOP_LOSS
RUN_20260922_130143_V2,ChecklistStrategy,ONGC,2024-10-30,2024-11-05,LONG,265.0,265.2,398,6,79.6,0.08,SIGNAL
RUN_20260922_130143_V2,ChecklistStrategy,ONGC,2024-12-06,2024-12-09,LONG,260.8,260.05,404,3,-303.0,-0.29,SIGNAL
RUN_20260922_130143_V2,ChecklistStrategy,ONGC,2024-12-24,2024-12-31,LONG,241.0,232.65,436,7,-3640.6,-3.46,STOP_LOSS
RUN_20260922_130143_V2,ChecklistStrategy,ONGC,2025-01-01,2025-01-06,LONG,237.81,259.11,212,5,4515.6,8.96,TARGET1_PARTIAL
RUN_20260922_130143_V2,ChecklistStrategy,ONGC,2025-01-01,2025-01-07,LONG,237.81,259.15,212,6,4524.08,8.97,TARGET2
RUN_20260922_130143_V2,ChecklistStrategy,ONGC,2025-03-04,2025-03-06,LONG,220.1,231.49,245,2,2790.55,5.17,TARGET1_PARTIAL
RUN_20260922_130143_V2,ChecklistStrategy,ONGC,2025-03-04,2025-03-07,LONG,220.1,232.6,245,3,3062.5,5.68,SIGNAL_AFTER_PARTIAL
RUN_20260922_130143_V2,ChecklistStrategy,ONGC,2025-04-17,2025-04-23,LONG,241.0,248.74,482,6,3730.68,3.21,SIGNAL
RUN_20260922_130143_V2,ChecklistStrategy,ONGC,2025-05-15,2025-05-20,LONG,244.95,246.79,487,5,896.08,0.75,SIGNAL
RUN_20260922_130143_V2,ChecklistStrategy,ONGC,2025-06-11,2025-06-17,LONG,244.5,256.94,246,6,3060.24,5.09,TARGET1_PARTIAL
RUN_20260922_130143_V2,ChecklistStrategy,ONGC,2025-06-11,2025-06-18,LONG,244.5,254.03,247,7,2353.91,3.9,SIGNAL_AFTER_PARTIAL
RUN_20260922_130143_V2,ChecklistStrategy,ONGC,2025-07-09,2025-08-01,LONG,243.35,240.1,518,23,-1683.5,-1.34,SIGNAL
RUN_20260922_130143_V2,ChecklistStrategy,ONGC,2025-08-08,2025-09-26,LONG,233.9,240.0,531,49,3239.1,2.61,SIGNAL
RUN_20260922_130143_V2,ChecklistStrategy,ONGC,2025-09-30,2025-10-06,LONG,240.0,242.73,531,6,1449.63,1.14,SIGNAL
RUN_20260922_130143_V2,ChecklistStrategy,ONGC,2025-11-13,2025-11-17,LONG,253.7,247.6,507,4,-3092.7,-2.4,STOP_LOSS
RUN_20260922_130143_V2,ChecklistStrategy,ONGC,2025-11-20,2025-11-21,LONG,249.0,247.05,504,1,-982.8,-0.78,SIGNAL
RUN_20260922_130143_V2,ChecklistStrategy,ONGC,2025-12-02,2025-12-04,LONG,243.5,240.5,509,2,-1527.0,-1.23,SIGNAL
RUN_20260922_130143_V2,ChecklistStrategy,ONGC,2025-12-16,2025-12-30,LONG,234.17,234.95,522,14,407.16,0.33,SIGNAL
RUN_20260922_130143_V2,ChecklistStrategy,ONGC,2026-01-07,2026-01-08,LONG,240.21,238.2,510,1,-1025.1,-0.84,SIGNAL
RUN_20260922_130143_V2,ChecklistStrategy,ONGC,2026-02-18,2026-02-23,LONG,265.0,279.9,224,5,3337.6,5.62,TARGET1_PARTIAL
RUN_20260922_130143_V2,ChecklistStrategy,ONGC,2026-02-18,2026-02-24,LONG,265.0,275.65,225,6,2396.25,4.02,SIGNAL_AFTER_PARTIAL
RUN_20260922_130143_V2,ChecklistStrategy,ONGC,2026-03-11,2026-03-17,LONG,268.0,260.65,475,6,-3491.25,-2.74,STOP_LOSS
RUN_20260922_130143_V2,ChecklistStrategy,ONGC,2026-03-20,2026-03-23,LONG,269.0,267.3,462,3,-785.41,-0.63,SIGNAL
RUN_20260922_130143_V2,ChecklistStrategy,ONGC,2026-04-20,2026-04-24,LONG,284.0,288.8,434,4,2083.19,1.69,SIGNAL
RUN_20260922_130143_V2,ChecklistStrategy,ONGC,2026-05-08,2026-05-12,LONG,283.6,286.9,442,4,1458.59,1.16,SIGNAL
RUN_20260922_130143_V2,ChecklistStrategy,ONGC,2026-05-27,2026-05-28,LONG,284.2,274.05,441,1,-4476.16,-3.57,STOP_LOSS
RUN_20260922_130143_V2,ChecklistStrategy,ONGC,2026-07-02,2026-07-07,LONG,234.0,244.05,260,5,2613.0,4.29,TARGET1_PARTIAL
RUN_20260922_130143_V2,ChecklistStrategy,ONGC,2026-07-02,2026-07-09,LONG,234.0,249.59,260,7,4053.4,6.66,SIGNAL_AFTER_PARTIAL
RUN_20260922_130143_V2,ChecklistStrategy,POWERGRID,2024-04-24,2024-05-02,LONG,285.0,301.95,175,8,2966.25,5.95,TARGET1_PARTIAL
RUN_20260922_130143_V2,ChecklistStrategy,POWERGRID,2024-04-24,2024-05-03,LONG,285.0,312.0,175,9,4725.0,9.47,TARGET2
RUN_20260922_130143_V2,ChecklistStrategy,POWERGRID,2024-07-02,2024-07-11,LONG,330.05,348.5,163,9,3007.35,5.59,TARGET1_PARTIAL
RUN_20260922_130143_V2,ChecklistStrategy,POWERGRID,2024-07-02,2024-07-12,LONG,330.05,342.8,163,10,2078.25,3.86,SIGNAL_AFTER_PARTIAL
RUN_20260922_130143_V2,ChecklistStrategy,POWERGRID,2024-08-21,2024-08-28,LONG,340.0,335.35,330,7,-1534.5,-1.37,SIGNAL
RUN_20260922_130143_V2,ChecklistStrategy,POWERGRID,2024-09-10,2024-09-19,LONG,327.0,336.2,337,9,3100.4,2.81,SIGNAL
RUN_20260922_130143_V2,ChecklistStrategy,POWERGRID,2024-10-10,2024-10-14,LONG,330.2,330.05,345,4,-51.76,-0.05,SIGNAL
RUN_20260922_130143_V2,ChecklistStrategy,POWERGRID,2024-12-04,2024-12-05,LONG,329.05,325.0,345,1,-1397.25,-1.23,SIGNAL
RUN_20260922_130143_V2,ChecklistStrategy,POWERGRID,2025-03-04,2025-03-06,LONG,250.0,265.15,222,2,3363.3,6.06,TARGET1_PARTIAL
RUN_20260922_130143_V2,ChecklistStrategy,POWERGRID,2025-03-04,2025-03-07,LONG,250.0,266.0,223,3,3568.0,6.4,TARGET2
RUN_20260922_130143_V2,ChecklistStrategy,POWERGRID,2025-03-11,2025-03-12,LONG,270.0,270.7,439,1,307.31,0.26,SIGNAL
RUN_20260922_130143_V2,ChecklistStrategy,POWERGRID,2025-03-28,2025-04-01,LONG,293.9,289.6,404,4,-1737.2,-1.46,SIGNAL
RUN_20260922_130143_V2,ChecklistStrategy,POWERGRID,2025-06-23,2025-06-24,LONG,291.4,293.45,401,1,822.06,0.7,SIGNAL
RUN_20260922_130143_V2,ChecklistStrategy,POWERGRID,2025-08-04,2025-08-07,LONG,291.2,284.5,406,3,-2720.2,-2.3,STOP_LOSS
RUN_20260922_130143_V2,ChecklistStrategy,POWERGRID,2025-08-25,2025-08-29,LONG,283.35,273.6,408,4,-3978.0,-3.44,STOP_LOSS
RUN_20260922_130143_V2,ChecklistStrategy,POWERGRID,2025-10-10,2025-10-27,LONG,285.25,289.0,390,17,1462.5,1.31,SIGNAL
RUN_20260922_130143_V2,ChecklistStrategy,POWERGRID,2025-11-10,2025-11-20,LONG,268.6,275.25,415,10,2759.75,2.48,SIGNAL
RUN_20260922_130143_V2,ChecklistStrategy,POWERGRID,2025-12-18,2026-01-06,LONG,260.75,266.0,221,19,1160.25,2.01,TARGET1_PARTIAL
RUN_20260922_130143_V2,ChecklistStrategy,POWERGRID,2025-12-18,2026-01-09,LONG,260.75,260.3,222,22,-99.9,-0.17,STOP_LOSS_AFTER_PARTIAL
RUN_20260922_130143_V2,ChecklistStrategy,POWERGRID,2026-04-07,2026-04-16,LONG,292.5,315.0,197,9,4432.5,7.69,TARGET1_PARTIAL
RUN_20260922_130143_V2,ChecklistStrategy,POWERGRID,2026-04-07,2026-04-17,LONG,292.5,313.3,198,10,4118.4,7.11,TARGET2
RUN_20260922_130143_V2,ChecklistStrategy,POWERGRID,2026-05-28,2026-06-01,LONG,300.15,291.0,417,4,-3815.55,-3.05,STOP_LOSS
RUN_20260922_130143_V2,ChecklistStrategy,POWERGRID,2026-07-23,2026-08-05,LONG,287.3,284.0,419,13,-1382.69,-1.15,SIGNAL
RUN_20260922_130143_V2,ChecklistStrategy,POWERGRID,2026-08-18,2026-08-26,LONG,266.2,270.1,450,8,1755.0,1.47,SIGNAL
RUN_20260922_130143_V2,ChecklistStrategy,RELIANCE,2024-01-25,2024-01-30,LONG,1342.95,1459.95,37,5,4329.0,8.71,TARGET1_PARTIAL
RUN_20260922_130143_V2,ChecklistStrategy,RELIANCE,2024-01-25,2024-02-01,LONG,1342.95,1435.0,37,7,3405.85,6.85,TARGET2
RUN_20260922_130143_V2,ChecklistStrategy,RELIANCE,2024-03-13,2024-03-14,LONG,1479.78,1439.7,72,1,-2885.41,-2.71,STOP_LOSS
RUN_20260922_130143_V2,ChecklistStrategy,RELIANCE,2024-03-26,2024-03-27,LONG,1445.0,1448.0,71,1,213.0,0.21,SIGNAL
RUN_20260922_130143_V2,ChecklistStrategy,RELIANCE,2024-04-12,2024-04-15,LONG,1475.88,1461.0,70,3,-1041.25,-1.01,SIGNAL
RUN_20260922_130143_V2,ChecklistStrategy,RELIANCE,2024-04-30,2024-05-06,LONG,1468.0,1435.5,70,6,-2275.0,-2.21,STOP_LOSS
RUN_20260922_130143_V2,ChecklistStrategy,RELIANCE,2024-05-09,2024-05-16,LONG,1413.0,1418.55,71,7,394.05,0.39,SIGNAL
RUN_20260922_130143_V2,ChecklistStrategy,RELIANCE,2024-06-10,2024-06-11,LONG,1469.95,1469.0,69,1,-65.55,-0.06,SIGNAL
RUN_20260922_130143_V2,ChecklistStrategy,RELIANCE,2024-06-21,2024-06-25,LONG,1473.62,1443.0,68,4,-2082.5,-2.08,STOP_LOSS
RUN_20260922_130143_V2,ChecklistStrategy,RELIANCE,2024-08-14,2024-08-16,LONG,1463.55,1468.65,67,2,341.7,0.35,SIGNAL
RUN_20260922_130143_V2,ChecklistStrategy,RELIANCE,2024-08-22,2024-09-04,LONG,1503.0,1500.7,66,13,-151.8,-0.15,SIGNAL
RUN_20260922_130143_V2,ChecklistStrategy,RELIANCE,2024-09-20,2024-09-25,LONG,1474.0,1483.9,67,5,663.3,0.67,SIGNAL
RUN_20260922_130143_V2,ChecklistStrategy,RELIANCE,2024-10-25,2024-11-05,LONG,1343.5,1293.0,74,11,-3737.0,-3.76,STOP_LOSS
RUN_20260922_130143_V2,ChecklistStrategy,RELIANCE,2024-11-18,2024-11-21,LONG,1267.6,1241.65,76,3,-1972.2,-2.05,STOP_LOSS
RUN_20260922_130143_V2,ChecklistStrategy,RELIANCE,2024-12-06,2024-12-09,LONG,1323.9,1303.0,71,3,-1483.9,-1.58,SIGNAL
RUN_20260922_130143_V2,ChecklistStrategy,RELIANCE,2024-12-16,2024-12-18,LONG,1275.0,1240.65,72,2,-2473.2,-2.69,STOP_LOSS
RUN_20260922_130143_V2,ChecklistStrategy,RELIANCE,2024-12-24,2025-01-07,LONG,1222.3,1222.0,73,14,-21.9,-0.02,SIGNAL
RUN_20260922_130143_V2,ChecklistStrategy,RELIANCE,2025-02-03,2025-02-06,LONG,1251.0,1273.7,71,3,1611.7,1.81,SIGNAL
RUN_20260922_130143_V2,ChecklistStrategy,RELIANCE,2025-02-18,2025-02-24,LONG,1224.85,1216.55,74,6,-614.19,-0.68,SIGNAL
RUN_20260922_130143_V2,ChecklistStrategy,RELIANCE,2025-03-28,2025-04-01,LONG,1280.0,1264.6,71,4,-1093.4,-1.2,SIGNAL
RUN_20260922_130143_V2,ChecklistStrategy,RELIANCE,2025-06-03,2025-06-04,LONG,1422.3,1414.7,63,1,-478.81,-0.53,SIGNAL
RUN_20260922_130143_V2,ChecklistStrategy,RELIANCE,2025-07-24,2025-07-29,LONG,1419.2,1383.0,62,5,-2244.4,-2.55,STOP_LOSS
RUN_20260922_130143_V2,ChecklistStrategy,RELIANCE,2025-07-30,2025-08-08,LONG,1418.1,1385.0,61,9,-2019.1,-2.33,STOP_LOSS
RUN_20260922_130143_V2,ChecklistStrategy,RELIANCE,2025-08-20,2025-09-01,LONG,1413.0,1356.0,59,12,-3363.0,-4.03,STOP_LOSS
RUN_20260922_130143_V2,ChecklistStrategy,RELIANCE,2025-10-03,2025-10-09,LONG,1363.2,1374.0,59,6,637.2,0.79,SIGNAL
RUN_20260922_130143_V2,ChecklistStrategy,RELIANCE,2025-11-26,2025-12-23,LONG,1542.3,1580.9,53,27,2045.8,2.5,SIGNAL
RUN_20260922_130143_V2,ChecklistStrategy,RELIANCE,2026-01-13,2026-01-14,LONG,1485.0,1444.0,56,1,-2296.0,-2.76,STOP_LOSS
RUN_20260922_130143_V2,ChecklistStrategy,RELIANCE,2026-02-05,2026-02-06,LONG,1457.0,1441.5,56,1,-868.0,-1.06,SIGNAL
RUN_20260922_130143_V2,ChecklistStrategy,RELIANCE,2026-02-12,2026-02-16,LONG,1470.0,1420.1,55,4,-2744.5,-3.39,STOP_LOSS
RUN_20260922_130143_V2,ChecklistStrategy,RELIANCE,2026-02-17,2026-02-18,LONG,1431.1,1427.0,54,1,-221.4,-0.29,SIGNAL
RUN_20260922_130143_V2,ChecklistStrategy,RELIANCE,2026-02-27,2026-03-04,LONG,1398.0,1330.0,55,5,-3740.0,-4.86,STOP_LOSS
RUN_20260922_130143_V2,ChecklistStrategy,RELIANCE,2026-03-19,2026-03-30,LONG,1388.0,1335.0,52,11,-2756.0,-3.82,STOP_LOSS
RUN_20260922_130143_V2,ChecklistStrategy,RELIANCE,2026-04-09,2026-04-15,LONG,1346.0,1337.0,52,6,-468.0,-0.67,STOP_LOSS
RUN_20260922_130143_V2,ChecklistStrategy,RELIANCE,2026-04-20,2026-04-24,LONG,1363.2,1340.0,51,4,-1183.2,-1.7,SIGNAL
RUN_20260922_130143_V2,ChecklistStrategy,RELIANCE,2026-04-28,2026-04-30,LONG,1358.0,1409.0,25,2,1275.0,3.76,TARGET1_PARTIAL
RUN_20260922_130143_V2,ChecklistStrategy,RELIANCE,2026-04-28,2026-05-05,LONG,1358.0,1460.0,25,7,2550.0,7.51,TARGET2
RUN_20260922_130143_V2,ChecklistStrategy,RELIANCE,2026-05-21,2026-05-25,LONG,1367.2,1366.8,53,4,-21.19,-0.03,SIGNAL
RUN_20260922_130143_V2,ChecklistStrategy,RELIANCE,2026-06-10,2026-06-11,LONG,1275.0,1258.0,57,1,-969.0,-1.33,SIGNAL
RUN_20260922_130143_V2,ChecklistStrategy,RELIANCE,2026-06-23,2026-06-24,LONG,1328.9,1305.7,54,1,-1252.8,-1.75,SIGNAL
RUN_20260922_130143_V2,ChecklistStrategy,RELIANCE,2026-07-07,2026-07-09,LONG,1323.5,1277.1,53,2,-2459.2,-3.51,STOP_LOSS
RUN_20260922_130143_V2,ChecklistStrategy,RELIANCE,2026-08-12,2026-08-25,LONG,1323.9,1304.3,51,13,-999.6,-1.48,SIGNAL
RUN_20260922_130143_V2,ChecklistStrategy,RELIANCE,2026-08-26,2026-08-28,LONG,1310.0,1284.9,51,2,-1280.1,-1.92,STOP_LOSS
RUN_20260922_130143_V2,ChecklistStrategy,SBILIFE,2024-02-14,2024-02-22,LONG,1460.0,1510.0,68,8,3400.0,3.42,SIGNAL
RUN_20260922_130143_V2,ChecklistStrategy,SBILIFE,2024-03-01,2024-03-05,LONG,1564.9,1525.0,66,4,-2633.4,-2.55,STOP_LOSS
RUN_20260922_130143_V2,ChecklistStrategy,SBILIFE,2024-03-07,2024-03-11,LONG,1520.0,1526.95,66,4,458.7,0.46,SIGNAL
RUN_20260922_130143_V2,ChecklistStrategy,SBILIFE,2024-05-02,2024-05-21,LONG,1416.35,1438.85,70,19,1575.0,1.59,SIGNAL
RUN_20260922_130143_V2,ChecklistStrategy,SBILIFE,2024-06-06,2024-06-10,LONG,1390.1,1436.85,73,4,3412.75,3.36,SIGNAL
RUN_20260922_130143_V2,ChecklistStrategy,SBILIFE,2024-06-24,2024-06-26,LONG,1464.15,1462.0,72,2,-154.8,-0.15,SIGNAL
RUN_20260922_130143_V2,ChecklistStrategy,SBILIFE,2024-06-28,2024-07-03,LONG,1450.1,1503.0,72,5,3808.8,3.65,SIGNAL
RUN_20260922_130143_V2,ChecklistStrategy,SBILIFE,2024-07-11,2024-07-19,LONG,1562.0,1632.0,35,8,2450.0,4.48,TARGET1_PARTIAL
RUN_20260922_130143_V2,ChecklistStrategy,SBILIFE,2024-07-11,2024-07-26,LONG,1562.0,1686.25,35,15,4348.75,7.95,TARGET2
RUN_20260922_130143_V2,ChecklistStrategy,SBILIFE,2024-08-19,2024-08-22,LONG,1696.8,1801.0,34,3,3542.8,6.14,TARGET1_PARTIAL
RUN_20260922_130143_V2,ChecklistStrategy,SBILIFE,2024-08-19,2024-08-28,LONG,1696.8,1838.75,34,9,4826.3,8.37,TARGET2
RUN_20260922_130143_V2,ChecklistStrategy,SBILIFE,2024-09-19,2024-09-25,LONG,1850.0,1873.7,67,6,1587.9,1.28,SIGNAL
RUN_20260922_130143_V2,ChecklistStrategy,SBILIFE,2024-09-26,2024-09-30,LONG,1873.0,1892.0,67,4,1273.0,1.01,SIGNAL
RUN_20260922_130143_V2,ChecklistStrategy,SBILIFE,2024-10-17,2024-10-18,LONG,1734.0,1706.0,73,1,-2044.0,-1.61,SIGNAL
RUN_20260922_130143_V2,ChecklistStrategy,SBILIFE,2024-11-18,2024-11-21,LONG,1551.0,1513.3,80,3,-3016.0,-2.43,SIGNAL
RUN_20260922_130143_V2,ChecklistStrategy,SBILIFE,2024-12-24,2025-01-08,LONG,1406.95,1478.7,43,15,3085.25,5.1,TARGET1_PARTIAL
RUN_20260922_130143_V2,ChecklistStrategy,SBILIFE,2024-12-24,2025-01-14,LONG,1406.95,1475.0,43,21,2926.15,4.84,SIGNAL_AFTER_PARTIAL
RUN_20260922_130143_V2,ChecklistStrategy,SBILIFE,2025-01-27,2025-02-17,LONG,1435.0,1460.5,88,21,2244.0,1.78,SIGNAL
RUN_20260922_130143_V2,ChecklistStrategy,SBILIFE,2025-02-18,2025-02-19,LONG,1476.25,1475.0,88,1,-110.0,-0.08,SIGNAL
RUN_20260922_130143_V2,ChecklistStrategy,SBILIFE,2025-02-24,2025-03-03,LONG,1480.0,1432.55,86,7,-4080.7,-3.21,STOP_LOSS
RUN_20260922_130143_V2,ChecklistStrategy,SBILIFE,2025-03-11,2025-03-20,LONG,1403.0,1492.0,44,9,3916.0,6.34,TARGET1_PARTIAL
RUN_20260922_130143_V2,ChecklistStrategy,SBILIFE,2025-03-11,2025-03-21,LONG,1403.0,1500.0,44,10,4268.0,6.91,TARGET2
RUN_20260922_130143_V2,ChecklistStrategy,SBILIFE,2025-03-28,2025-04-07,LONG,1544.9,1450.0,86,10,-8161.4,-6.14,STOP_LOSS
RUN_20260922_130143_V2,ChecklistStrategy,SBILIFE,2025-04-29,2025-04-30,LONG,1733.9,1722.0,72,1,-856.8,-0.69,SIGNAL
RUN_20260922_130143_V2,ChecklistStrategy,SBILIFE,2025-05-02,2025-05-06,LONG,1761.0,1770.0,70,4,630.0,0.51,SIGNAL
RUN_20260922_130143_V2,ChecklistStrategy,SBILIFE,2025-05-28,2025-06-02,LONG,1810.6,1812.2,69,5,110.4,0.09,SIGNAL
RUN_20260922_130143_V2,ChecklistStrategy,SBILIFE,2025-06-05,2025-06-06,LONG,1782.0,1774.8,70,1,-504.0,-0.4,SIGNAL
RUN_20260922_130143_V2,ChecklistStrategy,SBILIFE,2025-06-12,2025-06-13,LONG,1799.9,1720.0,69,1,-5513.1,-4.44,SIGNAL
RUN_20260922_130143_V2,ChecklistStrategy,SBILIFE,2025-06-23,2025-07-10,LONG,1810.0,1811.0,65,17,65.0,0.06,SIGNAL
RUN_20260922_130143_V2,ChecklistStrategy,SBILIFE,2025-07-21,2025-07-30,LONG,1794.7,1825.0,66,9,1999.8,1.69,SIGNAL
RUN_20260922_130143_V2,ChecklistStrategy,SBILIFE,2025-08-08,2025-08-13,LONG,1851.1,1841.3,65,5,-637.0,-0.53,SIGNAL
RUN_20260922_130143_V2,ChecklistStrategy,SBILIFE,2025-09-10,2025-09-12,LONG,1804.9,1814.2,66,2,613.8,0.52,SIGNAL
RUN_20260922_130143_V2,ChecklistStrategy,SBILIFE,2025-09-15,2025-09-18,LONG,1830.1,1804.9,66,3,-1663.2,-1.38,SIGNAL
RUN_20260922_130143_V2,ChecklistStrategy,SBILIFE,2025-10-10,2025-10-17,LONG,1825.0,1844.0,65,7,1235.0,1.04,SIGNAL
RUN_20260922_130143_V2,ChecklistStrategy,SBILIFE,2025-11-10,2025-11-25,LONG,2000.1,1972.4,60,15,-1662.0,-1.38,SIGNAL
RUN_20260922_130143_V2,ChecklistStrategy,SBILIFE,2025-12-02,2025-12-10,LONG,1952.0,1996.0,60,8,2640.0,2.25,SIGNAL
RUN_20260922_130143_V2,ChecklistStrategy,SBILIFE,2025-12-19,2026-01-06,LONG,2014.5,2064.0,60,18,2970.0,2.46,SIGNAL
RUN_20260922_130143_V2,ChecklistStrategy,SBILIFE,2026-01-09,2026-01-21,LONG,2093.8,2038.2,59,12,-3280.41,-2.66,STOP_LOSS
RUN_20260922_130143_V2,ChecklistStrategy,SBILIFE,2026-02-05,2026-02-06,LONG,2031.0,2026.0,59,1,-295.0,-0.25,SIGNAL
RUN_20260922_130143_V2,ChecklistStrategy,SBILIFE,2026-02-10,2026-02-11,LONG,2024.0,2023.0,59,1,-59.0,-0.05,SIGNAL
RUN_20260922_130143_V2,ChecklistStrategy,SBILIFE,2026-02-17,2026-02-25,LONG,2042.4,2089.7,58,8,2743.4,2.32,SIGNAL
RUN_20260922_130143_V2,ChecklistStrategy,SBILIFE,2026-02-27,2026-03-04,LONG,2076.1,1964.0,58,5,-6501.81,-5.4,STOP_LOSS
RUN_20260922_130143_V2,ChecklistStrategy,SBILIFE,2026-03-06,2026-03-24,LONG,1930.0,1842.0,59,18,-5192.0,-4.56,STOP_LOSS
RUN_20260922_130143_V2,ChecklistStrategy,SBILIFE,2026-04-06,2026-04-07,LONG,1757.5,1814.5,31,1,1767.0,3.24,TARGET1_PARTIAL
RUN_20260922_130143_V2,ChecklistStrategy,SBILIFE,2026-04-06,2026-04-09,LONG,1757.5,1907.0,31,3,4634.5,8.51,TARGET2
RUN_20260922_130143_V2,ChecklistStrategy,SBILIFE,2026-04-28,2026-05-01,LONG,1814.6,1819.0,64,3,281.6,0.24,SIGNAL
RUN_20260922_130143_V2,ChecklistStrategy,SBILIFE,2026-05-12,2026-05-22,LONG,1866.0,1872.0,62,10,372.0,0.32,SIGNAL
RUN_20260922_130143_V2,ChecklistStrategy,SBILIFE,2026-06-18,2026-06-23,LONG,1801.0,1805.5,65,5,292.5,0.25,SIGNAL
RUN_20260922_130143_V2,ChecklistStrategy,SBILIFE,2026-07-01,2026-07-09,LONG,1777.0,1789.0,66,8,792.0,0.68,SIGNAL
RUN_20260922_130143_V2,ChecklistStrategy,SBILIFE,2026-07-20,2026-07-28,LONG,1831.0,1865.0,64,8,2176.0,1.86,SIGNAL
RUN_20260922_130143_V2,ChecklistStrategy,SBILIFE,2026-08-20,2026-08-26,LONG,1790.0,1760.5,67,6,-1976.5,-1.65,SIGNAL
RUN_20260922_130143_V2,ChecklistStrategy,SBILIFE,2026-09-07,2026-09-08,LONG,1775.0,1734.6,66,1,-2666.4,-2.28,STOP_LOSS
RUN_20260922_130143_V2,ChecklistStrategy,SBILIFE,2026-09-11,2026-09-18,LONG,1680.0,1751.3,34,7,2424.2,4.24,TARGET1_PARTIAL
RUN_20260922_130143_V2,ChecklistStrategy,SBILIFE,2026-09-11,2026-09-21,LONG,1680.0,1744.0,34,10,2176.0,3.81,SIGNAL_AFTER_PARTIAL
RUN_20260922_130143_V2,ChecklistStrategy,SBIN,2024-05-09,2024-06-04,LONG,811.9,897.0,61,26,5191.1,10.48,TARGET1_PARTIAL
RUN_20260922_130143_V2,ChecklistStrategy,SBIN,2024-05-09,2024-06-05,LONG,811.9,790.75,62,27,-1311.3,-2.61,STOP_LOSS_AFTER_PARTIAL
RUN_20260922_130143_V2,ChecklistStrategy,SBIN,2024-06-19,2024-07-03,LONG,846.8,829.0,122,14,-2171.6,-2.1,STOP_LOSS
RUN_20260922_130143_V2,ChecklistStrategy,SBIN,2024-07-04,2024-07-09,LONG,843.0,859.9,120,5,2028.0,2.0,SIGNAL
RUN_20260922_130143_V2,ChecklistStrategy,SBIN,2024-07-12,2024-07-19,LONG,856.7,895.0,60,7,2298.0,4.47,TARGET1_PARTIAL
RUN_20260922_130143_V2,ChecklistStrategy,SBIN,2024-07-12,2024-07-25,LONG,856.7,847.5,60,13,-552.0,-1.07,STOP_LOSS_AFTER_PARTIAL
RUN_20260922_130143_V2,ChecklistStrategy,SBIN,2024-08-16,2024-08-20,LONG,803.0,817.95,131,4,1958.45,1.86,SIGNAL
RUN_20260922_130143_V2,ChecklistStrategy,SBIN,2024-08-23,2024-08-26,LONG,821.5,818.0,130,3,-455.0,-0.43,SIGNAL
RUN_20260922_130143_V2,ChecklistStrategy,SBIN,2024-08-30,2024-09-02,LONG,817.15,817.3,130,3,19.5,0.02,SIGNAL
RUN_20260922_130143_V2,ChecklistStrategy,SBIN,2024-09-04,2024-09-09,LONG,815.45,785.0,129,5,-3928.05,-3.73,STOP_LOSS
RUN_20260922_130143_V2,ChecklistStrategy,SBIN,2024-09-10,2024-09-12,LONG,788.0,775.0,130,2,-1690.0,-1.65,STOP_LOSS
RUN_20260922_130143_V2,ChecklistStrategy,SBIN,2024-11-19,2024-11-21,LONG,819.0,798.5,123,2,-2521.5,-2.5,SIGNAL
RUN_20260922_130143_V2,ChecklistStrategy,SBIN,2024-12-24,2024-12-26,LONG,824.25,813.0,119,2,-1338.75,-1.36,SIGNAL
RUN_20260922_130143_V2,ChecklistStrategy,SBIN,2025-01-10,2025-01-13,LONG,760.35,741.5,127,3,-2393.95,-2.48,STOP_LOSS
RUN_20260922_130143_V2,ChecklistStrategy,SBIN,2025-03-04,2025-03-06,LONG,693.0,736.0,67,2,2881.0,6.2,TARGET1_PARTIAL
RUN_20260922_130143_V2,ChecklistStrategy,SBIN,2025-03-04,2025-03-11,LONG,693.0,724.9,68,7,2169.2,4.6,SIGNAL_AFTER_PARTIAL
RUN_20260922_130143_V2,ChecklistStrategy,SBIN,2025-03-17,2025-03-18,LONG,728.9,723.15,136,1,-782.0,-0.79,SIGNAL
RUN_20260922_130143_V2,ChecklistStrategy,SBIN,2025-03-28,2025-04-01,LONG,772.1,766.8,127,4,-673.1,-0.69,SIGNAL
RUN_20260922_130143_V2,ChecklistStrategy,SBIN,2025-04-17,2025-04-22,LONG,772.0,821.15,63,5,3096.45,6.37,TARGET1_PARTIAL
RUN_20260922_130143_V2,ChecklistStrategy,SBIN,2025-04-17,2025-04-23,LONG,772.0,826.0,63,6,3402.0,6.99,TARGET2
RUN_20260922_130143_V2,ChecklistStrategy,SBIN,2025-05-05,2025-05-07,LONG,782.0,765.3,130,2,-2171.0,-2.14,SIGNAL
RUN_20260922_130143_V2,ChecklistStrategy,SBIN,2025-07-07,2025-07-11,LONG,811.2,807.55,125,4,-456.25,-0.45,SIGNAL
RUN_20260922_130143_V2,ChecklistStrategy,SBIN,2025-09-22,2025-09-23,LONG,862.0,854.6,117,1,-865.8,-0.86,SIGNAL
RUN_20260922_130143_V2,ChecklistStrategy,SBIN,2025-10-10,2025-10-15,LONG,862.1,878.1,116,5,1856.0,1.86,SIGNAL
RUN_20260922_130143_V2,ChecklistStrategy,SBIN,2025-11-03,2025-11-20,LONG,938.75,986.0,54,17,2551.5,5.03,TARGET1_PARTIAL
RUN_20260922_130143_V2,ChecklistStrategy,SBIN,2025-11-03,2025-11-27,LONG,938.75,986.7,55,24,2637.25,5.11,SIGNAL_AFTER_PARTIAL
RUN_20260922_130143_V2,ChecklistStrategy,SBIN,2025-12-16,2025-12-17,LONG,966.05,965.55,111,1,-55.5,-0.05,SIGNAL
RUN_20260922_130143_V2,ChecklistStrategy,SBIN,2025-12-31,2026-01-07,LONG,975.25,1022.7,55,7,2609.75,4.87,TARGET1_PARTIAL
RUN_20260922_130143_V2,ChecklistStrategy,SBIN,2025-12-31,2026-01-08,LONG,975.25,1006.6,55,8,1724.25,3.21,SIGNAL_AFTER_PARTIAL
RUN_20260922_130143_V2,ChecklistStrategy,SBIN,2026-03-11,2026-03-12,LONG,1113.4,1075.1,100,1,-3830.0,-3.44,STOP_LOSS
RUN_20260922_130143_V2,ChecklistStrategy,SBIN,2026-03-19,2026-03-23,LONG,1049.5,1039.0,100,4,-1050.0,-1.0,SIGNAL
RUN_20260922_130143_V2,ChecklistStrategy,SBIN,2026-04-20,2026-04-22,LONG,1080.3,1110.0,98,2,2910.6,2.75,SIGNAL
RUN_20260922_130143_V2,ChecklistStrategy,SBIN,2026-05-20,2026-06-05,LONG,941.1,980.0,57,16,2217.3,4.13,TARGET1_PARTIAL
RUN_20260922_130143_V2,ChecklistStrategy,SBIN,2026-05-20,2026-06-10,LONG,941.1,1002.7,58,21,3572.8,6.55,TARGET2
RUN_20260922_130143_V2,ChecklistStrategy,SBIN,2026-07-16,2026-07-22,LONG,1030.1,1044.4,111,6,1587.31,1.39,SIGNAL
RUN_20260922_130143_V2,ChecklistStrategy,SBIN,2026-08-13,2026-08-18,LONG,1083.0,1059.6,107,5,-2503.8,-2.16,STOP_LOSS
RUN_20260922_130143_V2,ChecklistStrategy,SBIN,2026-08-24,2026-08-28,LONG,1047.9,1046.0,108,4,-205.2,-0.18,SIGNAL
RUN_20260922_130143_V2,ChecklistStrategy,SBIN,2026-08-31,2026-09-07,LONG,1041.2,1020.8,108,7,-2203.2,-1.96,STOP_LOSS
RUN_20260922_130143_V2,ChecklistStrategy,SBIN,2026-09-17,2026-09-18,LONG,991.2,992.0,112,1,89.6,0.08,SIGNAL
RUN_20260922_130143_V2,ChecklistStrategy,SHRIRAMFIN,2024-01-31,2024-02-01,LONG,490.0,482.2,203,1,-1583.4,-1.59,SIGNAL
RUN_20260922_130143_V2,ChecklistStrategy,SHRIRAMFIN,2024-02-12,2024-02-13,LONG,467.0,453.4,210,1,-2856.0,-2.91,STOP_LOSS
RUN_20260922_130143_V2,ChecklistStrategy,SHRIRAMFIN,2024-02-14,2024-02-15,LONG,457.0,487.44,102,1,3104.88,6.66,TARGET1_PARTIAL
RUN_20260922_130143_V2,ChecklistStrategy,SHRIRAMFIN,2024-02-14,2024-02-16,LONG,457.0,488.0,102,2,3162.0,6.78,TARGET2
RUN_20260922_130143_V2,ChecklistStrategy,SHRIRAMFIN,2024-03-11,2024-03-13,LONG,489.2,486.98,207,2,-459.54,-0.45,SIGNAL
RUN_20260922_130143_V2,ChecklistStrategy,SHRIRAMFIN,2024-05-02,2024-05-06,LONG,509.31,520.0,198,4,2116.62,2.1,SIGNAL
RUN_20260922_130143_V2,ChecklistStrategy,SHRIRAMFIN,2024-10-25,2024-10-28,LONG,650.86,632.8,158,3,-2853.48,-2.77,STOP_LOSS
RUN_20260922_130143_V2,ChecklistStrategy,SHRIRAMFIN,2025-02-13,2025-02-17,LONG,547.0,537.0,183,4,-1830.0,-1.83,SIGNAL
RUN_20260922_130143_V2,ChecklistStrategy,SHRIRAMFIN,2025-02-19,2025-02-21,LONG,547.8,580.85,88,2,2908.4,6.03,TARGET1_PARTIAL
RUN_20260922_130143_V2,ChecklistStrategy,SHRIRAMFIN,2025-02-19,2025-02-24,LONG,547.8,576.0,89,5,2509.8,5.15,TARGET2
RUN_20260922_130143_V2,ChecklistStrategy,SHRIRAMFIN,2025-04-04,2025-04-08,LONG,655.5,623.7,158,4,-5024.4,-4.85,STOP_LOSS
RUN_20260922_130143_V2,ChecklistStrategy,SHRIRAMFIN,2025-05-22,2025-06-02,LONG,652.0,638.3,149,11,-2041.3,-2.1,SIGNAL
RUN_20260922_130143_V2,ChecklistStrategy,SHRIRAMFIN,2025-06-23,2025-06-24,LONG,661.8,674.0,144,1,1756.8,1.84,SIGNAL
RUN_20260922_130143_V2,ChecklistStrategy,SHRIRAMFIN,2025-07-07,2025-07-08,LONG,676.15,672.0,145,1,-601.75,-0.61,SIGNAL
RUN_20260922_130143_V2,ChecklistStrategy,SHRIRAMFIN,2025-07-22,2025-07-23,LONG,658.0,642.0,148,1,-2368.0,-2.43,STOP_LOSS
RUN_20260922_130143_V2,ChecklistStrategy,SHRIRAMFIN,2025-07-29,2025-07-31,LONG,632.0,625.0,150,2,-1050.0,-1.11,SIGNAL
RUN_20260922_130143_V2,ChecklistStrategy,SHRIRAMFIN,2025-08-12,2025-08-19,LONG,616.0,626.0,152,7,1520.0,1.62,SIGNAL
RUN_20260922_130143_V2,ChecklistStrategy,SHRIRAMFIN,2025-09-01,2025-09-10,LONG,580.0,598.6,164,9,3050.4,3.21,SIGNAL
RUN_20260922_130143_V2,ChecklistStrategy,SHRIRAMFIN,2025-09-18,2025-09-23,LONG,620.0,628.0,158,5,1264.0,1.29,SIGNAL
RUN_20260922_130143_V2,ChecklistStrategy,SHRIRAMFIN,2025-09-24,2025-09-26,LONG,628.2,610.0,158,2,-2875.6,-2.9,STOP_LOSS
RUN_20260922_130143_V2,ChecklistStrategy,SHRIRAMFIN,2025-10-03,2025-10-07,LONG,645.0,670.2,74,4,1864.8,3.91,TARGET1_PARTIAL
RUN_20260922_130143_V2,ChecklistStrategy,SHRIRAMFIN,2025-10-03,2025-10-08,LONG,645.0,662.0,75,5,1275.0,2.64,SIGNAL_AFTER_PARTIAL
RUN_20260922_130143_V2,ChecklistStrategy,SHRIRAMFIN,2025-10-24,2025-10-28,LONG,711.05,719.5,140,4,1183.0,1.19,SIGNAL
RUN_20260922_130143_V2,ChecklistStrategy,SHRIRAMFIN,2026-02-09,2026-02-10,LONG,1005.0,1064.9,50,1,2995.0,5.96,TARGET1_PARTIAL
RUN_20260922_130143_V2,ChecklistStrategy,SHRIRAMFIN,2026-02-09,2026-02-12,LONG,1005.0,1053.5,50,3,2425.0,4.83,SIGNAL_AFTER_PARTIAL
RUN_20260922_130143_V2,ChecklistStrategy,SHRIRAMFIN,2026-04-20,2026-04-23,LONG,1040.0,1044.9,102,3,499.8,0.47,SIGNAL
RUN_20260922_130143_V2,ChecklistStrategy,SHRIRAMFIN,2026-05-01,2026-05-06,LONG,937.35,980.0,113,5,4819.45,4.55,SIGNAL
RUN_20260922_130143_V2,ChecklistStrategy,SHRIRAMFIN,2026-05-15,2026-05-26,LONG,921.0,961.0,59,11,2360.0,4.34,TARGET1_PARTIAL
RUN_20260922_130143_V2,ChecklistStrategy,SHRIRAMFIN,2026-05-15,2026-06-02,LONG,921.0,908.6,60,18,-744.0,-1.35,STOP_LOSS_AFTER_PARTIAL
RUN_20260922_130143_V2,ChecklistStrategy,SHRIRAMFIN,2026-06-04,2026-06-08,LONG,907.95,909.0,123,4,129.15,0.12,SIGNAL
RUN_20260922_130143_V2,ChecklistStrategy,SHRIRAMFIN,2026-07-21,2026-07-27,LONG,1036.0,1020.0,109,6,-1744.0,-1.54,STOP_LOSS
RUN_20260922_130143_V2,ChecklistStrategy,SHRIRAMFIN,2026-09-01,2026-09-02,LONG,1099.0,1048.0,100,1,-5100.0,-4.64,STOP_LOSS
RUN_20260922_130143_V2,ChecklistStrategy,SHRIRAMFIN,2026-09-09,2026-09-16,LONG,1018.2,979.0,103,7,-4037.6,-3.85,STOP_LOSS
RUN_20260922_130143_V2,ChecklistStrategy,SUNPHARMA,2024-02-01,2024-02-08,LONG,1427.0,1501.05,35,7,2591.75,5.19,TARGET1_PARTIAL
RUN_20260922_130143_V2,ChecklistStrategy,SUNPHARMA,2024-02-01,2024-02-12,LONG,1427.0,1539.85,35,11,3949.75,7.91,TARGET2
RUN_20260922_130143_V2,ChecklistStrategy,SUNPHARMA,2024-03-15,2024-03-21,LONG,1568.75,1564.8,67,6,-264.65,-0.25,SIGNAL
RUN_20260922_130143_V2,ChecklistStrategy,SUNPHARMA,2024-03-22,2024-03-27,LONG,1568.9,1602.0,67,5,2217.7,2.11,SIGNAL
RUN_20260922_130143_V2,ChecklistStrategy,SUNPHARMA,2024-04-10,2024-04-15,LONG,1603.05,1517.6,67,5,-5725.15,-5.33,STOP_LOSS
RUN_20260922_130143_V2,ChecklistStrategy,SUNPHARMA,2024-05-21,2024-05-24,LONG,1530.0,1504.0,66,3,-1716.0,-1.7,STOP_LOSS
RUN_20260922_130143_V2,ChecklistStrategy,SUNPHARMA,2024-06-13,2024-06-21,LONG,1514.6,1480.1,66,8,-2277.0,-2.28,STOP_LOSS
RUN_20260922_130143_V2,ChecklistStrategy,SUNPHARMA,2024-07-03,2024-07-09,LONG,1519.35,1564.8,64,6,2908.8,2.99,SIGNAL
RUN_20260922_130143_V2,ChecklistStrategy,SUNPHARMA,2024-08-05,2024-08-06,LONG,1725.0,1725.0,58,1,0.0,0.0,SIGNAL
RUN_20260922_130143_V2,ChecklistStrategy,SUNPHARMA,2024-09-02,2024-09-04,LONG,1829.95,1811.5,55,2,-1014.75,-1.01,SIGNAL
RUN_20260922_130143_V2,ChecklistStrategy,SUNPHARMA,2024-09-05,2024-09-26,LONG,1833.2,1870.55,54,21,2016.91,2.04,SIGNAL
RUN_20260922_130143_V2,ChecklistStrategy,SUNPHARMA,2024-09-27,2024-10-04,LONG,1917.95,1910.85,53,7,-376.3,-0.37,SIGNAL
RUN_20260922_130143_V2,ChecklistStrategy,SUNPHARMA,2024-10-09,2024-10-24,LONG,1894.55,1830.0,53,15,-3421.15,-3.41,STOP_LOSS
RUN_20260922_130143_V2,ChecklistStrategy,SUNPHARMA,2024-12-24,2025-01-01,LONG,1814.9,1889.9,54,8,4050.0,4.13,SIGNAL
RUN_20260922_130143_V2,ChecklistStrategy,SUNPHARMA,2025-01-07,2025-01-08,LONG,1848.55,1862.6,55,1,772.75,0.76,SIGNAL
RUN_20260922_130143_V2,ChecklistStrategy,SUNPHARMA,2025-01-15,2025-01-21,LONG,1772.8,1772.1,58,6,-40.6,-0.04,SIGNAL
RUN_20260922_130143_V2,ChecklistStrategy,SUNPHARMA,2025-01-30,2025-02-03,LONG,1740.45,1781.45,59,4,2419.0,2.36,SIGNAL
RUN_20260922_130143_V2,ChecklistStrategy,SUNPHARMA,2025-02-05,2025-02-11,LONG,1773.8,1725.2,59,6,-2867.41,-2.74,STOP_LOSS
RUN_20260922_130143_V2,ChecklistStrategy,SUNPHARMA,2025-02-18,2025-02-19,LONG,1714.2,1665.1,59,1,-2896.9,-2.86,SIGNAL
RUN_20260922_130143_V2,ChecklistStrategy,SUNPHARMA,2025-04-01,2025-04-04,LONG,1731.0,1778.85,57,3,2727.45,2.76,SIGNAL
RUN_20260922_130143_V2,ChecklistStrategy,SUNPHARMA,2025-04-29,2025-04-30,LONG,1845.0,1810.0,55,1,-1925.0,-1.9,STOP_LOSS
RUN_20260922_130143_V2,ChecklistStrategy,SUNPHARMA,2025-05-15,2025-05-19,LONG,1701.1,1745.0,58,4,2546.2,2.58,SIGNAL
RUN_20260922_130143_V2,ChecklistStrategy,SUNPHARMA,2025-05-28,2025-06-03,LONG,1683.4,1695.0,60,6,696.0,0.69,SIGNAL
RUN_20260922_130143_V2,ChecklistStrategy,SUNPHARMA,2025-06-23,2025-06-24,LONG,1663.2,1670.5,61,1,445.3,0.44,SIGNAL
RUN_20260922_130143_V2,ChecklistStrategy,SUNPHARMA,2025-06-26,2025-06-27,LONG,1674.8,1670.2,61,1,-280.61,-0.27,SIGNAL
RUN_20260922_130143_V2,ChecklistStrategy,SUNPHARMA,2025-07-03,2025-07-07,LONG,1677.5,1674.7,61,4,-170.8,-0.17,SIGNAL
RUN_20260922_130143_V2,ChecklistStrategy,SUNPHARMA,2025-07-08,2025-07-09,LONG,1680.0,1660.0,61,1,-1220.0,-1.19,SIGNAL
RUN_20260922_130143_V2,ChecklistStrategy,SUNPHARMA,2025-08-05,2025-08-07,LONG,1640.9,1581.0,61,2,-3653.9,-3.65,STOP_LOSS
RUN_20260922_130143_V2,ChecklistStrategy,SUNPHARMA,2025-08-12,2025-08-19,LONG,1611.7,1632.8,60,7,1266.01,1.31,SIGNAL
RUN_20260922_130143_V2,ChecklistStrategy,SUNPHARMA,2025-08-26,2025-08-28,LONG,1645.0,1593.1,59,2,-3062.1,-3.16,STOP_LOSS
RUN_20260922_130143_V2,ChecklistStrategy,SUNPHARMA,2025-09-04,2025-09-09,LONG,1597.0,1580.0,60,5,-1020.0,-1.06,SIGNAL
RUN_20260922_130143_V2,ChecklistStrategy,SUNPHARMA,2025-09-17,2025-09-25,LONG,1612.6,1627.9,58,8,887.4,0.95,SIGNAL
RUN_20260922_130143_V2,ChecklistStrategy,SUNPHARMA,2025-10-17,2025-10-21,LONG,1658.2,1690.0,57,4,1812.6,1.92,SIGNAL
RUN_20260922_130143_V2,ChecklistStrategy,SUNPHARMA,2025-11-24,2025-12-02,LONG,1785.9,1804.0,54,8,977.4,1.01,SIGNAL
RUN_20260922_130143_V2,ChecklistStrategy,SUNPHARMA,2025-12-11,2025-12-17,LONG,1778.0,1781.0,55,6,165.0,0.17,SIGNAL
RUN_20260922_130143_V2,ChecklistStrategy,SUNPHARMA,2025-12-18,2025-12-19,LONG,1785.0,1747.0,54,1,-2052.0,-2.13,STOP_LOSS
RUN_20260922_130143_V2,ChecklistStrategy,SUNPHARMA,2025-12-31,2026-01-09,LONG,1720.2,1765.2,56,9,2520.0,2.62,SIGNAL
RUN_20260922_130143_V2,ChecklistStrategy,SUNPHARMA,2026-01-13,2026-01-14,LONG,1743.0,1737.1,56,1,-330.4,-0.34,SIGNAL
RUN_20260922_130143_V2,ChecklistStrategy,SUNPHARMA,2026-01-23,2026-01-30,LONG,1640.0,1589.3,60,7,-3042.0,-3.09,STOP_LOSS
RUN_20260922_130143_V2,ChecklistStrategy,SUNPHARMA,2026-02-12,2026-02-27,LONG,1714.8,1779.0,27,15,1733.4,3.74,TARGET1_PARTIAL
RUN_20260922_130143_V2,ChecklistStrategy,SUNPHARMA,2026-02-12,2026-03-12,LONG,1714.8,1828.0,28,28,3169.6,6.6,TARGET2
RUN_20260922_130143_V2,ChecklistStrategy,SUNPHARMA,2026-03-18,2026-03-20,LONG,1799.6,1755.1,55,2,-2447.5,-2.47,STOP_LOSS
RUN_20260922_130143_V2,ChecklistStrategy,SUNPHARMA,2026-04-07,2026-04-13,LONG,1689.8,1654.9,57,6,-1989.3,-2.07,STOP_LOSS
RUN_20260922_130143_V2,ChecklistStrategy,SUNPHARMA,2026-06-03,2026-06-08,LONG,1781.0,1780.7,53,5,-15.9,-0.02,SIGNAL
RUN_20260922_130143_V2,ChecklistStrategy,SUNPHARMA,2026-08-20,2026-08-27,LONG,1905.0,1907.1,50,7,105.0,0.11,SIGNAL
RUN_20260922_130143_V2,ChecklistStrategy,SUNPHARMA,2026-09-01,2026-09-02,LONG,1963.1,1910.0,48,1,-2548.8,-2.7,SIGNAL
RUN_20260922_130143_V2,ChecklistStrategy,TATACONSUM,2024-01-30,2024-01-31,LONG,1144.95,1125.0,87,1,-1735.65,-1.74,SIGNAL
RUN_20260922_130143_V2,ChecklistStrategy,TATACONSUM,2024-02-02,2024-02-16,LONG,1132.0,1135.0,86,14,258.0,0.27,SIGNAL
RUN_20260922_130143_V2,ChecklistStrategy,TATACONSUM,2024-04-26,2024-05-03,LONG,1111.8,1095.0,88,7,-1478.4,-1.51,SIGNAL
RUN_20260922_130143_V2,ChecklistStrategy,TATACONSUM,2024-05-31,2024-06-05,LONG,1069.7,1109.0,90,5,3537.0,3.67,SIGNAL
RUN_20260922_130143_V2,ChecklistStrategy,TATACONSUM,2024-07-18,2024-07-24,LONG,1160.57,1241.57,42,6,3401.72,6.98,TARGET1_PARTIAL
RUN_20260922_130143_V2,ChecklistStrategy,TATACONSUM,2024-07-18,2024-08-16,LONG,1160.57,1168.0,43,29,319.3,0.64,SIGNAL_AFTER_PARTIAL
RUN_20260922_130143_V2,ChecklistStrategy,TATACONSUM,2024-09-20,2024-09-23,LONG,1220.0,1222.0,85,3,170.0,0.16,SIGNAL
RUN_20260922_130143_V2,ChecklistStrategy,TATACONSUM,2024-09-27,2024-10-01,LONG,1213.95,1196.95,85,4,-1445.0,-1.4,SIGNAL
RUN_20260922_130143_V2,ChecklistStrategy,TATACONSUM,2024-10-09,2024-10-18,LONG,1127.0,1090.15,91,9,-3353.35,-3.27,STOP_LOSS
RUN_20260922_130143_V2,ChecklistStrategy,TATACONSUM,2024-10-24,2024-10-25,LONG,1017.95,996.9,97,1,-2041.85,-2.07,STOP_LOSS
RUN_20260922_130143_V2,ChecklistStrategy,TATACONSUM,2024-12-02,2024-12-03,LONG,958.65,958.05,101,1,-60.6,-0.06,SIGNAL
RUN_20260922_130143_V2,ChecklistStrategy,TATACONSUM,2024-12-12,2024-12-13,LONG,937.0,919.25,103,1,-1828.25,-1.89,SIGNAL
RUN_20260922_130143_V2,ChecklistStrategy,TATACONSUM,2024-12-19,2024-12-20,LONG,908.0,907.0,104,1,-104.0,-0.11,SIGNAL
RUN_20260922_130143_V2,ChecklistStrategy,TATACONSUM,2024-12-30,2024-12-31,LONG,907.95,899.0,104,1,-930.8,-0.99,SIGNAL
RUN_20260922_130143_V2,ChecklistStrategy,TATACONSUM,2025-01-30,2025-02-01,LONG,965.95,1026.0,48,2,2882.4,6.22,TARGET1_PARTIAL
RUN_20260922_130143_V2,ChecklistStrategy,TATACONSUM,2025-01-30,2025-02-03,LONG,965.95,1067.35,49,4,4968.6,10.5,TARGET2
RUN_20260922_130143_V2,ChecklistStrategy,TATACONSUM,2025-02-13,2025-02-21,LONG,1029.75,1008.0,98,8,-2131.5,-2.11,STOP_LOSS
RUN_20260922_130143_V2,ChecklistStrategy,TATACONSUM,2025-03-28,2025-04-03,LONG,975.5,1049.9,51,6,3794.4,7.63,TARGET1_PARTIAL
RUN_20260922_130143_V2,ChecklistStrategy,TATACONSUM,2025-03-28,2025-04-04,LONG,975.5,1065.45,51,7,4587.45,9.22,TARGET2
RUN_20260922_130143_V2,ChecklistStrategy,TATACONSUM,2025-05-15,2025-05-19,LONG,1120.4,1168.0,48,4,2284.8,4.25,TARGET1_PARTIAL
RUN_20260922_130143_V2,ChecklistStrategy,TATACONSUM,2025-05-15,2025-05-20,LONG,1120.4,1149.0,48,5,1372.8,2.55,SIGNAL_AFTER_PARTIAL
RUN_20260922_130143_V2,ChecklistStrategy,TATACONSUM,2025-05-22,2025-05-23,LONG,1138.8,1126.5,97,1,-1193.1,-1.08,SIGNAL
RUN_20260922_130143_V2,ChecklistStrategy,TATACONSUM,2025-05-26,2025-05-30,LONG,1137.0,1109.8,96,4,-2611.2,-2.39,STOP_LOSS
RUN_20260922_130143_V2,ChecklistStrategy,TATACONSUM,2025-06-03,2025-06-04,LONG,1116.1,1110.0,95,1,-579.5,-0.55,SIGNAL
RUN_20260922_130143_V2,ChecklistStrategy,TATACONSUM,2025-06-20,2025-06-27,LONG,1088.3,1144.0,49,7,2729.3,5.12,TARGET1_PARTIAL
RUN_20260922_130143_V2,ChecklistStrategy,TATACONSUM,2025-06-20,2025-06-30,LONG,1088.3,1124.0,49,10,1749.3,3.28,SIGNAL_AFTER_PARTIAL
RUN_20260922_130143_V2,ChecklistStrategy,TATACONSUM,2025-07-02,2025-07-04,LONG,1094.0,1091.0,101,2,-303.0,-0.27,SIGNAL
RUN_20260922_130143_V2,ChecklistStrategy,TATACONSUM,2025-07-08,2025-07-14,LONG,1108.0,1076.8,100,6,-3120.0,-2.82,STOP_LOSS
RUN_20260922_130143_V2,ChecklistStrategy,TATACONSUM,2025-07-18,2025-07-22,LONG,1106.0,1089.9,97,4,-1561.7,-1.46,SIGNAL
RUN_20260922_130143_V2,ChecklistStrategy,TATACONSUM,2025-08-12,2025-08-21,LONG,1055.8,1104.0,50,9,2410.0,4.57,TARGET1_PARTIAL
RUN_20260922_130143_V2,ChecklistStrategy,TATACONSUM,2025-08-12,2025-08-22,LONG,1055.8,1087.2,50,10,1570.0,2.97,SIGNAL_AFTER_PARTIAL
RUN_20260922_130143_V2,ChecklistStrategy,TATACONSUM,2025-09-01,2025-09-04,LONG,1059.1,1126.0,51,3,3411.9,6.32,TARGET1_PARTIAL
RUN_20260922_130143_V2,ChecklistStrategy,TATACONSUM,2025-09-01,2025-09-05,LONG,1059.1,1074.0,52,4,774.8,1.41,SIGNAL_AFTER_PARTIAL
RUN_20260922_130143_V2,ChecklistStrategy,TATACONSUM,2025-09-30,2025-10-14,LONG,1123.0,1115.0,101,14,-808.0,-0.71,SIGNAL
RUN_20260922_130143_V2,ChecklistStrategy,TATACONSUM,2025-10-17,2025-10-23,LONG,1152.2,1174.6,98,6,2195.2,1.94,SIGNAL
RUN_20260922_130143_V2,ChecklistStrategy,TATACONSUM,2025-11-04,2025-11-06,LONG,1199.8,1172.1,96,2,-2659.21,-2.31,SIGNAL
RUN_20260922_130143_V2,ChecklistStrategy,TATACONSUM,2025-11-12,2025-11-14,LONG,1156.3,1149.0,97,2,-708.1,-0.63,SIGNAL
RUN_20260922_130143_V2,ChecklistStrategy,TATACONSUM,2025-11-20,2025-12-04,LONG,1164.9,1153.0,96,14,-1142.4,-1.02,STOP_LOSS
RUN_20260922_130143_V2,ChecklistStrategy,TATACONSUM,2025-12-05,2025-12-09,LONG,1148.4,1140.6,96,4,-748.8,-0.68,SIGNAL
RUN_20260922_130143_V2,ChecklistStrategy,TATACONSUM,2025-12-22,2025-12-23,LONG,1184.0,1178.8,92,1,-478.4,-0.44,SIGNAL
RUN_20260922_130143_V2,ChecklistStrategy,TATACONSUM,2025-12-24,2026-01-02,LONG,1187.3,1176.9,92,9,-956.8,-0.88,SIGNAL
RUN_20260922_130143_V2,ChecklistStrategy,TATACONSUM,2026-01-06,2026-01-21,LONG,1182.1,1180.5,91,15,-145.6,-0.14,SIGNAL
RUN_20260922_130143_V2,ChecklistStrategy,TATACONSUM,2026-01-23,2026-01-27,LONG,1178.5,1158.6,91,4,-1810.9,-1.69,STOP_LOSS
RUN_20260922_130143_V2,ChecklistStrategy,TATACONSUM,2026-02-02,2026-02-04,LONG,1092.9,1154.0,46,2,2810.6,5.59,TARGET1_PARTIAL
RUN_20260922_130143_V2,ChecklistStrategy,TATACONSUM,2026-02-02,2026-02-05,LONG,1092.9,1149.5,47,3,2660.2,5.18,SIGNAL_AFTER_PARTIAL
RUN_20260922_130143_V2,ChecklistStrategy,TATACONSUM,2026-02-24,2026-03-04,LONG,1161.0,1114.5,95,8,-4417.5,-4.01,STOP_LOSS
RUN_20260922_130143_V2,ChecklistStrategy,TATACONSUM,2026-03-06,2026-03-09,LONG,1119.1,1086.7,95,3,-3078.0,-2.9,SIGNAL
RUN_20260922_130143_V2,ChecklistStrategy,TATACONSUM,2026-03-16,2026-03-18,LONG,1083.6,1075.6,95,2,-760.0,-0.74,SIGNAL
RUN_20260922_130143_V2,ChecklistStrategy,TATACONSUM,2026-04-30,2026-05-01,LONG,1170.0,1144.6,88,1,-2235.2,-2.17,STOP_LOSS
RUN_20260922_130143_V2,ChecklistStrategy,TATACONSUM,2026-07-10,2026-07-22,LONG,1105.0,1074.2,91,12,-2802.8,-2.79,STOP_LOSS
RUN_20260922_130143_V2,ChecklistStrategy,TATACONSUM,2026-08-14,2026-08-17,LONG,1090.5,1083.8,89,3,-596.3,-0.61,SIGNAL
RUN_20260922_130143_V2,ChecklistStrategy,TATACONSUM,2026-08-25,2026-08-26,LONG,1061.7,1063.5,91,1,163.8,0.17,SIGNAL
RUN_20260922_130143_V2,ChecklistStrategy,TATACONSUM,2026-09-04,2026-09-11,LONG,1020.0,993.0,95,7,-2565.0,-2.65,STOP_LOSS
RUN_20260922_130143_V2,ChecklistStrategy,TATASTEEL,2024-02-14,2024-02-20,LONG,137.0,141.95,725,6,3588.75,3.61,SIGNAL
RUN_20260922_130143_V2,ChecklistStrategy,TATASTEEL,2024-02-28,2024-02-29,LONG,144.05,140.8,717,1,-2330.25,-2.26,STOP_LOSS
RUN_20260922_130143_V2,ChecklistStrategy,TATASTEEL,2024-05-24,2024-05-27,LONG,174.95,177.7,576,3,1584.0,1.57,SIGNAL
RUN_20260922_130143_V2,ChecklistStrategy,TATASTEEL,2024-06-28,2024-07-01,LONG,174.17,174.5,589,3,194.37,0.19,SIGNAL
RUN_20260922_130143_V2,ChecklistStrategy,TATASTEEL,2024-07-24,2024-08-06,LONG,160.02,151.21,642,13,-5656.02,-5.51,STOP_LOSS
RUN_20260922_130143_V2,ChecklistStrategy,TATASTEEL,2024-08-08,2024-08-09,LONG,153.4,153.0,630,1,-252.0,-0.26,STOP_LOSS
RUN_20260922_130143_V2,ChecklistStrategy,TATASTEEL,2024-10-11,2024-10-15,LONG,159.3,159.5,605,4,121.0,0.13,SIGNAL
RUN_20260922_130143_V2,ChecklistStrategy,TATASTEEL,2024-11-22,2024-11-28,LONG,140.15,144.0,690,6,2656.5,2.75,SIGNAL
RUN_20260922_130143_V2,ChecklistStrategy,TATASTEEL,2024-12-16,2024-12-18,LONG,148.94,146.0,667,2,-1960.98,-1.97,STOP_LOSS
RUN_20260922_130143_V2,ChecklistStrategy,TATASTEEL,2025-03-03,2025-03-06,LONG,137.0,146.79,354,3,3465.66,7.15,TARGET1_PARTIAL
RUN_20260922_130143_V2,ChecklistStrategy,TATASTEEL,2025-03-03,2025-03-07,LONG,137.0,149.74,355,4,4522.7,9.3,TARGET2
RUN_20260922_130143_V2,ChecklistStrategy,TATASTEEL,2025-04-29,2025-05-09,LONG,142.07,140.99,741,10,-800.28,-0.76,SIGNAL
RUN_20260922_130143_V2,ChecklistStrategy,TATASTEEL,2025-07-03,2025-07-04,LONG,166.0,165.91,629,1,-56.61,-0.05,SIGNAL
RUN_20260922_130143_V2,ChecklistStrategy,TATASTEEL,2025-07-11,2025-07-17,LONG,160.64,157.5,649,6,-2037.86,-1.95,STOP_LOSS
RUN_20260922_130143_V2,ChecklistStrategy,TATASTEEL,2025-07-30,2025-08-01,LONG,161.69,157.93,632,2,-2376.33,-2.33,STOP_LOSS
RUN_20260922_130143_V2,ChecklistStrategy,TATASTEEL,2025-08-20,2025-08-22,LONG,158.2,161.25,626,2,1909.3,1.93,SIGNAL
RUN_20260922_130143_V2,ChecklistStrategy,TATASTEEL,2025-08-26,2025-08-28,LONG,159.16,155.78,636,2,-2149.68,-2.12,STOP_LOSS
RUN_20260922_130143_V2,ChecklistStrategy,TATASTEEL,2025-09-02,2025-09-04,LONG,156.17,169.0,318,2,4079.94,8.22,TARGET1_PARTIAL
RUN_20260922_130143_V2,ChecklistStrategy,TATASTEEL,2025-09-02,2025-09-05,LONG,156.17,167.0,318,3,3443.94,6.93,TARGET2
RUN_20260922_130143_V2,ChecklistStrategy,TATASTEEL,2025-12-08,2025-12-09,LONG,167.09,163.39,639,1,-2364.3,-2.21,STOP_LOSS
RUN_20260922_130143_V2,ChecklistStrategy,TATASTEEL,2025-12-18,2025-12-23,LONG,169.92,169.35,613,5,-349.41,-0.34,SIGNAL
RUN_20260922_130143_V2,ChecklistStrategy,TATASTEEL,2026-01-13,2026-01-21,LONG,183.5,183.56,567,8,34.02,0.03,SIGNAL
RUN_20260922_130143_V2,ChecklistStrategy,TATASTEEL,2026-03-06,2026-03-10,LONG,199.5,194.01,518,4,-2843.82,-2.75,STOP_LOSS
RUN_20260922_130143_V2,ChecklistStrategy,TATASTEEL,2026-06-02,2026-06-09,LONG,209.01,203.0,480,7,-2884.8,-2.88,STOP_LOSS
RUN_20260922_130143_V2,ChecklistStrategy,TATASTEEL,2026-06-10,2026-06-12,LONG,203.0,200.0,483,2,-1449.0,-1.48,STOP_LOSS
RUN_20260922_130143_V2,ChecklistStrategy,TATASTEEL,2026-09-01,2026-09-22,LONG,183.7,183.6,524,21,-52.4,-0.05,SIGNAL
RUN_20260922_130143_V2,ChecklistStrategy,TCS,2024-02-23,2024-02-27,LONG,4130.0,3999.0,24,4,-3144.0,-3.17,STOP_LOSS
RUN_20260922_130143_V2,ChecklistStrategy,TCS,2024-02-28,2024-03-04,LONG,4095.6,4105.0,23,5,216.2,0.23,SIGNAL
RUN_20260922_130143_V2,ChecklistStrategy,TCS,2024-03-07,2024-03-20,LONG,4065.0,3986.0,23,13,-1817.0,-1.94,STOP_LOSS
RUN_20260922_130143_V2,ChecklistStrategy,TCS,2024-04-01,2024-04-09,LONG,3897.7,3984.0,24,8,2071.2,2.21,SIGNAL
RUN_20260922_130143_V2,ChecklistStrategy,TCS,2024-05-17,2024-05-21,LONG,3919.0,3830.6,24,4,-2121.6,-2.26,STOP_LOSS
RUN_20260922_130143_V2,ChecklistStrategy,TCS,2024-06-05,2024-06-10,LONG,3716.0,3895.0,12,5,2148.0,4.82,TARGET1_PARTIAL
RUN_20260922_130143_V2,ChecklistStrategy,TCS,2024-06-05,2024-06-12,LONG,3716.0,3874.4,13,7,2059.2,4.26,SIGNAL_AFTER_PARTIAL
RUN_20260922_130143_V2,ChecklistStrategy,TCS,2024-07-02,2024-07-04,LONG,3993.6,3999.85,24,2,150.0,0.16,SIGNAL
RUN_20260922_130143_V2,ChecklistStrategy,TCS,2024-09-05,2024-09-06,LONG,4481.0,4473.95,22,1,-155.1,-0.16,SIGNAL
RUN_20260922_130143_V2,ChecklistStrategy,TCS,2024-10-09,2024-10-14,LONG,4260.0,4140.0,23,5,-2760.0,-2.82,STOP_LOSS
RUN_20260922_130143_V2,ChecklistStrategy,TCS,2024-10-24,2024-11-12,LONG,4004.0,4216.0,11,19,2332.0,5.29,TARGET1_PARTIAL
RUN_20260922_130143_V2,ChecklistStrategy,TCS,2024-10-24,2024-11-19,LONG,4004.0,4019.9,12,26,190.8,0.4,SIGNAL_AFTER_PARTIAL
RUN_20260922_130143_V2,ChecklistStrategy,TCS,2024-12-26,2025-01-01,LONG,4179.5,4094.4,23,6,-1957.3,-2.04,STOP_LOSS
RUN_20260922_130143_V2,ChecklistStrategy,TCS,2025-01-09,2025-01-10,LONG,4101.0,4200.0,23,1,2277.0,2.41,SIGNAL
RUN_20260922_130143_V2,ChecklistStrategy,TCS,2025-02-17,2025-02-19,LONG,3856.5,3872.2,25,2,392.5,0.41,SIGNAL
RUN_20260922_130143_V2,ChecklistStrategy,TCS,2025-03-28,2025-04-02,LONG,3651.0,3544.0,27,5,-2889.0,-2.93,STOP_LOSS
RUN_20260922_130143_V2,ChecklistStrategy,TCS,2025-04-11,2025-04-28,LONG,3289.55,3435.0,14,17,2036.3,4.42,TARGET1_PARTIAL
RUN_20260922_130143_V2,ChecklistStrategy,TCS,2025-04-11,2025-05-13,LONG,3289.55,3620.4,15,32,4962.75,10.06,TARGET2
RUN_20260922_130143_V2,ChecklistStrategy,TCS,2025-05-22,2025-06-04,LONG,3495.0,3389.0,29,13,-3074.0,-3.03,STOP_LOSS
RUN_20260922_130143_V2,ChecklistStrategy,TCS,2025-06-09,2025-06-13,LONG,3400.0,3393.2,29,4,-197.2,-0.2,SIGNAL
RUN_20260922_130143_V2,ChecklistStrategy,TCS,2025-06-18,2025-06-19,LONG,3519.1,3450.0,28,1,-1934.8,-1.96,SIGNAL
RUN_20260922_130143_V2,ChecklistStrategy,TCS,2025-07-01,2025-07-03,LONG,3455.0,3430.0,28,2,-700.0,-0.72,SIGNAL
RUN_20260922_130143_V2,ChecklistStrategy,TCS,2025-09-10,2025-09-26,LONG,3056.4,2941.0,31,16,-3577.4,-3.78,STOP_LOSS
RUN_20260922_130143_V2,ChecklistStrategy,TCS,2025-10-17,2025-11-10,LONG,2970.0,2993.0,31,24,713.0,0.77,SIGNAL
RUN_20260922_130143_V2,ChecklistStrategy,TCS,2025-11-24,2025-11-25,LONG,3158.0,3145.3,29,1,-368.3,-0.4,SIGNAL
RUN_20260922_130143_V2,ChecklistStrategy,TCS,2025-12-12,2025-12-24,LONG,3197.7,3304.1,29,12,3085.6,3.33,SIGNAL
RUN_20260922_130143_V2,ChecklistStrategy,TCS,2026-01-02,2026-01-20,LONG,3234.0,3151.6,29,18,-2389.6,-2.55,STOP_LOSS
RUN_20260922_130143_V2,ChecklistStrategy,TCS,2026-02-26,2026-03-05,LONG,2650.0,2600.0,35,7,-1750.0,-1.89,STOP_LOSS
RUN_20260922_130143_V2,ChecklistStrategy,TCS,2026-03-23,2026-04-02,LONG,2365.0,2386.0,38,10,798.0,0.89,SIGNAL
RUN_20260922_130143_V2,ChecklistStrategy,TCS,2026-04-06,2026-04-10,LONG,2474.0,2565.8,18,4,1652.4,3.71,TARGET1_PARTIAL
RUN_20260922_130143_V2,ChecklistStrategy,TCS,2026-04-06,2026-04-15,LONG,2474.0,2501.9,19,9,530.1,1.13,STOP_LOSS_AFTER_PARTIAL
RUN_20260922_130143_V2,ChecklistStrategy,TCS,2026-04-22,2026-04-24,LONG,2580.0,2488.0,36,2,-3312.0,-3.57,STOP_LOSS
RUN_20260922_130143_V2,ChecklistStrategy,TCS,2026-04-28,2026-05-11,LONG,2444.0,2371.0,37,13,-2701.0,-2.99,STOP_LOSS
RUN_20260922_130143_V2,ChecklistStrategy,TCS,2026-05-15,2026-06-02,LONG,2252.0,2320.0,39,18,2652.0,3.02,SIGNAL
RUN_20260922_130143_V2,ChecklistStrategy,TCS,2026-06-11,2026-06-18,LONG,2127.0,2209.0,21,7,1722.0,3.86,TARGET1_PARTIAL
RUN_20260922_130143_V2,ChecklistStrategy,TCS,2026-06-11,2026-06-19,LONG,2127.0,2105.0,21,8,-462.0,-1.03,SIGNAL_AFTER_PARTIAL
RUN_20260922_130143_V2,ChecklistStrategy,TCS,2026-06-22,2026-06-24,LONG,2132.2,2061.0,43,2,-3061.6,-3.34,STOP_LOSS
RUN_20260922_130143_V2,ChecklistStrategy,TCS,2026-06-25,2026-07-01,LONG,2133.6,2039.9,42,6,-3935.4,-4.39,STOP_LOSS
RUN_20260922_130143_V2,ChecklistStrategy,TCS,2026-07-08,2026-07-09,LONG,2094.0,2057.5,40,1,-1460.0,-1.74,SIGNAL
RUN_20260922_130143_V2,ChecklistStrategy,TCS,2026-07-24,2026-07-28,LONG,2205.1,2325.0,18,4,2158.2,5.44,TARGET1_PARTIAL
RUN_20260922_130143_V2,ChecklistStrategy,TCS,2026-07-24,2026-07-29,LONG,2205.1,2440.0,19,5,4463.1,10.65,TARGET2
RUN_20260922_130143_V2,ChecklistStrategy,TCS,2026-08-04,2026-08-05,LONG,2463.1,2460.0,36,1,-111.6,-0.13,SIGNAL
RUN_20260922_130143_V2,ChecklistStrategy,TCS,2026-08-14,2026-08-18,LONG,2375.1,2300.0,38,4,-2853.8,-3.16,STOP_LOSS
RUN_20260922_130143_V2,ChecklistStrategy,TECHM,2024-02-14,2024-02-29,LONG,1310.0,1280.0,75,15,-2250.0,-2.29,SIGNAL
RUN_20260922_130143_V2,ChecklistStrategy,TECHM,2024-03-05,2024-03-18,LONG,1274.9,1282.0,76,13,539.6,0.56,SIGNAL
RUN_20260922_130143_V2,ChecklistStrategy,TECHM,2024-05-07,2024-05-22,LONG,1268.0,1330.0,38,15,2356.0,4.89,TARGET1_PARTIAL
RUN_20260922_130143_V2,ChecklistStrategy,TECHM,2024-05-07,2024-05-27,LONG,1268.0,1323.0,39,20,2145.0,4.34,SIGNAL_AFTER_PARTIAL
RUN_20260922_130143_V2,ChecklistStrategy,TECHM,2024-07-02,2024-07-03,LONG,1480.0,1479.95,69,1,-3.45,-0.0,SIGNAL
RUN_20260922_130143_V2,ChecklistStrategy,TECHM,2024-09-11,2024-09-17,LONG,1612.0,1649.0,63,6,2331.0,2.3,SIGNAL
RUN_20260922_130143_V2,ChecklistStrategy,TECHM,2024-09-25,2024-09-26,LONG,1637.1,1610.0,64,1,-1734.4,-1.66,STOP_LOSS
RUN_20260922_130143_V2,ChecklistStrategy,TECHM,2024-10-07,2024-10-11,LONG,1624.95,1603.0,63,4,-1382.85,-1.35,SIGNAL
RUN_20260922_130143_V2,ChecklistStrategy,TECHM,2024-10-24,2024-10-30,LONG,1735.05,1704.1,58,6,-1795.1,-1.78,STOP_LOSS
RUN_20260922_130143_V2,ChecklistStrategy,TECHM,2024-11-11,2024-11-25,LONG,1672.8,1760.0,29,14,2528.8,5.21,TARGET1_PARTIAL
RUN_20260922_130143_V2,ChecklistStrategy,TECHM,2024-11-11,2024-11-29,LONG,1672.8,1708.0,30,18,1056.0,2.1,SIGNAL_AFTER_PARTIAL
RUN_20260922_130143_V2,ChecklistStrategy,TECHM,2024-12-19,2024-12-23,LONG,1739.95,1690.9,58,4,-2844.9,-2.82,STOP_LOSS
RUN_20260922_130143_V2,ChecklistStrategy,TECHM,2024-12-24,2025-01-08,LONG,1717.6,1667.95,58,15,-2879.7,-2.89,STOP_LOSS
RUN_20260922_130143_V2,ChecklistStrategy,TECHM,2025-01-09,2025-01-14,LONG,1663.7,1669.9,58,5,359.6,0.37,SIGNAL
RUN_20260922_130143_V2,ChecklistStrategy,TECHM,2025-01-21,2025-01-22,LONG,1674.6,1642.7,58,1,-1850.2,-1.9,STOP_LOSS
RUN_20260922_130143_V2,ChecklistStrategy,TECHM,2025-03-05,2025-03-13,LONG,1488.25,1442.0,64,8,-2960.0,-3.11,STOP_LOSS
RUN_20260922_130143_V2,ChecklistStrategy,TECHM,2025-03-21,2025-03-25,LONG,1390.05,1474.0,32,4,2686.4,6.04,TARGET1_PARTIAL
RUN_20260922_130143_V2,ChecklistStrategy,TECHM,2025-03-21,2025-04-04,LONG,1390.05,1350.0,33,14,-1321.65,-2.88,STOP_LOSS_AFTER_PARTIAL
RUN_20260922_130143_V2,ChecklistStrategy,TECHM,2025-05-22,2025-06-03,LONG,1589.7,1555.9,58,12,-1960.4,-2.13,STOP_LOSS
RUN_20260922_130143_V2,ChecklistStrategy,TECHM,2025-07-03,2025-07-08,LONG,1684.9,1623.0,54,5,-3342.6,-3.67,STOP_LOSS
RUN_20260922_130143_V2,ChecklistStrategy,TECHM,2025-07-24,2025-07-25,LONG,1554.0,1490.1,57,1,-3642.3,-4.11,STOP_LOSS
RUN_20260922_130143_V2,ChecklistStrategy,TECHM,2025-07-30,2025-08-11,LONG,1451.3,1480.4,58,12,1687.8,2.01,SIGNAL
RUN_20260922_130143_V2,ChecklistStrategy,TECHM,2025-08-20,2025-09-12,LONG,1488.0,1529.0,57,23,2337.0,2.76,SIGNAL
RUN_20260922_130143_V2,ChecklistStrategy,TECHM,2025-09-22,2025-09-24,LONG,1499.0,1470.0,57,2,-1653.0,-1.93,SIGNAL
RUN_20260922_130143_V2,ChecklistStrategy,TECHM,2025-10-17,2025-10-21,LONG,1465.0,1450.0,59,4,-885.0,-1.02,SIGNAL
RUN_20260922_130143_V2,ChecklistStrategy,TECHM,2025-10-28,2025-10-29,LONG,1469.0,1453.0,58,1,-928.0,-1.09,SIGNAL
RUN_20260922_130143_V2,ChecklistStrategy,TECHM,2025-11-12,2025-11-17,LONG,1415.0,1440.0,60,5,1500.0,1.77,SIGNAL
RUN_20260922_130143_V2,ChecklistStrategy,TECHM,2026-01-08,2026-01-09,LONG,1625.0,1583.0,53,1,-2226.0,-2.58,STOP_LOSS
RUN_20260922_130143_V2,ChecklistStrategy,TECHM,2026-01-13,2026-01-15,LONG,1582.0,1588.5,53,2,344.5,0.41,SIGNAL
RUN_20260922_130143_V2,ChecklistStrategy,TECHM,2026-02-05,2026-02-13,LONG,1630.1,1482.6,51,8,-7522.5,-9.05,STOP_LOSS
RUN_20260922_130143_V2,ChecklistStrategy,TECHM,2026-02-18,2026-02-20,LONG,1524.6,1465.0,50,2,-2980.0,-3.91,STOP_LOSS
RUN_20260922_130143_V2,ChecklistStrategy,TECHM,2026-03-13,2026-03-25,LONG,1342.5,1422.4,27,12,2157.3,5.95,TARGET1_PARTIAL
RUN_20260922_130143_V2,ChecklistStrategy,TECHM,2026-03-13,2026-03-30,LONG,1342.5,1380.0,27,17,1012.5,2.79,SIGNAL_AFTER_PARTIAL
RUN_20260922_130143_V2,ChecklistStrategy,TECHM,2026-04-06,2026-04-20,LONG,1435.0,1510.9,26,14,1973.4,5.29,TARGET1_PARTIAL
RUN_20260922_130143_V2,ChecklistStrategy,TECHM,2026-04-06,2026-04-21,LONG,1435.0,1501.0,27,15,1782.0,4.6,SIGNAL_AFTER_PARTIAL
RUN_20260922_130143_V2,ChecklistStrategy,TECHM,2026-05-11,2026-05-13,LONG,1460.0,1392.9,55,2,-3690.5,-4.6,STOP_LOSS
RUN_20260922_130143_V2,ChecklistStrategy,TECHM,2026-05-25,2026-06-02,LONG,1429.4,1562.9,27,8,3604.5,9.34,TARGET1_PARTIAL
RUN_20260922_130143_V2,ChecklistStrategy,TECHM,2026-05-25,2026-06-03,LONG,1429.4,1549.1,27,9,3231.9,8.37,TARGET2
RUN_20260922_130143_V2,ChecklistStrategy,TECHM,2026-07-08,2026-07-09,LONG,1441.0,1426.0,58,1,-870.0,-1.04,SIGNAL
RUN_20260922_130143_V2,ChecklistStrategy,TECHM,2026-08-14,2026-08-19,LONG,1635.0,1601.5,50,5,-1675.0,-2.05,STOP_LOSS
RUN_20260922_130143_V2,ChecklistStrategy,TECHM,2026-08-31,2026-09-01,LONG,1640.0,1630.0,49,1,-490.0,-0.61,SIGNAL
RUN_20260922_130143_V2,ChecklistStrategy,TECHM,2026-09-02,2026-09-07,LONG,1630.0,1575.1,49,5,-2690.1,-3.37,STOP_LOSS
RUN_20260922_130143_V2,ChecklistStrategy,TECHM,2026-09-11,2026-09-16,LONG,1519.3,1578.2,51,5,3003.9,3.88,SIGNAL
RUN_20260922_130143_V2,ChecklistStrategy,TITAN,2024-01-25,2024-01-31,LONG,3770.4,3749.0,26,6,-556.4,-0.57,SIGNAL
RUN_20260922_130143_V2,ChecklistStrategy,TITAN,2024-02-28,2024-02-29,LONG,3655.0,3595.2,27,1,-1614.6,-1.64,SIGNAL
RUN_20260922_130143_V2,ChecklistStrategy,TITAN,2024-03-01,2024-03-05,LONG,3630.0,3748.0,26,4,3068.0,3.25,SIGNAL
RUN_20260922_130143_V2,ChecklistStrategy,TITAN,2024-03-13,2024-03-14,LONG,3759.0,3629.95,26,1,-3355.3,-3.43,STOP_LOSS
RUN_20260922_130143_V2,ChecklistStrategy,TITAN,2024-03-15,2024-03-18,LONG,3634.7,3619.0,26,3,-408.2,-0.43,SIGNAL
RUN_20260922_130143_V2,ChecklistStrategy,TITAN,2024-03-21,2024-03-28,LONG,3606.95,3760.0,13,7,1989.65,4.24,TARGET1_PARTIAL
RUN_20260922_130143_V2,ChecklistStrategy,TITAN,2024-03-21,2024-04-02,LONG,3606.95,3754.0,13,12,1911.65,4.08,SIGNAL_AFTER_PARTIAL
RUN_20260922_130143_V2,ChecklistStrategy,TITAN,2024-04-03,2024-04-15,LONG,3745.1,3607.0,26,12,-3590.6,-3.69,STOP_LOSS
RUN_20260922_130143_V2,ChecklistStrategy,TITAN,2024-04-18,2024-04-19,LONG,3645.9,3525.1,26,1,-3140.79,-3.31,STOP_LOSS
RUN_20260922_130143_V2,ChecklistStrategy,TITAN,2024-04-22,2024-04-25,LONG,3567.0,3595.0,26,3,728.0,0.78,SIGNAL
RUN_20260922_130143_V2,ChecklistStrategy,TITAN,2024-05-24,2024-05-30,LONG,3452.1,3365.0,27,6,-2351.7,-2.52,STOP_LOSS
RUN_20260922_130143_V2,ChecklistStrategy,TITAN,2024-06-05,2024-06-10,LONG,3266.0,3443.0,14,5,2478.0,5.42,TARGET1_PARTIAL
RUN_20260922_130143_V2,ChecklistStrategy,TITAN,2024-06-05,2024-06-11,LONG,3266.0,3418.2,14,6,2130.8,4.66,SIGNAL_AFTER_PARTIAL
RUN_20260922_130143_V2,ChecklistStrategy,TITAN,2024-07-31,2024-08-06,LONG,3479.05,3380.95,27,6,-2648.7,-2.82,STOP_LOSS
RUN_20260922_130143_V2,ChecklistStrategy,TITAN,2024-08-12,2024-08-21,LONG,3331.65,3474.9,14,9,2005.5,4.3,TARGET1_PARTIAL
RUN_20260922_130143_V2,ChecklistStrategy,TITAN,2024-08-12,2024-08-22,LONG,3331.65,3574.95,14,10,3406.2,7.3,TARGET2
RUN_20260922_130143_V2,ChecklistStrategy,TITAN,2024-09-27,2024-10-03,LONG,3774.0,3689.1,26,6,-2207.4,-2.25,SIGNAL
RUN_20260922_130143_V2,ChecklistStrategy,TITAN,2024-10-14,2024-10-18,LONG,3474.4,3395.0,27,4,-2143.8,-2.29,STOP_LOSS
RUN_20260922_130143_V2,ChecklistStrategy,TITAN,2024-10-29,2024-11-01,LONG,3285.8,3304.0,28,3,509.6,0.55,SIGNAL
RUN_20260922_130143_V2,ChecklistStrategy,TITAN,2024-11-25,2024-11-28,LONG,3360.0,3292.0,28,3,-1904.0,-2.02,STOP_LOSS
RUN_20260922_130143_V2,ChecklistStrategy,TITAN,2024-12-02,2024-12-06,LONG,3249.0,3453.95,14,4,2869.3,6.31,TARGET1_PARTIAL
RUN_20260922_130143_V2,ChecklistStrategy,TITAN,2024-12-02,2024-12-09,LONG,3249.0,3467.5,14,7,3059.0,6.73,TARGET2
RUN_20260922_130143_V2,ChecklistStrategy,TITAN,2024-12-24,2024-12-30,LONG,3385.35,3309.95,29,6,-2186.6,-2.23,STOP_LOSS
RUN_20260922_130143_V2,ChecklistStrategy,TITAN,2025-02-10,2025-02-11,LONG,3415.0,3334.7,28,1,-2248.4,-2.35,STOP_LOSS
RUN_20260922_130143_V2,ChecklistStrategy,TITAN,2025-03-06,2025-03-10,LONG,3091.2,3080.0,30,4,-336.0,-0.36,SIGNAL
RUN_20260922_130143_V2,ChecklistStrategy,TITAN,2025-03-28,2025-04-02,LONG,3094.0,3011.0,30,5,-2490.0,-2.68,STOP_LOSS
RUN_20260922_130143_V2,ChecklistStrategy,TITAN,2025-05-07,2025-05-12,LONG,3280.0,3537.2,13,5,3343.6,7.84,TARGET1_PARTIAL
RUN_20260922_130143_V2,ChecklistStrategy,TITAN,2025-05-07,2025-05-13,LONG,3280.0,3562.9,14,6,3960.6,8.63,TARGET2
RUN_20260922_130143_V2,ChecklistStrategy,TITAN,2025-06-12,2025-06-13,LONG,3548.0,3409.7,27,1,-3734.1,-3.9,STOP_LOSS
RUN_20260922_130143_V2,ChecklistStrategy,TITAN,2025-07-15,2025-07-24,LONG,3418.0,3467.4,27,9,1333.8,1.45,SIGNAL
RUN_20260922_130143_V2,ChecklistStrategy,TITAN,2025-07-25,2025-07-29,LONG,3476.4,3390.0,27,4,-2332.8,-2.49,STOP_LOSS
RUN_20260922_130143_V2,ChecklistStrategy,TITAN,2025-08-05,2025-08-12,LONG,3356.3,3467.9,28,7,3124.8,3.33,SIGNAL
RUN_20260922_130143_V2,ChecklistStrategy,TITAN,2025-09-17,2025-09-18,LONG,3561.9,3530.0,27,1,-861.3,-0.9,SIGNAL
RUN_20260922_130143_V2,ChecklistStrategy,TITAN,2025-11-06,2025-11-07,LONG,3780.0,3766.0,25,1,-350.0,-0.37,SIGNAL
RUN_20260922_130143_V2,ChecklistStrategy,TITAN,2025-12-08,2025-12-22,LONG,3796.3,3940.0,25,14,3592.5,3.79,SIGNAL
RUN_20260922_130143_V2,ChecklistStrategy,TITAN,2025-12-29,2026-01-05,LONG,4010.0,4051.7,24,7,1000.8,1.04,SIGNAL
RUN_20260922_130143_V2,ChecklistStrategy,TITAN,2026-01-22,2026-01-23,LONG,4099.0,4025.1,24,1,-1773.6,-1.8,SIGNAL
RUN_20260922_130143_V2,ChecklistStrategy,TITAN,2026-01-30,2026-02-05,LONG,3945.0,4152.3,12,6,2487.6,5.25,TARGET1_PARTIAL
RUN_20260922_130143_V2,ChecklistStrategy,TITAN,2026-01-30,2026-02-10,LONG,3945.0,4300.0,12,11,4260.0,9.0,TARGET2
RUN_20260922_130143_V2,ChecklistStrategy,TITAN,2026-04-13,2026-04-17,LONG,4391.1,4461.4,23,4,1616.9,1.6,SIGNAL
RUN_20260922_130143_V2,ChecklistStrategy,TITAN,2026-04-28,2026-05-08,LONG,4412.3,4314.0,24,10,-2359.2,-2.23,STOP_LOSS
RUN_20260922_130143_V2,ChecklistStrategy,TITAN,2026-05-15,2026-06-02,LONG,4155.0,4017.4,25,18,-3440.0,-3.31,STOP_LOSS
RUN_20260922_130143_V2,ChecklistStrategy,TITAN,2026-08-11,2026-08-13,LONG,5090.0,5069.5,19,2,-389.5,-0.4,SIGNAL
RUN_20260922_130143_V2,ChecklistStrategy,TITAN,2026-08-28,2026-09-02,LONG,5155.0,4972.0,19,5,-3477.0,-3.55,STOP_LOSS
RUN_20260922_130143_V2,ChecklistStrategy,TRENT,2024-02-23,2024-02-27,LONG,3950.0,3864.8,25,4,-2130.0,-2.16,STOP_LOSS
RUN_20260922_130143_V2,ChecklistStrategy,TRENT,2024-03-07,2024-03-15,LONG,3890.0,4051.05,12,8,1932.6,4.14,TARGET1_PARTIAL
RUN_20260922_130143_V2,ChecklistStrategy,TRENT,2024-03-07,2024-03-19,LONG,3890.0,4080.0,13,12,2470.0,4.88,SIGNAL_AFTER_PARTIAL
RUN_20260922_130143_V2,ChecklistStrategy,TRENT,2024-03-22,2024-03-27,LONG,4010.0,3882.5,25,5,-3187.5,-3.18,STOP_LOSS
RUN_20260922_130143_V2,ChecklistStrategy,TRENT,2024-04-04,2024-04-08,LONG,3950.0,3932.6,25,4,-435.0,-0.44,SIGNAL
RUN_20260922_130143_V2,ChecklistStrategy,TRENT,2024-05-03,2024-05-06,LONG,4680.2,4555.0,21,3,-2629.2,-2.68,STOP_LOSS
RUN_20260922_130143_V2,ChecklistStrategy,TRENT,2024-05-13,2024-05-22,LONG,4475.7,4680.3,10,9,2046.0,4.57,TARGET1_PARTIAL
RUN_20260922_130143_V2,ChecklistStrategy,TRENT,2024-05-13,2024-05-23,LONG,4475.7,4653.0,11,10,1950.3,3.96,SIGNAL_AFTER_PARTIAL
RUN_20260922_130143_V2,ChecklistStrategy,TRENT,2024-06-05,2024-06-06,LONG,4684.0,4910.05,10,1,2260.5,4.83,TARGET1_PARTIAL
RUN_20260922_130143_V2,ChecklistStrategy,TRENT,2024-06-05,2024-06-11,LONG,4684.0,5009.0,11,6,3575.0,6.94,TARGET2
RUN_20260922_130143_V2,ChecklistStrategy,TRENT,2024-10-03,2024-10-07,LONG,7569.5,7307.2,13,4,-3409.9,-3.47,STOP_LOSS
RUN_20260922_130143_V2,ChecklistStrategy,TRENT,2024-10-08,2024-10-09,LONG,7520.0,8089.0,6,1,3414.0,7.57,TARGET1_PARTIAL
RUN_20260922_130143_V2,ChecklistStrategy,TRENT,2024-10-08,2024-10-10,LONG,7520.0,8200.0,7,2,4760.0,9.04,TARGET2
RUN_20260922_130143_V2,ChecklistStrategy,TRENT,2024-10-21,2024-10-22,LONG,7820.0,7634.95,14,1,-2590.7,-2.37,STOP_LOSS
RUN_20260922_130143_V2,ChecklistStrategy,TRENT,2024-10-28,2024-10-31,LONG,7362.25,7259.0,14,3,-1445.5,-1.4,SIGNAL
RUN_20260922_130143_V2,ChecklistStrategy,TRENT,2024-12-02,2024-12-03,LONG,6777.05,6805.3,15,1,423.75,0.42,SIGNAL
RUN_20260922_130143_V2,ChecklistStrategy,TRENT,2024-12-19,2024-12-23,LONG,6995.0,6870.0,14,4,-1750.0,-1.79,STOP_LOSS
RUN_20260922_130143_V2,ChecklistStrategy,TRENT,2024-12-27,2024-12-30,LONG,7101.0,7139.3,14,3,536.2,0.54,SIGNAL
RUN_20260922_130143_V2,ChecklistStrategy,TRENT,2025-01-13,2025-01-14,LONG,6462.65,6237.4,15,1,-3378.75,-3.49,STOP_LOSS
RUN_20260922_130143_V2,ChecklistStrategy,TRENT,2025-02-10,2025-02-11,LONG,5460.0,5211.55,18,1,-4472.1,-4.55,STOP_LOSS
RUN_20260922_130143_V2,ChecklistStrategy,TRENT,2025-02-12,2025-02-17,LONG,5228.35,5110.0,18,5,-2130.3,-2.26,STOP_LOSS
RUN_20260922_130143_V2,ChecklistStrategy,TRENT,2025-03-12,2025-03-20,LONG,5010.6,5247.0,9,8,2127.6,4.72,TARGET1_PARTIAL
RUN_20260922_130143_V2,ChecklistStrategy,TRENT,2025-03-12,2025-03-27,LONG,5010.6,5359.0,9,15,3135.6,6.95,TARGET2
RUN_20260922_130143_V2,ChecklistStrategy,TRENT,2025-05-15,2025-05-16,LONG,5362.0,5594.0,9,1,2088.0,4.33,TARGET1_PARTIAL
RUN_20260922_130143_V2,ChecklistStrategy,TRENT,2025-05-15,2025-05-23,LONG,5362.0,5405.0,9,8,387.0,0.8,STOP_LOSS_AFTER_PARTIAL
RUN_20260922_130143_V2,ChecklistStrategy,TRENT,2025-07-11,2025-07-25,LONG,5419.0,5154.0,18,14,-4770.0,-4.89,STOP_LOSS
RUN_20260922_130143_V2,ChecklistStrategy,TRENT,2025-07-30,2025-08-05,LONG,5011.5,5245.0,9,6,2101.5,4.66,TARGET1_PARTIAL
RUN_20260922_130143_V2,ChecklistStrategy,TRENT,2025-07-30,2025-08-06,LONG,5011.5,5350.0,10,7,3385.0,6.75,TARGET2
RUN_20260922_130143_V2,ChecklistStrategy,TRENT,2025-09-30,2025-10-07,LONG,4744.5,4695.0,21,7,-1039.5,-1.04,SIGNAL
RUN_20260922_130143_V2,ChecklistStrategy,TRENT,2025-10-10,2025-10-24,LONG,4670.0,4796.0,21,14,2646.0,2.7,SIGNAL
RUN_20260922_130143_V2,ChecklistStrategy,TRENT,2025-11-12,2025-12-02,LONG,4330.0,4218.1,24,20,-2685.6,-2.58,STOP_LOSS
RUN_20260922_130143_V2,ChecklistStrategy,TRENT,2026-01-08,2026-01-09,LONG,2719.2,2653.33,37,1,-2437.07,-2.42,STOP_LOSS
RUN_20260922_130143_V2,ChecklistStrategy,TRENT,2026-01-20,2026-01-21,LONG,2642.0,2557.33,37,1,-3132.67,-3.2,STOP_LOSS
RUN_20260922_130143_V2,ChecklistStrategy,TRENT,2026-01-23,2026-01-27,LONG,2560.0,2517.73,37,4,-1563.86,-1.65,STOP_LOSS
RUN_20260922_130143_V2,ChecklistStrategy,TRENT,2026-01-28,2026-02-03,LONG,2538.67,2600.0,37,6,2269.33,2.42,STOP_LOSS
RUN_20260922_130143_V2,ChecklistStrategy,TRENT,2026-02-19,2026-02-20,LONG,2787.33,2709.87,34,1,-2633.86,-2.78,STOP_LOSS
RUN_20260922_130143_V2,ChecklistStrategy,TRENT,2026-03-02,2026-03-12,LONG,2503.67,2402.0,36,10,-3660.0,-4.06,STOP_LOSS
RUN_20260922_130143_V2,ChecklistStrategy,TRENT,2026-03-17,2026-03-19,LONG,2395.33,2400.0,37,2,172.67,0.19,SIGNAL
RUN_20260922_130143_V2,ChecklistStrategy,TRENT,2026-03-23,2026-03-24,LONG,2334.8,2300.07,38,1,-1319.87,-1.49,STOP_LOSS
RUN_20260922_130143_V2,ChecklistStrategy,TRENT,2026-04-29,2026-05-01,LONG,2848.67,2763.07,31,2,-2653.6,-3.0,STOP_LOSS
RUN_20260922_130143_V2,ChecklistStrategy,TRENT,2026-05-06,2026-05-13,LONG,2771.93,2692.33,31,7,-2467.6,-2.87,STOP_LOSS
RUN_20260922_130143_V2,ChecklistStrategy,TRENT,2026-05-28,2026-06-02,LONG,2832.4,2703.6,29,5,-3735.19,-4.55,STOP_LOSS
RUN_20260922_130143_V2,ChecklistStrategy,TRENT,2026-08-11,2026-08-18,LONG,3024.5,2946.1,26,7,-2038.4,-2.59,STOP_LOSS
RUN_20260922_130143_V2,ChecklistStrategy,TRENT,2026-08-31,2026-09-04,LONG,2895.9,2849.0,26,4,-1219.4,-1.62,STOP_LOSS
RUN_20260922_130143_V2,ChecklistStrategy,ULTRACEMCO,2024-02-05,2024-02-09,LONG,10050.0,10074.8,9,4,223.2,0.25,SIGNAL
RUN_20260922_130143_V2,ChecklistStrategy,ULTRACEMCO,2024-02-15,2024-02-22,LONG,9835.9,10000.0,10,7,1641.0,1.67,SIGNAL
RUN_20260922_130143_V2,ChecklistStrategy,ULTRACEMCO,2024-02-26,2024-02-28,LONG,9999.05,9960.0,10,2,-390.5,-0.39,SIGNAL
RUN_20260922_130143_V2,ChecklistStrategy,ULTRACEMCO,2024-03-11,2024-03-12,LONG,9694.05,9728.95,10,1,349.0,0.36,SIGNAL
RUN_20260922_130143_V2,ChecklistStrategy,ULTRACEMCO,2024-03-14,2024-03-18,LONG,9455.0,9625.0,10,4,1700.0,1.8,SIGNAL
RUN_20260922_130143_V2,ChecklistStrategy,ULTRACEMCO,2024-04-09,2024-04-10,LONG,9900.0,9810.0,10,1,-900.0,-0.91,SIGNAL
RUN_20260922_130143_V2,ChecklistStrategy,ULTRACEMCO,2024-04-12,2024-04-16,LONG,9789.95,9448.9,10,4,-3410.5,-3.48,STOP_LOSS
RUN_20260922_130143_V2,ChecklistStrategy,ULTRACEMCO,2024-05-13,2024-05-14,LONG,9515.95,9535.05,10,1,191.0,0.2,SIGNAL
RUN_20260922_130143_V2,ChecklistStrategy,ULTRACEMCO,2024-06-06,2024-06-10,LONG,9995.0,10495.0,4,4,2000.0,5.0,TARGET1_PARTIAL
RUN_20260922_130143_V2,ChecklistStrategy,ULTRACEMCO,2024-06-06,2024-06-11,LONG,9995.0,10903.95,5,5,4544.75,9.09,TARGET2
RUN_20260922_130143_V2,ChecklistStrategy,ULTRACEMCO,2024-06-25,2024-06-26,LONG,10801.95,10907.7,9,1,951.75,0.98,SIGNAL
RUN_20260922_130143_V2,ChecklistStrategy,ULTRACEMCO,2024-07-23,2024-07-31,LONG,11649.95,11818.95,9,8,1521.0,1.45,SIGNAL
RUN_20260922_130143_V2,ChecklistStrategy,ULTRACEMCO,2024-08-30,2024-09-06,LONG,11225.05,11500.0,9,7,2474.55,2.45,SIGNAL
RUN_20260922_130143_V2,ChecklistStrategy,ULTRACEMCO,2024-09-26,2024-09-30,LONG,11835.0,11924.0,9,4,801.0,0.75,SIGNAL
RUN_20260922_130143_V2,ChecklistStrategy,ULTRACEMCO,2024-10-03,2024-10-04,LONG,11627.1,11700.0,9,1,656.1,0.63,SIGNAL
RUN_20260922_130143_V2,ChecklistStrategy,ULTRACEMCO,2024-10-09,2024-10-11,LONG,11404.05,11390.75,9,2,-119.7,-0.12,SIGNAL
RUN_20260922_130143_V2,ChecklistStrategy,ULTRACEMCO,2024-10-21,2024-10-23,LONG,11050.0,10821.95,10,2,-2280.5,-2.06,STOP_LOSS
RUN_20260922_130143_V2,ChecklistStrategy,ULTRACEMCO,2024-10-25,2024-10-30,LONG,11063.7,11115.0,9,5,461.7,0.46,SIGNAL
RUN_20260922_130143_V2,ChecklistStrategy,ULTRACEMCO,2024-11-06,2024-11-12,LONG,11225.0,10970.5,9,6,-2290.5,-2.27,STOP_LOSS
RUN_20260922_130143_V2,ChecklistStrategy,ULTRACEMCO,2024-12-02,2024-12-04,LONG,11206.7,11866.2,4,2,2638.0,5.88,TARGET1_PARTIAL
RUN_20260922_130143_V2,ChecklistStrategy,ULTRACEMCO,2024-12-02,2024-12-06,LONG,11206.7,11939.0,5,4,3661.5,6.53,TARGET2
RUN_20260922_130143_V2,ChecklistStrategy,ULTRACEMCO,2024-12-16,2024-12-17,LONG,12050.0,11930.65,9,1,-1074.15,-0.99,SIGNAL
RUN_20260922_130143_V2,ChecklistStrategy,ULTRACEMCO,2025-01-08,2025-01-09,LONG,11618.55,11403.55,9,1,-1935.0,-1.85,SIGNAL
RUN_20260922_130143_V2,ChecklistStrategy,ULTRACEMCO,2025-01-24,2025-01-27,LONG,11251.0,11260.0,9,3,81.0,0.08,SIGNAL
RUN_20260922_130143_V2,ChecklistStrategy,ULTRACEMCO,2025-01-29,2025-01-31,LONG,11296.35,11488.65,9,2,1730.71,1.7,SIGNAL
RUN_20260922_130143_V2,ChecklistStrategy,ULTRACEMCO,2025-03-20,2025-03-25,LONG,10931.15,11240.0,10,5,3088.5,2.83,SIGNAL
RUN_20260922_130143_V2,ChecklistStrategy,ULTRACEMCO,2025-04-04,2025-04-07,LONG,11599.0,11200.0,9,3,-3591.0,-3.44,SIGNAL
RUN_20260922_130143_V2,ChecklistStrategy,ULTRACEMCO,2025-05-07,2025-05-12,LONG,11651.0,11590.0,9,5,-549.0,-0.52,STOP_LOSS
RUN_20260922_130143_V2,ChecklistStrategy,ULTRACEMCO,2025-05-16,2025-05-21,LONG,11950.0,11697.0,9,5,-2277.0,-2.12,STOP_LOSS
RUN_20260922_130143_V2,ChecklistStrategy,ULTRACEMCO,2025-05-30,2025-06-04,LONG,11265.0,11040.0,9,5,-2025.0,-2.0,STOP_LOSS
RUN_20260922_130143_V2,ChecklistStrategy,ULTRACEMCO,2025-06-05,2025-06-13,LONG,11038.0,11111.0,9,8,657.0,0.66,SIGNAL
RUN_20260922_130143_V2,ChecklistStrategy,ULTRACEMCO,2025-06-19,2025-06-25,LONG,11400.0,11635.0,9,6,2115.0,2.06,SIGNAL
RUN_20260922_130143_V2,ChecklistStrategy,ULTRACEMCO,2025-09-01,2025-09-05,LONG,12639.0,12680.0,8,4,328.0,0.32,SIGNAL
RUN_20260922_130143_V2,ChecklistStrategy,ULTRACEMCO,2025-09-09,2025-09-10,LONG,12699.0,12625.0,8,1,-592.0,-0.58,SIGNAL
RUN_20260922_130143_V2,ChecklistStrategy,ULTRACEMCO,2025-10-01,2025-10-06,LONG,12274.0,12019.0,8,5,-2040.0,-2.08,STOP_LOSS
RUN_20260922_130143_V2,ChecklistStrategy,ULTRACEMCO,2025-10-07,2025-10-21,LONG,12059.0,12371.0,8,14,2496.0,2.59,SIGNAL
RUN_20260922_130143_V2,ChecklistStrategy,ULTRACEMCO,2025-10-28,2025-11-03,LONG,12025.0,11927.0,9,6,-882.0,-0.81,SIGNAL
RUN_20260922_130143_V2,ChecklistStrategy,ULTRACEMCO,2025-11-12,2025-11-14,LONG,11861.0,11941.0,9,2,720.0,0.67,SIGNAL
RUN_20260922_130143_V2,ChecklistStrategy,ULTRACEMCO,2026-01-13,2026-01-14,LONG,12050.0,12074.0,8,1,192.0,0.2,SIGNAL
RUN_20260922_130143_V2,ChecklistStrategy,ULTRACEMCO,2026-01-19,2026-01-20,LONG,12350.0,12225.0,8,1,-1000.0,-1.01,SIGNAL
RUN_20260922_130143_V2,ChecklistStrategy,ULTRACEMCO,2026-01-22,2026-01-28,LONG,12293.0,12640.0,8,6,2776.0,2.82,SIGNAL
RUN_20260922_130143_V2,ChecklistStrategy,ULTRACEMCO,2026-03-06,2026-03-10,LONG,12160.0,11606.0,8,4,-4432.0,-4.56,STOP_LOSS
RUN_20260922_130143_V2,ChecklistStrategy,ULTRACEMCO,2026-03-11,2026-03-13,LONG,11650.0,11000.0,9,2,-5850.0,-5.58,STOP_LOSS
RUN_20260922_130143_V2,ChecklistStrategy,ULTRACEMCO,2026-03-23,2026-03-24,LONG,10877.0,10650.0,9,1,-2043.0,-2.09,STOP_LOSS
RUN_20260922_130143_V2,ChecklistStrategy,ULTRACEMCO,2026-03-25,2026-03-30,LONG,10801.0,10985.0,9,5,1656.0,1.7,SIGNAL
RUN_20260922_130143_V2,ChecklistStrategy,ULTRACEMCO,2026-04-06,2026-04-08,LONG,10611.0,11400.0,9,2,7101.0,7.44,SIGNAL
RUN_20260922_130143_V2,ChecklistStrategy,ULTRACEMCO,2026-04-20,2026-04-24,LONG,11970.0,12203.0,8,4,1864.0,1.95,SIGNAL
RUN_20260922_130143_V2,ChecklistStrategy,ULTRACEMCO,2026-05-28,2026-06-02,LONG,11689.0,11142.0,9,5,-4923.0,-4.68,STOP_LOSS
RUN_20260922_130143_V2,ChecklistStrategy,ULTRACEMCO,2026-06-19,2026-07-07,LONG,11311.0,11655.0,9,18,3096.0,3.04,SIGNAL
RUN_20260922_130143_V2,ChecklistStrategy,ULTRACEMCO,2026-07-10,2026-07-22,LONG,11584.0,12081.0,4,12,1988.0,4.29,TARGET1_PARTIAL
RUN_20260922_130143_V2,ChecklistStrategy,ULTRACEMCO,2026-07-10,2026-08-07,LONG,11584.0,12051.0,5,28,2335.0,4.03,SIGNAL_AFTER_PARTIAL
RUN_20260922_130143_V2,ChecklistStrategy,ULTRACEMCO,2026-08-13,2026-08-17,LONG,11875.0,11610.0,9,4,-2385.0,-2.23,STOP_LOSS
RUN_20260922_130143_V2,ChecklistStrategy,ULTRACEMCO,2026-08-18,2026-08-28,LONG,11626.0,11705.0,9,10,711.0,0.68,SIGNAL
RUN_20260922_130143_V2,ChecklistStrategy,ULTRACEMCO,2026-09-07,2026-09-09,LONG,11370.0,10975.0,9,2,-3555.0,-3.47,STOP_LOSS
RUN_20260922_130143_V2,ChecklistStrategy,ULTRACEMCO,2026-09-11,2026-09-16,LONG,10859.0,10777.0,9,5,-738.0,-0.76,SIGNAL
RUN_20260922_130143_V2,ChecklistStrategy,WIPRO,2024-01-25,2024-01-29,LONG,239.02,235.0,418,4,-1682.45,-1.68,SIGNAL
RUN_20260922_130143_V2,ChecklistStrategy,WIPRO,2024-02-01,2024-02-07,LONG,238.77,250.48,205,6,2398.5,4.9,TARGET1_PARTIAL
RUN_20260922_130143_V2,ChecklistStrategy,WIPRO,2024-02-01,2024-02-14,LONG,238.77,251.98,205,13,2706.0,5.53,TARGET2
RUN_20260922_130143_V2,ChecklistStrategy,WIPRO,2024-03-07,2024-03-18,LONG,256.88,259.0,402,11,854.25,0.83,SIGNAL
RUN_20260922_130143_V2,ChecklistStrategy,WIPRO,2024-03-26,2024-03-28,LONG,243.0,238.35,427,2,-1985.55,-1.91,STOP_LOSS
RUN_20260922_130143_V2,ChecklistStrategy,WIPRO,2024-04-22,2024-04-29,LONG,226.38,233.82,450,7,3352.5,3.29,SIGNAL
RUN_20260922_130143_V2,ChecklistStrategy,WIPRO,2024-05-29,2024-05-31,LONG,227.0,218.77,461,2,-3791.73,-3.63,STOP_LOSS
RUN_20260922_130143_V2,ChecklistStrategy,WIPRO,2024-09-04,2024-09-09,LONG,264.0,258.55,378,5,-2060.1,-2.06,SIGNAL
RUN_20260922_130143_V2,ChecklistStrategy,WIPRO,2024-09-23,2024-10-09,LONG,269.55,264.9,368,16,-1711.2,-1.73,STOP_LOSS
RUN_20260922_130143_V2,ChecklistStrategy,WIPRO,2024-11-21,2024-11-22,LONG,281.0,280.98,347,1,-8.67,-0.01,SIGNAL
RUN_20260922_130143_V2,ChecklistStrategy,WIPRO,2025-01-09,2025-01-17,LONG,297.0,287.8,327,8,-3008.4,-3.1,STOP_LOSS
RUN_20260922_130143_V2,ChecklistStrategy,WIPRO,2025-02-19,2025-02-25,LONG,311.25,294.35,302,6,-5103.8,-5.43,STOP_LOSS
RUN_20260922_130143_V2,ChecklistStrategy,WIPRO,2025-03-04,2025-03-13,LONG,279.0,268.55,314,9,-3281.3,-3.75,STOP_LOSS
RUN_20260922_130143_V2,ChecklistStrategy,WIPRO,2025-04-16,2025-04-21,LONG,244.0,237.4,352,5,-2323.2,-2.7,STOP_LOSS
RUN_20260922_130143_V2,ChecklistStrategy,WIPRO,2025-05-15,2025-05-23,LONG,253.2,246.1,330,8,-2343.0,-2.8,STOP_LOSS
RUN_20260922_130143_V2,ChecklistStrategy,WIPRO,2025-09-02,2025-09-04,LONG,250.36,249.5,324,2,-278.64,-0.34,SIGNAL
RUN_20260922_130143_V2,ChecklistStrategy,WIPRO,2025-10-21,2025-10-28,LONG,241.0,243.66,335,7,891.1,1.1,SIGNAL
RUN_20260922_130143_V2,ChecklistStrategy,WIPRO,2025-11-07,2025-11-12,LONG,238.7,242.75,340,5,1377.0,1.7,SIGNAL
RUN_20260922_130143_V2,ChecklistStrategy,WIPRO,2025-12-02,2025-12-05,LONG,250.0,258.2,331,3,2714.2,3.28,SIGNAL
RUN_20260922_130143_V2,ChecklistStrategy,WIPRO,2026-01-07,2026-01-09,LONG,265.0,261.35,322,2,-1175.3,-1.38,SIGNAL
RUN_20260922_130143_V2,ChecklistStrategy,WIPRO,2026-02-06,2026-02-13,LONG,232.93,210.65,361,7,-8043.08,-9.57,STOP_LOSS
RUN_20260922_130143_V2,ChecklistStrategy,WIPRO,2026-03-06,2026-03-12,LONG,195.6,201.06,390,6,2129.4,2.79,SIGNAL
RUN_20260922_130143_V2,ChecklistStrategy,WIPRO,2026-04-28,2026-04-29,LONG,204.56,201.58,382,1,-1138.36,-1.46,SIGNAL
RUN_20260922_130143_V2,ChecklistStrategy,WIPRO,2026-06-26,2026-07-01,LONG,175.0,171.0,441,5,-1764.0,-2.29,STOP_LOSS
RUN_20260922_130143_V2,ChecklistStrategy,WIPRO,2026-08-13,2026-08-19,LONG,183.49,179.06,410,6,-1816.3,-2.41,STOP_LOSS
