run_id,strategy,stock,entry_date,exit_date,direction,entry_price,exit_price,quantity,holding_days,pnl,return_pct,exit_reason
RUN_20260922_115213_V2,ChecklistStrategy,ADANIENT,2024-03-01,2024-03-07,LONG,3309.85,3240.0,22,6,-1536.7,-2.11,STOP_LOSS
RUN_20260922_115213_V2,ChecklistStrategy,ADANIENT,2024-03-15,2024-03-18,LONG,3111.0,3050.1,23,3,-1400.7,-1.96,SIGNAL
RUN_20260922_115213_V2,ChecklistStrategy,ADANIENT,2024-04-08,2024-04-16,LONG,3240.95,3101.0,22,8,-3078.9,-4.32,STOP_LOSS
RUN_20260922_115213_V2,ChecklistStrategy,ADANIENT,2024-05-09,2024-05-10,LONG,2864.8,2794.95,24,1,-1676.4,-2.44,STOP_LOSS
RUN_20260922_115213_V2,ChecklistStrategy,ADANIENT,2024-05-13,2024-05-16,LONG,2803.0,3065.0,24,3,6069.0,9.35,SIGNAL
RUN_20260922_115213_V2,ChecklistStrategy,ADANIENT,2024-05-30,2024-06-04,LONG,3254.0,3520.0,22,5,8107.0,8.17,SIGNAL
RUN_20260922_115213_V2,ChecklistStrategy,ADANIENT,2024-06-06,2024-06-26,LONG,3184.0,3169.05,25,20,-373.75,-0.47,SIGNAL
RUN_20260922_115213_V2,ChecklistStrategy,ADANIENT,2024-07-24,2024-08-02,LONG,2995.35,3200.0,26,9,4553.9,6.83,SIGNAL
RUN_20260922_115213_V2,ChecklistStrategy,ADANIENT,2024-08-22,2024-08-28,LONG,3130.75,3078.0,26,6,-1371.5,-1.68,SIGNAL
RUN_20260922_115213_V2,ChecklistStrategy,ADANIENT,2024-09-05,2024-09-10,LONG,3025.0,2971.6,27,5,-1441.8,-1.77,SIGNAL
RUN_20260922_115213_V2,ChecklistStrategy,ADANIENT,2024-09-27,2024-09-30,LONG,3122.0,3129.0,25,3,175.0,0.22,SIGNAL
RUN_20260922_115213_V2,ChecklistStrategy,ADANIENT,2024-10-29,2024-11-01,LONG,2803.0,2960.0,28,3,4506.6,5.6,SIGNAL
RUN_20260922_115213_V2,ChecklistStrategy,ADANIENT,2024-11-18,2024-11-19,LONG,2826.8,2831.0,29,1,121.8,0.15,SIGNAL
RUN_20260922_115213_V2,ChecklistStrategy,ADANIENT,2024-12-26,2025-01-01,LONG,2378.05,2536.0,35,6,6191.25,6.64,SIGNAL
RUN_20260922_115213_V2,ChecklistStrategy,ADANIENT,2025-01-08,2025-01-13,LONG,2520.55,2365.0,35,5,-5444.25,-6.17,STOP_LOSS
RUN_20260922_115213_V2,ChecklistStrategy,ADANIENT,2025-01-21,2025-01-22,LONG,2441.75,2399.0,34,1,-1453.5,-1.75,SIGNAL
RUN_20260922_115213_V2,ChecklistStrategy,ADANIENT,2025-01-29,2025-01-31,LONG,2297.0,2238.85,36,2,-2093.4,-2.53,STOP_LOSS
RUN_20260922_115213_V2,ChecklistStrategy,ADANIENT,2025-02-10,2025-02-11,LONG,2350.0,2312.0,34,1,-1292.0,-1.62,SIGNAL
RUN_20260922_115213_V2,ChecklistStrategy,ADANIENT,2025-02-18,2025-02-20,LONG,2240.0,2180.8,36,2,-2131.2,-2.64,STOP_LOSS
RUN_20260922_115213_V2,ChecklistStrategy,ADANIENT,2025-02-27,2025-03-03,LONG,2143.75,2109.0,37,4,-1285.75,-1.62,SIGNAL
RUN_20260922_115213_V2,ChecklistStrategy,ADANIENT,2025-03-04,2025-03-07,LONG,2085.1,2249.95,36,3,6115.5,7.91,SIGNAL
RUN_20260922_115213_V2,ChecklistStrategy,ADANIENT,2025-03-12,2025-03-17,LONG,2270.0,2200.0,36,5,-2520.0,-3.08,STOP_LOSS
RUN_20260922_115213_V2,ChecklistStrategy,ADANIENT,2025-03-18,2025-03-21,LONG,2252.7,2343.8,35,3,3188.5,4.04,SIGNAL
RUN_20260922_115213_V2,ChecklistStrategy,ADANIENT,2025-03-28,2025-04-01,LONG,2376.0,2312.0,35,4,-2240.0,-2.69,STOP_LOSS
RUN_20260922_115213_V2,ChecklistStrategy,ADANIENT,2025-05-30,2025-06-04,LONG,2550.0,2480.0,32,5,-2240.0,-2.75,STOP_LOSS
RUN_20260922_115213_V2,ChecklistStrategy,ADANIENT,2025-06-05,2025-06-12,LONG,2495.0,2591.5,32,7,3704.0,3.87,SIGNAL
RUN_20260922_115213_V2,ChecklistStrategy,ADANIENT,2025-06-23,2025-06-25,LONG,2438.0,2519.9,33,2,2702.7,3.36,SIGNAL
RUN_20260922_115213_V2,ChecklistStrategy,ADANIENT,2025-07-09,2025-07-29,LONG,2599.0,2529.0,32,20,-2240.0,-2.69,STOP_LOSS
RUN_20260922_115213_V2,ChecklistStrategy,ADANIENT,2025-07-30,2025-07-31,LONG,2547.9,2509.9,32,1,-1216.0,-1.49,SIGNAL
RUN_20260922_115213_V2,ChecklistStrategy,ADANIENT,2025-08-05,2025-08-06,LONG,2370.0,2333.9,34,1,-1227.4,-1.52,SIGNAL
RUN_20260922_115213_V2,ChecklistStrategy,ADANIENT,2025-10-10,2025-10-28,LONG,2552.0,2495.0,31,18,-1767.0,-2.23,STOP_LOSS
RUN_20260922_115213_V2,ChecklistStrategy,ADANIENT,2025-11-10,2025-11-18,LONG,2308.25,2462.0,33,8,4492.27,6.66,SIGNAL
RUN_20260922_115213_V2,ChecklistStrategy,ADANIENT,2025-12-01,2025-12-03,LONG,2300.0,2240.0,36,2,-2160.0,-2.61,STOP_LOSS
RUN_20260922_115213_V2,ChecklistStrategy,ADANIENT,2025-12-10,2025-12-16,LONG,2255.8,2270.0,36,6,511.2,0.63,SIGNAL
RUN_20260922_115213_V2,ChecklistStrategy,ADANIENT,2026-01-08,2026-01-09,LONG,2275.0,2214.1,35,1,-2131.5,-2.68,STOP_LOSS
RUN_20260922_115213_V2,ChecklistStrategy,ADANIENT,2026-01-13,2026-01-20,LONG,2187.8,2134.0,36,7,-1936.8,-2.46,STOP_LOSS
RUN_20260922_115213_V2,ChecklistStrategy,ADANIENT,2026-01-28,2026-02-05,LONG,1985.0,2232.0,39,8,9405.0,12.44,SIGNAL
RUN_20260922_115213_V2,ChecklistStrategy,ADANIENT,2026-02-12,2026-02-16,LONG,2229.0,2124.2,38,4,-3982.4,-4.7,STOP_LOSS
RUN_20260922_115213_V2,ChecklistStrategy,ADANIENT,2026-02-23,2026-02-27,LONG,2180.0,2210.0,38,4,1140.0,1.38,SIGNAL
RUN_20260922_115213_V2,ChecklistStrategy,ADANIENT,2026-03-06,2026-03-10,LONG,2079.1,2030.0,39,4,-1914.9,-2.36,STOP_LOSS
RUN_20260922_115213_V2,ChecklistStrategy,ADANIENT,2026-03-18,2026-03-20,LONG,1988.9,1951.0,41,2,-1553.9,-1.91,SIGNAL
RUN_20260922_115213_V2,ChecklistStrategy,ADANIENT,2026-03-27,2026-03-30,LONG,1880.0,1810.0,42,3,-2940.0,-3.72,STOP_LOSS
RUN_20260922_115213_V2,ChecklistStrategy,ADANIENT,2026-05-14,2026-05-18,LONG,2530.1,2700.0,31,4,6483.4,6.72,SIGNAL
RUN_20260922_115213_V2,ChecklistStrategy,ADANIENT,2026-06-25,2026-06-30,LONG,3086.0,2980.0,27,5,-2862.0,-3.43,STOP_LOSS
RUN_20260922_115213_V2,ChecklistStrategy,ADANIENT,2026-07-10,2026-07-16,LONG,3105.0,3167.6,26,6,1627.6,2.02,SIGNAL
RUN_20260922_115213_V2,ChecklistStrategy,ADANIENT,2026-07-20,2026-07-24,LONG,3162.7,3010.0,25,4,-3817.5,-4.83,STOP_LOSS
RUN_20260922_115213_V2,ChecklistStrategy,ADANIENT,2026-07-27,2026-08-03,LONG,3045.1,3025.0,26,7,-522.6,-0.66,SIGNAL
RUN_20260922_115213_V2,ChecklistStrategy,ADANIENT,2026-08-26,2026-08-31,LONG,3122.8,3165.0,25,5,1055.0,1.35,SIGNAL
RUN_20260922_115213_V2,ChecklistStrategy,ADANIENT,2026-09-07,2026-09-14,LONG,2940.0,3060.0,27,7,3948.5,4.08,SIGNAL
RUN_20260922_115213_V2,ChecklistStrategy,ADANIPORTS,2024-03-15,2024-03-20,LONG,1273.8,1248.0,59,5,-1522.2,-2.03,STOP_LOSS
RUN_20260922_115213_V2,ChecklistStrategy,ADANIPORTS,2024-04-10,2024-04-16,LONG,1359.0,1302.0,54,6,-3078.0,-4.19,STOP_LOSS
RUN_20260922_115213_V2,ChecklistStrategy,ADANIPORTS,2024-04-26,2024-05-06,LONG,1340.0,1322.5,53,10,-927.5,-1.31,SIGNAL
RUN_20260922_115213_V2,ChecklistStrategy,ADANIPORTS,2024-05-13,2024-05-17,LONG,1267.0,1330.0,55,4,3676.95,4.97,SIGNAL
RUN_20260922_115213_V2,ChecklistStrategy,ADANIPORTS,2024-06-06,2024-06-07,LONG,1384.0,1357.7,54,1,-1420.2,-1.9,SIGNAL
RUN_20260922_115213_V2,ChecklistStrategy,ADANIPORTS,2024-06-10,2024-06-20,LONG,1404.0,1459.3,52,10,2875.6,3.94,SIGNAL
RUN_20260922_115213_V2,ChecklistStrategy,ADANIPORTS,2024-07-11,2024-07-31,LONG,1495.0,1557.0,50,20,3100.0,4.15,SIGNAL
RUN_20260922_115213_V2,ChecklistStrategy,ADANIPORTS,2024-08-22,2024-08-23,LONG,1507.0,1493.0,51,1,-714.0,-0.93,SIGNAL
RUN_20260922_115213_V2,ChecklistStrategy,ADANIPORTS,2024-08-30,2024-09-04,LONG,1480.95,1472.0,51,5,-456.45,-0.6,SIGNAL
RUN_20260922_115213_V2,ChecklistStrategy,ADANIPORTS,2024-09-10,2024-09-20,LONG,1439.0,1418.95,52,10,-1042.6,-1.39,SIGNAL
RUN_20260922_115213_V2,ChecklistStrategy,ADANIPORTS,2024-10-03,2024-10-07,LONG,1452.75,1410.0,51,4,-2180.25,-2.94,STOP_LOSS
RUN_20260922_115213_V2,ChecklistStrategy,ADANIPORTS,2024-10-09,2024-10-18,LONG,1424.75,1389.0,51,9,-1823.25,-2.51,STOP_LOSS
RUN_20260922_115213_V2,ChecklistStrategy,ADANIPORTS,2024-10-25,2024-10-28,LONG,1360.0,1326.85,53,3,-1756.95,-2.44,STOP_LOSS
RUN_20260922_115213_V2,ChecklistStrategy,ADANIPORTS,2024-10-29,2024-10-30,LONG,1364.7,1379.95,52,1,793.0,1.12,SIGNAL
RUN_20260922_115213_V2,ChecklistStrategy,ADANIPORTS,2024-11-04,2024-11-05,LONG,1394.2,1350.0,51,1,-2254.2,-3.17,STOP_LOSS
RUN_20260922_115213_V2,ChecklistStrategy,ADANIPORTS,2024-11-22,2024-11-26,LONG,1072.6,1172.05,62,4,6567.35,9.27,SIGNAL
RUN_20260922_115213_V2,ChecklistStrategy,ADANIPORTS,2024-11-28,2024-11-29,LONG,1196.65,1175.0,61,1,-1320.65,-1.81,SIGNAL
RUN_20260922_115213_V2,ChecklistStrategy,ADANIPORTS,2024-12-02,2024-12-06,LONG,1201.9,1279.0,61,4,5363.1,6.41,SIGNAL
RUN_20260922_115213_V2,ChecklistStrategy,ADANIPORTS,2024-12-13,2024-12-17,LONG,1241.95,1235.1,62,4,-424.7,-0.55,SIGNAL
RUN_20260922_115213_V2,ChecklistStrategy,ADANIPORTS,2024-12-24,2025-01-03,LONG,1198.0,1234.5,64,10,2336.0,3.05,SIGNAL
RUN_20260922_115213_V2,ChecklistStrategy,ADANIPORTS,2025-01-08,2025-01-09,LONG,1183.55,1156.7,67,1,-1798.96,-2.27,STOP_LOSS
RUN_20260922_115213_V2,ChecklistStrategy,ADANIPORTS,2025-01-24,2025-01-28,LONG,1104.15,1087.0,70,4,-1200.5,-1.55,SIGNAL
RUN_20260922_115213_V2,ChecklistStrategy,ADANIPORTS,2025-02-01,2025-02-03,LONG,1105.9,1084.0,69,2,-1511.1,-1.98,SIGNAL
RUN_20260922_115213_V2,ChecklistStrategy,ADANIPORTS,2025-02-13,2025-02-17,LONG,1133.8,1058.95,66,4,-4940.11,-6.6,STOP_LOSS
RUN_20260922_115213_V2,ChecklistStrategy,ADANIPORTS,2025-02-19,2025-02-24,LONG,1061.6,1083.25,65,5,2317.65,2.04,SIGNAL
RUN_20260922_115213_V2,ChecklistStrategy,ADANIPORTS,2025-02-27,2025-03-04,LONG,1083.0,1047.95,67,5,-2348.35,-3.24,STOP_LOSS
RUN_20260922_115213_V2,ChecklistStrategy,ADANIPORTS,2025-03-18,2025-03-21,LONG,1137.15,1182.0,62,3,2780.7,3.94,SIGNAL
RUN_20260922_115213_V2,ChecklistStrategy,ADANIPORTS,2025-04-11,2025-04-17,LONG,1163.0,1232.9,64,6,3740.8,6.01,SIGNAL
RUN_20260922_115213_V2,ChecklistStrategy,ADANIPORTS,2025-04-24,2025-04-28,LONG,1238.0,1188.1,61,4,-3043.9,-4.03,STOP_LOSS
RUN_20260922_115213_V2,ChecklistStrategy,ADANIPORTS,2025-06-03,2025-06-04,LONG,1470.0,1432.3,50,1,-1885.0,-2.56,STOP_LOSS
RUN_20260922_115213_V2,ChecklistStrategy,ADANIPORTS,2025-06-23,2025-06-25,LONG,1341.0,1399.7,53,2,3111.1,4.38,SIGNAL
RUN_20260922_115213_V2,ChecklistStrategy,ADANIPORTS,2025-07-08,2025-07-23,LONG,1438.0,1430.0,52,15,-416.0,-0.56,SIGNAL
RUN_20260922_115213_V2,ChecklistStrategy,ADANIPORTS,2025-07-30,2025-08-04,LONG,1398.8,1349.8,53,5,-2597.0,-3.5,STOP_LOSS
RUN_20260922_115213_V2,ChecklistStrategy,ADANIPORTS,2025-08-08,2025-08-18,LONG,1345.4,1321.9,53,10,-1245.5,-1.75,SIGNAL
RUN_20260922_115213_V2,ChecklistStrategy,ADANIPORTS,2025-08-19,2025-08-22,LONG,1332.0,1364.0,53,3,1696.0,2.4,SIGNAL
RUN_20260922_115213_V2,ChecklistStrategy,ADANIPORTS,2025-09-23,2025-09-26,LONG,1453.0,1407.2,50,3,-2290.0,-3.15,STOP_LOSS
RUN_20260922_115213_V2,ChecklistStrategy,ADANIPORTS,2025-11-25,2025-12-09,LONG,1490.0,1476.9,47,14,-615.7,-0.88,SIGNAL
RUN_20260922_115213_V2,ChecklistStrategy,ADANIPORTS,2025-12-12,2025-12-24,LONG,1512.0,1503.0,46,12,-414.0,-0.6,SIGNAL
RUN_20260922_115213_V2,ChecklistStrategy,ADANIPORTS,2026-01-13,2026-01-19,LONG,1443.5,1421.0,48,6,-1080.0,-1.56,SIGNAL
RUN_20260922_115213_V2,ChecklistStrategy,ADANIPORTS,2026-01-22,2026-01-27,LONG,1400.0,1334.3,50,5,-3285.0,-4.69,STOP_LOSS
RUN_20260922_115213_V2,ChecklistStrategy,ADANIPORTS,2026-01-28,2026-02-05,LONG,1373.9,1568.0,48,8,8402.4,14.13,SIGNAL
RUN_20260922_115213_V2,ChecklistStrategy,ADANIPORTS,2026-02-24,2026-03-02,LONG,1553.7,1462.0,46,6,-4218.2,-5.9,STOP_LOSS
RUN_20260922_115213_V2,ChecklistStrategy,ADANIPORTS,2026-03-25,2026-04-01,LONG,1359.7,1351.2,51,7,-433.5,-0.63,SIGNAL
RUN_20260922_115213_V2,ChecklistStrategy,ADANIPORTS,2026-05-14,2026-05-19,LONG,1761.0,1790.8,39,5,1162.2,1.69,SIGNAL
RUN_20260922_115213_V2,ChecklistStrategy,ADANIPORTS,2026-06-15,2026-06-18,LONG,1839.0,1833.0,38,3,-228.0,-0.33,SIGNAL
RUN_20260922_115213_V2,ChecklistStrategy,ADANIPORTS,2026-06-23,2026-06-24,LONG,1832.6,1786.0,38,1,-1770.8,-2.54,STOP_LOSS
RUN_20260922_115213_V2,ChecklistStrategy,ADANIPORTS,2026-06-25,2026-06-26,LONG,1813.3,1796.0,37,1,-640.1,-0.95,SIGNAL
RUN_20260922_115213_V2,ChecklistStrategy,ADANIPORTS,2026-07-20,2026-07-24,LONG,1836.1,1764.9,37,4,-2634.4,-3.88,STOP_LOSS
RUN_20260922_115213_V2,ChecklistStrategy,ADANIPORTS,2026-07-29,2026-07-30,LONG,1785.0,1726.7,37,1,-2157.1,-3.27,STOP_LOSS
RUN_20260922_115213_V2,ChecklistStrategy,ADANIPORTS,2026-08-03,2026-08-06,LONG,1713.4,1704.0,38,3,-357.2,-0.55,SIGNAL
RUN_20260922_115213_V2,ChecklistStrategy,ADANIPORTS,2026-08-17,2026-08-18,LONG,1700.0,1691.6,37,1,-310.8,-0.49,SIGNAL
RUN_20260922_115213_V2,ChecklistStrategy,ADANIPORTS,2026-08-20,2026-08-24,LONG,1690.0,1700.0,38,4,380.0,0.59,SIGNAL
RUN_20260922_115213_V2,ChecklistStrategy,ADANIPORTS,2026-09-02,2026-09-08,LONG,1637.1,1694.0,39,6,2331.2,3.48,SIGNAL
RUN_20260922_115213_V2,ChecklistStrategy,ADANIPORTS,2026-09-17,2026-09-22,LONG,1731.0,1796.0,38,5,2426.3,3.76,SIGNAL
RUN_20260922_115213_V2,ChecklistStrategy,APOLLOHOSP,2024-02-01,2024-02-14,LONG,6289.65,6718.8,11,13,4198.9,6.82,SIGNAL
RUN_20260922_115213_V2,ChecklistStrategy,APOLLOHOSP,2024-02-23,2024-02-26,LONG,6779.0,6769.95,11,3,-99.55,-0.13,SIGNAL
RUN_20260922_115213_V2,ChecklistStrategy,APOLLOHOSP,2024-03-04,2024-03-11,LONG,6145.0,6048.8,12,7,-1154.4,-1.57,SIGNAL
RUN_20260922_115213_V2,ChecklistStrategy,APOLLOHOSP,2024-03-15,2024-04-02,LONG,6015.0,6469.5,12,18,5025.0,7.56,SIGNAL
RUN_20260922_115213_V2,ChecklistStrategy,APOLLOHOSP,2024-04-18,2024-04-19,LONG,6306.1,6140.0,12,1,-1993.2,-2.63,STOP_LOSS
RUN_20260922_115213_V2,ChecklistStrategy,APOLLOHOSP,2024-04-22,2024-04-30,LONG,6154.5,6000.0,12,8,-1854.0,-2.51,STOP_LOSS
RUN_20260922_115213_V2,ChecklistStrategy,APOLLOHOSP,2024-05-13,2024-05-27,LONG,5820.0,5950.0,13,14,1690.0,2.23,SIGNAL
RUN_20260922_115213_V2,ChecklistStrategy,APOLLOHOSP,2024-06-06,2024-06-14,LONG,5970.0,6210.0,13,8,3120.0,4.02,SIGNAL
RUN_20260922_115213_V2,ChecklistStrategy,APOLLOHOSP,2024-07-16,2024-08-09,LONG,6437.25,6582.25,12,24,2484.9,2.25,SIGNAL
RUN_20260922_115213_V2,ChecklistStrategy,APOLLOHOSP,2024-08-12,2024-08-16,LONG,6550.0,6556.2,12,4,74.4,0.09,SIGNAL
RUN_20260922_115213_V2,ChecklistStrategy,APOLLOHOSP,2024-08-27,2024-09-09,LONG,6780.0,6906.8,12,13,1521.6,1.87,SIGNAL
RUN_20260922_115213_V2,ChecklistStrategy,APOLLOHOSP,2024-10-14,2024-10-16,LONG,6976.85,7085.1,12,2,1299.0,1.55,SIGNAL
RUN_20260922_115213_V2,ChecklistStrategy,APOLLOHOSP,2024-10-30,2024-11-05,LONG,6980.6,6920.0,12,6,-727.2,-0.87,SIGNAL
RUN_20260922_115213_V2,ChecklistStrategy,APOLLOHOSP,2024-11-06,2024-11-11,LONG,7020.0,7400.0,12,5,4500.3,5.41,SIGNAL
RUN_20260922_115213_V2,ChecklistStrategy,APOLLOHOSP,2024-11-18,2024-11-21,LONG,6874.45,6623.55,12,3,-3010.8,-3.65,STOP_LOSS
RUN_20260922_115213_V2,ChecklistStrategy,APOLLOHOSP,2024-12-17,2024-12-18,LONG,7227.0,7233.25,11,1,68.75,0.09,SIGNAL
RUN_20260922_115213_V2,ChecklistStrategy,APOLLOHOSP,2024-12-31,2025-01-09,LONG,7305.6,7140.0,11,9,-1821.6,-2.27,STOP_LOSS
RUN_20260922_115213_V2,ChecklistStrategy,APOLLOHOSP,2025-01-10,2025-01-14,LONG,7090.0,6854.6,11,4,-2589.4,-3.32,STOP_LOSS
RUN_20260922_115213_V2,ChecklistStrategy,APOLLOHOSP,2025-01-17,2025-01-23,LONG,6819.95,6892.25,12,6,867.6,1.06,SIGNAL
RUN_20260922_115213_V2,ChecklistStrategy,APOLLOHOSP,2025-02-13,2025-02-14,LONG,6372.25,6377.25,13,1,65.0,0.08,SIGNAL
RUN_20260922_115213_V2,ChecklistStrategy,APOLLOHOSP,2025-03-04,2025-03-10,LONG,6133.0,6206.4,13,6,954.2,1.2,SIGNAL
RUN_20260922_115213_V2,ChecklistStrategy,APOLLOHOSP,2025-03-12,2025-03-21,LONG,6134.1,6494.0,13,9,4504.7,5.87,SIGNAL
RUN_20260922_115213_V2,ChecklistStrategy,APOLLOHOSP,2025-04-01,2025-04-04,LONG,6599.0,6672.0,13,3,949.0,1.11,SIGNAL
RUN_20260922_115213_V2,ChecklistStrategy,APOLLOHOSP,2025-04-17,2025-04-28,LONG,7038.0,6954.5,12,11,-1002.0,-1.19,SIGNAL
RUN_20260922_115213_V2,ChecklistStrategy,APOLLOHOSP,2025-05-22,2025-06-03,LONG,6984.0,6950.0,12,12,-408.0,-0.49,SIGNAL
RUN_20260922_115213_V2,ChecklistStrategy,APOLLOHOSP,2025-06-05,2025-07-02,LONG,6868.5,7470.0,12,27,6417.0,8.76,SIGNAL
RUN_20260922_115213_V2,ChecklistStrategy,APOLLOHOSP,2025-07-15,2025-07-29,LONG,7260.5,7356.5,12,14,1152.0,1.32,SIGNAL
RUN_20260922_115213_V2,ChecklistStrategy,APOLLOHOSP,2025-07-30,2025-08-04,LONG,7460.0,7387.0,12,5,-876.0,-0.98,SIGNAL
RUN_20260922_115213_V2,ChecklistStrategy,APOLLOHOSP,2025-08-08,2025-08-13,LONG,7170.0,7403.0,12,5,2796.0,3.25,SIGNAL
RUN_20260922_115213_V2,ChecklistStrategy,APOLLOHOSP,2025-08-28,2025-08-29,LONG,7755.0,7670.0,12,1,-1020.0,-1.1,SIGNAL
RUN_20260922_115213_V2,ChecklistStrategy,APOLLOHOSP,2025-09-02,2025-09-08,LONG,7631.5,7834.5,12,6,2436.0,2.66,SIGNAL
RUN_20260922_115213_V2,ChecklistStrategy,APOLLOHOSP,2025-10-03,2025-10-20,LONG,7441.0,7950.0,12,17,5208.0,6.84,SIGNAL
RUN_20260922_115213_V2,ChecklistStrategy,APOLLOHOSP,2025-12-16,2025-12-17,LONG,7110.0,7109.0,13,1,-13.0,-0.01,SIGNAL
RUN_20260922_115213_V2,ChecklistStrategy,APOLLOHOSP,2026-01-07,2026-01-09,LONG,7349.0,7348.0,13,2,-13.0,-0.01,SIGNAL
RUN_20260922_115213_V2,ChecklistStrategy,APOLLOHOSP,2026-01-14,2026-01-15,LONG,7258.0,7272.5,13,1,188.5,0.2,SIGNAL
RUN_20260922_115213_V2,ChecklistStrategy,APOLLOHOSP,2026-01-27,2026-02-03,LONG,6802.0,7070.0,14,7,3752.0,3.94,SIGNAL
RUN_20260922_115213_V2,ChecklistStrategy,APOLLOHOSP,2026-03-02,2026-03-18,LONG,7621.0,7511.5,12,16,-1314.0,-1.44,SIGNAL
RUN_20260922_115213_V2,ChecklistStrategy,APOLLOHOSP,2026-04-07,2026-04-08,LONG,7370.5,7385.0,13,1,188.5,0.2,SIGNAL
RUN_20260922_115213_V2,ChecklistStrategy,APOLLOHOSP,2026-04-20,2026-05-14,LONG,7705.0,8011.0,13,24,4188.0,3.97,SIGNAL
RUN_20260922_115213_V2,ChecklistStrategy,APOLLOHOSP,2026-05-21,2026-06-01,LONG,8198.5,8221.5,12,11,276.0,0.28,SIGNAL
RUN_20260922_115213_V2,ChecklistStrategy,APOLLOHOSP,2026-07-15,2026-07-22,LONG,8948.5,8926.0,11,7,-247.5,-0.25,SIGNAL
RUN_20260922_115213_V2,ChecklistStrategy,APOLLOHOSP,2026-07-28,2026-08-06,LONG,8844.5,8947.0,11,9,1127.5,1.16,SIGNAL
RUN_20260922_115213_V2,ChecklistStrategy,APOLLOHOSP,2026-08-07,2026-08-10,LONG,9000.0,8945.0,11,3,-605.0,-0.61,SIGNAL
RUN_20260922_115213_V2,ChecklistStrategy,ASIANPAINT,2024-02-12,2024-02-26,LONG,2951.65,2920.0,25,14,-791.25,-1.07,SIGNAL
RUN_20260922_115213_V2,ChecklistStrategy,ASIANPAINT,2024-03-07,2024-04-19,LONG,2825.0,2790.0,26,43,-910.0,-1.24,SIGNAL
RUN_20260922_115213_V2,ChecklistStrategy,ASIANPAINT,2024-04-30,2024-05-09,LONG,2855.0,2828.0,25,9,1185.6,-0.95,SIGNAL
RUN_20260922_115213_V2,ChecklistStrategy,ASIANPAINT,2024-06-05,2024-06-07,LONG,2864.5,2904.8,26,2,1047.8,1.41,SIGNAL
RUN_20260922_115213_V2,ChecklistStrategy,ASIANPAINT,2024-06-10,2024-06-26,LONG,2928.0,2860.2,25,16,-1695.0,-2.32,STOP_LOSS
RUN_20260922_115213_V2,ChecklistStrategy,ASIANPAINT,2024-07-11,2024-07-19,LONG,2999.0,2925.0,24,8,-1776.0,-2.47,STOP_LOSS
RUN_20260922_115213_V2,ChecklistStrategy,ASIANPAINT,2024-08-12,2024-08-26,LONG,3020.0,3155.0,23,14,3237.0,4.47,SIGNAL
RUN_20260922_115213_V2,ChecklistStrategy,ASIANPAINT,2024-09-09,2024-09-13,LONG,3273.7,3355.55,22,4,1800.7,2.5,SIGNAL
RUN_20260922_115213_V2,ChecklistStrategy,ASIANPAINT,2024-10-09,2024-10-10,LONG,3095.55,3090.05,24,1,-132.0,-0.18,SIGNAL
RUN_20260922_115213_V2,ChecklistStrategy,ASIANPAINT,2024-10-22,2024-10-24,LONG,3054.0,2989.7,24,2,-1543.2,-2.11,STOP_LOSS
RUN_20260922_115213_V2,ChecklistStrategy,ASIANPAINT,2024-10-31,2024-11-05,LONG,2994.2,2895.0,25,5,-2480.0,-3.31,STOP_LOSS
RUN_20260922_115213_V2,ChecklistStrategy,ASIANPAINT,2024-12-06,2024-12-10,LONG,2468.0,2399.9,29,4,-1974.9,-2.76,STOP_LOSS
RUN_20260922_115213_V2,ChecklistStrategy,ASIANPAINT,2024-12-26,2025-01-16,LONG,2284.0,2239.0,31,21,-1395.0,-1.97,SIGNAL
RUN_20260922_115213_V2,ChecklistStrategy,ASIANPAINT,2025-01-31,2025-02-04,LONG,2255.0,2304.65,31,4,2236.65,2.2,SIGNAL
RUN_20260922_115213_V2,ChecklistStrategy,ASIANPAINT,2025-02-10,2025-02-17,LONG,2271.05,2231.3,31,7,-1232.25,-1.75,SIGNAL
RUN_20260922_115213_V2,ChecklistStrategy,ASIANPAINT,2025-03-06,2025-03-13,LONG,2189.85,2255.25,32,7,2392.8,2.99,SIGNAL
RUN_20260922_115213_V2,ChecklistStrategy,ASIANPAINT,2025-06-23,2025-07-03,LONG,2261.2,2428.9,31,10,4195.2,7.42,SIGNAL
RUN_20260922_115213_V2,ChecklistStrategy,ASIANPAINT,2025-07-17,2025-07-25,LONG,2404.1,2340.0,31,8,-1987.1,-2.67,STOP_LOSS
RUN_20260922_115213_V2,ChecklistStrategy,ASIANPAINT,2025-08-04,2025-08-05,LONG,2443.2,2461.9,30,1,561.0,0.77,SIGNAL
RUN_20260922_115213_V2,ChecklistStrategy,ASIANPAINT,2025-09-11,2025-09-17,LONG,2541.0,2482.0,29,6,-1711.0,-2.32,STOP_LOSS
RUN_20260922_115213_V2,ChecklistStrategy,ASIANPAINT,2025-10-07,2025-10-13,LONG,2355.0,2340.2,31,6,-458.8,-0.63,SIGNAL
RUN_20260922_115213_V2,ChecklistStrategy,ASIANPAINT,2025-12-03,2025-12-09,LONG,2969.0,2910.0,24,6,-1416.0,-1.99,SIGNAL
RUN_20260922_115213_V2,ChecklistStrategy,ASIANPAINT,2025-12-16,2025-12-26,LONG,2793.0,2785.0,25,10,-200.0,-0.29,SIGNAL
RUN_20260922_115213_V2,ChecklistStrategy,ASIANPAINT,2025-12-30,2025-12-31,LONG,2770.3,2755.0,25,1,-382.5,-0.55,SIGNAL
RUN_20260922_115213_V2,ChecklistStrategy,ASIANPAINT,2026-01-29,2026-01-30,LONG,2511.8,2417.0,28,1,-2654.4,-3.77,STOP_LOSS
RUN_20260922_115213_V2,ChecklistStrategy,ASIANPAINT,2026-02-02,2026-03-04,LONG,2374.9,2260.7,28,30,-3197.6,-4.81,STOP_LOSS
RUN_20260922_115213_V2,ChecklistStrategy,ASIANPAINT,2026-03-17,2026-03-24,LONG,2217.7,2184.0,30,7,-1011.0,-1.52,SIGNAL
RUN_20260922_115213_V2,ChecklistStrategy,ASIANPAINT,2026-04-07,2026-04-13,LONG,2167.7,2279.9,30,6,3292.5,5.18,SIGNAL
RUN_20260922_115213_V2,ChecklistStrategy,ASIANPAINT,2026-05-01,2026-05-12,LONG,2444.5,2546.2,28,11,3305.4,4.16,SIGNAL
RUN_20260922_115213_V2,ChecklistStrategy,ASIANPAINT,2026-06-25,2026-06-26,LONG,2690.0,2645.2,26,1,-1164.8,-1.67,SIGNAL
RUN_20260922_115213_V2,ChecklistStrategy,ASIANPAINT,2026-07-20,2026-07-30,LONG,2689.0,2758.1,26,10,1796.6,2.57,SIGNAL
RUN_20260922_115213_V2,ChecklistStrategy,ASIANPAINT,2026-08-12,2026-08-18,LONG,2733.2,2663.1,26,6,-1822.6,-2.56,STOP_LOSS
RUN_20260922_115213_V2,ChecklistStrategy,ASIANPAINT,2026-08-20,2026-09-02,LONG,2635.1,2548.0,26,13,-2264.6,-3.31,STOP_LOSS
RUN_20260922_115213_V2,ChecklistStrategy,ASIANPAINT,2026-09-04,2026-09-09,LONG,2540.0,2459.1,26,5,-2103.4,-3.19,STOP_LOSS
RUN_20260922_115213_V2,ChecklistStrategy,AXISBANK,2024-02-01,2024-02-05,LONG,1072.65,1067.05,70,4,-392.0,-0.52,SIGNAL
RUN_20260922_115213_V2,ChecklistStrategy,AXISBANK,2024-02-12,2024-02-13,LONG,1051.4,1051.0,71,1,-28.4,-0.04,SIGNAL
RUN_20260922_115213_V2,ChecklistStrategy,AXISBANK,2024-02-21,2024-02-26,LONG,1093.85,1093.45,68,5,-27.2,-0.04,SIGNAL
RUN_20260922_115213_V2,ChecklistStrategy,AXISBANK,2024-03-07,2024-03-13,LONG,1126.0,1096.0,66,6,-1980.0,-2.66,STOP_LOSS
RUN_20260922_115213_V2,ChecklistStrategy,AXISBANK,2024-03-19,2024-03-20,LONG,1055.55,1050.0,68,1,-377.4,-0.53,SIGNAL
RUN_20260922_115213_V2,ChecklistStrategy,AXISBANK,2024-03-27,2024-04-01,LONG,1045.8,1052.35,69,5,451.94,0.63,SIGNAL
RUN_20260922_115213_V2,ChecklistStrategy,AXISBANK,2024-04-04,2024-04-08,LONG,1070.0,1067.0,68,4,-204.0,-0.28,SIGNAL
RUN_20260922_115213_V2,ChecklistStrategy,AXISBANK,2024-04-12,2024-04-15,LONG,1079.5,1063.1,66,3,-1082.4,-1.52,SIGNAL
RUN_20260922_115213_V2,ChecklistStrategy,AXISBANK,2024-05-14,2024-06-04,LONG,1129.95,1224.0,63,21,4809.15,8.32,SIGNAL
RUN_20260922_115213_V2,ChecklistStrategy,AXISBANK,2024-06-06,2024-06-13,LONG,1192.1,1201.8,63,7,611.1,0.81,SIGNAL
RUN_20260922_115213_V2,ChecklistStrategy,AXISBANK,2024-06-18,2024-06-27,LONG,1194.0,1310.0,64,9,6499.2,9.72,SIGNAL
RUN_20260922_115213_V2,ChecklistStrategy,AXISBANK,2024-07-15,2024-07-16,LONG,1316.7,1307.45,61,1,-564.25,-0.7,SIGNAL
RUN_20260922_115213_V2,ChecklistStrategy,AXISBANK,2024-08-28,2024-08-29,LONG,1177.0,1169.0,68,1,-544.0,-0.68,SIGNAL
RUN_20260922_115213_V2,ChecklistStrategy,AXISBANK,2024-09-06,2024-09-20,LONG,1176.0,1244.0,67,14,4265.6,5.78,SIGNAL
RUN_20260922_115213_V2,ChecklistStrategy,AXISBANK,2024-09-23,2024-10-03,LONG,1251.5,1207.5,66,10,-2904.0,-3.52,STOP_LOSS
RUN_20260922_115213_V2,ChecklistStrategy,AXISBANK,2024-10-09,2024-10-22,LONG,1154.0,1194.25,70,13,2817.5,3.49,SIGNAL
RUN_20260922_115213_V2,ChecklistStrategy,AXISBANK,2024-10-25,2024-10-29,LONG,1187.0,1176.4,71,4,-752.6,-0.89,SIGNAL
RUN_20260922_115213_V2,ChecklistStrategy,AXISBANK,2024-10-30,2024-11-05,LONG,1178.75,1138.95,69,6,-2746.2,-3.38,STOP_LOSS
RUN_20260922_115213_V2,ChecklistStrategy,AXISBANK,2024-11-28,2024-12-11,LONG,1148.5,1150.0,69,13,103.5,0.13,SIGNAL
RUN_20260922_115213_V2,ChecklistStrategy,AXISBANK,2024-12-16,2024-12-19,LONG,1146.5,1104.9,69,3,-2870.4,-3.63,STOP_LOSS
RUN_20260922_115213_V2,ChecklistStrategy,AXISBANK,2024-12-24,2024-12-31,LONG,1077.3,1062.0,72,7,-1101.6,-1.42,SIGNAL
RUN_20260922_115213_V2,ChecklistStrategy,AXISBANK,2025-01-08,2025-01-10,LONG,1063.75,1056.25,72,2,-540.0,-0.71,SIGNAL
RUN_20260922_115213_V2,ChecklistStrategy,AXISBANK,2025-01-17,2025-01-22,LONG,1000.0,975.75,74,5,-1794.5,-2.43,STOP_LOSS
RUN_20260922_115213_V2,ChecklistStrategy,AXISBANK,2025-02-07,2025-02-10,LONG,1019.5,1021.0,73,3,109.5,0.15,SIGNAL
RUN_20260922_115213_V2,ChecklistStrategy,AXISBANK,2025-03-24,2025-04-08,LONG,1082.0,1061.0,70,15,-1470.0,-1.94,SIGNAL
RUN_20260922_115213_V2,ChecklistStrategy,AXISBANK,2025-04-15,2025-04-21,LONG,1090.0,1202.0,69,6,6150.4,10.28,SIGNAL
RUN_20260922_115213_V2,ChecklistStrategy,AXISBANK,2025-04-29,2025-04-30,LONG,1194.0,1185.1,66,1,-587.4,-0.75,SIGNAL
RUN_20260922_115213_V2,ChecklistStrategy,AXISBANK,2025-05-22,2025-06-04,LONG,1196.7,1181.8,65,13,-968.49,-1.25,SIGNAL
RUN_20260922_115213_V2,ChecklistStrategy,AXISBANK,2025-06-09,2025-06-12,LONG,1212.5,1231.0,65,3,1202.5,1.53,SIGNAL
RUN_20260922_115213_V2,ChecklistStrategy,AXISBANK,2025-06-19,2025-07-02,LONG,1218.0,1180.0,64,13,-2432.0,-3.12,STOP_LOSS
RUN_20260922_115213_V2,ChecklistStrategy,AXISBANK,2025-08-08,2025-08-19,LONG,1073.0,1078.0,71,11,355.0,0.47,SIGNAL
RUN_20260922_115213_V2,ChecklistStrategy,AXISBANK,2025-12-04,2025-12-17,LONG,1270.7,1220.6,60,13,-3006.0,-3.94,STOP_LOSS
RUN_20260922_115213_V2,ChecklistStrategy,AXISBANK,2026-01-15,2026-01-27,LONG,1298.8,1288.8,57,12,-570.0,-0.77,SIGNAL
RUN_20260922_115213_V2,ChecklistStrategy,AXISBANK,2026-01-30,2026-02-03,LONG,1352.0,1403.0,54,4,2754.0,3.77,SIGNAL
RUN_20260922_115213_V2,ChecklistStrategy,AXISBANK,2026-02-09,2026-02-20,LONG,1350.0,1351.0,56,11,56.0,0.07,SIGNAL
RUN_20260922_115213_V2,ChecklistStrategy,AXISBANK,2026-03-06,2026-03-09,LONG,1347.0,1282.2,56,3,-3628.8,-4.81,STOP_LOSS
RUN_20260922_115213_V2,ChecklistStrategy,AXISBANK,2026-03-10,2026-03-12,LONG,1295.2,1243.2,57,2,-2964.0,-4.01,STOP_LOSS
RUN_20260922_115213_V2,ChecklistStrategy,AXISBANK,2026-03-17,2026-03-23,LONG,1219.7,1181.0,58,6,-2244.6,-3.17,STOP_LOSS
RUN_20260922_115213_V2,ChecklistStrategy,AXISBANK,2026-04-28,2026-05-01,LONG,1312.0,1268.3,52,3,-2272.4,-3.33,STOP_LOSS
RUN_20260922_115213_V2,ChecklistStrategy,AXISBANK,2026-05-19,2026-06-11,LONG,1238.5,1308.8,54,23,3823.2,5.68,SIGNAL
RUN_20260922_115213_V2,ChecklistStrategy,AXISBANK,2026-07-20,2026-07-23,LONG,1275.0,1230.1,53,3,-2379.7,-3.52,STOP_LOSS
RUN_20260922_115213_V2,ChecklistStrategy,AXISBANK,2026-08-03,2026-08-05,LONG,1236.9,1260.0,55,2,1270.5,1.87,SIGNAL
RUN_20260922_115213_V2,ChecklistStrategy,AXISBANK,2026-08-17,2026-08-24,LONG,1220.0,1245.8,57,7,1470.6,2.11,SIGNAL
RUN_20260922_115213_V2,ChecklistStrategy,AXISBANK,2026-08-31,2026-09-02,LONG,1257.0,1254.6,55,2,-132.0,-0.19,SIGNAL
RUN_20260922_115213_V2,ChecklistStrategy,BAJAJ-AUTO,2024-03-15,2024-03-21,LONG,8384.8,8608.2,8,6,1787.2,2.66,SIGNAL
RUN_20260922_115213_V2,ChecklistStrategy,BAJAJ-AUTO,2024-03-22,2024-04-01,LONG,8700.05,9194.8,8,10,3828.8,5.69,SIGNAL
RUN_20260922_115213_V2,ChecklistStrategy,BAJAJ-AUTO,2024-04-12,2024-04-19,LONG,8949.05,9075.05,8,7,1008.0,1.41,SIGNAL
RUN_20260922_115213_V2,ChecklistStrategy,BAJAJ-AUTO,2024-05-02,2024-05-07,LONG,8944.0,9055.15,8,5,889.2,1.24,SIGNAL
RUN_20260922_115213_V2,ChecklistStrategy,BAJAJ-AUTO,2024-05-15,2024-05-16,LONG,9069.0,8950.0,8,1,-952.0,-1.31,SIGNAL
RUN_20260922_115213_V2,ChecklistStrategy,BAJAJ-AUTO,2024-05-17,2024-05-31,LONG,8891.0,8990.0,8,14,792.0,1.11,SIGNAL
RUN_20260922_115213_V2,ChecklistStrategy,BAJAJ-AUTO,2024-06-25,2024-06-27,LONG,9755.0,9564.65,8,2,-1522.8,-1.95,SIGNAL
RUN_20260922_115213_V2,ChecklistStrategy,BAJAJ-AUTO,2024-07-01,2024-07-02,LONG,9505.0,9520.0,8,1,120.0,0.16,SIGNAL
RUN_20260922_115213_V2,ChecklistStrategy,BAJAJ-AUTO,2024-07-16,2024-07-19,LONG,9715.0,9635.0,8,3,-640.0,-0.82,SIGNAL
RUN_20260922_115213_V2,ChecklistStrategy,BAJAJ-AUTO,2024-07-24,2024-08-13,LONG,9360.0,9700.0,8,20,2884.0,3.63,SIGNAL
RUN_20260922_115213_V2,ChecklistStrategy,BAJAJ-AUTO,2024-10-09,2024-10-16,LONG,11944.0,11537.9,6,7,-2436.6,-3.4,STOP_LOSS
RUN_20260922_115213_V2,ChecklistStrategy,BAJAJ-AUTO,2024-10-17,2024-10-18,LONG,11222.2,10049.55,6,1,-7035.9,-10.45,STOP_LOSS
RUN_20260922_115213_V2,ChecklistStrategy,BAJAJ-AUTO,2024-10-24,2024-10-28,LONG,10504.0,10206.1,6,4,-1787.4,-2.84,STOP_LOSS
RUN_20260922_115213_V2,ChecklistStrategy,BAJAJ-AUTO,2024-11-06,2024-11-08,LONG,9883.4,9856.65,7,2,-187.25,-0.27,SIGNAL
RUN_20260922_115213_V2,ChecklistStrategy,BAJAJ-AUTO,2024-11-28,2024-12-06,LONG,9165.1,8953.9,7,8,-1478.39,-2.3,STOP_LOSS
RUN_20260922_115213_V2,ChecklistStrategy,BAJAJ-AUTO,2024-12-12,2024-12-13,LONG,9095.0,8964.15,7,1,-915.95,-1.44,SIGNAL
RUN_20260922_115213_V2,ChecklistStrategy,BAJAJ-AUTO,2025-01-02,2025-01-13,LONG,8740.5,8704.5,8,11,-288.0,-0.41,SIGNAL
RUN_20260922_115213_V2,ChecklistStrategy,BAJAJ-AUTO,2025-02-18,2025-02-24,LONG,8510.1,8450.5,8,6,-476.8,-0.7,SIGNAL
RUN_20260922_115213_V2,ChecklistStrategy,BAJAJ-AUTO,2025-03-07,2025-03-24,LONG,7462.25,8117.8,9,17,5304.75,8.78,SIGNAL
RUN_20260922_115213_V2,ChecklistStrategy,BAJAJ-AUTO,2025-04-02,2025-04-04,LONG,7962.0,7880.0,9,2,-738.0,-1.03,SIGNAL
RUN_20260922_115213_V2,ChecklistStrategy,BAJAJ-AUTO,2025-04-08,2025-04-16,LONG,7384.5,7999.0,9,8,5534.5,8.32,SIGNAL
RUN_20260922_115213_V2,ChecklistStrategy,BAJAJ-AUTO,2025-04-24,2025-04-25,LONG,8260.0,8225.0,9,1,-315.0,-0.42,SIGNAL
RUN_20260922_115213_V2,ChecklistStrategy,BAJAJ-AUTO,2025-04-29,2025-05-05,LONG,8136.5,7869.5,9,6,-2403.0,-3.28,STOP_LOSS
RUN_20260922_115213_V2,ChecklistStrategy,BAJAJ-AUTO,2025-05-06,2025-05-07,LONG,7930.0,7915.5,9,1,-130.5,-0.18,SIGNAL
RUN_20260922_115213_V2,ChecklistStrategy,BAJAJ-AUTO,2025-05-20,2025-05-21,LONG,8850.0,8608.0,8,1,-1936.0,-2.73,STOP_LOSS
RUN_20260922_115213_V2,ChecklistStrategy,BAJAJ-AUTO,2025-05-22,2025-05-29,LONG,8660.0,8907.0,8,7,1976.0,2.85,SIGNAL
RUN_20260922_115213_V2,ChecklistStrategy,BAJAJ-AUTO,2025-06-20,2025-07-11,LONG,8315.0,8285.5,8,21,-236.0,-0.35,SIGNAL
RUN_20260922_115213_V2,ChecklistStrategy,BAJAJ-AUTO,2025-07-24,2025-07-25,LONG,8409.5,8275.0,8,1,-1076.0,-1.6,SIGNAL
RUN_20260922_115213_V2,ChecklistStrategy,BAJAJ-AUTO,2025-07-29,2025-08-13,LONG,8089.5,8214.5,9,15,1125.0,1.55,SIGNAL
RUN_20260922_115213_V2,ChecklistStrategy,BAJAJ-AUTO,2025-08-14,2025-08-18,LONG,8250.0,8400.0,9,4,1350.0,1.82,SIGNAL
RUN_20260922_115213_V2,ChecklistStrategy,BAJAJ-AUTO,2025-09-19,2025-09-25,LONG,9050.0,8821.0,8,6,-1832.0,-2.53,STOP_LOSS
RUN_20260922_115213_V2,ChecklistStrategy,BAJAJ-AUTO,2025-10-06,2025-10-10,LONG,8698.0,8816.0,8,4,944.0,1.36,SIGNAL
RUN_20260922_115213_V2,ChecklistStrategy,BAJAJ-AUTO,2025-10-27,2025-11-03,LONG,9099.5,8900.0,8,7,-1596.0,-2.19,STOP_LOSS
RUN_20260922_115213_V2,ChecklistStrategy,BAJAJ-AUTO,2025-11-10,2025-11-26,LONG,8795.0,9054.0,8,16,2072.0,2.94,SIGNAL
RUN_20260922_115213_V2,ChecklistStrategy,BAJAJ-AUTO,2025-12-05,2025-12-18,LONG,9054.0,8891.0,8,13,-1304.0,-1.8,SIGNAL
RUN_20260922_115213_V2,ChecklistStrategy,BAJAJ-AUTO,2025-12-22,2025-12-29,LONG,9010.0,9069.5,8,7,476.0,0.66,SIGNAL
RUN_20260922_115213_V2,ChecklistStrategy,BAJAJ-AUTO,2025-12-30,2026-01-05,LONG,9087.0,9520.0,8,6,3584.0,4.77,SIGNAL
RUN_20260922_115213_V2,ChecklistStrategy,BAJAJ-AUTO,2026-01-14,2026-01-21,LONG,9576.0,9150.0,8,7,-3408.0,-4.45,STOP_LOSS
RUN_20260922_115213_V2,ChecklistStrategy,BAJAJ-AUTO,2026-03-23,2026-03-24,LONG,8989.5,8900.0,8,1,-716.0,-1.0,SIGNAL
RUN_20260922_115213_V2,ChecklistStrategy,BAJAJ-AUTO,2026-04-24,2026-05-05,LONG,9600.0,10131.0,7,11,3306.0,5.53,SIGNAL
RUN_20260922_115213_V2,ChecklistStrategy,BAJAJ-AUTO,2026-05-20,2026-05-25,LONG,10158.0,10700.0,7,5,3695.0,5.34,SIGNAL
RUN_20260922_115213_V2,ChecklistStrategy,BAJAJ-AUTO,2026-05-27,2026-06-02,LONG,10625.0,10305.0,7,6,-2240.0,-3.01,STOP_LOSS
RUN_20260922_115213_V2,ChecklistStrategy,BAJAJ-AUTO,2026-06-05,2026-06-10,LONG,10394.0,10229.0,7,5,-1155.0,-1.59,SIGNAL
RUN_20260922_115213_V2,ChecklistStrategy,BAJAJ-AUTO,2026-07-01,2026-07-14,LONG,9762.0,10212.5,7,13,3044.0,4.61,SIGNAL
RUN_20260922_115213_V2,ChecklistStrategy,BAJAJ-AUTO,2026-09-09,2026-09-10,LONG,11841.0,11771.0,6,1,-420.0,-0.59,SIGNAL
RUN_20260922_115213_V2,ChecklistStrategy,BAJAJ-AUTO,2026-09-17,2026-09-18,LONG,11568.0,11501.0,6,1,-402.0,-0.58,SIGNAL
RUN_20260922_115213_V2,ChecklistStrategy,BAJAJFINSV,2024-02-01,2024-02-07,LONG,1632.0,1609.0,46,6,-1058.0,-1.41,SIGNAL
RUN_20260922_115213_V2,ChecklistStrategy,BAJAJFINSV,2024-02-14,2024-02-21,LONG,1560.0,1604.0,47,7,2068.0,2.82,SIGNAL
RUN_20260922_115213_V2,ChecklistStrategy,BAJAJFINSV,2024-03-01,2024-03-06,LONG,1597.95,1558.0,47,5,-1877.65,-2.5,STOP_LOSS
RUN_20260922_115213_V2,ChecklistStrategy,BAJAJFINSV,2024-03-07,2024-03-26,LONG,1557.15,1589.0,47,19,1496.95,2.05,SIGNAL
RUN_20260922_115213_V2,ChecklistStrategy,BAJAJFINSV,2024-05-29,2024-05-31,LONG,1594.15,1530.0,47,2,-3015.05,-4.02,STOP_LOSS
RUN_20260922_115213_V2,ChecklistStrategy,BAJAJFINSV,2024-06-06,2024-07-01,LONG,1521.5,1588.2,48,25,3247.2,4.38,SIGNAL
RUN_20260922_115213_V2,ChecklistStrategy,BAJAJFINSV,2024-08-12,2024-08-27,LONG,1557.0,1686.2,48,15,4728.0,8.3,SIGNAL
RUN_20260922_115213_V2,ChecklistStrategy,BAJAJFINSV,2024-09-19,2024-09-30,LONG,1890.0,2010.7,41,11,4271.7,6.39,SIGNAL
RUN_20260922_115213_V2,ChecklistStrategy,BAJAJFINSV,2024-10-10,2024-10-15,LONG,1874.8,1873.6,43,5,-51.6,-0.06,SIGNAL
RUN_20260922_115213_V2,ChecklistStrategy,BAJAJFINSV,2024-10-29,2024-10-31,LONG,1725.15,1745.2,47,2,942.35,1.16,SIGNAL
RUN_20260922_115213_V2,ChecklistStrategy,BAJAJFINSV,2024-11-06,2024-11-11,LONG,1732.1,1727.55,47,5,-213.85,-0.26,SIGNAL
RUN_20260922_115213_V2,ChecklistStrategy,BAJAJFINSV,2024-11-28,2024-11-29,LONG,1605.0,1581.9,51,1,-1178.1,-1.44,SIGNAL
RUN_20260922_115213_V2,ChecklistStrategy,BAJAJFINSV,2025-01-17,2025-01-27,LONG,1686.1,1714.85,48,10,1380.0,1.71,SIGNAL
RUN_20260922_115213_V2,ChecklistStrategy,BAJAJFINSV,2025-02-03,2025-02-14,LONG,1735.0,1853.5,47,11,4592.0,6.83,SIGNAL
RUN_20260922_115213_V2,ChecklistStrategy,BAJAJFINSV,2025-02-18,2025-02-25,LONG,1892.0,1857.8,45,7,-1539.0,-1.81,SIGNAL
RUN_20260922_115213_V2,ChecklistStrategy,BAJAJFINSV,2025-03-06,2025-03-11,LONG,1818.8,1830.0,47,5,526.4,0.62,SIGNAL
RUN_20260922_115213_V2,ChecklistStrategy,BAJAJFINSV,2025-03-21,2025-03-27,LONG,1878.0,1940.0,45,6,2790.0,3.3,SIGNAL
RUN_20260922_115213_V2,ChecklistStrategy,BAJAJFINSV,2025-03-28,2025-04-02,LONG,1995.75,1946.3,43,5,-2126.35,-2.48,STOP_LOSS
RUN_20260922_115213_V2,ChecklistStrategy,BAJAJFINSV,2025-05-05,2025-05-09,LONG,1964.9,1970.0,43,4,219.3,0.26,SIGNAL
RUN_20260922_115213_V2,ChecklistStrategy,BAJAJFINSV,2025-05-16,2025-05-20,LONG,2054.0,2047.0,41,4,-287.0,-0.34,SIGNAL
RUN_20260922_115213_V2,ChecklistStrategy,BAJAJFINSV,2025-05-22,2025-05-23,LONG,2037.3,2005.9,41,1,-1287.4,-1.54,SIGNAL
RUN_20260922_115213_V2,ChecklistStrategy,BAJAJFINSV,2025-05-26,2025-05-27,LONG,2044.0,2050.0,41,1,246.0,0.29,SIGNAL
RUN_20260922_115213_V2,ChecklistStrategy,BAJAJFINSV,2025-06-12,2025-06-13,LONG,2016.0,2000.0,42,1,-672.0,-0.79,SIGNAL
RUN_20260922_115213_V2,ChecklistStrategy,BAJAJFINSV,2025-07-17,2025-07-28,LONG,2037.6,1990.0,41,11,-1951.6,-2.34,STOP_LOSS
RUN_20260922_115213_V2,ChecklistStrategy,BAJAJFINSV,2025-07-30,2025-08-04,LONG,1972.7,1923.0,41,5,-2037.7,-2.52,STOP_LOSS
RUN_20260922_115213_V2,ChecklistStrategy,BAJAJFINSV,2025-08-05,2025-09-09,LONG,1930.1,2012.0,41,35,3405.9,4.24,SIGNAL
RUN_20260922_115213_V2,ChecklistStrategy,BAJAJFINSV,2025-09-15,2025-09-17,LONG,2078.0,2088.0,40,2,400.0,0.48,SIGNAL
RUN_20260922_115213_V2,ChecklistStrategy,BAJAJFINSV,2025-09-30,2025-10-01,LONG,2025.0,2008.9,41,1,-660.1,-0.8,SIGNAL
RUN_20260922_115213_V2,ChecklistStrategy,BAJAJFINSV,2025-10-06,2025-10-13,LONG,1996.1,2004.1,41,7,328.0,0.4,SIGNAL
RUN_20260922_115213_V2,ChecklistStrategy,BAJAJFINSV,2025-10-14,2025-10-20,LONG,2024.9,2088.0,41,6,2587.1,3.12,SIGNAL
RUN_20260922_115213_V2,ChecklistStrategy,BAJAJFINSV,2025-11-10,2025-11-12,LONG,2114.7,2009.5,40,2,-4208.0,-4.97,STOP_LOSS
RUN_20260922_115213_V2,ChecklistStrategy,BAJAJFINSV,2025-11-13,2025-11-24,LONG,2045.0,2064.0,40,11,760.0,0.93,SIGNAL
RUN_20260922_115213_V2,ChecklistStrategy,BAJAJFINSV,2025-12-31,2026-01-01,LONG,2030.2,2045.0,40,1,592.0,0.73,SIGNAL
RUN_20260922_115213_V2,ChecklistStrategy,BAJAJFINSV,2026-01-29,2026-02-06,LONG,1927.0,2000.1,42,8,2921.1,3.79,SIGNAL
RUN_20260922_115213_V2,ChecklistStrategy,BAJAJFINSV,2026-02-09,2026-02-12,LONG,2026.9,2025.0,42,3,-79.8,-0.09,SIGNAL
RUN_20260922_115213_V2,ChecklistStrategy,BAJAJFINSV,2026-02-13,2026-02-18,LONG,2035.0,2040.0,41,5,205.0,0.25,SIGNAL
RUN_20260922_115213_V2,ChecklistStrategy,BAJAJFINSV,2026-02-23,2026-03-02,LONG,2050.0,1950.0,41,7,-4100.0,-4.88,STOP_LOSS
RUN_20260922_115213_V2,ChecklistStrategy,BAJAJFINSV,2026-03-10,2026-03-12,LONG,1845.1,1786.9,44,2,-2560.8,-3.15,STOP_LOSS
RUN_20260922_115213_V2,ChecklistStrategy,BAJAJFINSV,2026-03-17,2026-03-20,LONG,1775.6,1724.0,45,3,-2322.0,-2.91,STOP_LOSS
RUN_20260922_115213_V2,ChecklistStrategy,BAJAJFINSV,2026-03-25,2026-04-01,LONG,1720.8,1679.0,46,7,-1922.8,-2.43,STOP_LOSS
RUN_20260922_115213_V2,ChecklistStrategy,BAJAJFINSV,2026-04-06,2026-04-10,LONG,1635.0,1777.8,46,4,6725.2,8.73,SIGNAL
RUN_20260922_115213_V2,ChecklistStrategy,BAJAJFINSV,2026-04-20,2026-04-23,LONG,1839.9,1821.5,44,3,-809.6,-1.0,SIGNAL
RUN_20260922_115213_V2,ChecklistStrategy,BAJAJFINSV,2026-05-15,2026-05-18,LONG,1735.1,1715.0,46,3,-924.6,-1.16,SIGNAL
RUN_20260922_115213_V2,ChecklistStrategy,BAJAJFINSV,2026-05-19,2026-05-20,LONG,1745.2,1732.5,45,1,-571.5,-0.73,SIGNAL
RUN_20260922_115213_V2,ChecklistStrategy,BAJAJFINSV,2026-06-03,2026-06-08,LONG,1739.0,1684.0,46,5,-2530.0,-3.16,STOP_LOSS
RUN_20260922_115213_V2,ChecklistStrategy,BAJAJFINSV,2026-06-22,2026-06-30,LONG,1768.1,1760.0,44,8,-356.4,-0.46,SIGNAL
RUN_20260922_115213_V2,ChecklistStrategy,BAJAJFINSV,2026-07-20,2026-07-23,LONG,1852.1,1870.0,42,3,751.8,0.97,SIGNAL
RUN_20260922_115213_V2,ChecklistStrategy,BAJAJFINSV,2026-08-11,2026-08-17,LONG,2014.0,2001.4,38,6,-478.8,-0.63,SIGNAL
RUN_20260922_115213_V2,ChecklistStrategy,BAJAJFINSV,2026-08-31,2026-09-08,LONG,1985.6,1938.6,38,8,-1786.0,-2.37,STOP_LOSS
RUN_20260922_115213_V2,ChecklistStrategy,BAJAJFINSV,2026-09-18,2026-09-21,LONG,1857.2,1860.2,41,3,123.0,0.16,SIGNAL
RUN_20260922_115213_V2,ChecklistStrategy,BAJFINANCE,2024-02-01,2024-02-02,LONG,686.59,675.5,109,1,-1208.81,-1.62,SIGNAL
RUN_20260922_115213_V2,ChecklistStrategy,BAJFINANCE,2024-02-12,2024-02-22,LONG,666.95,669.1,111,10,239.76,0.32,SIGNAL
RUN_20260922_115213_V2,ChecklistStrategy,BAJFINANCE,2024-03-07,2024-03-15,LONG,635.0,637.51,117,8,293.09,0.4,SIGNAL
RUN_20260922_115213_V2,ChecklistStrategy,BAJFINANCE,2024-03-18,2024-03-19,LONG,651.43,650.97,114,1,-53.01,-0.07,SIGNAL
RUN_20260922_115213_V2,ChecklistStrategy,BAJFINANCE,2024-04-22,2024-04-26,LONG,716.73,700.0,104,4,-1739.92,-2.33,STOP_LOSS
RUN_20260922_115213_V2,ChecklistStrategy,BAJFINANCE,2024-04-30,2024-05-10,LONG,682.99,663.89,106,10,-2025.13,-2.8,STOP_LOSS
RUN_20260922_115213_V2,ChecklistStrategy,BAJFINANCE,2024-05-13,2024-05-21,LONG,668.4,670.5,106,8,222.6,0.31,SIGNAL
RUN_20260922_115213_V2,ChecklistStrategy,BAJFINANCE,2024-06-06,2024-06-14,LONG,685.0,729.6,104,8,4399.46,6.51,SIGNAL
RUN_20260922_115213_V2,ChecklistStrategy,BAJFINANCE,2024-06-27,2024-07-05,LONG,715.0,713.4,104,8,-166.4,-0.22,SIGNAL
RUN_20260922_115213_V2,ChecklistStrategy,BAJFINANCE,2024-07-08,2024-07-09,LONG,714.49,710.98,104,1,-365.04,-0.49,SIGNAL
RUN_20260922_115213_V2,ChecklistStrategy,BAJFINANCE,2024-07-15,2024-07-18,LONG,702.01,704.71,106,3,286.73,0.38,SIGNAL
RUN_20260922_115213_V2,ChecklistStrategy,BAJFINANCE,2024-07-19,2024-07-22,LONG,711.0,693.2,104,3,-1851.2,-2.5,STOP_LOSS
RUN_20260922_115213_V2,ChecklistStrategy,BAJFINANCE,2024-07-26,2024-08-01,LONG,667.51,683.15,110,6,1720.95,2.34,SIGNAL
RUN_20260922_115213_V2,ChecklistStrategy,BAJFINANCE,2024-09-09,2024-09-11,LONG,732.4,725.0,101,2,-747.4,-1.01,SIGNAL
RUN_20260922_115213_V2,ChecklistStrategy,BAJFINANCE,2024-10-08,2024-10-14,LONG,726.48,729.27,101,6,281.29,0.38,SIGNAL
RUN_20260922_115213_V2,ChecklistStrategy,BAJFINANCE,2024-10-24,2024-10-25,LONG,701.25,704.09,105,1,298.2,0.4,SIGNAL
RUN_20260922_115213_V2,ChecklistStrategy,BAJFINANCE,2024-10-30,2024-10-31,LONG,699.9,694.9,105,1,-525.0,-0.71,SIGNAL
RUN_20260922_115213_V2,ChecklistStrategy,BAJFINANCE,2024-11-06,2024-11-08,LONG,693.5,690.45,106,2,-323.3,-0.44,SIGNAL
RUN_20260922_115213_V2,ChecklistStrategy,BAJFINANCE,2024-11-21,2024-11-22,LONG,661.4,647.0,111,1,-1598.4,-2.18,STOP_LOSS
RUN_20260922_115213_V2,ChecklistStrategy,BAJFINANCE,2024-11-28,2024-11-29,LONG,671.4,651.9,107,1,-2086.5,-2.9,STOP_LOSS
RUN_20260922_115213_V2,ChecklistStrategy,BAJFINANCE,2025-01-02,2025-01-06,LONG,698.0,750.0,101,4,4700.75,7.45,SIGNAL
RUN_20260922_115213_V2,ChecklistStrategy,BAJFINANCE,2025-01-17,2025-01-27,LONG,722.1,738.01,102,10,1622.82,2.2,SIGNAL
RUN_20260922_115213_V2,ChecklistStrategy,BAJFINANCE,2025-02-03,2025-02-05,LONG,792.22,850.0,94,2,5078.82,7.29,SIGNAL
RUN_20260922_115213_V2,ChecklistStrategy,BAJFINANCE,2025-03-07,2025-03-11,LONG,840.99,830.5,94,4,-986.06,-1.25,SIGNAL
RUN_20260922_115213_V2,ChecklistStrategy,BAJFINANCE,2025-03-18,2025-03-20,LONG,858.03,872.5,91,2,1316.32,1.69,SIGNAL
RUN_20260922_115213_V2,ChecklistStrategy,BAJFINANCE,2025-04-30,2025-05-02,LONG,884.0,857.55,87,2,-2301.15,-2.99,STOP_LOSS
RUN_20260922_115213_V2,ChecklistStrategy,BAJFINANCE,2025-05-05,2025-05-09,LONG,887.75,865.0,87,4,-1979.25,-2.56,STOP_LOSS
RUN_20260922_115213_V2,ChecklistStrategy,BAJFINANCE,2025-05-20,2025-05-21,LONG,929.8,910.0,82,1,-1623.6,-2.13,STOP_LOSS
RUN_20260922_115213_V2,ChecklistStrategy,BAJFINANCE,2025-05-22,2025-05-28,LONG,919.75,924.5,81,6,384.75,0.52,SIGNAL
RUN_20260922_115213_V2,ChecklistStrategy,BAJFINANCE,2025-07-09,2025-07-17,LONG,926.5,925.95,80,8,-44.0,-0.06,SIGNAL
RUN_20260922_115213_V2,ChecklistStrategy,BAJFINANCE,2025-07-21,2025-07-28,LONG,938.9,909.25,79,7,-2342.35,-3.16,STOP_LOSS
RUN_20260922_115213_V2,ChecklistStrategy,BAJFINANCE,2025-08-05,2025-08-06,LONG,889.0,888.0,82,1,-82.0,-0.11,SIGNAL
RUN_20260922_115213_V2,ChecklistStrategy,BAJFINANCE,2025-08-14,2025-08-25,LONG,860.0,902.1,84,11,3698.1,4.9,SIGNAL
RUN_20260922_115213_V2,ChecklistStrategy,BAJFINANCE,2025-09-04,2025-09-12,LONG,915.0,972.25,84,8,4630.5,6.26,SIGNAL
RUN_20260922_115213_V2,ChecklistStrategy,BAJFINANCE,2025-09-15,2025-09-17,LONG,999.0,1010.0,78,2,858.0,1.1,SIGNAL
RUN_20260922_115213_V2,ChecklistStrategy,BAJFINANCE,2025-09-30,2025-10-15,LONG,990.0,1026.0,80,15,3440.0,3.64,SIGNAL
RUN_20260922_115213_V2,ChecklistStrategy,BAJFINANCE,2025-11-13,2025-11-20,LONG,1012.5,1015.0,81,7,202.5,0.25,SIGNAL
RUN_20260922_115213_V2,ChecklistStrategy,BAJFINANCE,2025-11-27,2025-12-09,LONG,1015.6,1025.0,81,12,761.4,0.93,SIGNAL
RUN_20260922_115213_V2,ChecklistStrategy,BAJFINANCE,2025-12-15,2025-12-16,LONG,1015.0,1007.5,81,1,-607.5,-0.74,SIGNAL
RUN_20260922_115213_V2,ChecklistStrategy,BAJFINANCE,2026-01-05,2026-01-06,LONG,979.7,978.0,83,1,-141.1,-0.17,SIGNAL
RUN_20260922_115213_V2,ChecklistStrategy,BAJFINANCE,2026-01-23,2026-01-28,LONG,942.85,914.7,87,5,-2449.05,-2.99,STOP_LOSS
RUN_20260922_115213_V2,ChecklistStrategy,BAJFINANCE,2026-01-29,2026-02-03,LONG,935.15,960.0,86,5,2137.1,2.66,SIGNAL
RUN_20260922_115213_V2,ChecklistStrategy,BAJFINANCE,2026-02-06,2026-02-10,LONG,973.95,983.15,85,4,782.0,0.94,SIGNAL
RUN_20260922_115213_V2,ChecklistStrategy,BAJFINANCE,2026-03-06,2026-03-10,LONG,960.0,950.0,85,4,-850.0,-1.04,SIGNAL
RUN_20260922_115213_V2,ChecklistStrategy,BAJFINANCE,2026-03-17,2026-03-18,LONG,878.15,876.1,93,1,-190.65,-0.23,SIGNAL
RUN_20260922_115213_V2,ChecklistStrategy,BAJFINANCE,2026-03-24,2026-04-01,LONG,830.0,832.8,100,8,2390.0,0.34,SIGNAL
RUN_20260922_115213_V2,ChecklistStrategy,BAJFINANCE,2026-04-27,2026-05-01,LONG,923.05,937.0,90,4,1255.5,1.51,SIGNAL
RUN_20260922_115213_V2,ChecklistStrategy,BAJFINANCE,2026-05-19,2026-05-22,LONG,927.6,908.1,91,3,-1774.5,-2.1,STOP_LOSS
RUN_20260922_115213_V2,ChecklistStrategy,BAJFINANCE,2026-07-08,2026-07-10,LONG,1025.0,1010.1,79,2,-1177.1,-1.45,SIGNAL
RUN_20260922_115213_V2,ChecklistStrategy,BAJFINANCE,2026-07-16,2026-07-21,LONG,1024.0,1064.0,80,5,3200.0,3.91,SIGNAL
RUN_20260922_115213_V2,ChecklistStrategy,BAJFINANCE,2026-08-11,2026-08-27,LONG,1098.0,1090.0,76,16,-608.0,-0.73,SIGNAL
RUN_20260922_115213_V2,ChecklistStrategy,BAJFINANCE,2026-09-14,2026-09-16,LONG,1034.5,1010.5,81,2,-1944.0,-2.32,STOP_LOSS
RUN_20260922_115213_V2,ChecklistStrategy,BEL,2024-01-19,2024-01-31,LONG,190.0,188.2,398,12,-716.4,-0.95,SIGNAL
RUN_20260922_115213_V2,ChecklistStrategy,BEL,2024-02-14,2024-02-19,LONG,177.25,189.95,421,5,5147.2,7.17,SIGNAL
RUN_20260922_115213_V2,ChecklistStrategy,BEL,2024-03-21,2024-04-01,LONG,190.0,205.0,417,11,5215.0,7.89,SIGNAL
RUN_20260922_115213_V2,ChecklistStrategy,BEL,2024-05-13,2024-05-21,LONG,228.4,283.0,361,8,12150.6,23.91,SIGNAL
RUN_20260922_115213_V2,ChecklistStrategy,BEL,2024-06-06,2024-06-11,LONG,267.0,287.0,350,5,7332.5,7.49,SIGNAL
RUN_20260922_115213_V2,ChecklistStrategy,BEL,2024-07-23,2024-07-24,LONG,317.0,302.5,309,1,-4480.5,-4.57,STOP_LOSS
RUN_20260922_115213_V2,ChecklistStrategy,BEL,2024-08-26,2024-08-28,LONG,308.7,301.05,304,2,-2325.61,-2.48,STOP_LOSS
RUN_20260922_115213_V2,ChecklistStrategy,BEL,2024-09-02,2024-09-06,LONG,301.95,290.35,305,4,-3538.0,-3.84,STOP_LOSS
RUN_20260922_115213_V2,ChecklistStrategy,BEL,2024-09-23,2024-10-01,LONG,280.0,285.1,320,8,3056.0,1.82,SIGNAL
RUN_20260922_115213_V2,ChecklistStrategy,BEL,2024-10-09,2024-10-23,LONG,282.0,271.0,324,14,-3564.0,-3.9,STOP_LOSS
RUN_20260922_115213_V2,ChecklistStrategy,BEL,2024-12-02,2024-12-03,LONG,307.8,309.0,286,1,343.2,0.39,SIGNAL
RUN_20260922_115213_V2,ChecklistStrategy,BEL,2024-12-24,2024-12-26,LONG,296.25,293.0,300,2,-975.0,-1.1,SIGNAL
RUN_20260922_115213_V2,ChecklistStrategy,BEL,2024-12-27,2024-12-30,LONG,295.85,292.05,297,3,-1128.61,-1.28,SIGNAL
RUN_20260922_115213_V2,ChecklistStrategy,BEL,2025-01-01,2025-01-02,LONG,293.15,294.45,296,1,384.81,0.44,SIGNAL
RUN_20260922_115213_V2,ChecklistStrategy,BEL,2025-01-08,2025-01-10,LONG,287.0,280.0,303,2,-2121.0,-2.44,STOP_LOSS
RUN_20260922_115213_V2,ChecklistStrategy,BEL,2025-02-04,2025-02-07,LONG,276.0,280.75,311,3,2748.25,1.72,SIGNAL
RUN_20260922_115213_V2,ChecklistStrategy,BEL,2025-02-14,2025-02-17,LONG,262.2,248.95,334,3,-4425.51,-5.05,STOP_LOSS
RUN_20260922_115213_V2,ChecklistStrategy,BEL,2025-02-18,2025-02-24,LONG,249.0,251.0,338,6,2112.5,0.8,SIGNAL
RUN_20260922_115213_V2,ChecklistStrategy,BEL,2025-04-04,2025-04-07,LONG,287.1,257.0,298,3,-8969.8,-10.48,STOP_LOSS
RUN_20260922_115213_V2,ChecklistStrategy,BEL,2025-05-12,2025-05-13,LONG,325.0,323.7,249,1,-323.7,-0.4,SIGNAL
RUN_20260922_115213_V2,ChecklistStrategy,BEL,2025-06-16,2025-07-01,LONG,396.15,424.8,199,15,5859.75,7.23,SIGNAL
RUN_20260922_115213_V2,ChecklistStrategy,BEL,2025-07-09,2025-07-10,LONG,423.95,418.45,196,1,-1078.0,-1.3,SIGNAL
RUN_20260922_115213_V2,ChecklistStrategy,BEL,2025-07-30,2025-08-01,LONG,390.95,383.1,211,2,-1656.35,-2.01,STOP_LOSS
RUN_20260922_115213_V2,ChecklistStrategy,BEL,2025-08-22,2025-08-25,LONG,373.8,377.85,216,3,874.8,1.08,SIGNAL
RUN_20260922_115213_V2,ChecklistStrategy,BEL,2025-09-01,2025-09-04,LONG,369.95,381.5,220,3,2541.0,3.12,SIGNAL
RUN_20260922_115213_V2,ChecklistStrategy,BEL,2025-09-15,2025-09-22,LONG,400.0,409.8,208,7,2038.4,2.45,SIGNAL
RUN_20260922_115213_V2,ChecklistStrategy,BEL,2025-09-26,2025-09-30,LONG,403.65,405.0,210,4,283.5,0.33,SIGNAL
RUN_20260922_115213_V2,ChecklistStrategy,BEL,2025-10-03,2025-10-08,LONG,406.8,410.4,209,5,752.4,0.88,SIGNAL
RUN_20260922_115213_V2,ChecklistStrategy,BEL,2025-10-10,2025-10-14,LONG,409.0,410.0,209,4,209.0,0.24,SIGNAL
RUN_20260922_115213_V2,ChecklistStrategy,BEL,2025-10-16,2025-10-20,LONG,409.1,416.5,209,4,1546.6,1.81,SIGNAL
RUN_20260922_115213_V2,ChecklistStrategy,BEL,2025-10-31,2025-11-25,LONG,413.8,406.5,211,25,-1540.3,-1.76,SIGNAL
RUN_20260922_115213_V2,ChecklistStrategy,BEL,2025-11-26,2025-11-28,LONG,410.25,414.0,208,2,780.0,0.91,SIGNAL
RUN_20260922_115213_V2,ChecklistStrategy,BEL,2025-12-05,2025-12-09,LONG,409.0,385.05,211,4,-5053.45,-5.86,STOP_LOSS
RUN_20260922_115213_V2,ChecklistStrategy,BEL,2026-02-02,2026-02-16,LONG,432.0,433.05,183,14,192.15,0.24,SIGNAL
RUN_20260922_115213_V2,ChecklistStrategy,BEL,2026-02-26,2026-03-02,LONG,440.6,442.1,187,4,280.5,0.34,SIGNAL
RUN_20260922_115213_V2,ChecklistStrategy,BEL,2026-03-04,2026-03-05,LONG,460.0,448.8,181,1,-2027.2,-2.43,STOP_LOSS
RUN_20260922_115213_V2,ChecklistStrategy,BEL,2026-03-06,2026-03-10,LONG,462.0,465.0,176,4,528.0,0.65,SIGNAL
RUN_20260922_115213_V2,ChecklistStrategy,BEL,2026-03-25,2026-03-30,LONG,416.3,400.0,196,5,-3194.8,-3.92,STOP_LOSS
RUN_20260922_115213_V2,ChecklistStrategy,BEL,2026-04-29,2026-05-06,LONG,437.05,437.0,181,7,-9.05,-0.01,SIGNAL
RUN_20260922_115213_V2,ChecklistStrategy,BEL,2026-05-14,2026-05-20,LONG,431.0,416.3,184,6,-2704.8,-3.41,STOP_LOSS
RUN_20260922_115213_V2,ChecklistStrategy,BEL,2026-06-03,2026-06-22,LONG,408.0,428.1,188,19,3760.0,4.93,SIGNAL
RUN_20260922_115213_V2,ChecklistStrategy,BEL,2026-08-07,2026-08-12,LONG,401.0,406.0,199,5,995.0,1.25,SIGNAL
RUN_20260922_115213_V2,ChecklistStrategy,BEL,2026-08-14,2026-08-25,LONG,410.45,407.0,195,11,-672.75,-0.84,SIGNAL
RUN_20260922_115213_V2,ChecklistStrategy,BEL,2026-08-28,2026-09-07,LONG,410.85,406.35,194,10,-873.0,-1.1,SIGNAL
RUN_20260922_115213_V2,ChecklistStrategy,BHARTIARTL,2024-02-23,2024-02-29,LONG,1127.0,1118.85,66,6,-537.9,-0.72,SIGNAL
RUN_20260922_115213_V2,ChecklistStrategy,BHARTIARTL,2024-03-15,2024-03-22,LONG,1190.0,1226.95,62,7,2290.9,3.11,SIGNAL
RUN_20260922_115213_V2,ChecklistStrategy,BHARTIARTL,2024-03-26,2024-04-08,LONG,1225.0,1188.0,61,13,-2257.0,-3.02,STOP_LOSS
RUN_20260922_115213_V2,ChecklistStrategy,BHARTIARTL,2024-05-09,2024-05-23,LONG,1283.0,1350.75,57,14,3941.55,5.28,SIGNAL
RUN_20260922_115213_V2,ChecklistStrategy,BHARTIARTL,2024-06-06,2024-06-11,LONG,1359.0,1426.0,57,5,3680.4,4.93,SIGNAL
RUN_20260922_115213_V2,ChecklistStrategy,BHARTIARTL,2024-07-11,2024-08-05,LONG,1450.0,1482.0,55,25,2921.0,2.21,SIGNAL
RUN_20260922_115213_V2,ChecklistStrategy,BHARTIARTL,2024-08-16,2024-08-21,LONG,1480.0,1453.0,55,5,-1485.0,-1.82,SIGNAL
RUN_20260922_115213_V2,ChecklistStrategy,BHARTIARTL,2024-08-22,2024-08-28,LONG,1473.7,1527.95,55,6,2983.75,3.68,SIGNAL
RUN_20260922_115213_V2,ChecklistStrategy,BHARTIARTL,2024-10-08,2024-10-09,LONG,1662.6,1666.75,50,1,207.5,0.25,SIGNAL
RUN_20260922_115213_V2,ChecklistStrategy,BHARTIARTL,2024-10-14,2024-10-18,LONG,1686.0,1710.0,49,4,1176.0,1.42,SIGNAL
RUN_20260922_115213_V2,ChecklistStrategy,BHARTIARTL,2024-10-21,2024-10-28,LONG,1705.55,1658.15,49,7,-2322.6,-2.78,STOP_LOSS
RUN_20260922_115213_V2,ChecklistStrategy,BHARTIARTL,2024-12-02,2024-12-04,LONG,1627.15,1629.75,50,2,130.0,0.16,SIGNAL
RUN_20260922_115213_V2,ChecklistStrategy,BHARTIARTL,2024-12-06,2024-12-09,LONG,1618.0,1595.9,51,3,-1127.1,-1.37,SIGNAL
RUN_20260922_115213_V2,ChecklistStrategy,BHARTIARTL,2024-12-13,2024-12-17,LONG,1618.0,1650.5,50,4,1625.0,2.01,SIGNAL
RUN_20260922_115213_V2,ChecklistStrategy,BHARTIARTL,2024-12-24,2024-12-26,LONG,1590.0,1583.9,52,2,-317.2,-0.38,SIGNAL
RUN_20260922_115213_V2,ChecklistStrategy,BHARTIARTL,2025-01-23,2025-01-30,LONG,1624.5,1606.7,50,7,-890.0,-1.1,SIGNAL
RUN_20260922_115213_V2,ChecklistStrategy,BHARTIARTL,2025-02-04,2025-02-05,LONG,1662.15,1670.0,49,1,384.65,0.47,SIGNAL
RUN_20260922_115213_V2,ChecklistStrategy,BHARTIARTL,2025-02-27,2025-03-03,LONG,1643.4,1579.0,50,4,-3220.0,-3.92,STOP_LOSS
RUN_20260922_115213_V2,ChecklistStrategy,BHARTIARTL,2025-03-04,2025-03-07,LONG,1589.0,1629.0,49,3,1960.0,2.52,SIGNAL
RUN_20260922_115213_V2,ChecklistStrategy,BHARTIARTL,2025-03-12,2025-03-13,LONG,1690.0,1650.8,48,1,-1881.6,-2.32,STOP_LOSS
RUN_20260922_115213_V2,ChecklistStrategy,BHARTIARTL,2025-04-30,2025-05-08,LONG,1837.0,1897.0,43,8,2580.0,3.27,SIGNAL
RUN_20260922_115213_V2,ChecklistStrategy,BHARTIARTL,2025-06-12,2025-06-13,LONG,1871.9,1815.0,43,1,-2446.7,-3.04,STOP_LOSS
RUN_20260922_115213_V2,ChecklistStrategy,BHARTIARTL,2025-08-12,2025-08-22,LONG,1857.4,1934.0,42,10,3217.2,4.12,SIGNAL
RUN_20260922_115213_V2,ChecklistStrategy,BHARTIARTL,2025-09-12,2025-09-19,LONG,1925.0,1930.2,42,7,218.4,0.27,SIGNAL
RUN_20260922_115213_V2,ChecklistStrategy,BHARTIARTL,2025-09-22,2025-09-26,LONG,1954.0,1931.1,41,4,-938.9,-1.17,SIGNAL
RUN_20260922_115213_V2,ChecklistStrategy,BHARTIARTL,2025-10-06,2025-10-13,LONG,1892.6,1937.9,42,7,1902.6,2.39,SIGNAL
RUN_20260922_115213_V2,ChecklistStrategy,BHARTIARTL,2025-12-03,2025-12-09,LONG,2100.1,2086.8,39,6,-518.7,-0.63,SIGNAL
RUN_20260922_115213_V2,ChecklistStrategy,BHARTIARTL,2025-12-15,2025-12-16,LONG,2070.1,2070.1,39,1,0.0,0.0,SIGNAL
RUN_20260922_115213_V2,ChecklistStrategy,BHARTIARTL,2026-01-30,2026-02-20,LONG,1925.6,1981.1,41,21,2893.5,2.88,SIGNAL
RUN_20260922_115213_V2,ChecklistStrategy,BHARTIARTL,2026-02-27,2026-03-09,LONG,1910.0,1831.0,43,10,-3397.0,-4.14,STOP_LOSS
RUN_20260922_115213_V2,ChecklistStrategy,BHARTIARTL,2026-06-22,2026-06-24,LONG,1915.8,1891.2,42,2,-1033.2,-1.28,SIGNAL
RUN_20260922_115213_V2,ChecklistStrategy,BHARTIARTL,2026-07-02,2026-07-08,LONG,1860.8,1911.0,43,6,2158.6,2.7,SIGNAL
RUN_20260922_115213_V2,ChecklistStrategy,BHARTIARTL,2026-07-15,2026-07-16,LONG,1953.7,1928.0,42,1,-1079.4,-1.32,SIGNAL
RUN_20260922_115213_V2,ChecklistStrategy,BHARTIARTL,2026-07-21,2026-07-27,LONG,1946.4,1892.0,42,6,-2284.8,-2.79,STOP_LOSS
RUN_20260922_115213_V2,ChecklistStrategy,BHARTIARTL,2026-08-10,2026-08-12,LONG,1955.0,1908.6,40,2,-1856.0,-2.37,STOP_LOSS
RUN_20260922_115213_V2,ChecklistStrategy,BHARTIARTL,2026-08-13,2026-08-18,LONG,1965.0,1956.7,40,5,-332.0,-0.42,SIGNAL
RUN_20260922_115213_V2,ChecklistStrategy,BHARTIARTL,2026-09-02,2026-09-03,LONG,1869.0,1855.6,41,1,-549.4,-0.72,SIGNAL
RUN_20260922_115213_V2,ChecklistStrategy,CIPLA,2024-02-01,2024-02-09,LONG,1359.7,1428.1,55,8,4214.25,5.03,SIGNAL
RUN_20260922_115213_V2,ChecklistStrategy,CIPLA,2024-02-23,2024-03-04,LONG,1456.15,1483.0,53,10,1423.05,1.84,SIGNAL
RUN_20260922_115213_V2,ChecklistStrategy,CIPLA,2024-03-14,2024-03-20,LONG,1467.1,1435.8,53,6,-1658.9,-2.13,STOP_LOSS
RUN_20260922_115213_V2,ChecklistStrategy,CIPLA,2024-05-03,2024-05-08,LONG,1428.0,1375.05,54,5,-2859.3,-3.71,STOP_LOSS
RUN_20260922_115213_V2,ChecklistStrategy,CIPLA,2024-05-16,2024-05-27,LONG,1409.0,1491.0,53,11,4112.0,5.82,SIGNAL
RUN_20260922_115213_V2,ChecklistStrategy,CIPLA,2024-06-05,2024-06-07,LONG,1490.0,1484.0,53,2,-318.0,-0.4,SIGNAL
RUN_20260922_115213_V2,ChecklistStrategy,CIPLA,2024-06-10,2024-06-14,LONG,1506.9,1545.0,52,4,1981.2,2.53,SIGNAL
RUN_20260922_115213_V2,ChecklistStrategy,CIPLA,2024-07-10,2024-07-16,LONG,1512.1,1517.2,52,6,265.2,0.34,SIGNAL
RUN_20260922_115213_V2,ChecklistStrategy,CIPLA,2024-08-01,2024-09-02,LONG,1545.95,1669.0,51,32,5100.55,7.96,SIGNAL
RUN_20260922_115213_V2,ChecklistStrategy,CIPLA,2024-09-10,2024-09-27,LONG,1633.0,1630.15,51,17,-145.35,-0.17,SIGNAL
RUN_20260922_115213_V2,ChecklistStrategy,CIPLA,2024-10-03,2024-10-07,LONG,1661.25,1623.0,50,4,-1912.5,-2.3,STOP_LOSS
RUN_20260922_115213_V2,ChecklistStrategy,CIPLA,2024-10-15,2024-10-17,LONG,1601.9,1562.2,51,2,-2024.7,-2.48,STOP_LOSS
RUN_20260922_115213_V2,ChecklistStrategy,CIPLA,2024-12-06,2024-12-09,LONG,1513.25,1480.0,53,3,-1762.25,-2.2,STOP_LOSS
RUN_20260922_115213_V2,ChecklistStrategy,CIPLA,2024-12-16,2024-12-23,LONG,1448.0,1473.95,54,7,2281.5,1.79,SIGNAL
RUN_20260922_115213_V2,ChecklistStrategy,CIPLA,2024-12-27,2025-01-06,LONG,1488.6,1500.0,54,10,615.6,0.77,SIGNAL
RUN_20260922_115213_V2,ChecklistStrategy,CIPLA,2025-01-16,2025-01-27,LONG,1451.75,1408.1,56,11,-2444.4,-3.01,STOP_LOSS
RUN_20260922_115213_V2,ChecklistStrategy,CIPLA,2025-01-29,2025-02-03,LONG,1440.0,1435.0,56,5,-280.0,-0.35,SIGNAL
RUN_20260922_115213_V2,ChecklistStrategy,CIPLA,2025-02-14,2025-02-27,LONG,1478.0,1452.0,53,13,-1378.0,-1.76,SIGNAL
RUN_20260922_115213_V2,ChecklistStrategy,CIPLA,2025-03-05,2025-03-11,LONG,1395.1,1448.0,55,6,3394.15,3.79,SIGNAL
RUN_20260922_115213_V2,ChecklistStrategy,CIPLA,2025-03-13,2025-04-01,LONG,1456.4,1438.55,55,19,1353.75,-1.23,SIGNAL
RUN_20260922_115213_V2,ChecklistStrategy,CIPLA,2025-04-17,2025-04-28,LONG,1498.0,1525.9,54,11,1506.6,1.86,SIGNAL
RUN_20260922_115213_V2,ChecklistStrategy,CIPLA,2025-05-22,2025-06-05,LONG,1483.0,1476.0,55,14,-385.0,-0.47,SIGNAL
RUN_20260922_115213_V2,ChecklistStrategy,CIPLA,2025-06-11,2025-06-13,LONG,1512.5,1480.0,54,2,-1755.0,-2.15,STOP_LOSS
RUN_20260922_115213_V2,ChecklistStrategy,CIPLA,2025-06-23,2025-07-03,LONG,1499.7,1504.0,54,10,232.2,0.29,SIGNAL
RUN_20260922_115213_V2,ChecklistStrategy,CIPLA,2025-07-04,2025-07-11,LONG,1508.4,1480.0,53,7,-1505.2,-1.88,SIGNAL
RUN_20260922_115213_V2,ChecklistStrategy,CIPLA,2025-07-21,2025-07-30,LONG,1481.1,1574.3,54,9,4738.5,6.29,SIGNAL
RUN_20260922_115213_V2,ChecklistStrategy,CIPLA,2025-08-05,2025-08-28,LONG,1513.5,1594.0,55,23,4319.5,5.32,SIGNAL
RUN_20260922_115213_V2,ChecklistStrategy,CIPLA,2025-09-04,2025-09-08,LONG,1599.0,1554.5,55,4,-2447.5,-2.78,STOP_LOSS
RUN_20260922_115213_V2,ChecklistStrategy,CIPLA,2025-09-29,2025-09-30,LONG,1506.9,1488.1,56,1,-1052.8,-1.25,SIGNAL
RUN_20260922_115213_V2,ChecklistStrategy,CIPLA,2025-10-01,2025-10-21,LONG,1505.0,1646.7,55,20,5595.7,9.42,SIGNAL
RUN_20260922_115213_V2,ChecklistStrategy,CIPLA,2025-10-30,2025-10-31,LONG,1587.0,1510.1,55,1,-4229.5,-4.85,STOP_LOSS
RUN_20260922_115213_V2,ChecklistStrategy,CIPLA,2025-11-18,2025-11-26,LONG,1530.0,1505.0,55,8,-1375.0,-1.63,SIGNAL
RUN_20260922_115213_V2,ChecklistStrategy,CIPLA,2026-01-01,2026-01-08,LONG,1512.0,1467.9,55,7,-2425.5,-2.92,STOP_LOSS
RUN_20260922_115213_V2,ChecklistStrategy,CIPLA,2026-01-12,2026-01-15,LONG,1464.0,1434.5,56,3,-1652.0,-2.02,STOP_LOSS
RUN_20260922_115213_V2,ChecklistStrategy,CIPLA,2026-01-20,2026-01-22,LONG,1392.3,1381.2,58,2,-643.81,-0.8,SIGNAL
RUN_20260922_115213_V2,ChecklistStrategy,CIPLA,2026-01-30,2026-02-18,LONG,1319.0,1350.8,60,19,1908.0,2.41,SIGNAL
RUN_20260922_115213_V2,ChecklistStrategy,CIPLA,2026-03-06,2026-03-09,LONG,1326.1,1309.0,61,3,-1043.1,-1.29,SIGNAL
RUN_20260922_115213_V2,ChecklistStrategy,CIPLA,2026-04-06,2026-04-09,LONG,1190.3,1215.2,67,3,1668.29,2.09,SIGNAL
RUN_20260922_115213_V2,ChecklistStrategy,CIPLA,2026-04-10,2026-04-21,LONG,1225.4,1228.6,67,11,214.4,0.26,SIGNAL
RUN_20260922_115213_V2,ChecklistStrategy,CIPLA,2026-05-14,2026-05-18,LONG,1362.2,1422.0,61,4,4088.8,4.39,SIGNAL
RUN_20260922_115213_V2,ChecklistStrategy,CIPLA,2026-06-03,2026-06-10,LONG,1375.0,1374.0,61,7,-61.0,-0.07,SIGNAL
RUN_20260922_115213_V2,ChecklistStrategy,CIPLA,2026-07-15,2026-07-23,LONG,1447.0,1409.1,59,8,-2236.1,-2.62,STOP_LOSS
RUN_20260922_115213_V2,ChecklistStrategy,CIPLA,2026-07-27,2026-08-17,LONG,1412.6,1445.4,59,21,2903.8,2.32,SIGNAL
RUN_20260922_115213_V2,ChecklistStrategy,CIPLA,2026-08-25,2026-08-27,LONG,1435.9,1405.0,59,2,-1823.1,-2.15,STOP_LOSS
RUN_20260922_115213_V2,ChecklistStrategy,CIPLA,2026-09-03,2026-09-07,LONG,1414.0,1380.0,59,4,-2006.0,-2.4,STOP_LOSS
RUN_20260922_115213_V2,ChecklistStrategy,CIPLA,2026-09-11,2026-09-22,LONG,1373.0,1386.3,60,11,798.0,0.97,SIGNAL
RUN_20260922_115213_V2,ChecklistStrategy,COALINDIA,2024-01-25,2024-02-05,LONG,386.8,423.25,196,11,6409.2,9.42,SIGNAL
RUN_20260922_115213_V2,ChecklistStrategy,COALINDIA,2024-02-14,2024-02-19,LONG,451.65,482.8,176,5,5447.2,6.9,SIGNAL
RUN_20260922_115213_V2,ChecklistStrategy,COALINDIA,2024-02-23,2024-02-29,LONG,448.0,444.0,188,6,-752.0,-0.89,SIGNAL
RUN_20260922_115213_V2,ChecklistStrategy,COALINDIA,2024-03-15,2024-03-18,LONG,427.7,416.0,194,3,-2269.8,-2.74,STOP_LOSS
RUN_20260922_115213_V2,ChecklistStrategy,COALINDIA,2024-03-19,2024-03-28,LONG,417.0,430.0,193,9,3449.8,3.12,SIGNAL
RUN_20260922_115213_V2,ChecklistStrategy,COALINDIA,2024-04-01,2024-04-19,LONG,436.7,436.0,193,18,1688.9,-0.16,SIGNAL
RUN_20260922_115213_V2,ChecklistStrategy,COALINDIA,2024-04-25,2024-04-30,LONG,443.0,456.4,192,5,2572.8,3.02,SIGNAL
RUN_20260922_115213_V2,ChecklistStrategy,COALINDIA,2024-05-13,2024-05-14,LONG,451.25,446.7,193,1,-878.15,-1.01,SIGNAL
RUN_20260922_115213_V2,ChecklistStrategy,COALINDIA,2024-05-15,2024-05-22,LONG,450.0,494.5,192,7,6100.8,9.89,SIGNAL
RUN_20260922_115213_V2,ChecklistStrategy,COALINDIA,2024-06-06,2024-06-26,LONG,470.0,470.25,197,20,1925.95,0.05,SIGNAL
RUN_20260922_115213_V2,ChecklistStrategy,COALINDIA,2024-06-28,2024-07-12,LONG,470.0,504.0,197,14,5277.0,7.23,SIGNAL
RUN_20260922_115213_V2,ChecklistStrategy,COALINDIA,2024-07-23,2024-07-24,LONG,494.0,486.7,196,1,-1430.8,-1.48,SIGNAL
RUN_20260922_115213_V2,ChecklistStrategy,COALINDIA,2024-07-31,2024-08-01,LONG,523.45,535.0,183,1,2113.65,2.21,SIGNAL
RUN_20260922_115213_V2,ChecklistStrategy,COALINDIA,2024-08-12,2024-08-16,LONG,529.0,507.7,182,4,-3876.6,-4.03,STOP_LOSS
RUN_20260922_115213_V2,ChecklistStrategy,COALINDIA,2024-08-19,2024-09-02,LONG,513.8,527.0,183,14,3780.6,2.57,SIGNAL
RUN_20260922_115213_V2,ChecklistStrategy,COALINDIA,2024-10-09,2024-10-16,LONG,492.0,495.0,196,7,588.0,0.61,SIGNAL
RUN_20260922_115213_V2,ChecklistStrategy,COALINDIA,2024-10-17,2024-10-18,LONG,495.75,488.0,195,1,-1511.25,-1.56,SIGNAL
RUN_20260922_115213_V2,ChecklistStrategy,COALINDIA,2024-10-24,2024-10-25,LONG,474.1,478.1,202,1,808.0,0.84,SIGNAL
RUN_20260922_115213_V2,ChecklistStrategy,COALINDIA,2024-10-30,2024-11-06,LONG,448.0,437.8,216,7,-2203.2,-2.28,STOP_LOSS
RUN_20260922_115213_V2,ChecklistStrategy,COALINDIA,2024-11-07,2024-11-11,LONG,437.8,423.0,217,4,-3211.6,-3.38,STOP_LOSS
RUN_20260922_115213_V2,ChecklistStrategy,COALINDIA,2024-11-18,2024-12-12,LONG,413.95,416.5,225,24,573.75,0.62,SIGNAL
RUN_20260922_115213_V2,ChecklistStrategy,COALINDIA,2024-12-16,2024-12-19,LONG,410.5,390.95,225,3,-4398.75,-4.76,STOP_LOSS
RUN_20260922_115213_V2,ChecklistStrategy,COALINDIA,2025-01-01,2025-01-07,LONG,383.55,380.55,232,6,-696.0,-0.78,SIGNAL
RUN_20260922_115213_V2,ChecklistStrategy,COALINDIA,2025-01-09,2025-01-10,LONG,381.55,371.4,233,1,-2364.95,-2.66,STOP_LOSS
RUN_20260922_115213_V2,ChecklistStrategy,COALINDIA,2025-01-24,2025-01-27,LONG,386.05,380.9,225,3,-1158.75,-1.33,SIGNAL
RUN_20260922_115213_V2,ChecklistStrategy,COALINDIA,2025-02-13,2025-02-17,LONG,362.0,354.2,238,4,-1856.4,-2.15,STOP_LOSS
RUN_20260922_115213_V2,ChecklistStrategy,COALINDIA,2025-02-18,2025-03-03,LONG,360.25,370.0,234,13,2281.5,2.71,SIGNAL
RUN_20260922_115213_V2,ChecklistStrategy,COALINDIA,2025-03-24,2025-03-26,LONG,407.95,398.5,212,2,-2003.4,-2.32,STOP_LOSS
RUN_20260922_115213_V2,ChecklistStrategy,COALINDIA,2025-04-09,2025-04-11,LONG,382.3,389.95,221,2,1690.66,2.0,SIGNAL
RUN_20260922_115213_V2,ChecklistStrategy,COALINDIA,2025-04-17,2025-04-21,LONG,396.9,399.25,215,4,505.25,0.59,SIGNAL
RUN_20260922_115213_V2,ChecklistStrategy,COALINDIA,2025-04-29,2025-04-30,LONG,397.15,389.1,217,1,-1746.85,-2.03,STOP_LOSS
RUN_20260922_115213_V2,ChecklistStrategy,COALINDIA,2025-05-26,2025-06-02,LONG,402.55,398.95,211,7,-759.59,-0.89,SIGNAL
RUN_20260922_115213_V2,ChecklistStrategy,COALINDIA,2025-06-05,2025-06-10,LONG,394.6,403.0,213,5,1789.2,2.13,SIGNAL
RUN_20260922_115213_V2,ChecklistStrategy,COALINDIA,2025-07-23,2025-07-28,LONG,389.4,381.2,219,5,-1795.8,-2.11,STOP_LOSS
RUN_20260922_115213_V2,ChecklistStrategy,COALINDIA,2025-07-30,2025-08-04,LONG,384.0,372.45,219,5,-2529.45,-3.01,STOP_LOSS
RUN_20260922_115213_V2,ChecklistStrategy,COALINDIA,2025-08-19,2025-08-22,LONG,388.5,378.15,212,3,-2194.2,-2.66,STOP_LOSS
RUN_20260922_115213_V2,ChecklistStrategy,COALINDIA,2025-08-29,2025-09-03,LONG,372.65,380.95,215,5,1784.5,2.23,SIGNAL
RUN_20260922_115213_V2,ChecklistStrategy,COALINDIA,2025-09-22,2025-09-24,LONG,394.5,394.5,207,2,0.0,0.0,SIGNAL
RUN_20260922_115213_V2,ChecklistStrategy,COALINDIA,2025-10-24,2025-10-29,LONG,392.65,393.25,208,5,124.8,0.15,SIGNAL
RUN_20260922_115213_V2,ChecklistStrategy,COALINDIA,2025-10-31,2025-11-03,LONG,389.95,390.55,211,3,126.59,0.15,SIGNAL
RUN_20260922_115213_V2,ChecklistStrategy,COALINDIA,2025-11-17,2025-11-19,LONG,387.0,383.1,211,2,-822.9,-1.01,SIGNAL
RUN_20260922_115213_V2,ChecklistStrategy,COALINDIA,2025-12-08,2025-12-09,LONG,380.9,375.1,214,1,-1241.2,-1.52,SIGNAL
RUN_20260922_115213_V2,ChecklistStrategy,COALINDIA,2025-12-16,2025-12-26,LONG,384.0,403.8,208,10,4118.4,5.16,SIGNAL
RUN_20260922_115213_V2,ChecklistStrategy,COALINDIA,2026-01-28,2026-01-30,LONG,423.5,453.95,197,2,5219.55,7.19,SIGNAL
RUN_20260922_115213_V2,ChecklistStrategy,COALINDIA,2026-02-05,2026-02-12,LONG,437.0,423.75,200,7,-2650.0,-3.03,STOP_LOSS
RUN_20260922_115213_V2,ChecklistStrategy,COALINDIA,2026-02-17,2026-02-18,LONG,422.25,418.45,201,1,-763.8,-0.9,SIGNAL
RUN_20260922_115213_V2,ChecklistStrategy,COALINDIA,2026-02-23,2026-02-24,LONG,426.0,424.0,199,1,-398.0,-0.47,SIGNAL
RUN_20260922_115213_V2,ChecklistStrategy,COALINDIA,2026-03-02,2026-03-06,LONG,417.9,451.15,195,4,5416.75,7.96,SIGNAL
RUN_20260922_115213_V2,ChecklistStrategy,COALINDIA,2026-03-11,2026-03-12,LONG,447.0,446.75,199,1,-49.75,-0.06,SIGNAL
RUN_20260922_115213_V2,ChecklistStrategy,COALINDIA,2026-03-13,2026-03-17,LONG,473.0,460.3,187,4,-2374.9,-2.68,STOP_LOSS
RUN_20260922_115213_V2,ChecklistStrategy,COALINDIA,2026-03-27,2026-04-09,LONG,446.0,449.25,194,13,630.5,0.73,SIGNAL
RUN_20260922_115213_V2,ChecklistStrategy,COALINDIA,2026-04-10,2026-04-13,LONG,455.0,435.0,191,3,-3820.0,-4.4,STOP_LOSS
RUN_20260922_115213_V2,ChecklistStrategy,COALINDIA,2026-04-15,2026-04-22,LONG,439.0,443.8,192,7,921.6,1.09,SIGNAL
RUN_20260922_115213_V2,ChecklistStrategy,COALINDIA,2026-05-08,2026-05-14,LONG,461.2,464.0,181,6,506.8,0.61,SIGNAL
RUN_20260922_115213_V2,ChecklistStrategy,COALINDIA,2026-05-18,2026-05-20,LONG,462.0,456.0,183,2,-1098.0,-1.3,SIGNAL
RUN_20260922_115213_V2,ChecklistStrategy,COALINDIA,2026-06-02,2026-06-08,LONG,469.85,465.0,177,6,-858.45,-1.03,SIGNAL
RUN_20260922_115213_V2,ChecklistStrategy,COALINDIA,2026-06-10,2026-06-11,LONG,465.2,451.0,178,1,-2527.6,-3.05,STOP_LOSS
RUN_20260922_115213_V2,ChecklistStrategy,COALINDIA,2026-07-03,2026-07-07,LONG,441.95,432.35,185,4,-1776.0,-2.17,STOP_LOSS
RUN_20260922_115213_V2,ChecklistStrategy,COALINDIA,2026-07-14,2026-07-21,LONG,429.95,429.95,186,7,0.0,0.0,SIGNAL
RUN_20260922_115213_V2,ChecklistStrategy,COALINDIA,2026-08-04,2026-08-19,LONG,415.0,406.95,192,15,-1545.6,-1.94,SIGNAL
RUN_20260922_115213_V2,ChecklistStrategy,COALINDIA,2026-09-17,2026-09-21,LONG,421.1,411.7,186,4,-1748.4,-2.23,STOP_LOSS
RUN_20260922_115213_V2,ChecklistStrategy,DRREDDY,2024-02-01,2024-02-02,LONG,1217.89,1203.19,61,1,-896.7,-1.21,SIGNAL
RUN_20260922_115213_V2,ChecklistStrategy,DRREDDY,2024-03-05,2024-03-13,LONG,1266.98,1260.48,58,8,-377.0,-0.51,SIGNAL
RUN_20260922_115213_V2,ChecklistStrategy,DRREDDY,2024-03-14,2024-03-18,LONG,1256.4,1258.42,58,4,117.16,0.16,SIGNAL
RUN_20260922_115213_V2,ChecklistStrategy,DRREDDY,2024-03-21,2024-03-27,LONG,1225.0,1230.2,60,6,312.0,0.42,SIGNAL
RUN_20260922_115213_V2,ChecklistStrategy,DRREDDY,2024-04-05,2024-04-08,LONG,1228.5,1243.49,60,3,899.4,1.22,SIGNAL
RUN_20260922_115213_V2,ChecklistStrategy,DRREDDY,2024-05-09,2024-05-10,LONG,1214.9,1175.0,61,1,-2433.9,-3.28,STOP_LOSS
RUN_20260922_115213_V2,ChecklistStrategy,DRREDDY,2024-05-28,2024-05-30,LONG,1174.43,1195.0,62,2,1275.34,1.75,SIGNAL
RUN_20260922_115213_V2,ChecklistStrategy,DRREDDY,2024-06-13,2024-06-19,LONG,1223.98,1198.39,61,6,-1560.99,-2.09,STOP_LOSS
RUN_20260922_115213_V2,ChecklistStrategy,DRREDDY,2024-06-26,2024-07-03,LONG,1212.7,1274.8,59,7,3988.7,5.12,SIGNAL
RUN_20260922_115213_V2,ChecklistStrategy,DRREDDY,2024-09-23,2024-09-25,LONG,1320.0,1331.25,57,2,641.25,0.85,SIGNAL
RUN_20260922_115213_V2,ChecklistStrategy,DRREDDY,2024-10-21,2024-10-24,LONG,1354.0,1328.8,56,3,-1411.2,-1.86,SIGNAL
RUN_20260922_115213_V2,ChecklistStrategy,DRREDDY,2024-10-29,2024-10-30,LONG,1327.0,1273.0,57,1,-3078.0,-4.07,STOP_LOSS
RUN_20260922_115213_V2,ChecklistStrategy,DRREDDY,2024-11-04,2024-11-11,LONG,1259.6,1284.0,57,7,1390.8,1.94,SIGNAL
RUN_20260922_115213_V2,ChecklistStrategy,DRREDDY,2024-11-21,2024-12-02,LONG,1174.9,1214.25,60,11,2361.0,3.35,SIGNAL
RUN_20260922_115213_V2,ChecklistStrategy,DRREDDY,2024-12-12,2024-12-18,LONG,1244.8,1251.9,60,6,426.0,0.57,SIGNAL
RUN_20260922_115213_V2,ChecklistStrategy,DRREDDY,2025-01-15,2025-01-17,LONG,1345.0,1298.0,56,2,-2632.0,-3.49,STOP_LOSS
RUN_20260922_115213_V2,ChecklistStrategy,DRREDDY,2025-02-18,2025-02-20,LONG,1198.95,1164.5,61,2,-2101.45,-2.87,STOP_LOSS
RUN_20260922_115213_V2,ChecklistStrategy,DRREDDY,2025-02-21,2025-02-27,LONG,1170.7,1128.5,61,6,-2574.2,-3.6,STOP_LOSS
RUN_20260922_115213_V2,ChecklistStrategy,DRREDDY,2025-03-04,2025-03-21,LONG,1111.1,1190.2,62,17,4555.45,7.12,SIGNAL
RUN_20260922_115213_V2,ChecklistStrategy,DRREDDY,2025-04-02,2025-04-07,LONG,1150.0,1020.0,63,5,-8190.0,-11.3,STOP_LOSS
RUN_20260922_115213_V2,ChecklistStrategy,DRREDDY,2025-04-29,2025-04-30,LONG,1204.4,1176.2,56,1,-1579.2,-2.34,STOP_LOSS
RUN_20260922_115213_V2,ChecklistStrategy,DRREDDY,2025-05-02,2025-05-09,LONG,1176.1,1142.5,55,7,-1848.0,-2.86,STOP_LOSS
RUN_20260922_115213_V2,ChecklistStrategy,DRREDDY,2025-05-12,2025-05-15,LONG,1155.9,1214.0,56,3,3234.0,5.03,SIGNAL
RUN_20260922_115213_V2,ChecklistStrategy,DRREDDY,2025-07-08,2025-07-09,LONG,1310.3,1280.0,51,1,-1545.3,-2.31,STOP_LOSS
RUN_20260922_115213_V2,ChecklistStrategy,DRREDDY,2025-07-16,2025-07-17,LONG,1260.9,1259.4,52,1,-78.0,-0.12,SIGNAL
RUN_20260922_115213_V2,ChecklistStrategy,DRREDDY,2025-07-18,2025-07-21,LONG,1265.0,1250.2,52,3,-769.6,-1.17,SIGNAL
RUN_20260922_115213_V2,ChecklistStrategy,DRREDDY,2025-07-24,2025-07-25,LONG,1261.1,1266.0,52,1,254.8,0.39,SIGNAL
RUN_20260922_115213_V2,ChecklistStrategy,DRREDDY,2025-10-31,2025-11-19,LONG,1202.5,1248.7,54,19,2494.8,3.84,SIGNAL
RUN_20260922_115213_V2,ChecklistStrategy,DRREDDY,2025-11-20,2025-11-25,LONG,1255.0,1236.3,53,5,-991.1,-1.49,SIGNAL
RUN_20260922_115213_V2,ChecklistStrategy,DRREDDY,2025-11-27,2025-12-11,LONG,1248.0,1250.8,53,14,148.4,0.22,SIGNAL
RUN_20260922_115213_V2,ChecklistStrategy,DRREDDY,2025-12-19,2025-12-30,LONG,1277.0,1268.0,52,11,-468.0,-0.7,SIGNAL
RUN_20260922_115213_V2,ChecklistStrategy,DRREDDY,2026-01-01,2026-01-06,LONG,1270.0,1250.0,52,5,-1040.0,-1.57,SIGNAL
RUN_20260922_115213_V2,ChecklistStrategy,DRREDDY,2026-01-12,2026-01-14,LONG,1210.0,1191.1,54,2,-1020.6,-1.56,SIGNAL
RUN_20260922_115213_V2,ChecklistStrategy,DRREDDY,2026-02-02,2026-02-09,LONG,1189.5,1260.0,53,7,3268.5,5.93,SIGNAL
RUN_20260922_115213_V2,ChecklistStrategy,DRREDDY,2026-02-12,2026-03-13,LONG,1268.9,1310.0,52,29,2423.2,3.24,SIGNAL
RUN_20260922_115213_V2,ChecklistStrategy,DRREDDY,2026-03-18,2026-03-24,LONG,1283.8,1267.2,53,6,-879.81,-1.29,SIGNAL
RUN_20260922_115213_V2,ChecklistStrategy,DRREDDY,2026-04-07,2026-04-16,LONG,1208.0,1222.0,55,9,770.0,1.16,SIGNAL
RUN_20260922_115213_V2,ChecklistStrategy,DRREDDY,2026-04-20,2026-04-21,LONG,1235.0,1232.6,55,1,-132.0,-0.19,SIGNAL
RUN_20260922_115213_V2,ChecklistStrategy,DRREDDY,2026-05-20,2026-05-21,LONG,1323.6,1325.0,51,1,71.4,0.11,SIGNAL
RUN_20260922_115213_V2,ChecklistStrategy,DRREDDY,2026-07-15,2026-07-20,LONG,1249.1,1213.3,55,5,-1969.0,-2.87,STOP_LOSS
RUN_20260922_115213_V2,ChecklistStrategy,DRREDDY,2026-07-21,2026-07-23,LONG,1224.7,1101.0,54,2,-6679.8,-10.1,STOP_LOSS
RUN_20260922_115213_V2,ChecklistStrategy,DRREDDY,2026-08-26,2026-08-31,LONG,1189.9,1178.0,51,5,-606.9,-1.0,SIGNAL
RUN_20260922_115213_V2,ChecklistStrategy,DRREDDY,2026-09-02,2026-09-17,LONG,1165.0,1140.0,52,15,-1300.0,-2.15,STOP_LOSS
RUN_20260922_115213_V2,ChecklistStrategy,DRREDDY,2026-09-18,2026-09-21,LONG,1182.6,1185.0,51,3,122.4,0.2,SIGNAL
RUN_20260922_115213_V2,ChecklistStrategy,EICHERMOT,2024-02-06,2024-02-09,LONG,3900.0,3820.0,19,3,-1520.0,-2.05,STOP_LOSS
RUN_20260922_115213_V2,ChecklistStrategy,EICHERMOT,2024-02-12,2024-02-22,LONG,3869.9,3864.8,19,10,-96.9,-0.13,SIGNAL
RUN_20260922_115213_V2,ChecklistStrategy,EICHERMOT,2024-02-27,2024-02-29,LONG,3950.0,3862.95,18,2,-1566.9,-2.2,STOP_LOSS
RUN_20260922_115213_V2,ChecklistStrategy,EICHERMOT,2024-03-06,2024-03-14,LONG,3800.0,3717.0,19,8,-1577.0,-2.18,STOP_LOSS
RUN_20260922_115213_V2,ChecklistStrategy,EICHERMOT,2024-03-20,2024-03-27,LONG,3821.0,3934.8,19,7,2762.05,2.98,SIGNAL
RUN_20260922_115213_V2,ChecklistStrategy,EICHERMOT,2024-04-04,2024-04-10,LONG,3957.0,4250.0,18,6,5254.2,7.4,SIGNAL
RUN_20260922_115213_V2,ChecklistStrategy,EICHERMOT,2024-04-18,2024-04-19,LONG,4356.0,4345.0,17,1,-187.0,-0.25,SIGNAL
RUN_20260922_115213_V2,ChecklistStrategy,EICHERMOT,2024-06-06,2024-06-12,LONG,4579.0,4765.0,16,6,3336.0,4.06,SIGNAL
RUN_20260922_115213_V2,ChecklistStrategy,EICHERMOT,2024-09-02,2024-09-03,LONG,4949.75,4923.95,16,1,-412.8,-0.52,SIGNAL
RUN_20260922_115213_V2,ChecklistStrategy,EICHERMOT,2024-09-26,2024-10-01,LONG,4915.0,5026.3,16,5,1780.8,2.26,SIGNAL
RUN_20260922_115213_V2,ChecklistStrategy,EICHERMOT,2024-10-14,2024-10-18,LONG,4749.0,4613.9,17,4,-2296.7,-2.84,STOP_LOSS
RUN_20260922_115213_V2,ChecklistStrategy,EICHERMOT,2024-10-21,2024-10-23,LONG,4765.0,4722.55,16,2,-679.2,-0.89,SIGNAL
RUN_20260922_115213_V2,ChecklistStrategy,EICHERMOT,2024-10-29,2024-10-31,LONG,4688.0,4869.0,16,2,2744.8,3.86,SIGNAL
RUN_20260922_115213_V2,ChecklistStrategy,EICHERMOT,2024-11-06,2024-11-11,LONG,4910.95,4762.0,16,5,-2383.2,-3.03,STOP_LOSS
RUN_20260922_115213_V2,ChecklistStrategy,EICHERMOT,2024-12-03,2024-12-10,LONG,4820.75,4840.0,16,7,308.0,0.4,SIGNAL
RUN_20260922_115213_V2,ChecklistStrategy,EICHERMOT,2025-01-03,2025-01-08,LONG,5325.0,5212.2,14,5,-1579.2,-2.12,STOP_LOSS
RUN_20260922_115213_V2,ChecklistStrategy,EICHERMOT,2025-01-23,2025-01-28,LONG,4996.6,5160.0,15,5,2661.0,3.27,SIGNAL
RUN_20260922_115213_V2,ChecklistStrategy,EICHERMOT,2025-01-30,2025-01-31,LONG,5182.9,5165.0,15,1,-268.5,-0.35,SIGNAL
RUN_20260922_115213_V2,ChecklistStrategy,EICHERMOT,2025-02-10,2025-02-11,LONG,5400.0,5138.85,14,1,-3656.1,-4.84,STOP_LOSS
RUN_20260922_115213_V2,ChecklistStrategy,EICHERMOT,2025-02-20,2025-03-03,LONG,4780.0,4827.0,15,11,2112.0,0.98,SIGNAL
RUN_20260922_115213_V2,ChecklistStrategy,EICHERMOT,2025-03-04,2025-03-11,LONG,4887.0,4950.0,15,7,1955.8,1.29,SIGNAL
RUN_20260922_115213_V2,ChecklistStrategy,EICHERMOT,2025-03-18,2025-03-25,LONG,5050.25,5460.0,15,7,5204.75,8.11,SIGNAL
RUN_20260922_115213_V2,ChecklistStrategy,EICHERMOT,2025-04-29,2025-05-05,LONG,5626.5,5469.5,14,6,-2198.0,-2.79,STOP_LOSS
RUN_20260922_115213_V2,ChecklistStrategy,EICHERMOT,2025-05-06,2025-05-08,LONG,5460.5,5463.5,14,2,42.0,0.05,SIGNAL
RUN_20260922_115213_V2,ChecklistStrategy,EICHERMOT,2025-05-13,2025-05-19,LONG,5506.5,5510.0,14,6,49.0,0.06,SIGNAL
RUN_20260922_115213_V2,ChecklistStrategy,EICHERMOT,2025-05-30,2025-06-02,LONG,5378.0,5340.0,15,3,-570.0,-0.71,SIGNAL
RUN_20260922_115213_V2,ChecklistStrategy,EICHERMOT,2025-06-09,2025-06-12,LONG,5422.0,5351.0,15,3,-1065.0,-1.31,SIGNAL
RUN_20260922_115213_V2,ChecklistStrategy,EICHERMOT,2025-06-19,2025-06-26,LONG,5410.0,5576.5,14,7,2719.5,3.08,SIGNAL
RUN_20260922_115213_V2,ChecklistStrategy,EICHERMOT,2025-06-27,2025-07-01,LONG,5615.0,5656.5,14,4,581.0,0.74,SIGNAL
RUN_20260922_115213_V2,ChecklistStrategy,EICHERMOT,2025-07-02,2025-07-04,LONG,5687.0,5715.5,14,2,399.0,0.5,SIGNAL
RUN_20260922_115213_V2,ChecklistStrategy,EICHERMOT,2025-07-16,2025-07-23,LONG,5600.0,5432.0,14,7,-2352.0,-3.0,STOP_LOSS
RUN_20260922_115213_V2,ChecklistStrategy,EICHERMOT,2025-08-05,2025-08-08,LONG,5625.0,5681.5,14,3,791.0,1.0,SIGNAL
RUN_20260922_115213_V2,ChecklistStrategy,EICHERMOT,2025-08-14,2025-08-22,LONG,5710.0,5970.0,14,8,3598.0,4.55,SIGNAL
RUN_20260922_115213_V2,ChecklistStrategy,EICHERMOT,2025-09-02,2025-09-09,LONG,6310.5,6782.0,13,7,4860.5,7.47,SIGNAL
RUN_20260922_115213_V2,ChecklistStrategy,EICHERMOT,2025-09-29,2025-10-07,LONG,7049.0,6880.0,12,8,-2028.0,-2.4,STOP_LOSS
RUN_20260922_115213_V2,ChecklistStrategy,EICHERMOT,2025-10-16,2025-11-11,LONG,6893.0,6871.5,12,26,-258.0,-0.31,SIGNAL
RUN_20260922_115213_V2,ChecklistStrategy,EICHERMOT,2025-11-18,2025-11-25,LONG,6835.0,7258.5,12,7,4284.0,6.2,SIGNAL
RUN_20260922_115213_V2,ChecklistStrategy,EICHERMOT,2025-12-01,2025-12-30,LONG,7061.5,7272.0,12,29,2526.0,2.98,SIGNAL
RUN_20260922_115213_V2,ChecklistStrategy,EICHERMOT,2026-01-01,2026-01-05,LONG,7317.0,7344.0,12,4,324.0,0.37,SIGNAL
RUN_20260922_115213_V2,ChecklistStrategy,EICHERMOT,2026-01-13,2026-01-19,LONG,7488.0,7300.0,12,6,-2256.0,-2.51,STOP_LOSS
RUN_20260922_115213_V2,ChecklistStrategy,EICHERMOT,2026-02-02,2026-02-05,LONG,6805.0,7290.0,12,3,5370.0,7.13,SIGNAL
RUN_20260922_115213_V2,ChecklistStrategy,EICHERMOT,2026-03-23,2026-04-01,LONG,6790.0,6787.5,13,9,-32.5,-0.04,SIGNAL
RUN_20260922_115213_V2,ChecklistStrategy,EICHERMOT,2026-04-13,2026-05-01,LONG,7150.0,7109.0,12,18,-492.0,-0.57,SIGNAL
RUN_20260922_115213_V2,ChecklistStrategy,EICHERMOT,2026-05-15,2026-05-18,LONG,7030.0,6970.0,13,3,-780.0,-0.85,SIGNAL
RUN_20260922_115213_V2,ChecklistStrategy,EICHERMOT,2026-07-02,2026-07-21,LONG,7155.0,7590.0,12,19,4674.0,6.08,SIGNAL
RUN_20260922_115213_V2,ChecklistStrategy,EICHERMOT,2026-09-04,2026-09-11,LONG,7665.0,7600.0,12,7,-780.0,-0.85,SIGNAL
RUN_20260922_115213_V2,ChecklistStrategy,ETERNAL,2024-01-25,2024-02-09,LONG,135.9,146.9,550,15,5527.5,8.09,SIGNAL
RUN_20260922_115213_V2,ChecklistStrategy,ETERNAL,2024-03-01,2024-03-04,LONG,168.0,168.0,478,3,0.0,0.0,SIGNAL
RUN_20260922_115213_V2,ChecklistStrategy,ETERNAL,2024-03-13,2024-03-14,LONG,157.45,147.1,503,1,-5206.05,-6.57,STOP_LOSS
RUN_20260922_115213_V2,ChecklistStrategy,ETERNAL,2024-04-22,2024-04-24,LONG,193.0,189.0,397,2,-1588.0,-2.07,STOP_LOSS
RUN_20260922_115213_V2,ChecklistStrategy,ETERNAL,2024-05-24,2024-05-27,LONG,188.0,183.9,395,3,-1619.5,-2.18,STOP_LOSS
RUN_20260922_115213_V2,ChecklistStrategy,ETERNAL,2024-06-05,2024-06-11,LONG,175.0,182.6,422,6,3713.6,4.34,SIGNAL
RUN_20260922_115213_V2,ChecklistStrategy,ETERNAL,2024-06-18,2024-06-19,LONG,187.5,190.0,404,1,1010.0,1.33,SIGNAL
RUN_20260922_115213_V2,ChecklistStrategy,ETERNAL,2024-07-02,2024-07-12,LONG,204.0,219.0,373,10,4479.0,7.35,SIGNAL
RUN_20260922_115213_V2,ChecklistStrategy,ETERNAL,2024-07-19,2024-08-02,LONG,217.99,244.5,360,14,6384.6,12.16,SIGNAL
RUN_20260922_115213_V2,ChecklistStrategy,ETERNAL,2024-09-17,2024-09-18,LONG,277.65,270.65,303,1,-2121.0,-2.52,STOP_LOSS
RUN_20260922_115213_V2,ChecklistStrategy,ETERNAL,2024-09-27,2024-10-04,LONG,275.4,267.0,290,7,-2436.0,-3.05,STOP_LOSS
RUN_20260922_115213_V2,ChecklistStrategy,ETERNAL,2024-10-07,2024-10-08,LONG,278.55,266.0,293,1,-3677.15,-4.51,STOP_LOSS
RUN_20260922_115213_V2,ChecklistStrategy,ETERNAL,2024-10-09,2024-10-11,LONG,279.0,276.4,279,2,-725.4,-0.93,SIGNAL
RUN_20260922_115213_V2,ChecklistStrategy,ETERNAL,2024-10-14,2024-10-17,LONG,280.9,275.0,278,3,-1640.2,-2.1,STOP_LOSS
RUN_20260922_115213_V2,ChecklistStrategy,ETERNAL,2024-10-24,2024-10-25,LONG,267.2,256.0,288,1,-3225.6,-4.19,STOP_LOSS
RUN_20260922_115213_V2,ChecklistStrategy,ETERNAL,2024-10-28,2024-10-31,LONG,252.0,248.0,290,3,-1160.0,-1.59,SIGNAL
RUN_20260922_115213_V2,ChecklistStrategy,ETERNAL,2024-11-12,2024-11-21,LONG,259.95,273.7,281,9,3617.35,5.29,SIGNAL
RUN_20260922_115213_V2,ChecklistStrategy,ETERNAL,2024-12-31,2025-01-02,LONG,278.0,277.9,267,2,-26.7,-0.04,SIGNAL
RUN_20260922_115213_V2,ChecklistStrategy,ETERNAL,2025-01-09,2025-01-10,LONG,251.6,244.9,301,1,-2016.7,-2.66,STOP_LOSS
RUN_20260922_115213_V2,ChecklistStrategy,ETERNAL,2025-01-13,2025-01-14,LONG,240.0,233.95,303,1,-1833.15,-2.52,STOP_LOSS
RUN_20260922_115213_V2,ChecklistStrategy,ETERNAL,2025-01-29,2025-02-03,LONG,211.0,233.99,347,5,6076.26,10.9,SIGNAL
RUN_20260922_115213_V2,ChecklistStrategy,ETERNAL,2025-02-20,2025-02-24,LONG,231.5,219.98,328,4,-3778.56,-4.98,STOP_LOSS
RUN_20260922_115213_V2,ChecklistStrategy,ETERNAL,2025-03-24,2025-03-25,LONG,228.8,223.8,325,1,-1625.0,-2.19,STOP_LOSS
RUN_20260922_115213_V2,ChecklistStrategy,ETERNAL,2025-04-02,2025-04-07,LONG,203.5,196.0,360,5,-513.0,-3.69,STOP_LOSS
RUN_20260922_115213_V2,ChecklistStrategy,ETERNAL,2025-05-15,2025-05-20,LONG,236.2,240.0,305,5,2046.68,1.61,SIGNAL
RUN_20260922_115213_V2,ChecklistStrategy,ETERNAL,2025-05-28,2025-06-03,LONG,225.9,245.0,328,6,5003.64,8.46,SIGNAL
RUN_20260922_115213_V2,ChecklistStrategy,ETERNAL,2025-06-05,2025-06-12,LONG,248.0,257.07,315,7,3615.36,3.66,SIGNAL
RUN_20260922_115213_V2,ChecklistStrategy,ETERNAL,2025-06-19,2025-06-27,LONG,247.99,266.49,323,8,4837.23,7.46,SIGNAL
RUN_20260922_115213_V2,ChecklistStrategy,ETERNAL,2025-07-22,2025-08-13,LONG,293.0,305.9,308,22,4596.9,4.4,SIGNAL
RUN_20260922_115213_V2,ChecklistStrategy,ETERNAL,2025-09-01,2025-09-19,LONG,313.95,337.0,278,18,5573.9,7.34,SIGNAL
RUN_20260922_115213_V2,ChecklistStrategy,ETERNAL,2025-10-01,2025-10-10,LONG,323.1,342.55,280,9,4760.0,6.02,SIGNAL
RUN_20260922_115213_V2,ChecklistStrategy,ETERNAL,2025-10-16,2025-10-17,LONG,356.0,340.0,267,1,-4272.0,-4.49,STOP_LOSS
RUN_20260922_115213_V2,ChecklistStrategy,ETERNAL,2025-10-28,2025-11-03,LONG,332.75,316.45,274,6,-4466.2,-4.9,STOP_LOSS
RUN_20260922_115213_V2,ChecklistStrategy,ETERNAL,2025-11-10,2025-11-13,LONG,304.25,308.65,288,3,1267.2,1.45,SIGNAL
RUN_20260922_115213_V2,ChecklistStrategy,ETERNAL,2025-12-10,2025-12-18,LONG,289.0,284.05,305,8,-1509.75,-1.71,SIGNAL
RUN_20260922_115213_V2,ChecklistStrategy,ETERNAL,2025-12-19,2025-12-31,LONG,286.9,276.0,309,12,-3368.1,-3.8,STOP_LOSS
RUN_20260922_115213_V2,ChecklistStrategy,ETERNAL,2026-01-22,2026-01-23,LONG,300.0,276.95,301,1,-6938.05,-7.68,STOP_LOSS
RUN_20260922_115213_V2,ChecklistStrategy,ETERNAL,2026-02-05,2026-02-06,LONG,291.1,286.9,272,1,-1142.4,-1.44,SIGNAL
RUN_20260922_115213_V2,ChecklistStrategy,ETERNAL,2026-02-17,2026-02-19,LONG,284.0,277.35,276,2,-1835.4,-2.34,STOP_LOSS
RUN_20260922_115213_V2,ChecklistStrategy,ETERNAL,2026-03-10,2026-03-11,LONG,232.0,226.6,339,1,-1830.6,-2.33,STOP_LOSS
RUN_20260922_115213_V2,ChecklistStrategy,ETERNAL,2026-03-17,2026-03-19,LONG,223.0,236.99,344,2,4607.88,6.27,SIGNAL
RUN_20260922_115213_V2,ChecklistStrategy,ETERNAL,2026-04-06,2026-04-15,LONG,232.8,241.0,345,9,3087.0,3.52,SIGNAL
RUN_20260922_115213_V2,ChecklistStrategy,ETERNAL,2026-04-21,2026-04-24,LONG,254.89,259.9,322,3,1613.22,1.97,SIGNAL
RUN_20260922_115213_V2,ChecklistStrategy,ETERNAL,2026-06-05,2026-06-10,LONG,253.35,247.0,327,5,-2076.45,-2.51,STOP_LOSS
RUN_20260922_115213_V2,ChecklistStrategy,ETERNAL,2026-07-15,2026-07-23,LONG,285.0,289.85,285,8,1382.25,1.7,SIGNAL
RUN_20260922_115213_V2,ChecklistStrategy,ETERNAL,2026-08-31,2026-09-08,LONG,328.8,320.8,252,8,-2016.0,-2.43,STOP_LOSS
RUN_20260922_115213_V2,ChecklistStrategy,ETERNAL,2026-09-09,2026-09-10,LONG,322.0,322.7,252,1,176.4,0.22,SIGNAL
RUN_20260922_115213_V2,ChecklistStrategy,ETERNAL,2026-09-11,2026-09-16,LONG,317.95,316.25,252,5,-428.4,-0.53,SIGNAL
RUN_20260922_115213_V2,ChecklistStrategy,GRASIM,2024-02-12,2024-02-14,LONG,2175.0,2054.0,34,2,-4114.0,-5.56,STOP_LOSS
RUN_20260922_115213_V2,ChecklistStrategy,GRASIM,2024-03-01,2024-03-05,LONG,2209.0,2230.1,32,4,675.2,0.96,SIGNAL
RUN_20260922_115213_V2,ChecklistStrategy,GRASIM,2024-04-22,2024-05-02,LONG,2275.0,2410.0,31,10,3705.0,5.93,SIGNAL
RUN_20260922_115213_V2,ChecklistStrategy,GRASIM,2024-05-13,2024-05-24,LONG,2377.9,2449.75,31,11,2227.35,3.02,SIGNAL
RUN_20260922_115213_V2,ChecklistStrategy,GRASIM,2024-05-29,2024-05-30,LONG,2440.0,2404.0,31,1,-1116.0,-1.48,SIGNAL
RUN_20260922_115213_V2,ChecklistStrategy,GRASIM,2024-06-06,2024-06-12,LONG,2306.05,2430.0,32,6,4284.8,5.37,SIGNAL
RUN_20260922_115213_V2,ChecklistStrategy,GRASIM,2024-06-20,2024-06-28,LONG,2447.1,2635.95,32,8,4746.39,7.72,SIGNAL
RUN_20260922_115213_V2,ChecklistStrategy,GRASIM,2024-07-23,2024-07-25,LONG,2811.0,2805.0,29,2,-174.0,-0.21,SIGNAL
RUN_20260922_115213_V2,ChecklistStrategy,GRASIM,2024-08-19,2024-09-12,LONG,2619.8,2690.6,31,24,3406.8,2.7,SIGNAL
RUN_20260922_115213_V2,ChecklistStrategy,GRASIM,2024-09-26,2024-10-15,LONG,2674.0,2725.0,31,19,2466.0,1.91,SIGNAL
RUN_20260922_115213_V2,ChecklistStrategy,GRASIM,2024-11-06,2024-11-07,LONG,2650.95,2631.15,32,1,-633.6,-0.75,SIGNAL
RUN_20260922_115213_V2,ChecklistStrategy,GRASIM,2024-11-18,2024-11-27,LONG,2497.0,2619.8,34,9,4093.6,4.92,SIGNAL
RUN_20260922_115213_V2,ChecklistStrategy,GRASIM,2024-11-28,2024-11-29,LONG,2622.0,2565.0,34,1,-1938.0,-2.17,STOP_LOSS
RUN_20260922_115213_V2,ChecklistStrategy,GRASIM,2024-12-16,2024-12-18,LONG,2680.1,2607.0,32,2,-2339.2,-2.73,STOP_LOSS
RUN_20260922_115213_V2,ChecklistStrategy,GRASIM,2024-12-24,2024-12-31,LONG,2515.0,2430.0,34,7,-2890.0,-3.38,STOP_LOSS
RUN_20260922_115213_V2,ChecklistStrategy,GRASIM,2025-01-15,2025-01-22,LONG,2326.9,2380.95,36,7,1945.8,2.32,SIGNAL
RUN_20260922_115213_V2,ChecklistStrategy,GRASIM,2025-01-23,2025-02-14,LONG,2388.0,2499.0,35,22,3485.5,4.65,SIGNAL
RUN_20260922_115213_V2,ChecklistStrategy,GRASIM,2025-02-18,2025-02-25,LONG,2480.0,2392.0,35,7,-3080.0,-3.55,STOP_LOSS
RUN_20260922_115213_V2,ChecklistStrategy,GRASIM,2025-03-12,2025-03-13,LONG,2413.55,2402.0,35,1,-404.25,-0.48,SIGNAL
RUN_20260922_115213_V2,ChecklistStrategy,GRASIM,2025-03-18,2025-03-24,LONG,2399.35,2478.65,35,6,2775.49,3.31,SIGNAL
RUN_20260922_115213_V2,ChecklistStrategy,GRASIM,2025-04-28,2025-04-30,LONG,2735.0,2735.0,31,2,0.0,0.0,SIGNAL
RUN_20260922_115213_V2,ChecklistStrategy,GRASIM,2025-05-15,2025-05-23,LONG,2734.3,2675.0,31,8,-1838.3,-2.17,STOP_LOSS
RUN_20260922_115213_V2,ChecklistStrategy,GRASIM,2025-06-19,2025-06-27,LONG,2680.0,2896.0,32,8,6016.0,8.06,SIGNAL
RUN_20260922_115213_V2,ChecklistStrategy,GRASIM,2025-07-25,2025-08-01,LONG,2735.0,2748.0,32,7,416.0,0.48,SIGNAL
RUN_20260922_115213_V2,ChecklistStrategy,GRASIM,2025-08-18,2025-08-20,LONG,2795.0,2828.3,32,2,1065.6,1.19,SIGNAL
RUN_20260922_115213_V2,ChecklistStrategy,GRASIM,2025-08-21,2025-08-25,LONG,2880.0,2825.7,31,4,-1683.3,-1.89,SIGNAL
RUN_20260922_115213_V2,ChecklistStrategy,GRASIM,2025-09-12,2025-09-23,LONG,2799.0,2858.9,32,11,1916.8,2.14,SIGNAL
RUN_20260922_115213_V2,ChecklistStrategy,GRASIM,2025-10-07,2025-10-09,LONG,2800.0,2781.4,32,2,-595.2,-0.66,SIGNAL
RUN_20260922_115213_V2,ChecklistStrategy,GRASIM,2025-10-10,2025-10-15,LONG,2810.6,2780.0,32,5,-979.2,-1.09,SIGNAL
RUN_20260922_115213_V2,ChecklistStrategy,GRASIM,2025-10-21,2025-10-31,LONG,2875.9,2950.4,31,10,2309.5,2.59,SIGNAL
RUN_20260922_115213_V2,ChecklistStrategy,GRASIM,2025-11-04,2025-11-07,LONG,2908.9,2700.0,31,3,-6475.9,-7.18,STOP_LOSS
RUN_20260922_115213_V2,ChecklistStrategy,GRASIM,2025-11-27,2025-11-28,LONG,2748.0,2747.2,31,1,-24.8,-0.03,SIGNAL
RUN_20260922_115213_V2,ChecklistStrategy,GRASIM,2025-12-22,2025-12-23,LONG,2812.7,2811.0,30,1,-51.0,-0.06,SIGNAL
RUN_20260922_115213_V2,ChecklistStrategy,GRASIM,2026-01-07,2026-01-09,LONG,2880.0,2799.8,30,2,-2406.0,-2.78,STOP_LOSS
RUN_20260922_115213_V2,ChecklistStrategy,GRASIM,2026-01-13,2026-01-14,LONG,2799.0,2774.0,30,1,-750.0,-0.89,SIGNAL
RUN_20260922_115213_V2,ChecklistStrategy,GRASIM,2026-01-22,2026-02-02,LONG,2742.5,2740.0,30,11,1876.5,-0.09,SIGNAL
RUN_20260922_115213_V2,ChecklistStrategy,GRASIM,2026-02-05,2026-02-12,LONG,2830.1,2940.4,30,7,3888.0,3.9,SIGNAL
RUN_20260922_115213_V2,ChecklistStrategy,GRASIM,2026-02-19,2026-02-20,LONG,2928.1,2864.9,30,1,-1896.01,-2.16,STOP_LOSS
RUN_20260922_115213_V2,ChecklistStrategy,GRASIM,2026-03-06,2026-03-09,LONG,2701.5,2659.0,31,3,-1317.5,-1.57,SIGNAL
RUN_20260922_115213_V2,ChecklistStrategy,GRASIM,2026-03-17,2026-03-23,LONG,2655.1,2591.0,32,6,-2051.2,-2.41,STOP_LOSS
RUN_20260922_115213_V2,ChecklistStrategy,GRASIM,2026-04-06,2026-04-10,LONG,2545.0,2750.0,32,4,6401.6,8.06,SIGNAL
RUN_20260922_115213_V2,ChecklistStrategy,GRASIM,2026-04-20,2026-04-29,LONG,2730.5,2798.0,32,9,2160.0,2.47,SIGNAL
RUN_20260922_115213_V2,ChecklistStrategy,GRASIM,2026-05-14,2026-05-25,LONG,2955.0,3180.0,30,11,6720.0,7.61,SIGNAL
RUN_20260922_115213_V2,ChecklistStrategy,GRASIM,2026-06-25,2026-07-08,LONG,3131.9,3174.0,30,13,1263.0,1.34,SIGNAL
RUN_20260922_115213_V2,ChecklistStrategy,GRASIM,2026-07-21,2026-08-05,LONG,3150.1,3150.0,30,15,-3.0,-0.0,SIGNAL
RUN_20260922_115213_V2,ChecklistStrategy,GRASIM,2026-08-10,2026-08-14,LONG,3324.0,3264.8,29,4,-1716.8,-1.78,SIGNAL
RUN_20260922_115213_V2,ChecklistStrategy,GRASIM,2026-08-26,2026-09-02,LONG,3291.0,3292.0,28,7,28.0,0.03,SIGNAL
RUN_20260922_115213_V2,ChecklistStrategy,GRASIM,2026-09-03,2026-09-16,LONG,3275.1,3190.0,28,13,-2382.8,-2.6,STOP_LOSS
RUN_20260922_115213_V2,ChecklistStrategy,HCLTECH,2024-02-01,2024-02-15,LONG,1576.0,1678.0,47,14,4725.0,6.47,SIGNAL
RUN_20260922_115213_V2,ChecklistStrategy,HCLTECH,2024-03-07,2024-03-13,LONG,1650.0,1638.75,47,6,-528.75,-0.68,SIGNAL
RUN_20260922_115213_V2,ChecklistStrategy,HCLTECH,2024-03-26,2024-03-27,LONG,1562.25,1569.0,50,1,337.5,0.43,SIGNAL
RUN_20260922_115213_V2,ChecklistStrategy,HCLTECH,2024-05-07,2024-05-09,LONG,1347.95,1315.0,57,2,-1878.15,-2.44,STOP_LOSS
RUN_20260922_115213_V2,ChecklistStrategy,HCLTECH,2024-05-16,2024-05-30,LONG,1345.0,1346.0,57,14,57.0,0.07,SIGNAL
RUN_20260922_115213_V2,ChecklistStrategy,HCLTECH,2024-06-05,2024-06-10,LONG,1320.0,1440.0,58,5,6003.0,9.09,SIGNAL
RUN_20260922_115213_V2,ChecklistStrategy,HCLTECH,2024-06-28,2024-07-01,LONG,1468.0,1465.0,55,3,-165.0,-0.2,SIGNAL
RUN_20260922_115213_V2,ChecklistStrategy,HCLTECH,2024-08-12,2024-08-21,LONG,1590.0,1686.0,51,9,4371.0,6.04,SIGNAL
RUN_20260922_115213_V2,ChecklistStrategy,HCLTECH,2024-08-29,2024-09-04,LONG,1714.0,1765.1,49,6,3485.5,2.98,SIGNAL
RUN_20260922_115213_V2,ChecklistStrategy,HCLTECH,2024-09-06,2024-09-10,LONG,1788.0,1749.45,48,4,-1850.4,-2.16,STOP_LOSS
RUN_20260922_115213_V2,ChecklistStrategy,HCLTECH,2024-09-23,2024-09-27,LONG,1764.0,1810.0,48,4,2208.0,2.61,SIGNAL
RUN_20260922_115213_V2,ChecklistStrategy,HCLTECH,2024-10-03,2024-10-17,LONG,1778.0,1869.9,47,14,3401.6,5.17,SIGNAL
RUN_20260922_115213_V2,ChecklistStrategy,HCLTECH,2024-10-24,2024-10-25,LONG,1845.0,1860.0,48,1,720.0,0.81,SIGNAL
RUN_20260922_115213_V2,ChecklistStrategy,HCLTECH,2024-11-22,2024-11-28,LONG,1846.35,1885.1,49,6,1898.75,2.1,SIGNAL
RUN_20260922_115213_V2,ChecklistStrategy,HCLTECH,2024-12-02,2024-12-16,LONG,1848.05,1970.85,49,14,4940.8,6.64,SIGNAL
RUN_20260922_115213_V2,ChecklistStrategy,HCLTECH,2024-12-27,2025-01-08,LONG,1900.0,1906.3,50,12,315.0,0.33,SIGNAL
RUN_20260922_115213_V2,ChecklistStrategy,HCLTECH,2025-01-21,2025-01-28,LONG,1791.4,1711.95,53,7,-4210.85,-4.44,STOP_LOSS
RUN_20260922_115213_V2,ChecklistStrategy,HCLTECH,2025-02-01,2025-02-12,LONG,1726.0,1723.9,53,11,-111.3,-0.12,SIGNAL
RUN_20260922_115213_V2,ChecklistStrategy,HCLTECH,2025-03-06,2025-03-13,LONG,1580.0,1540.6,58,7,-2285.2,-2.49,STOP_LOSS
RUN_20260922_115213_V2,ChecklistStrategy,HCLTECH,2025-03-18,2025-04-02,LONG,1545.15,1515.0,58,15,1438.4,-1.95,SIGNAL
RUN_20260922_115213_V2,ChecklistStrategy,HCLTECH,2025-04-15,2025-04-24,LONG,1420.0,1595.0,65,9,8015.0,12.32,SIGNAL
RUN_20260922_115213_V2,ChecklistStrategy,HCLTECH,2025-05-05,2025-05-16,LONG,1580.0,1691.9,61,11,6618.9,7.08,SIGNAL
RUN_20260922_115213_V2,ChecklistStrategy,HCLTECH,2025-05-22,2025-05-28,LONG,1638.4,1664.0,61,6,1561.6,1.56,SIGNAL
RUN_20260922_115213_V2,ChecklistStrategy,HCLTECH,2025-06-03,2025-06-05,LONG,1646.9,1634.9,63,2,-756.0,-0.73,SIGNAL
RUN_20260922_115213_V2,ChecklistStrategy,HCLTECH,2025-06-09,2025-07-10,LONG,1648.0,1675.0,62,31,3224.0,1.64,SIGNAL
RUN_20260922_115213_V2,ChecklistStrategy,HCLTECH,2025-07-21,2025-07-25,LONG,1548.8,1501.1,67,4,-3195.9,-3.08,STOP_LOSS
RUN_20260922_115213_V2,ChecklistStrategy,HCLTECH,2025-07-30,2025-08-28,LONG,1480.5,1488.0,69,29,517.5,0.51,SIGNAL
RUN_20260922_115213_V2,ChecklistStrategy,HCLTECH,2025-09-01,2025-09-09,LONG,1446.0,1410.2,70,8,-2506.0,-2.48,STOP_LOSS
RUN_20260922_115213_V2,ChecklistStrategy,HCLTECH,2025-09-17,2025-09-22,LONG,1490.8,1423.0,68,5,-4610.4,-4.55,STOP_LOSS
RUN_20260922_115213_V2,ChecklistStrategy,HCLTECH,2025-10-03,2025-10-06,LONG,1396.5,1393.5,70,3,-210.0,-0.21,SIGNAL
RUN_20260922_115213_V2,ChecklistStrategy,HCLTECH,2025-10-07,2025-10-13,LONG,1422.0,1490.0,68,6,4658.0,4.78,SIGNAL
RUN_20260922_115213_V2,ChecklistStrategy,HCLTECH,2025-10-21,2025-10-29,LONG,1502.7,1530.0,67,8,1829.1,1.82,SIGNAL
RUN_20260922_115213_V2,ChecklistStrategy,HCLTECH,2025-11-07,2025-11-17,LONG,1515.1,1594.0,66,10,5385.6,5.21,SIGNAL
RUN_20260922_115213_V2,ChecklistStrategy,HCLTECH,2025-11-27,2025-12-05,LONG,1619.1,1662.7,65,8,2834.0,2.69,SIGNAL
RUN_20260922_115213_V2,ChecklistStrategy,HCLTECH,2025-12-23,2025-12-30,LONG,1675.1,1630.8,64,7,-2835.2,-2.64,STOP_LOSS
RUN_20260922_115213_V2,ChecklistStrategy,HCLTECH,2026-01-02,2026-01-21,LONG,1632.0,1687.6,64,19,3891.2,3.41,SIGNAL
RUN_20260922_115213_V2,ChecklistStrategy,HCLTECH,2026-02-10,2026-02-12,LONG,1595.0,1529.0,68,2,-4488.0,-4.14,STOP_LOSS
RUN_20260922_115213_V2,ChecklistStrategy,HCLTECH,2026-02-26,2026-03-06,LONG,1391.0,1356.0,76,8,-2660.0,-2.52,STOP_LOSS
RUN_20260922_115213_V2,ChecklistStrategy,HCLTECH,2026-03-24,2026-03-30,LONG,1380.0,1350.0,76,6,-2280.0,-2.17,STOP_LOSS
RUN_20260922_115213_V2,ChecklistStrategy,HCLTECH,2026-04-06,2026-04-07,LONG,1397.0,1391.0,72,1,-432.0,-0.43,SIGNAL
RUN_20260922_115213_V2,ChecklistStrategy,HCLTECH,2026-04-22,2026-04-23,LONG,1345.0,1290.0,70,1,-3850.0,-4.09,STOP_LOSS
RUN_20260922_115213_V2,ChecklistStrategy,HCLTECH,2026-04-28,2026-04-29,LONG,1227.9,1200.0,80,1,-2232.0,-2.27,STOP_LOSS
RUN_20260922_115213_V2,ChecklistStrategy,HCLTECH,2026-04-30,2026-05-13,LONG,1200.0,1146.3,80,13,-4296.0,-4.48,STOP_LOSS
RUN_20260922_115213_V2,ChecklistStrategy,HCLTECH,2026-06-12,2026-06-23,LONG,1120.0,1121.6,84,11,1411.2,0.14,SIGNAL
RUN_20260922_115213_V2,ChecklistStrategy,HCLTECH,2026-07-14,2026-07-15,LONG,1200.0,1157.0,77,1,-3311.0,-3.58,STOP_LOSS
RUN_20260922_115213_V2,ChecklistStrategy,HCLTECH,2026-08-10,2026-08-18,LONG,1356.6,1318.0,67,8,-2586.2,-2.85,STOP_LOSS
RUN_20260922_115213_V2,ChecklistStrategy,HCLTECH,2026-08-25,2026-08-26,LONG,1322.0,1319.5,68,1,-170.0,-0.19,SIGNAL
RUN_20260922_115213_V2,ChecklistStrategy,HDFCBANK,2024-02-01,2024-02-08,LONG,732.53,714.92,102,7,-1795.2,-2.4,STOP_LOSS
RUN_20260922_115213_V2,ChecklistStrategy,HDFCBANK,2024-02-14,2024-03-13,LONG,688.0,732.75,105,28,4659.75,6.5,SIGNAL
RUN_20260922_115213_V2,ChecklistStrategy,HDFCBANK,2024-03-20,2024-04-08,LONG,724.53,777.47,106,19,5190.02,7.31,SIGNAL
RUN_20260922_115213_V2,ChecklistStrategy,HDFCBANK,2024-04-18,2024-05-02,LONG,754.9,761.0,107,14,652.7,0.81,SIGNAL
RUN_20260922_115213_V2,ChecklistStrategy,HDFCBANK,2024-05-07,2024-05-09,LONG,760.97,737.47,106,2,-2491.0,-3.09,STOP_LOSS
RUN_20260922_115213_V2,ChecklistStrategy,HDFCBANK,2024-05-14,2024-05-28,LONG,726.12,765.05,109,14,4060.57,5.36,SIGNAL
RUN_20260922_115213_V2,ChecklistStrategy,HDFCBANK,2024-06-06,2024-06-21,LONG,782.45,836.42,106,15,5640.52,6.9,SIGNAL
RUN_20260922_115213_V2,ChecklistStrategy,HDFCBANK,2024-07-12,2024-07-22,LONG,811.0,808.5,106,10,-265.0,-0.31,SIGNAL
RUN_20260922_115213_V2,ChecklistStrategy,HDFCBANK,2024-07-26,2024-07-30,LONG,802.5,801.0,106,4,-159.0,-0.19,SIGNAL
RUN_20260922_115213_V2,ChecklistStrategy,HDFCBANK,2024-07-31,2024-09-23,LONG,807.0,874.5,106,54,5835.3,8.36,SIGNAL
RUN_20260922_115213_V2,ChecklistStrategy,HDFCBANK,2024-10-09,2024-10-10,LONG,824.75,819.5,109,1,-572.25,-0.64,SIGNAL
RUN_20260922_115213_V2,ChecklistStrategy,HDFCBANK,2024-10-17,2024-10-23,LONG,847.47,852.53,106,6,535.31,0.6,SIGNAL
RUN_20260922_115213_V2,ChecklistStrategy,HDFCBANK,2024-10-24,2024-11-05,LONG,869.05,851.5,104,12,-1825.2,-2.02,STOP_LOSS
RUN_20260922_115213_V2,ChecklistStrategy,HDFCBANK,2024-11-06,2024-11-13,LONG,885.75,858.38,101,7,-2764.88,-3.09,STOP_LOSS
RUN_20260922_115213_V2,ChecklistStrategy,HDFCBANK,2024-11-25,2024-12-16,LONG,892.53,932.55,99,21,3837.52,4.48,SIGNAL
RUN_20260922_115213_V2,ChecklistStrategy,HDFCBANK,2024-12-20,2025-01-07,LONG,891.1,857.5,100,18,-3360.0,-3.77,STOP_LOSS
RUN_20260922_115213_V2,ChecklistStrategy,HDFCBANK,2025-01-23,2025-01-27,LONG,843.5,820.55,104,4,-2386.8,-2.72,STOP_LOSS
RUN_20260922_115213_V2,ChecklistStrategy,HDFCBANK,2025-02-13,2025-02-14,LONG,849.5,850.95,100,1,145.0,0.17,SIGNAL
RUN_20260922_115213_V2,ChecklistStrategy,HDFCBANK,2025-02-18,2025-02-25,LONG,856.53,835.55,99,7,-2076.53,-2.45,STOP_LOSS
RUN_20260922_115213_V2,ChecklistStrategy,HDFCBANK,2025-02-27,2025-03-11,LONG,841.28,841.2,99,12,-7.43,-0.01,SIGNAL
RUN_20260922_115213_V2,ChecklistStrategy,HDFCBANK,2025-03-28,2025-04-02,LONG,914.5,885.35,91,5,-2652.65,-3.19,STOP_LOSS
RUN_20260922_115213_V2,ChecklistStrategy,HDFCBANK,2025-04-03,2025-04-07,LONG,890.55,881.4,91,4,-832.65,-1.03,SIGNAL
RUN_20260922_115213_V2,ChecklistStrategy,HDFCBANK,2025-06-03,2025-06-04,LONG,969.0,960.5,84,1,-714.0,-0.88,SIGNAL
RUN_20260922_115213_V2,ChecklistStrategy,HDFCBANK,2025-06-05,2025-06-30,LONG,974.0,1005.75,83,25,2635.25,3.26,SIGNAL
RUN_20260922_115213_V2,ChecklistStrategy,HDFCBANK,2025-07-07,2025-07-08,LONG,994.5,988.5,83,1,-498.0,-0.6,SIGNAL
RUN_20260922_115213_V2,ChecklistStrategy,HDFCBANK,2025-07-09,2025-07-21,LONG,1003.5,989.1,82,12,-1180.8,-1.43,SIGNAL
RUN_20260922_115213_V2,ChecklistStrategy,HDFCBANK,2025-12-08,2025-12-10,LONG,1000.0,997.5,80,2,-200.0,-0.25,SIGNAL
RUN_20260922_115213_V2,ChecklistStrategy,HDFCBANK,2025-12-22,2026-01-06,LONG,988.0,962.7,82,15,-2074.6,-2.56,STOP_LOSS
RUN_20260922_115213_V2,ChecklistStrategy,HDFCBANK,2026-01-21,2026-02-11,LONG,925.0,931.25,85,21,531.25,0.68,SIGNAL
RUN_20260922_115213_V2,ChecklistStrategy,HDFCBANK,2026-02-17,2026-02-19,LONG,923.0,929.0,86,2,516.0,0.65,SIGNAL
RUN_20260922_115213_V2,ChecklistStrategy,HDFCBANK,2026-03-17,2026-03-18,LONG,847.7,845.35,95,1,-223.25,-0.28,SIGNAL
RUN_20260922_115213_V2,ChecklistStrategy,HDFCBANK,2026-04-06,2026-04-13,LONG,759.0,791.5,106,7,4690.5,4.28,SIGNAL
RUN_20260922_115213_V2,ChecklistStrategy,HDFCBANK,2026-04-22,2026-04-23,LONG,810.0,792.0,102,1,-1836.0,-2.22,STOP_LOSS
RUN_20260922_115213_V2,ChecklistStrategy,HDFCBANK,2026-06-11,2026-06-12,LONG,743.0,754.7,109,1,1275.3,1.57,SIGNAL
RUN_20260922_115213_V2,ChecklistStrategy,HDFCBANK,2026-06-17,2026-06-26,LONG,787.65,796.3,105,9,908.25,1.1,SIGNAL
RUN_20260922_115213_V2,ChecklistStrategy,HDFCBANK,2026-07-10,2026-07-21,LONG,824.0,769.15,102,11,-5594.7,-6.66,STOP_LOSS
RUN_20260922_115213_V2,ChecklistStrategy,HDFCBANK,2026-08-13,2026-08-28,LONG,726.9,710.85,108,15,-1733.41,-2.21,STOP_LOSS
RUN_20260922_115213_V2,ChecklistStrategy,HDFCBANK,2026-09-11,2026-09-21,LONG,683.9,731.0,112,10,4373.6,6.89,SIGNAL
RUN_20260922_115213_V2,ChecklistStrategy,HDFCLIFE,2024-04-01,2024-04-03,LONG,638.0,629.85,118,2,-961.7,-1.28,SIGNAL
RUN_20260922_115213_V2,ChecklistStrategy,HDFCLIFE,2024-04-08,2024-04-16,LONG,630.0,609.05,117,8,-2451.15,-3.33,STOP_LOSS
RUN_20260922_115213_V2,ChecklistStrategy,HDFCLIFE,2024-04-22,2024-04-29,LONG,601.85,590.0,120,7,-1422.0,-1.97,SIGNAL
RUN_20260922_115213_V2,ChecklistStrategy,HDFCLIFE,2024-05-02,2024-05-03,LONG,584.3,581.8,122,1,-305.0,-0.43,SIGNAL
RUN_20260922_115213_V2,ChecklistStrategy,HDFCLIFE,2024-05-13,2024-05-27,LONG,553.8,565.2,129,14,1470.6,2.06,SIGNAL
RUN_20260922_115213_V2,ChecklistStrategy,HDFCLIFE,2024-06-06,2024-06-18,LONG,555.0,596.85,130,12,5590.0,7.54,SIGNAL
RUN_20260922_115213_V2,ChecklistStrategy,HDFCLIFE,2024-06-26,2024-07-03,LONG,591.65,592.4,129,7,96.75,0.13,SIGNAL
RUN_20260922_115213_V2,ChecklistStrategy,HDFCLIFE,2024-07-04,2024-07-08,LONG,596.0,609.0,127,4,1651.0,2.18,SIGNAL
RUN_20260922_115213_V2,ChecklistStrategy,HDFCLIFE,2024-08-06,2024-08-07,LONG,711.65,682.1,108,1,-3191.41,-4.15,STOP_LOSS
RUN_20260922_115213_V2,ChecklistStrategy,HDFCLIFE,2024-08-08,2024-08-28,LONG,691.1,739.95,107,20,4487.6,7.07,SIGNAL
RUN_20260922_115213_V2,ChecklistStrategy,HDFCLIFE,2024-09-02,2024-09-04,LONG,743.15,751.7,106,2,906.3,1.15,SIGNAL
RUN_20260922_115213_V2,ChecklistStrategy,HDFCLIFE,2024-09-18,2024-09-25,LONG,698.9,722.0,113,7,2918.3,3.31,SIGNAL
RUN_20260922_115213_V2,ChecklistStrategy,HDFCLIFE,2024-09-27,2024-10-01,LONG,729.45,716.0,111,4,-1492.95,-1.84,SIGNAL
RUN_20260922_115213_V2,ChecklistStrategy,HDFCLIFE,2024-10-11,2024-10-16,LONG,721.5,723.45,110,5,214.5,0.27,SIGNAL
RUN_20260922_115213_V2,ChecklistStrategy,HDFCLIFE,2024-10-17,2024-10-25,LONG,730.0,718.0,110,8,-1320.0,-1.64,SIGNAL
RUN_20260922_115213_V2,ChecklistStrategy,HDFCLIFE,2024-12-05,2024-12-06,LONG,650.2,645.0,121,1,-629.2,-0.8,SIGNAL
RUN_20260922_115213_V2,ChecklistStrategy,HDFCLIFE,2024-12-10,2024-12-11,LONG,641.8,634.8,122,1,-854.0,-1.09,SIGNAL
RUN_20260922_115213_V2,ChecklistStrategy,HDFCLIFE,2025-01-02,2025-01-07,LONG,617.0,606.0,126,5,-1386.0,-1.78,SIGNAL
RUN_20260922_115213_V2,ChecklistStrategy,HDFCLIFE,2025-01-08,2025-01-14,LONG,620.05,605.0,124,6,-1866.2,-2.43,STOP_LOSS
RUN_20260922_115213_V2,ChecklistStrategy,HDFCLIFE,2025-01-29,2025-02-03,LONG,612.0,615.5,123,5,1867.05,0.57,SIGNAL
RUN_20260922_115213_V2,ChecklistStrategy,HDFCLIFE,2025-02-05,2025-02-06,LONG,626.0,626.45,122,1,54.9,0.07,SIGNAL
RUN_20260922_115213_V2,ChecklistStrategy,HDFCLIFE,2025-03-04,2025-03-07,LONG,613.1,618.3,124,3,644.8,0.85,SIGNAL
RUN_20260922_115213_V2,ChecklistStrategy,HDFCLIFE,2025-03-18,2025-03-21,LONG,629.8,677.8,122,3,5075.2,7.62,SIGNAL
RUN_20260922_115213_V2,ChecklistStrategy,HDFCLIFE,2025-03-28,2025-04-08,LONG,683.9,674.5,118,11,-1109.2,-1.37,SIGNAL
RUN_20260922_115213_V2,ChecklistStrategy,HDFCLIFE,2025-05-02,2025-05-05,LONG,743.7,730.1,107,3,-1455.2,-1.83,SIGNAL
RUN_20260922_115213_V2,ChecklistStrategy,HDFCLIFE,2025-05-26,2025-05-30,LONG,784.3,780.9,101,4,-343.4,-0.43,SIGNAL
RUN_20260922_115213_V2,ChecklistStrategy,HDFCLIFE,2025-06-10,2025-06-11,LONG,764.15,762.2,103,1,-200.85,-0.26,SIGNAL
RUN_20260922_115213_V2,ChecklistStrategy,HDFCLIFE,2025-06-12,2025-06-13,LONG,765.1,743.9,102,1,-2162.4,-2.77,STOP_LOSS
RUN_20260922_115213_V2,ChecklistStrategy,HDFCLIFE,2025-06-23,2025-06-24,LONG,769.95,779.5,98,1,935.9,1.24,SIGNAL
RUN_20260922_115213_V2,ChecklistStrategy,HDFCLIFE,2025-07-04,2025-07-14,LONG,783.9,755.2,98,10,-2812.6,-3.66,STOP_LOSS
RUN_20260922_115213_V2,ChecklistStrategy,HDFCLIFE,2025-07-28,2025-07-29,LONG,762.0,762.0,98,1,0.0,0.0,SIGNAL
RUN_20260922_115213_V2,ChecklistStrategy,HDFCLIFE,2025-09-02,2025-09-03,LONG,780.0,783.0,96,1,288.0,0.38,SIGNAL
RUN_20260922_115213_V2,ChecklistStrategy,HDFCLIFE,2025-09-10,2025-09-29,LONG,763.0,762.0,99,19,-99.0,-0.13,SIGNAL
RUN_20260922_115213_V2,ChecklistStrategy,HDFCLIFE,2025-10-28,2025-11-07,LONG,736.0,731.05,102,10,-504.9,-0.67,SIGNAL
RUN_20260922_115213_V2,ChecklistStrategy,HDFCLIFE,2025-11-10,2025-11-14,LONG,750.0,779.0,100,4,3095.0,3.87,SIGNAL
RUN_20260922_115213_V2,ChecklistStrategy,HDFCLIFE,2025-11-20,2025-11-28,LONG,760.7,780.4,101,8,1989.7,2.59,SIGNAL
RUN_20260922_115213_V2,ChecklistStrategy,HDFCLIFE,2025-12-02,2025-12-09,LONG,762.0,763.9,102,7,193.8,0.25,SIGNAL
RUN_20260922_115213_V2,ChecklistStrategy,HDFCLIFE,2025-12-11,2025-12-17,LONG,771.05,764.35,102,6,-683.4,-0.87,SIGNAL
RUN_20260922_115213_V2,ChecklistStrategy,HDFCLIFE,2025-12-19,2025-12-23,LONG,753.1,759.95,103,4,705.55,0.91,SIGNAL
RUN_20260922_115213_V2,ChecklistStrategy,HDFCLIFE,2026-01-28,2026-01-30,LONG,722.2,721.25,109,2,-103.55,-0.13,SIGNAL
RUN_20260922_115213_V2,ChecklistStrategy,HDFCLIFE,2026-02-02,2026-02-04,LONG,717.3,724.0,107,2,716.9,0.93,SIGNAL
RUN_20260922_115213_V2,ChecklistStrategy,HDFCLIFE,2026-02-10,2026-02-16,LONG,711.25,693.0,111,6,-2025.75,-2.57,STOP_LOSS
RUN_20260922_115213_V2,ChecklistStrategy,HDFCLIFE,2026-02-19,2026-02-23,LONG,726.9,730.0,106,4,328.6,0.43,SIGNAL
RUN_20260922_115213_V2,ChecklistStrategy,HDFCLIFE,2026-03-25,2026-04-01,LONG,603.95,600.0,129,7,-509.55,-0.65,SIGNAL
RUN_20260922_115213_V2,ChecklistStrategy,HDFCLIFE,2026-04-06,2026-04-13,LONG,563.0,592.45,136,7,4035.8,5.23,SIGNAL
RUN_20260922_115213_V2,ChecklistStrategy,HDFCLIFE,2026-04-22,2026-04-23,LONG,614.2,604.2,131,1,-1310.0,-1.63,SIGNAL
RUN_20260922_115213_V2,ChecklistStrategy,HDFCLIFE,2026-04-28,2026-04-30,LONG,594.2,594.35,133,2,19.95,0.03,SIGNAL
RUN_20260922_115213_V2,ChecklistStrategy,HDFCLIFE,2026-05-22,2026-06-01,LONG,619.0,594.75,129,10,-3128.25,-3.92,STOP_LOSS
RUN_20260922_115213_V2,ChecklistStrategy,HDFCLIFE,2026-06-18,2026-07-02,LONG,583.0,574.3,132,14,-1148.4,-1.49,SIGNAL
RUN_20260922_115213_V2,ChecklistStrategy,HDFCLIFE,2026-07-16,2026-07-17,LONG,585.0,568.3,133,1,-2221.1,-2.85,STOP_LOSS
RUN_20260922_115213_V2,ChecklistStrategy,HDFCLIFE,2026-08-06,2026-08-07,LONG,545.0,542.5,136,1,-340.0,-0.46,SIGNAL
RUN_20260922_115213_V2,ChecklistStrategy,HDFCLIFE,2026-08-11,2026-08-19,LONG,540.0,538.0,137,8,-274.0,-0.37,SIGNAL
RUN_20260922_115213_V2,ChecklistStrategy,HDFCLIFE,2026-09-11,2026-09-16,LONG,522.0,522.0,140,5,0.0,0.0,SIGNAL
RUN_20260922_115213_V2,ChecklistStrategy,HEROMOTOCO,2024-03-01,2024-03-06,LONG,4459.9,4580.0,16,5,1921.6,2.69,SIGNAL
RUN_20260922_115213_V2,ChecklistStrategy,HEROMOTOCO,2024-03-07,2024-03-14,LONG,4650.0,4455.0,16,7,-3120.0,-4.19,STOP_LOSS
RUN_20260922_115213_V2,ChecklistStrategy,HEROMOTOCO,2024-03-15,2024-03-18,LONG,4655.0,4560.5,15,3,-1417.5,-2.03,STOP_LOSS
RUN_20260922_115213_V2,ChecklistStrategy,HEROMOTOCO,2024-03-22,2024-03-27,LONG,4538.8,4692.0,16,5,2451.2,3.38,SIGNAL
RUN_20260922_115213_V2,ChecklistStrategy,HEROMOTOCO,2024-06-25,2024-06-27,LONG,5565.9,5459.9,13,2,-1378.0,-1.9,SIGNAL
RUN_20260922_115213_V2,ChecklistStrategy,HEROMOTOCO,2024-06-28,2024-07-02,LONG,5500.0,5670.0,13,4,2210.0,3.09,SIGNAL
RUN_20260922_115213_V2,ChecklistStrategy,HEROMOTOCO,2024-07-08,2024-07-11,LONG,5565.65,5530.0,13,3,-463.45,-0.64,SIGNAL
RUN_20260922_115213_V2,ChecklistStrategy,HEROMOTOCO,2024-08-12,2024-08-16,LONG,5214.8,5120.0,14,4,-1327.2,-1.82,SIGNAL
RUN_20260922_115213_V2,ChecklistStrategy,HEROMOTOCO,2024-08-19,2024-08-21,LONG,5149.0,5244.4,14,2,1335.6,1.85,SIGNAL
RUN_20260922_115213_V2,ChecklistStrategy,HEROMOTOCO,2024-08-28,2024-09-06,LONG,5365.0,5720.0,13,9,3925.0,6.62,SIGNAL
RUN_20260922_115213_V2,ChecklistStrategy,HEROMOTOCO,2024-09-27,2024-10-01,LONG,6068.1,5712.4,12,4,-4268.4,-5.86,STOP_LOSS
RUN_20260922_115213_V2,ChecklistStrategy,HEROMOTOCO,2024-10-03,2024-10-07,LONG,5733.35,5569.95,12,4,-1960.8,-2.85,STOP_LOSS
RUN_20260922_115213_V2,ChecklistStrategy,HEROMOTOCO,2024-10-14,2024-10-18,LONG,5504.0,5217.45,13,4,-3725.15,-5.21,STOP_LOSS
RUN_20260922_115213_V2,ChecklistStrategy,HEROMOTOCO,2024-10-22,2024-10-24,LONG,5263.0,5160.05,13,2,-1338.35,-1.96,SIGNAL
RUN_20260922_115213_V2,ChecklistStrategy,HEROMOTOCO,2024-11-06,2024-11-12,LONG,4858.0,4757.5,14,6,-1407.0,-2.07,STOP_LOSS
RUN_20260922_115213_V2,ChecklistStrategy,HEROMOTOCO,2024-11-18,2024-11-19,LONG,4834.15,4759.95,14,1,-1038.8,-1.53,SIGNAL
RUN_20260922_115213_V2,ChecklistStrategy,HEROMOTOCO,2024-12-20,2024-12-23,LONG,4406.95,4365.0,15,3,-629.25,-0.95,SIGNAL
RUN_20260922_115213_V2,ChecklistStrategy,HEROMOTOCO,2025-01-29,2025-02-03,LONG,4036.0,4420.0,16,5,5424.0,9.51,SIGNAL
RUN_20260922_115213_V2,ChecklistStrategy,HEROMOTOCO,2025-02-06,2025-02-07,LONG,4289.0,4319.95,16,1,495.2,0.72,SIGNAL
RUN_20260922_115213_V2,ChecklistStrategy,HEROMOTOCO,2025-02-18,2025-02-28,LONG,3880.0,3745.6,18,10,-2419.2,-3.46,STOP_LOSS
RUN_20260922_115213_V2,ChecklistStrategy,HEROMOTOCO,2025-03-06,2025-03-13,LONG,3629.5,3625.0,19,7,-85.5,-0.12,SIGNAL
RUN_20260922_115213_V2,ChecklistStrategy,HEROMOTOCO,2025-03-28,2025-04-03,LONG,3779.0,3780.0,18,6,18.0,0.03,SIGNAL
RUN_20260922_115213_V2,ChecklistStrategy,HEROMOTOCO,2025-04-08,2025-04-21,LONG,3600.0,3794.0,19,13,3821.0,5.39,SIGNAL
RUN_20260922_115213_V2,ChecklistStrategy,HEROMOTOCO,2025-06-23,2025-07-01,LONG,4320.0,4258.3,16,8,-987.2,-1.43,SIGNAL
RUN_20260922_115213_V2,ChecklistStrategy,HEROMOTOCO,2025-07-10,2025-07-14,LONG,4330.1,4219.0,16,4,-1777.6,-2.57,STOP_LOSS
RUN_20260922_115213_V2,ChecklistStrategy,HEROMOTOCO,2025-07-22,2025-07-25,LONG,4418.0,4278.0,15,3,-2100.0,-3.17,STOP_LOSS
RUN_20260922_115213_V2,ChecklistStrategy,HEROMOTOCO,2025-07-29,2025-08-07,LONG,4290.0,4430.0,15,9,2842.0,3.26,SIGNAL
RUN_20260922_115213_V2,ChecklistStrategy,HEROMOTOCO,2025-08-08,2025-08-11,LONG,4660.0,4603.0,15,3,-855.0,-1.22,SIGNAL
RUN_20260922_115213_V2,ChecklistStrategy,HEROMOTOCO,2025-09-17,2025-09-29,LONG,5344.0,5328.0,13,12,-208.0,-0.3,SIGNAL
RUN_20260922_115213_V2,ChecklistStrategy,HEROMOTOCO,2025-11-17,2025-11-19,LONG,5589.0,5851.0,12,2,3144.0,4.69,SIGNAL
RUN_20260922_115213_V2,ChecklistStrategy,HEROMOTOCO,2025-12-12,2025-12-16,LONG,6003.5,5960.5,12,4,-516.0,-0.72,SIGNAL
RUN_20260922_115213_V2,ChecklistStrategy,HEROMOTOCO,2025-12-19,2025-12-23,LONG,5725.0,5710.0,12,4,-180.0,-0.26,SIGNAL
RUN_20260922_115213_V2,ChecklistStrategy,HEROMOTOCO,2025-12-24,2025-12-30,LONG,5744.0,5570.0,12,6,-2088.0,-3.03,STOP_LOSS
RUN_20260922_115213_V2,ChecklistStrategy,HEROMOTOCO,2026-01-13,2026-01-19,LONG,5780.0,5625.0,12,6,-1860.0,-2.68,STOP_LOSS
RUN_20260922_115213_V2,ChecklistStrategy,HEROMOTOCO,2026-01-28,2026-02-02,LONG,5407.0,5550.0,12,5,1716.0,2.64,SIGNAL
RUN_20260922_115213_V2,ChecklistStrategy,HEROMOTOCO,2026-02-10,2026-02-13,LONG,5785.0,5702.0,12,3,-996.0,-1.43,SIGNAL
RUN_20260922_115213_V2,ChecklistStrategy,HEROMOTOCO,2026-03-05,2026-03-13,LONG,5513.5,5338.0,12,8,-2106.0,-3.18,STOP_LOSS
RUN_20260922_115213_V2,ChecklistStrategy,HEROMOTOCO,2026-03-23,2026-03-24,LONG,5191.0,5185.0,12,1,-72.0,-0.12,SIGNAL
RUN_20260922_115213_V2,ChecklistStrategy,HEROMOTOCO,2026-05-15,2026-05-19,LONG,5082.0,4944.5,13,4,-1787.5,-2.71,STOP_LOSS
RUN_20260922_115213_V2,ChecklistStrategy,HEROMOTOCO,2026-06-03,2026-06-05,LONG,4856.0,4898.0,13,2,546.0,0.86,SIGNAL
RUN_20260922_115213_V2,ChecklistStrategy,HEROMOTOCO,2026-07-01,2026-07-03,LONG,4818.9,4900.0,13,2,1054.3,1.68,SIGNAL
RUN_20260922_115213_V2,ChecklistStrategy,HEROMOTOCO,2026-07-24,2026-07-27,LONG,5101.2,5050.0,12,3,-614.4,-1.0,SIGNAL
RUN_20260922_115213_V2,ChecklistStrategy,HEROMOTOCO,2026-08-10,2026-08-14,LONG,5765.0,5830.0,11,4,715.0,1.13,SIGNAL
RUN_20260922_115213_V2,ChecklistStrategy,HEROMOTOCO,2026-08-21,2026-08-27,LONG,5724.5,5594.5,11,6,-1430.0,-2.27,STOP_LOSS
RUN_20260922_115213_V2,ChecklistStrategy,HEROMOTOCO,2026-08-31,2026-09-01,LONG,5614.0,5610.0,11,1,-44.0,-0.07,SIGNAL
RUN_20260922_115213_V2,ChecklistStrategy,HEROMOTOCO,2026-09-04,2026-09-16,LONG,5319.0,5200.0,12,12,-1428.0,-2.24,STOP_LOSS
RUN_20260922_115213_V2,ChecklistStrategy,HINDALCO,2024-02-01,2024-02-02,LONG,578.0,577.0,129,1,-129.0,-0.17,SIGNAL
RUN_20260922_115213_V2,ChecklistStrategy,HINDALCO,2024-02-07,2024-02-14,LONG,590.4,515.0,128,7,-9651.2,-12.77,STOP_LOSS
RUN_20260922_115213_V2,ChecklistStrategy,HINDALCO,2024-02-16,2024-02-27,LONG,519.95,505.5,131,11,-1892.95,-2.78,STOP_LOSS
RUN_20260922_115213_V2,ChecklistStrategy,HINDALCO,2024-02-28,2024-03-14,LONG,512.5,512.0,129,15,1727.5,-0.1,SIGNAL
RUN_20260922_115213_V2,ChecklistStrategy,HINDALCO,2024-03-15,2024-03-19,LONG,522.0,532.0,128,4,1280.0,1.92,SIGNAL
RUN_20260922_115213_V2,ChecklistStrategy,HINDALCO,2024-04-25,2024-05-08,LONG,635.7,615.1,107,13,-2204.2,-3.24,STOP_LOSS
RUN_20260922_115213_V2,ChecklistStrategy,HINDALCO,2024-05-09,2024-05-10,LONG,634.0,620.1,105,1,-1459.5,-2.19,STOP_LOSS
RUN_20260922_115213_V2,ChecklistStrategy,HINDALCO,2024-05-13,2024-05-22,LONG,625.1,698.55,104,9,5634.2,11.75,SIGNAL
RUN_20260922_115213_V2,ChecklistStrategy,HINDALCO,2024-06-10,2024-06-20,LONG,677.05,665.0,102,10,-1229.1,-1.78,SIGNAL
RUN_20260922_115213_V2,ChecklistStrategy,HINDALCO,2024-06-21,2024-07-22,LONG,680.0,655.0,101,31,-2525.0,-3.68,STOP_LOSS
RUN_20260922_115213_V2,ChecklistStrategy,HINDALCO,2024-08-12,2024-08-21,LONG,619.0,668.9,107,9,5026.6,8.06,SIGNAL
RUN_20260922_115213_V2,ChecklistStrategy,HINDALCO,2024-09-17,2024-09-19,LONG,689.0,690.0,103,2,103.0,0.15,SIGNAL
RUN_20260922_115213_V2,ChecklistStrategy,HINDALCO,2024-09-27,2024-10-04,LONG,746.95,742.65,96,7,-412.8,-0.58,SIGNAL
RUN_20260922_115213_V2,ChecklistStrategy,HINDALCO,2024-10-10,2024-10-15,LONG,731.9,746.0,96,5,1353.6,1.93,SIGNAL
RUN_20260922_115213_V2,ChecklistStrategy,HINDALCO,2024-10-17,2024-10-23,LONG,741.1,716.0,97,6,-2434.7,-3.39,STOP_LOSS
RUN_20260922_115213_V2,ChecklistStrategy,HINDALCO,2024-10-29,2024-10-30,LONG,692.9,690.95,100,1,-195.0,-0.28,SIGNAL
RUN_20260922_115213_V2,ChecklistStrategy,HINDALCO,2024-11-12,2024-11-13,LONG,668.0,648.0,105,1,-2100.0,-2.99,STOP_LOSS
RUN_20260922_115213_V2,ChecklistStrategy,HINDALCO,2024-11-22,2024-11-28,LONG,652.95,661.0,104,6,837.2,1.23,SIGNAL
RUN_20260922_115213_V2,ChecklistStrategy,HINDALCO,2024-12-04,2024-12-05,LONG,667.55,664.0,102,1,-362.1,-0.53,SIGNAL
RUN_20260922_115213_V2,ChecklistStrategy,HINDALCO,2024-12-10,2024-12-17,LONG,675.0,649.5,101,7,-2575.5,-3.78,STOP_LOSS
RUN_20260922_115213_V2,ChecklistStrategy,HINDALCO,2025-01-01,2025-01-06,LONG,601.5,592.6,109,5,-970.1,-1.48,SIGNAL
RUN_20260922_115213_V2,ChecklistStrategy,HINDALCO,2025-01-23,2025-01-28,LONG,611.0,590.1,106,5,-2215.4,-3.42,STOP_LOSS
RUN_20260922_115213_V2,ChecklistStrategy,HINDALCO,2025-01-30,2025-02-04,LONG,586.9,580.5,108,5,-691.2,-1.09,SIGNAL
RUN_20260922_115213_V2,ChecklistStrategy,HINDALCO,2025-02-10,2025-02-11,LONG,605.0,594.05,103,1,-1127.85,-1.81,SIGNAL
RUN_20260922_115213_V2,ChecklistStrategy,HINDALCO,2025-02-14,2025-02-19,LONG,609.0,607.0,103,5,-206.0,-0.33,SIGNAL
RUN_20260922_115213_V2,ChecklistStrategy,HINDALCO,2025-02-28,2025-03-07,LONG,630.0,678.6,97,7,4059.0,7.71,SIGNAL
RUN_20260922_115213_V2,ChecklistStrategy,HINDALCO,2025-04-11,2025-04-17,LONG,585.0,608.9,115,6,3275.75,4.09,SIGNAL
RUN_20260922_115213_V2,ChecklistStrategy,HINDALCO,2025-04-29,2025-05-19,LONG,631.05,655.0,107,20,2801.15,3.8,SIGNAL
RUN_20260922_115213_V2,ChecklistStrategy,HINDALCO,2025-05-26,2025-06-02,LONG,655.0,628.95,106,7,-2761.3,-3.98,STOP_LOSS
RUN_20260922_115213_V2,ChecklistStrategy,HINDALCO,2025-06-05,2025-06-20,LONG,638.0,641.35,105,15,351.75,0.53,SIGNAL
RUN_20260922_115213_V2,ChecklistStrategy,HINDALCO,2025-06-23,2025-06-27,LONG,644.0,695.0,104,4,4217.2,7.92,SIGNAL
RUN_20260922_115213_V2,ChecklistStrategy,HINDALCO,2025-07-11,2025-07-15,LONG,673.0,670.0,104,4,-312.0,-0.45,SIGNAL
RUN_20260922_115213_V2,ChecklistStrategy,HINDALCO,2025-07-16,2025-08-13,LONG,668.0,673.0,104,28,1768.0,0.75,SIGNAL
RUN_20260922_115213_V2,ChecklistStrategy,HINDALCO,2025-09-19,2025-09-22,LONG,752.0,743.3,95,3,-826.5,-1.16,SIGNAL
RUN_20260922_115213_V2,ChecklistStrategy,HINDALCO,2025-11-18,2025-11-24,LONG,804.5,782.85,88,6,-1905.2,-2.69,STOP_LOSS
RUN_20260922_115213_V2,ChecklistStrategy,HINDALCO,2025-12-08,2025-12-16,LONG,825.8,845.0,84,8,1612.8,2.33,SIGNAL
RUN_20260922_115213_V2,ChecklistStrategy,HINDALCO,2025-12-31,2026-01-07,LONG,886.4,951.05,80,7,4430.0,7.29,SIGNAL
RUN_20260922_115213_V2,ChecklistStrategy,HINDALCO,2026-03-04,2026-03-05,LONG,928.0,930.0,78,1,156.0,0.22,SIGNAL
RUN_20260922_115213_V2,ChecklistStrategy,HINDALCO,2026-03-11,2026-03-13,LONG,959.95,967.0,77,2,542.85,0.73,SIGNAL
RUN_20260922_115213_V2,ChecklistStrategy,HINDALCO,2026-03-25,2026-04-01,LONG,866.0,909.0,87,7,3741.0,4.97,SIGNAL
RUN_20260922_115213_V2,ChecklistStrategy,HINDALCO,2026-04-06,2026-04-10,LONG,917.2,995.35,84,4,5709.9,8.52,SIGNAL
RUN_20260922_115213_V2,ChecklistStrategy,HINDALCO,2026-05-20,2026-05-25,LONG,1038.4,1110.0,77,5,5083.8,6.9,SIGNAL
RUN_20260922_115213_V2,ChecklistStrategy,HINDALCO,2026-05-27,2026-06-03,LONG,1118.3,1155.0,77,7,2825.9,3.28,SIGNAL
RUN_20260922_115213_V2,ChecklistStrategy,HINDALCO,2026-07-03,2026-07-08,LONG,965.0,962.05,92,5,-271.4,-0.31,SIGNAL
RUN_20260922_115213_V2,ChecklistStrategy,HINDALCO,2026-07-21,2026-08-05,LONG,944.15,1028.5,91,15,6168.35,8.93,SIGNAL
RUN_20260922_115213_V2,ChecklistStrategy,HINDALCO,2026-08-10,2026-08-12,LONG,1065.0,1063.2,86,2,-154.8,-0.17,SIGNAL
RUN_20260922_115213_V2,ChecklistStrategy,HINDALCO,2026-08-26,2026-08-28,LONG,1052.65,1030.0,87,2,-1970.55,-2.15,STOP_LOSS
RUN_20260922_115213_V2,ChecklistStrategy,HINDALCO,2026-08-31,2026-09-08,LONG,1029.9,1014.0,86,8,-1367.4,-1.54,SIGNAL
RUN_20260922_115213_V2,ChecklistStrategy,HINDUNILVR,2024-04-26,2024-05-09,LONG,2245.0,2340.6,33,13,3567.6,4.26,SIGNAL
RUN_20260922_115213_V2,ChecklistStrategy,HINDUNILVR,2024-05-17,2024-05-27,LONG,2351.9,2369.05,33,10,565.95,0.73,SIGNAL
RUN_20260922_115213_V2,ChecklistStrategy,HINDUNILVR,2024-06-10,2024-06-14,LONG,2579.0,2473.0,30,4,-3180.0,-4.11,STOP_LOSS
RUN_20260922_115213_V2,ChecklistStrategy,HINDUNILVR,2024-06-21,2024-06-25,LONG,2475.0,2439.35,30,4,-1069.5,-1.44,SIGNAL
RUN_20260922_115213_V2,ChecklistStrategy,HINDUNILVR,2024-07-04,2024-07-12,LONG,2515.05,2601.0,29,8,2492.55,3.42,SIGNAL
RUN_20260922_115213_V2,ChecklistStrategy,HINDUNILVR,2024-08-06,2024-09-04,LONG,2720.1,2780.0,28,29,1677.2,2.2,SIGNAL
RUN_20260922_115213_V2,ChecklistStrategy,HINDUNILVR,2024-09-18,2024-09-30,LONG,2874.0,2964.2,27,12,3160.8,3.14,SIGNAL
RUN_20260922_115213_V2,ChecklistStrategy,HINDUNILVR,2024-11-19,2024-11-22,LONG,2431.9,2390.95,33,3,-1351.35,-1.68,SIGNAL
RUN_20260922_115213_V2,ChecklistStrategy,HINDUNILVR,2024-12-02,2024-12-03,LONG,2485.0,2480.0,31,1,-155.0,-0.2,SIGNAL
RUN_20260922_115213_V2,ChecklistStrategy,HINDUNILVR,2024-12-04,2024-12-10,LONG,2481.1,2408.7,31,6,-2244.4,-2.92,STOP_LOSS
RUN_20260922_115213_V2,ChecklistStrategy,HINDUNILVR,2024-12-12,2024-12-23,LONG,2385.05,2337.0,32,11,-1537.6,-2.01,STOP_LOSS
RUN_20260922_115213_V2,ChecklistStrategy,HINDUNILVR,2024-12-24,2025-01-07,LONG,2331.1,2377.15,32,14,1473.59,1.98,SIGNAL
RUN_20260922_115213_V2,ChecklistStrategy,HINDUNILVR,2025-01-08,2025-01-15,LONG,2391.0,2373.9,32,7,-547.2,-0.72,SIGNAL
RUN_20260922_115213_V2,ChecklistStrategy,HINDUNILVR,2025-01-23,2025-02-01,LONG,2315.0,2475.0,32,9,3944.0,6.91,SIGNAL
RUN_20260922_115213_V2,ChecklistStrategy,HINDUNILVR,2025-02-05,2025-02-06,LONG,2453.0,2400.0,32,1,-1696.0,-2.16,STOP_LOSS
RUN_20260922_115213_V2,ChecklistStrategy,HINDUNILVR,2025-02-13,2025-02-20,LONG,2330.1,2250.4,33,7,-2630.11,-3.42,STOP_LOSS
RUN_20260922_115213_V2,ChecklistStrategy,HINDUNILVR,2025-02-21,2025-03-03,LONG,2248.05,2199.0,33,10,-1618.65,-2.18,STOP_LOSS
RUN_20260922_115213_V2,ChecklistStrategy,HINDUNILVR,2025-04-03,2025-04-15,LONG,2225.45,2400.0,33,12,5673.75,7.84,SIGNAL
RUN_20260922_115213_V2,ChecklistStrategy,HINDUNILVR,2025-04-28,2025-04-29,LONG,2345.0,2328.0,33,1,-561.0,-0.72,SIGNAL
RUN_20260922_115213_V2,ChecklistStrategy,HINDUNILVR,2025-05-02,2025-05-21,LONG,2334.1,2346.0,33,19,392.7,0.51,SIGNAL
RUN_20260922_115213_V2,ChecklistStrategy,HINDUNILVR,2025-05-22,2025-05-28,LONG,2355.0,2388.0,33,6,1089.0,1.4,SIGNAL
RUN_20260922_115213_V2,ChecklistStrategy,HINDUNILVR,2025-06-03,2025-06-04,LONG,2365.1,2359.5,33,1,-184.8,-0.24,SIGNAL
RUN_20260922_115213_V2,ChecklistStrategy,HINDUNILVR,2025-06-30,2025-07-09,LONG,2309.9,2399.0,34,9,3138.2,3.86,SIGNAL
RUN_20260922_115213_V2,ChecklistStrategy,HINDUNILVR,2025-07-29,2025-08-05,LONG,2444.8,2537.5,33,7,3211.1,3.79,SIGNAL
RUN_20260922_115213_V2,ChecklistStrategy,HINDUNILVR,2025-08-12,2025-08-18,LONG,2518.0,2539.0,33,6,693.0,0.83,SIGNAL
RUN_20260922_115213_V2,ChecklistStrategy,HINDUNILVR,2025-08-28,2025-08-29,LONG,2748.0,2664.8,31,1,-2579.2,-3.03,STOP_LOSS
RUN_20260922_115213_V2,ChecklistStrategy,HINDUNILVR,2025-09-10,2025-09-15,LONG,2642.0,2580.5,31,5,-1906.5,-2.33,STOP_LOSS
RUN_20260922_115213_V2,ChecklistStrategy,HINDUNILVR,2025-09-23,2025-09-26,LONG,2568.9,2535.0,31,3,-1050.9,-1.32,SIGNAL
RUN_20260922_115213_V2,ChecklistStrategy,HINDUNILVR,2025-10-15,2025-10-24,LONG,2502.6,2584.0,32,9,3004.8,3.25,SIGNAL
RUN_20260922_115213_V2,ChecklistStrategy,HINDUNILVR,2025-12-16,2026-01-02,LONG,2293.4,2326.0,36,17,1173.6,1.42,SIGNAL
RUN_20260922_115213_V2,ChecklistStrategy,HINDUNILVR,2026-01-13,2026-01-15,LONG,2415.1,2353.5,34,2,-2094.4,-2.55,STOP_LOSS
RUN_20260922_115213_V2,ChecklistStrategy,HINDUNILVR,2026-01-20,2026-01-22,LONG,2423.0,2368.9,33,2,-1785.3,-2.23,STOP_LOSS
RUN_20260922_115213_V2,ChecklistStrategy,HINDUNILVR,2026-01-30,2026-02-06,LONG,2341.0,2354.4,34,7,455.6,0.57,SIGNAL
RUN_20260922_115213_V2,ChecklistStrategy,HINDUNILVR,2026-02-09,2026-02-13,LONG,2425.0,2400.0,33,4,-825.0,-1.03,SIGNAL
RUN_20260922_115213_V2,ChecklistStrategy,HINDUNILVR,2026-02-17,2026-02-26,LONG,2309.3,2378.0,34,9,2335.8,2.97,SIGNAL
RUN_20260922_115213_V2,ChecklistStrategy,HINDUNILVR,2026-03-10,2026-03-12,LONG,2224.0,2165.1,37,2,-2179.3,-2.65,STOP_LOSS
RUN_20260922_115213_V2,ChecklistStrategy,HINDUNILVR,2026-04-06,2026-04-09,LONG,2065.3,2145.5,38,3,3047.6,3.88,SIGNAL
RUN_20260922_115213_V2,ChecklistStrategy,HINDUNILVR,2026-04-13,2026-04-21,LONG,2131.0,2238.7,38,8,4132.5,5.05,SIGNAL
RUN_20260922_115213_V2,ChecklistStrategy,HINDUNILVR,2026-04-30,2026-05-01,LONG,2312.0,2250.9,37,1,-2260.7,-2.64,STOP_LOSS
RUN_20260922_115213_V2,ChecklistStrategy,HINDUNILVR,2026-05-11,2026-05-15,LONG,2277.1,2248.7,36,4,-1022.41,-1.25,SIGNAL
RUN_20260922_115213_V2,ChecklistStrategy,HINDUNILVR,2026-05-18,2026-05-19,LONG,2263.1,2242.0,36,1,-759.6,-0.93,SIGNAL
RUN_20260922_115213_V2,ChecklistStrategy,HINDUNILVR,2026-05-25,2026-06-01,LONG,2215.0,2158.5,37,7,-2090.5,-2.55,STOP_LOSS
RUN_20260922_115213_V2,ChecklistStrategy,HINDUNILVR,2026-06-17,2026-06-24,LONG,2201.1,2160.0,36,7,-1479.6,-1.87,SIGNAL
RUN_20260922_115213_V2,ChecklistStrategy,HINDUNILVR,2026-07-08,2026-07-09,LONG,2199.0,2139.0,36,1,-2160.0,-2.73,STOP_LOSS
RUN_20260922_115213_V2,ChecklistStrategy,HINDUNILVR,2026-07-22,2026-07-29,LONG,2139.7,2050.5,36,7,-3211.2,-4.17,STOP_LOSS
RUN_20260922_115213_V2,ChecklistStrategy,HINDUNILVR,2026-07-30,2026-08-11,LONG,2120.0,2086.0,35,12,-1190.0,-1.6,SIGNAL
RUN_20260922_115213_V2,ChecklistStrategy,HINDUNILVR,2026-08-21,2026-09-01,LONG,2028.0,1987.0,36,11,-1476.0,-2.02,STOP_LOSS
RUN_20260922_115213_V2,ChecklistStrategy,HINDUNILVR,2026-09-02,2026-09-11,LONG,1983.0,1930.5,36,9,-1890.0,-2.65,STOP_LOSS
RUN_20260922_115213_V2,ChecklistStrategy,ICICIBANK,2024-04-05,2024-04-29,LONG,1070.0,1108.0,69,24,2763.1,3.55,SIGNAL
RUN_20260922_115213_V2,ChecklistStrategy,ICICIBANK,2024-05-06,2024-05-07,LONG,1141.55,1147.95,67,1,428.79,0.56,SIGNAL
RUN_20260922_115213_V2,ChecklistStrategy,ICICIBANK,2024-05-14,2024-05-30,LONG,1125.9,1097.0,68,16,-1965.2,-2.57,STOP_LOSS
RUN_20260922_115213_V2,ChecklistStrategy,ICICIBANK,2024-06-06,2024-06-12,LONG,1118.0,1121.0,68,6,204.0,0.27,SIGNAL
RUN_20260922_115213_V2,ChecklistStrategy,ICICIBANK,2024-07-04,2024-07-05,LONG,1229.0,1225.0,63,1,-252.0,-0.33,SIGNAL
RUN_20260922_115213_V2,ChecklistStrategy,ICICIBANK,2024-07-29,2024-07-31,LONG,1215.15,1219.0,62,2,238.7,0.32,SIGNAL
RUN_20260922_115213_V2,ChecklistStrategy,ICICIBANK,2024-09-04,2024-09-05,LONG,1239.85,1238.0,60,1,-111.0,-0.15,SIGNAL
RUN_20260922_115213_V2,ChecklistStrategy,ICICIBANK,2024-09-10,2024-09-16,LONG,1236.95,1251.0,61,6,857.05,1.14,SIGNAL
RUN_20260922_115213_V2,ChecklistStrategy,ICICIBANK,2024-10-21,2024-10-22,LONG,1264.5,1266.6,60,1,126.0,0.17,SIGNAL
RUN_20260922_115213_V2,ChecklistStrategy,ICICIBANK,2024-11-06,2024-11-11,LONG,1300.25,1262.0,58,5,-2218.5,-2.94,STOP_LOSS
RUN_20260922_115213_V2,ChecklistStrategy,ICICIBANK,2024-11-12,2024-11-13,LONG,1276.15,1270.6,58,1,-321.9,-0.43,SIGNAL
RUN_20260922_115213_V2,ChecklistStrategy,ICICIBANK,2024-11-18,2024-11-19,LONG,1260.0,1257.05,59,1,-174.05,-0.23,SIGNAL
RUN_20260922_115213_V2,ChecklistStrategy,ICICIBANK,2025-01-10,2025-01-14,LONG,1259.0,1233.35,58,4,-1487.7,-2.04,STOP_LOSS
RUN_20260922_115213_V2,ChecklistStrategy,ICICIBANK,2025-01-24,2025-02-01,LONG,1203.1,1251.15,60,8,2848.5,3.99,SIGNAL
RUN_20260922_115213_V2,ChecklistStrategy,ICICIBANK,2025-02-03,2025-02-05,LONG,1246.85,1270.2,59,2,1377.65,1.87,SIGNAL
RUN_20260922_115213_V2,ChecklistStrategy,ICICIBANK,2025-02-11,2025-02-14,LONG,1255.85,1252.1,60,3,-225.0,-0.3,SIGNAL
RUN_20260922_115213_V2,ChecklistStrategy,ICICIBANK,2025-02-20,2025-02-21,LONG,1255.35,1241.1,60,1,-855.0,-1.14,SIGNAL
RUN_20260922_115213_V2,ChecklistStrategy,ICICIBANK,2025-04-11,2025-04-16,LONG,1305.1,1357.0,57,5,2958.3,3.98,SIGNAL
RUN_20260922_115213_V2,ChecklistStrategy,ICICIBANK,2025-04-21,2025-04-23,LONG,1436.0,1429.0,55,2,-385.0,-0.49,SIGNAL
RUN_20260922_115213_V2,ChecklistStrategy,ICICIBANK,2025-05-16,2025-05-20,LONG,1453.3,1450.2,53,4,-164.31,-0.21,SIGNAL
RUN_20260922_115213_V2,ChecklistStrategy,ICICIBANK,2025-05-23,2025-06-04,LONG,1442.2,1437.4,53,12,-254.4,-0.33,SIGNAL
RUN_20260922_115213_V2,ChecklistStrategy,ICICIBANK,2025-06-06,2025-06-10,LONG,1448.6,1439.0,52,4,-499.2,-0.66,SIGNAL
RUN_20260922_115213_V2,ChecklistStrategy,ICICIBANK,2025-07-09,2025-07-25,LONG,1436.2,1500.0,52,16,3317.6,4.44,SIGNAL
RUN_20260922_115213_V2,ChecklistStrategy,ICICIBANK,2025-10-03,2025-10-06,LONG,1371.9,1371.0,57,3,-51.3,-0.07,SIGNAL
RUN_20260922_115213_V2,ChecklistStrategy,ICICIBANK,2025-10-10,2025-10-21,LONG,1370.3,1384.5,57,11,2419.4,1.04,SIGNAL
RUN_20260922_115213_V2,ChecklistStrategy,ICICIBANK,2025-10-27,2025-10-31,LONG,1382.1,1357.0,58,4,-1455.8,-1.82,SIGNAL
RUN_20260922_115213_V2,ChecklistStrategy,ICICIBANK,2025-11-10,2025-11-17,LONG,1342.9,1375.1,59,7,1899.8,2.4,SIGNAL
RUN_20260922_115213_V2,ChecklistStrategy,ICICIBANK,2025-12-04,2025-12-18,LONG,1387.0,1346.3,58,14,-2360.6,-2.93,STOP_LOSS
RUN_20260922_115213_V2,ChecklistStrategy,ICICIBANK,2026-02-09,2026-02-10,LONG,1413.5,1401.0,56,1,-700.0,-0.88,SIGNAL
RUN_20260922_115213_V2,ChecklistStrategy,ICICIBANK,2026-02-11,2026-02-16,LONG,1407.4,1404.0,55,5,-187.0,-0.24,SIGNAL
RUN_20260922_115213_V2,ChecklistStrategy,ICICIBANK,2026-02-19,2026-03-02,LONG,1408.5,1355.0,55,11,-2942.5,-3.8,STOP_LOSS
RUN_20260922_115213_V2,ChecklistStrategy,ICICIBANK,2026-03-10,2026-03-16,LONG,1287.6,1255.0,59,6,-1923.4,-2.53,STOP_LOSS
RUN_20260922_115213_V2,ChecklistStrategy,ICICIBANK,2026-05-19,2026-05-20,LONG,1251.1,1230.0,59,1,-1244.9,-1.69,SIGNAL
RUN_20260922_115213_V2,ChecklistStrategy,ICICIBANK,2026-05-25,2026-05-27,LONG,1271.0,1286.0,58,2,870.0,1.18,SIGNAL
RUN_20260922_115213_V2,ChecklistStrategy,ICICIBANK,2026-06-04,2026-06-12,LONG,1232.2,1330.0,59,8,4508.7,7.94,SIGNAL
RUN_20260922_115213_V2,ChecklistStrategy,ICICIBANK,2026-08-07,2026-08-10,LONG,1451.0,1428.1,53,3,-1213.7,-1.58,SIGNAL
RUN_20260922_115213_V2,ChecklistStrategy,ICICIBANK,2026-08-11,2026-08-14,LONG,1432.1,1403.0,53,3,-1542.3,-2.03,STOP_LOSS
RUN_20260922_115213_V2,ChecklistStrategy,ICICIBANK,2026-08-26,2026-09-02,LONG,1423.1,1425.1,53,7,106.0,0.14,SIGNAL
RUN_20260922_115213_V2,ChecklistStrategy,INDUSINDBK,2024-02-12,2024-02-13,LONG,1488.2,1452.4,50,1,-1790.0,-2.41,STOP_LOSS
RUN_20260922_115213_V2,ChecklistStrategy,INDUSINDBK,2024-02-14,2024-02-20,LONG,1450.05,1489.0,50,6,1947.5,2.69,SIGNAL
RUN_20260922_115213_V2,ChecklistStrategy,INDUSINDBK,2024-02-28,2024-02-29,LONG,1495.0,1451.0,50,1,-2200.0,-2.94,STOP_LOSS
RUN_20260922_115213_V2,ChecklistStrategy,INDUSINDBK,2024-03-01,2024-03-12,LONG,1480.0,1541.05,49,11,3025.05,4.12,SIGNAL
RUN_20260922_115213_V2,ChecklistStrategy,INDUSINDBK,2024-03-19,2024-03-20,LONG,1476.05,1440.0,51,1,-1838.55,-2.44,STOP_LOSS
RUN_20260922_115213_V2,ChecklistStrategy,INDUSINDBK,2024-03-21,2024-04-01,LONG,1460.0,1553.0,51,11,3893.0,6.37,SIGNAL
RUN_20260922_115213_V2,ChecklistStrategy,INDUSINDBK,2024-04-08,2024-04-18,LONG,1560.0,1502.8,49,10,-2802.8,-3.67,STOP_LOSS
RUN_20260922_115213_V2,ChecklistStrategy,INDUSINDBK,2024-04-30,2024-05-03,LONG,1497.8,1517.2,50,3,970.0,1.3,SIGNAL
RUN_20260922_115213_V2,ChecklistStrategy,INDUSINDBK,2024-05-13,2024-05-17,LONG,1415.35,1408.0,53,4,-389.55,-0.52,SIGNAL
RUN_20260922_115213_V2,ChecklistStrategy,INDUSINDBK,2024-05-23,2024-06-04,LONG,1408.55,1509.95,53,12,4408.3,7.2,SIGNAL
RUN_20260922_115213_V2,ChecklistStrategy,INDUSINDBK,2024-06-06,2024-06-07,LONG,1500.0,1468.55,52,1,-1635.4,-2.1,STOP_LOSS
RUN_20260922_115213_V2,ChecklistStrategy,INDUSINDBK,2024-06-26,2024-07-01,LONG,1498.0,1468.95,51,5,-1481.55,-1.94,SIGNAL
RUN_20260922_115213_V2,ChecklistStrategy,INDUSINDBK,2024-07-04,2024-07-05,LONG,1455.45,1437.0,52,1,-959.4,-1.27,SIGNAL
RUN_20260922_115213_V2,ChecklistStrategy,INDUSINDBK,2024-07-12,2024-07-15,LONG,1432.0,1438.5,52,3,338.0,0.45,SIGNAL
RUN_20260922_115213_V2,ChecklistStrategy,INDUSINDBK,2024-07-29,2024-07-30,LONG,1415.0,1411.5,53,1,-185.5,-0.25,SIGNAL
RUN_20260922_115213_V2,ChecklistStrategy,INDUSINDBK,2024-07-31,2024-08-05,LONG,1435.0,1388.0,52,5,-2444.0,-3.28,STOP_LOSS
RUN_20260922_115213_V2,ChecklistStrategy,INDUSINDBK,2024-08-13,2024-08-22,LONG,1355.0,1384.05,54,9,1568.7,2.14,SIGNAL
RUN_20260922_115213_V2,ChecklistStrategy,INDUSINDBK,2024-08-28,2024-09-18,LONG,1389.05,1470.0,54,21,3831.3,5.83,SIGNAL
RUN_20260922_115213_V2,ChecklistStrategy,INDUSINDBK,2024-10-09,2024-10-10,LONG,1369.0,1350.0,57,1,-1083.0,-1.39,SIGNAL
RUN_20260922_115213_V2,ChecklistStrategy,INDUSINDBK,2024-10-11,2024-10-22,LONG,1360.1,1309.1,56,11,-2856.0,-3.75,STOP_LOSS
RUN_20260922_115213_V2,ChecklistStrategy,INDUSINDBK,2024-10-29,2024-10-30,LONG,1058.8,1037.65,70,1,-1480.5,-2.0,SIGNAL
RUN_20260922_115213_V2,ChecklistStrategy,INDUSINDBK,2024-11-06,2024-11-08,LONG,1092.3,1061.45,67,2,-2066.96,-2.82,STOP_LOSS
RUN_20260922_115213_V2,ChecklistStrategy,INDUSINDBK,2024-11-25,2024-11-29,LONG,1020.0,998.1,71,4,-1554.9,-2.15,STOP_LOSS
RUN_20260922_115213_V2,ChecklistStrategy,INDUSINDBK,2024-12-02,2024-12-12,LONG,990.05,986.0,70,10,-283.5,-0.41,SIGNAL
RUN_20260922_115213_V2,ChecklistStrategy,INDUSINDBK,2024-12-20,2024-12-23,LONG,960.0,938.95,72,3,-1515.6,-2.19,STOP_LOSS
RUN_20260922_115213_V2,ChecklistStrategy,INDUSINDBK,2024-12-24,2025-01-01,LONG,941.0,958.6,73,8,1284.8,1.87,SIGNAL
RUN_20260922_115213_V2,ChecklistStrategy,INDUSINDBK,2025-01-08,2025-01-13,LONG,985.9,936.9,71,5,-3479.0,-4.97,STOP_LOSS
RUN_20260922_115213_V2,ChecklistStrategy,INDUSINDBK,2025-01-23,2025-01-28,LONG,965.95,937.35,69,5,-1973.4,-2.96,STOP_LOSS
RUN_20260922_115213_V2,ChecklistStrategy,INDUSINDBK,2025-02-18,2025-02-19,LONG,1045.0,1024.1,62,1,-1295.8,-2.0,STOP_LOSS
RUN_20260922_115213_V2,ChecklistStrategy,INDUSINDBK,2025-02-20,2025-03-03,LONG,1029.95,978.95,62,11,-3162.0,-4.95,STOP_LOSS
RUN_20260922_115213_V2,ChecklistStrategy,INDUSINDBK,2025-03-04,2025-03-10,LONG,978.0,895.0,63,6,-5229.0,-8.49,STOP_LOSS
RUN_20260922_115213_V2,ChecklistStrategy,INDUSINDBK,2025-03-27,2025-04-03,LONG,655.3,694.95,89,7,2989.85,6.05,SIGNAL
RUN_20260922_115213_V2,ChecklistStrategy,INDUSINDBK,2025-05-15,2025-05-21,LONG,778.0,783.0,77,6,385.0,0.64,SIGNAL
RUN_20260922_115213_V2,ChecklistStrategy,INDUSINDBK,2025-05-23,2025-05-29,LONG,781.1,805.15,77,6,2435.15,3.08,SIGNAL
RUN_20260922_115213_V2,ChecklistStrategy,INDUSINDBK,2025-05-30,2025-06-02,LONG,821.1,815.0,76,3,-463.6,-0.74,SIGNAL
RUN_20260922_115213_V2,ChecklistStrategy,INDUSINDBK,2025-06-05,2025-06-12,LONG,817.0,837.0,76,7,1520.0,2.45,SIGNAL
RUN_20260922_115213_V2,ChecklistStrategy,INDUSINDBK,2025-07-21,2025-07-22,LONG,870.05,880.0,73,1,726.35,1.14,SIGNAL
RUN_20260922_115213_V2,ChecklistStrategy,INDUSINDBK,2025-07-24,2025-07-25,LONG,855.25,846.4,75,1,-663.75,-1.03,SIGNAL
RUN_20260922_115213_V2,ChecklistStrategy,INDUSINDBK,2025-08-05,2025-08-07,LONG,820.0,801.85,79,2,-1433.85,-2.21,STOP_LOSS
RUN_20260922_115213_V2,ChecklistStrategy,INDUSINDBK,2025-09-04,2025-09-05,LONG,771.8,756.35,81,1,-1251.45,-2.0,STOP_LOSS
RUN_20260922_115213_V2,ChecklistStrategy,INDUSINDBK,2025-09-08,2025-09-15,LONG,759.5,741.0,81,7,-1498.5,-2.44,STOP_LOSS
RUN_20260922_115213_V2,ChecklistStrategy,INDUSINDBK,2025-09-30,2025-10-06,LONG,730.0,742.0,83,6,996.0,1.64,SIGNAL
RUN_20260922_115213_V2,ChecklistStrategy,INDUSINDBK,2025-10-24,2025-10-30,LONG,759.95,807.0,80,6,3644.0,6.19,SIGNAL
RUN_20260922_115213_V2,ChecklistStrategy,INDUSINDBK,2025-12-10,2025-12-11,LONG,847.8,834.45,75,1,-1001.25,-1.57,SIGNAL
RUN_20260922_115213_V2,ChecklistStrategy,INDUSINDBK,2025-12-12,2026-01-05,LONG,840.05,905.0,75,24,4538.25,7.73,SIGNAL
RUN_20260922_115213_V2,ChecklistStrategy,INDUSINDBK,2026-01-07,2026-01-08,LONG,914.5,897.0,72,1,-1260.0,-1.91,SIGNAL
RUN_20260922_115213_V2,ChecklistStrategy,INDUSINDBK,2026-01-29,2026-02-27,LONG,899.9,963.0,72,29,3859.2,7.01,SIGNAL
RUN_20260922_115213_V2,ChecklistStrategy,INDUSINDBK,2026-03-11,2026-03-12,LONG,897.2,870.0,76,1,-2067.2,-3.03,STOP_LOSS
RUN_20260922_115213_V2,ChecklistStrategy,INDUSINDBK,2026-03-17,2026-03-24,LONG,825.0,789.85,80,7,-2812.0,-4.26,STOP_LOSS
RUN_20260922_115213_V2,ChecklistStrategy,INDUSINDBK,2026-03-25,2026-04-01,LONG,802.95,765.95,81,7,-2997.0,-4.61,STOP_LOSS
RUN_20260922_115213_V2,ChecklistStrategy,INDUSINDBK,2026-04-06,2026-04-10,LONG,774.6,818.5,80,4,4046.0,5.67,SIGNAL
RUN_20260922_115213_V2,ChecklistStrategy,INDUSINDBK,2026-04-13,2026-04-20,LONG,807.1,853.9,78,7,3322.8,5.8,SIGNAL
RUN_20260922_115213_V2,ChecklistStrategy,INDUSINDBK,2026-04-23,2026-04-24,LONG,861.7,868.0,77,1,485.1,0.73,SIGNAL
RUN_20260922_115213_V2,ChecklistStrategy,INDUSINDBK,2026-05-19,2026-06-04,LONG,898.5,903.7,76,16,395.2,0.58,SIGNAL
RUN_20260922_115213_V2,ChecklistStrategy,INDUSINDBK,2026-06-18,2026-06-24,LONG,937.0,904.05,73,6,-2405.35,-3.52,STOP_LOSS
RUN_20260922_115213_V2,ChecklistStrategy,INDUSINDBK,2026-06-25,2026-07-07,LONG,933.0,1009.7,71,12,3986.2,8.22,SIGNAL
RUN_20260922_115213_V2,ChecklistStrategy,INDUSINDBK,2026-07-27,2026-08-05,LONG,1003.0,1025.0,69,9,1518.0,2.19,SIGNAL
RUN_20260922_115213_V2,ChecklistStrategy,INDUSINDBK,2026-08-13,2026-08-31,LONG,1015.0,992.0,69,18,-1587.0,-2.27,STOP_LOSS
RUN_20260922_115213_V2,ChecklistStrategy,INDUSINDBK,2026-09-01,2026-09-02,LONG,1004.0,985.0,68,1,-1292.0,-1.89,SIGNAL
RUN_20260922_115213_V2,ChecklistStrategy,INDUSINDBK,2026-09-03,2026-09-08,LONG,980.0,991.6,69,5,800.4,1.18,SIGNAL
RUN_20260922_115213_V2,ChecklistStrategy,INFY,2024-02-13,2024-03-05,LONG,1683.0,1634.0,44,21,-2156.0,-2.91,STOP_LOSS
RUN_20260922_115213_V2,ChecklistStrategy,INFY,2024-03-13,2024-03-14,LONG,1612.9,1614.4,45,1,67.5,0.09,SIGNAL
RUN_20260922_115213_V2,ChecklistStrategy,INFY,2024-04-05,2024-04-10,LONG,1480.05,1500.35,49,5,994.7,1.37,SIGNAL
RUN_20260922_115213_V2,ChecklistStrategy,INFY,2024-04-12,2024-04-16,LONG,1504.0,1451.0,49,4,-2597.0,-3.52,STOP_LOSS
RUN_20260922_115213_V2,ChecklistStrategy,INFY,2024-06-05,2024-06-10,LONG,1400.15,1525.3,51,5,5275.15,8.94,SIGNAL
RUN_20260922_115213_V2,ChecklistStrategy,INFY,2024-06-28,2024-07-01,LONG,1572.55,1559.5,48,3,-626.4,-0.83,SIGNAL
RUN_20260922_115213_V2,ChecklistStrategy,INFY,2024-08-08,2024-08-09,LONG,1779.95,1771.25,42,1,-365.4,-0.49,SIGNAL
RUN_20260922_115213_V2,ChecklistStrategy,INFY,2024-09-23,2024-09-24,LONG,1909.0,1888.0,39,1,-819.0,-1.1,SIGNAL
RUN_20260922_115213_V2,ChecklistStrategy,INFY,2024-10-03,2024-10-09,LONG,1889.5,1952.55,39,6,2458.95,3.34,SIGNAL
RUN_20260922_115213_V2,ChecklistStrategy,INFY,2024-10-24,2024-10-25,LONG,1861.4,1863.45,40,1,82.0,0.11,SIGNAL
RUN_20260922_115213_V2,ChecklistStrategy,INFY,2024-11-04,2024-11-08,LONG,1724.5,1818.0,43,4,3914.45,5.42,SIGNAL
RUN_20260922_115213_V2,ChecklistStrategy,INFY,2024-12-31,2025-01-06,LONG,1892.3,1952.0,41,6,2447.7,3.15,SIGNAL
RUN_20260922_115213_V2,ChecklistStrategy,INFY,2025-01-09,2025-01-10,LONG,1934.05,1937.0,41,1,120.95,0.15,SIGNAL
RUN_20260922_115213_V2,ChecklistStrategy,INFY,2025-01-16,2025-01-17,LONG,1965.95,1851.0,41,1,-4712.95,-5.85,STOP_LOSS
RUN_20260922_115213_V2,ChecklistStrategy,INFY,2025-01-21,2025-01-29,LONG,1819.05,1845.0,42,8,1089.9,1.43,SIGNAL
RUN_20260922_115213_V2,ChecklistStrategy,INFY,2025-02-17,2025-02-24,LONG,1838.55,1800.05,42,7,-1617.0,-2.09,STOP_LOSS
RUN_20260922_115213_V2,ChecklistStrategy,INFY,2025-03-04,2025-03-13,LONG,1695.0,1599.25,45,9,-4308.75,-5.65,STOP_LOSS
RUN_20260922_115213_V2,ChecklistStrategy,INFY,2025-04-11,2025-04-23,LONG,1411.25,1446.0,52,12,1807.0,2.46,SIGNAL
RUN_20260922_115213_V2,ChecklistStrategy,INFY,2025-05-15,2025-05-19,LONG,1589.8,1576.5,47,4,-625.1,-0.84,SIGNAL
RUN_20260922_115213_V2,ChecklistStrategy,INFY,2025-05-22,2025-05-28,LONG,1555.5,1581.0,47,6,1198.5,1.64,SIGNAL
RUN_20260922_115213_V2,ChecklistStrategy,INFY,2025-06-23,2025-06-30,LONG,1601.0,1615.0,46,7,644.0,0.87,SIGNAL
RUN_20260922_115213_V2,ChecklistStrategy,INFY,2025-07-09,2025-07-14,LONG,1637.8,1591.8,46,5,-2116.0,-2.81,STOP_LOSS
RUN_20260922_115213_V2,ChecklistStrategy,INFY,2025-07-29,2025-08-04,LONG,1512.9,1461.5,49,6,-2518.6,-3.4,STOP_LOSS
RUN_20260922_115213_V2,ChecklistStrategy,INFY,2025-08-08,2025-08-13,LONG,1425.0,1425.0,50,5,0.0,0.0,SIGNAL
RUN_20260922_115213_V2,ChecklistStrategy,INFY,2025-08-14,2025-08-26,LONG,1426.2,1523.0,50,12,4465.0,6.79,SIGNAL
RUN_20260922_115213_V2,ChecklistStrategy,INFY,2025-09-02,2025-09-05,LONG,1499.4,1470.0,50,3,-1470.0,-1.96,SIGNAL
RUN_20260922_115213_V2,ChecklistStrategy,INFY,2025-09-17,2025-09-24,LONG,1516.9,1487.2,49,7,-1455.3,-1.96,SIGNAL
RUN_20260922_115213_V2,ChecklistStrategy,INFY,2025-10-03,2025-10-24,LONG,1439.0,1539.5,50,21,4287.5,6.98,SIGNAL
RUN_20260922_115213_V2,ChecklistStrategy,INFY,2025-11-10,2025-11-12,LONG,1490.1,1540.0,51,2,2544.9,3.35,SIGNAL
RUN_20260922_115213_V2,ChecklistStrategy,INFY,2025-11-20,2025-12-03,LONG,1555.0,1555.1,50,13,5.0,0.01,SIGNAL
RUN_20260922_115213_V2,ChecklistStrategy,INFY,2025-12-04,2025-12-23,LONG,1568.0,1679.0,49,19,5079.0,7.08,SIGNAL
RUN_20260922_115213_V2,ChecklistStrategy,INFY,2026-01-02,2026-01-12,LONG,1635.9,1610.1,50,10,-1290.0,-1.58,SIGNAL
RUN_20260922_115213_V2,ChecklistStrategy,INFY,2026-01-22,2026-01-28,LONG,1666.0,1680.0,49,6,686.0,0.84,SIGNAL
RUN_20260922_115213_V2,ChecklistStrategy,INFY,2026-02-17,2026-02-19,LONG,1370.0,1385.0,59,2,885.0,1.09,SIGNAL
RUN_20260922_115213_V2,ChecklistStrategy,INFY,2026-04-06,2026-04-07,LONG,1301.4,1302.0,63,1,37.8,0.05,SIGNAL
RUN_20260922_115213_V2,ChecklistStrategy,INFY,2026-04-28,2026-05-14,LONG,1162.7,1119.8,70,16,-3002.99,-3.69,STOP_LOSS
RUN_20260922_115213_V2,ChecklistStrategy,INFY,2026-05-18,2026-05-21,LONG,1119.0,1196.1,71,3,5155.6,6.89,SIGNAL
RUN_20260922_115213_V2,ChecklistStrategy,INFY,2026-07-08,2026-07-13,LONG,1071.9,1057.1,78,5,-1154.4,-1.38,SIGNAL
RUN_20260922_115213_V2,ChecklistStrategy,INFY,2026-07-14,2026-07-16,LONG,1107.8,1082.5,75,2,-1897.5,-2.28,STOP_LOSS
RUN_20260922_115213_V2,ChecklistStrategy,INFY,2026-08-25,2026-09-01,LONG,1132.0,1128.0,72,7,-288.0,-0.35,SIGNAL
RUN_20260922_115213_V2,ChecklistStrategy,INFY,2026-09-02,2026-09-04,LONG,1137.7,1133.0,70,2,-329.0,-0.41,SIGNAL
RUN_20260922_115213_V2,ChecklistStrategy,ITC,2024-02-01,2024-02-05,LONG,425.61,425.61,176,4,0.0,0.0,SIGNAL
RUN_20260922_115213_V2,ChecklistStrategy,ITC,2024-02-15,2024-02-16,LONG,397.68,389.98,189,1,-1455.93,-1.94,SIGNAL
RUN_20260922_115213_V2,ChecklistStrategy,ITC,2024-03-13,2024-03-14,LONG,418.87,406.3,189,1,-2374.98,-3.0,STOP_LOSS
RUN_20260922_115213_V2,ChecklistStrategy,ITC,2024-03-21,2024-04-01,LONG,403.46,413.19,179,11,1740.85,2.41,SIGNAL
RUN_20260922_115213_V2,ChecklistStrategy,ITC,2024-04-08,2024-04-10,LONG,412.42,412.42,178,2,0.0,0.0,SIGNAL
RUN_20260922_115213_V2,ChecklistStrategy,ITC,2024-04-24,2024-04-30,LONG,413.33,423.63,177,6,1823.67,2.49,SIGNAL
RUN_20260922_115213_V2,ChecklistStrategy,ITC,2024-05-03,2024-05-10,LONG,423.73,410.68,176,7,-2296.36,-3.08,STOP_LOSS
RUN_20260922_115213_V2,ChecklistStrategy,ITC,2024-05-13,2024-05-14,LONG,417.18,414.54,174,1,-460.75,-0.63,SIGNAL
RUN_20260922_115213_V2,ChecklistStrategy,ITC,2024-05-17,2024-06-05,LONG,416.36,406.35,174,19,-1742.5,-2.4,STOP_LOSS
RUN_20260922_115213_V2,ChecklistStrategy,ITC,2024-06-10,2024-06-14,LONG,423.68,415.02,168,4,-1455.93,-2.04,STOP_LOSS
RUN_20260922_115213_V2,ChecklistStrategy,ITC,2024-07-04,2024-07-11,LONG,414.05,433.31,169,7,3553.93,4.65,SIGNAL
RUN_20260922_115213_V2,ChecklistStrategy,ITC,2024-07-12,2024-07-23,LONG,441.64,449.25,164,11,1247.55,1.72,SIGNAL
RUN_20260922_115213_V2,ChecklistStrategy,ITC,2024-07-24,2024-07-25,LONG,477.61,471.83,155,1,-895.51,-1.21,SIGNAL
RUN_20260922_115213_V2,ChecklistStrategy,ITC,2024-09-10,2024-09-12,LONG,492.92,496.0,147,2,452.96,0.62,SIGNAL
RUN_20260922_115213_V2,ChecklistStrategy,ITC,2024-10-22,2024-10-23,LONG,465.71,463.16,157,1,-400.62,-0.55,SIGNAL
RUN_20260922_115213_V2,ChecklistStrategy,ITC,2024-11-07,2024-11-18,LONG,463.88,448.72,157,11,-2381.05,-3.27,STOP_LOSS
RUN_20260922_115213_V2,ChecklistStrategy,ITC,2024-11-25,2024-12-05,LONG,461.24,450.21,155,10,-1708.93,-2.39,STOP_LOSS
RUN_20260922_115213_V2,ChecklistStrategy,ITC,2024-12-16,2024-12-20,LONG,452.81,449.2,153,4,-552.47,-0.8,SIGNAL
RUN_20260922_115213_V2,ChecklistStrategy,ITC,2024-12-23,2025-01-06,LONG,453.73,455.6,154,14,288.65,0.41,SIGNAL
RUN_20260922_115213_V2,ChecklistStrategy,ITC,2025-01-16,2025-01-21,LONG,438.05,438.0,158,5,-7.9,-0.01,SIGNAL
RUN_20260922_115213_V2,ChecklistStrategy,ITC,2025-01-31,2025-02-04,LONG,436.5,458.0,159,4,3734.5,4.93,SIGNAL
RUN_20260922_115213_V2,ChecklistStrategy,ITC,2025-03-04,2025-04-15,LONG,395.4,429.2,181,42,4659.8,8.55,SIGNAL
RUN_20260922_115213_V2,ChecklistStrategy,ITC,2025-05-09,2025-05-19,LONG,425.95,435.0,175,10,1583.75,2.12,SIGNAL
RUN_20260922_115213_V2,ChecklistStrategy,ITC,2025-06-03,2025-06-18,LONG,419.0,417.0,183,15,-366.0,-0.48,SIGNAL
RUN_20260922_115213_V2,ChecklistStrategy,ITC,2025-07-28,2025-08-21,LONG,410.8,406.05,186,24,-883.5,-1.16,SIGNAL
RUN_20260922_115213_V2,ChecklistStrategy,ITC,2025-08-26,2025-09-02,LONG,399.3,406.55,189,7,1370.25,1.82,SIGNAL
RUN_20260922_115213_V2,ChecklistStrategy,ITC,2025-09-03,2025-09-09,LONG,408.5,408.5,188,6,0.0,0.0,SIGNAL
RUN_20260922_115213_V2,ChecklistStrategy,ITC,2025-09-19,2025-09-22,LONG,411.55,410.65,186,3,-167.4,-0.22,SIGNAL
RUN_20260922_115213_V2,ChecklistStrategy,ITC,2025-09-29,2025-09-30,LONG,406.9,406.75,188,1,-28.2,-0.04,SIGNAL
RUN_20260922_115213_V2,ChecklistStrategy,ITC,2025-10-03,2025-10-06,LONG,404.9,403.0,188,3,-357.2,-0.47,SIGNAL
RUN_20260922_115213_V2,ChecklistStrategy,ITC,2025-10-16,2025-10-29,LONG,401.0,418.2,190,13,3486.5,4.29,SIGNAL
RUN_20260922_115213_V2,ChecklistStrategy,ITC,2025-11-11,2025-11-25,LONG,406.0,403.55,194,14,-475.3,-0.6,SIGNAL
RUN_20260922_115213_V2,ChecklistStrategy,ITC,2025-11-27,2025-12-01,LONG,403.5,402.8,194,4,-135.8,-0.17,SIGNAL
RUN_20260922_115213_V2,ChecklistStrategy,ITC,2025-12-05,2025-12-09,LONG,403.05,402.0,194,4,-203.7,-0.26,SIGNAL
RUN_20260922_115213_V2,ChecklistStrategy,ITC,2026-01-01,2026-01-02,LONG,402.7,360.0,193,1,-8241.1,-10.6,STOP_LOSS
RUN_20260922_115213_V2,ChecklistStrategy,ITC,2026-01-13,2026-01-19,LONG,339.0,330.0,212,6,-1908.0,-2.65,STOP_LOSS
RUN_20260922_115213_V2,ChecklistStrategy,ITC,2026-01-29,2026-02-03,LONG,322.6,321.2,219,5,-306.6,-0.43,SIGNAL
RUN_20260922_115213_V2,ChecklistStrategy,ITC,2026-02-09,2026-02-12,LONG,327.95,317.3,215,3,-2289.76,-3.25,STOP_LOSS
RUN_20260922_115213_V2,ChecklistStrategy,ITC,2026-02-17,2026-02-20,LONG,318.45,325.05,215,3,2381.99,2.07,SIGNAL
RUN_20260922_115213_V2,ChecklistStrategy,ITC,2026-03-11,2026-03-16,LONG,309.05,302.55,226,5,-1469.0,-2.1,STOP_LOSS
RUN_20260922_115213_V2,ChecklistStrategy,ITC,2026-03-27,2026-04-01,LONG,294.7,293.0,233,5,-396.1,-0.58,SIGNAL
RUN_20260922_115213_V2,ChecklistStrategy,ITC,2026-04-22,2026-04-27,LONG,310.0,303.65,221,5,-1403.35,-2.05,STOP_LOSS
RUN_20260922_115213_V2,ChecklistStrategy,ITC,2026-04-28,2026-05-01,LONG,304.4,314.9,222,3,2331.0,3.45,SIGNAL
RUN_20260922_115213_V2,ChecklistStrategy,ITC,2026-05-06,2026-05-07,LONG,312.8,311.45,222,1,-299.69,-0.43,SIGNAL
RUN_20260922_115213_V2,ChecklistStrategy,ITC,2026-05-14,2026-05-28,LONG,305.0,291.95,226,14,-2949.3,-4.28,STOP_LOSS
RUN_20260922_115213_V2,ChecklistStrategy,ITC,2026-06-05,2026-07-01,LONG,280.0,287.85,238,26,2356.2,2.8,SIGNAL
RUN_20260922_115213_V2,ChecklistStrategy,ITC,2026-07-02,2026-07-09,LONG,290.7,281.25,236,7,-2230.2,-3.25,STOP_LOSS
RUN_20260922_115213_V2,ChecklistStrategy,ITC,2026-08-07,2026-08-11,LONG,285.0,282.0,233,4,-699.0,-1.05,SIGNAL
RUN_20260922_115213_V2,ChecklistStrategy,ITC,2026-08-14,2026-08-17,LONG,278.35,278.2,238,3,-35.7,-0.05,SIGNAL
RUN_20260922_115213_V2,ChecklistStrategy,ITC,2026-08-25,2026-09-01,LONG,269.7,261.5,245,7,-2009.0,-3.04,STOP_LOSS
RUN_20260922_115213_V2,ChecklistStrategy,JIOFIN,2024-03-26,2024-04-02,LONG,345.0,359.0,217,7,3038.0,4.06,SIGNAL
RUN_20260922_115213_V2,ChecklistStrategy,JIOFIN,2024-05-13,2024-05-31,LONG,347.85,355.05,222,18,3091.35,2.07,SIGNAL
RUN_20260922_115213_V2,ChecklistStrategy,JIOFIN,2024-06-06,2024-06-20,LONG,350.0,358.9,230,14,2047.0,2.54,SIGNAL
RUN_20260922_115213_V2,ChecklistStrategy,JIOFIN,2024-07-22,2024-07-26,LONG,338.75,329.85,239,4,-2127.1,-2.63,STOP_LOSS
RUN_20260922_115213_V2,ChecklistStrategy,JIOFIN,2024-07-29,2024-08-05,LONG,334.5,317.95,239,7,-3955.45,-4.95,STOP_LOSS
RUN_20260922_115213_V2,ChecklistStrategy,JIOFIN,2024-09-10,2024-09-17,LONG,343.95,348.7,223,7,1059.25,1.38,SIGNAL
RUN_20260922_115213_V2,ChecklistStrategy,JIOFIN,2024-09-20,2024-10-01,LONG,348.4,352.0,222,11,799.2,1.03,SIGNAL
RUN_20260922_115213_V2,ChecklistStrategy,JIOFIN,2024-10-21,2024-10-22,LONG,334.4,328.0,235,1,-1504.0,-1.91,SIGNAL
RUN_20260922_115213_V2,ChecklistStrategy,JIOFIN,2024-10-25,2024-11-05,LONG,317.5,320.0,242,11,605.0,0.79,SIGNAL
RUN_20260922_115213_V2,ChecklistStrategy,JIOFIN,2024-12-02,2024-12-06,LONG,326.0,343.05,234,4,3878.55,5.23,SIGNAL
RUN_20260922_115213_V2,ChecklistStrategy,JIOFIN,2024-12-12,2024-12-19,LONG,343.8,318.0,232,7,-5985.6,-7.5,STOP_LOSS
RUN_20260922_115213_V2,ChecklistStrategy,JIOFIN,2025-01-08,2025-01-10,LONG,300.5,290.0,251,2,-2635.5,-3.49,STOP_LOSS
RUN_20260922_115213_V2,ChecklistStrategy,JIOFIN,2025-01-15,2025-01-22,LONG,275.0,261.7,268,7,-3564.4,-4.84,STOP_LOSS
RUN_20260922_115213_V2,ChecklistStrategy,JIOFIN,2025-01-23,2025-01-24,LONG,263.5,256.0,268,1,-2010.0,-2.85,STOP_LOSS
RUN_20260922_115213_V2,ChecklistStrategy,JIOFIN,2025-02-20,2025-02-28,LONG,228.0,219.26,301,8,-2630.74,-3.83,STOP_LOSS
RUN_20260922_115213_V2,ChecklistStrategy,JIOFIN,2025-03-10,2025-03-11,LONG,222.6,214.7,302,1,-2385.8,-3.55,STOP_LOSS
RUN_20260922_115213_V2,ChecklistStrategy,JIOFIN,2025-05-02,2025-05-07,LONG,262.9,245.05,250,5,-4462.5,-6.79,STOP_LOSS
RUN_20260922_115213_V2,ChecklistStrategy,JIOFIN,2025-05-28,2025-05-30,LONG,296.05,288.0,212,2,-1706.6,-2.72,STOP_LOSS
RUN_20260922_115213_V2,ChecklistStrategy,JIOFIN,2025-06-17,2025-06-19,LONG,295.0,289.5,205,2,-1127.5,-1.86,SIGNAL
RUN_20260922_115213_V2,ChecklistStrategy,JIOFIN,2025-06-23,2025-06-27,LONG,288.55,314.1,202,4,4110.7,8.85,SIGNAL
RUN_20260922_115213_V2,ChecklistStrategy,JIOFIN,2025-07-16,2025-07-23,LONG,321.0,311.6,195,7,-1833.0,-2.93,STOP_LOSS
RUN_20260922_115213_V2,ChecklistStrategy,JIOFIN,2025-07-24,2025-07-29,LONG,315.0,306.3,195,5,-1696.5,-2.76,STOP_LOSS
RUN_20260922_115213_V2,ChecklistStrategy,JIOFIN,2025-07-30,2025-08-06,LONG,323.0,333.2,186,7,1897.2,3.16,SIGNAL
RUN_20260922_115213_V2,ChecklistStrategy,JIOFIN,2025-08-12,2025-08-25,LONG,327.95,322.0,187,13,-1112.65,-1.81,SIGNAL
RUN_20260922_115213_V2,ChecklistStrategy,JIOFIN,2025-09-01,2025-09-11,LONG,311.7,310.05,194,10,-320.1,-0.53,SIGNAL
RUN_20260922_115213_V2,ChecklistStrategy,JIOFIN,2025-10-10,2025-10-15,LONG,307.0,305.6,196,5,-274.4,-0.46,SIGNAL
RUN_20260922_115213_V2,ChecklistStrategy,JIOFIN,2025-10-16,2025-10-21,LONG,314.05,311.45,192,5,-499.2,-0.83,SIGNAL
RUN_20260922_115213_V2,ChecklistStrategy,JIOFIN,2026-01-08,2026-01-09,LONG,303.3,292.0,196,1,-2214.8,-3.73,STOP_LOSS
RUN_20260922_115213_V2,ChecklistStrategy,JIOFIN,2026-01-13,2026-01-14,LONG,289.1,281.95,201,1,-1437.15,-2.47,STOP_LOSS
RUN_20260922_115213_V2,ChecklistStrategy,JIOFIN,2026-01-28,2026-02-03,LONG,257.85,260.05,222,6,488.4,0.85,SIGNAL
RUN_20260922_115213_V2,ChecklistStrategy,JIOFIN,2026-02-12,2026-02-16,LONG,270.0,262.05,211,4,-1677.45,-2.94,STOP_LOSS
RUN_20260922_115213_V2,ChecklistStrategy,JIOFIN,2026-03-06,2026-03-10,LONG,242.2,236.95,230,4,-1207.5,-2.17,STOP_LOSS
RUN_20260922_115213_V2,ChecklistStrategy,JIOFIN,2026-03-11,2026-03-12,LONG,237.9,237.4,233,1,-116.5,-0.21,SIGNAL
RUN_20260922_115213_V2,ChecklistStrategy,JIOFIN,2026-03-25,2026-04-01,LONG,235.0,233.04,235,7,-460.6,-0.83,SIGNAL
RUN_20260922_115213_V2,ChecklistStrategy,JIOFIN,2026-04-02,2026-04-13,LONG,227.85,237.0,235,11,3203.25,4.02,SIGNAL
RUN_20260922_115213_V2,ChecklistStrategy,JIOFIN,2026-04-20,2026-04-21,LONG,242.0,237.27,233,1,-1102.09,-1.95,SIGNAL
RUN_20260922_115213_V2,ChecklistStrategy,JIOFIN,2026-04-23,2026-04-30,LONG,240.0,250.0,235,7,2993.5,4.17,SIGNAL
RUN_20260922_115213_V2,ChecklistStrategy,JIOFIN,2026-05-14,2026-05-20,LONG,233.0,230.39,251,6,-655.11,-1.12,SIGNAL
RUN_20260922_115213_V2,ChecklistStrategy,JIOFIN,2026-07-10,2026-07-31,LONG,235.0,247.5,247,21,3241.25,5.32,SIGNAL
RUN_20260922_115213_V2,ChecklistStrategy,JIOFIN,2026-08-13,2026-08-14,LONG,261.95,255.6,234,1,-1485.9,-2.42,STOP_LOSS
RUN_20260922_115213_V2,ChecklistStrategy,JIOFIN,2026-08-18,2026-08-19,LONG,248.9,245.8,236,1,-731.6,-1.25,SIGNAL
RUN_20260922_115213_V2,ChecklistStrategy,JIOFIN,2026-08-26,2026-08-27,LONG,244.15,242.0,240,1,-516.0,-0.88,SIGNAL
RUN_20260922_115213_V2,ChecklistStrategy,JIOFIN,2026-09-01,2026-09-04,LONG,240.0,237.8,240,3,-528.0,-0.92,SIGNAL
RUN_20260922_115213_V2,ChecklistStrategy,JSWSTEEL,2024-02-01,2024-02-02,LONG,822.0,809.25,91,1,-1160.25,-1.55,SIGNAL
RUN_20260922_115213_V2,ChecklistStrategy,JSWSTEEL,2024-02-14,2024-02-22,LONG,798.0,831.0,91,8,3003.0,4.14,SIGNAL
RUN_20260922_115213_V2,ChecklistStrategy,JSWSTEEL,2024-03-15,2024-03-20,LONG,782.1,802.2,97,5,1949.7,2.57,SIGNAL
RUN_20260922_115213_V2,ChecklistStrategy,JSWSTEEL,2024-04-22,2024-05-06,LONG,867.1,879.7,89,14,2454.6,1.45,SIGNAL
RUN_20260922_115213_V2,ChecklistStrategy,JSWSTEEL,2024-05-07,2024-05-08,LONG,880.65,850.4,90,1,-2722.5,-3.43,STOP_LOSS
RUN_20260922_115213_V2,ChecklistStrategy,JSWSTEEL,2024-05-13,2024-05-21,LONG,847.85,892.0,90,8,3793.5,5.21,SIGNAL
RUN_20260922_115213_V2,ChecklistStrategy,JSWSTEEL,2024-05-29,2024-06-03,LONG,899.6,912.0,88,5,1091.2,1.38,SIGNAL
RUN_20260922_115213_V2,ChecklistStrategy,JSWSTEEL,2024-06-04,2024-06-05,LONG,914.0,857.0,88,1,-5016.0,-6.24,STOP_LOSS
RUN_20260922_115213_V2,ChecklistStrategy,JSWSTEEL,2024-06-06,2024-06-25,LONG,884.0,936.9,87,19,3925.05,5.98,SIGNAL
RUN_20260922_115213_V2,ChecklistStrategy,JSWSTEEL,2024-06-28,2024-07-01,LONG,943.15,935.0,85,3,-692.75,-0.86,SIGNAL
RUN_20260922_115213_V2,ChecklistStrategy,JSWSTEEL,2024-07-18,2024-07-19,LONG,934.35,927.0,85,1,-624.75,-0.79,SIGNAL
RUN_20260922_115213_V2,ChecklistStrategy,JSWSTEEL,2024-07-24,2024-07-26,LONG,895.0,880.0,88,2,-1320.0,-1.68,SIGNAL
RUN_20260922_115213_V2,ChecklistStrategy,JSWSTEEL,2024-08-07,2024-08-27,LONG,899.0,963.45,88,20,4881.8,7.17,SIGNAL
RUN_20260922_115213_V2,ChecklistStrategy,JSWSTEEL,2024-08-29,2024-09-06,LONG,945.0,925.45,86,8,-1681.3,-2.07,STOP_LOSS
RUN_20260922_115213_V2,ChecklistStrategy,JSWSTEEL,2024-09-09,2024-09-12,LONG,923.0,935.8,86,3,1100.8,1.39,SIGNAL
RUN_20260922_115213_V2,ChecklistStrategy,JSWSTEEL,2024-10-21,2024-10-23,LONG,997.0,963.65,81,2,-2701.35,-3.35,STOP_LOSS
RUN_20260922_115213_V2,ChecklistStrategy,JSWSTEEL,2024-10-25,2024-10-28,LONG,958.1,936.0,82,3,-1812.2,-2.31,STOP_LOSS
RUN_20260922_115213_V2,ChecklistStrategy,JSWSTEEL,2024-10-29,2024-11-08,LONG,972.45,994.0,80,10,1724.0,2.22,SIGNAL
RUN_20260922_115213_V2,ChecklistStrategy,JSWSTEEL,2024-11-11,2024-11-13,LONG,988.0,953.5,79,2,-2725.5,-3.49,STOP_LOSS
RUN_20260922_115213_V2,ChecklistStrategy,JSWSTEEL,2024-12-02,2024-12-04,LONG,965.9,996.1,79,2,2385.8,3.13,SIGNAL
RUN_20260922_115213_V2,ChecklistStrategy,JSWSTEEL,2024-12-06,2024-12-18,LONG,999.9,967.05,78,12,-2562.3,-3.29,STOP_LOSS
RUN_20260922_115213_V2,ChecklistStrategy,JSWSTEEL,2025-01-15,2025-01-20,LONG,910.0,908.6,84,5,-117.6,-0.15,SIGNAL
RUN_20260922_115213_V2,ChecklistStrategy,JSWSTEEL,2025-01-30,2025-02-01,LONG,937.9,947.85,81,2,805.95,1.06,SIGNAL
RUN_20260922_115213_V2,ChecklistStrategy,JSWSTEEL,2025-02-28,2025-03-11,LONG,968.1,1003.85,79,11,3103.1,3.69,SIGNAL
RUN_20260922_115213_V2,ChecklistStrategy,JSWSTEEL,2025-04-29,2025-05-02,LONG,1055.0,1021.2,75,3,-2535.0,-3.2,STOP_LOSS
RUN_20260922_115213_V2,ChecklistStrategy,JSWSTEEL,2025-05-23,2025-05-28,LONG,1011.0,1014.9,77,5,300.3,0.39,SIGNAL
RUN_20260922_115213_V2,ChecklistStrategy,JSWSTEEL,2025-06-09,2025-06-11,LONG,1006.3,1003.95,77,2,-180.95,-0.23,SIGNAL
RUN_20260922_115213_V2,ChecklistStrategy,JSWSTEEL,2025-07-02,2025-07-10,LONG,1031.0,1040.9,75,8,742.5,0.96,SIGNAL
RUN_20260922_115213_V2,ChecklistStrategy,JSWSTEEL,2025-07-11,2025-08-11,LONG,1043.0,1049.2,74,31,458.8,0.59,SIGNAL
RUN_20260922_115213_V2,ChecklistStrategy,JSWSTEEL,2025-08-12,2025-09-01,LONG,1054.8,1026.6,74,20,-2086.81,-2.67,STOP_LOSS
RUN_20260922_115213_V2,ChecklistStrategy,JSWSTEEL,2025-09-02,2025-09-05,LONG,1035.6,1069.0,74,3,2471.6,3.23,SIGNAL
RUN_20260922_115213_V2,ChecklistStrategy,JSWSTEEL,2025-10-23,2025-10-24,LONG,1161.0,1140.0,68,1,-1428.0,-1.81,SIGNAL
RUN_20260922_115213_V2,ChecklistStrategy,JSWSTEEL,2025-11-18,2025-11-19,LONG,1179.9,1167.5,65,1,-806.0,-1.05,SIGNAL
RUN_20260922_115213_V2,ChecklistStrategy,JSWSTEEL,2025-11-26,2025-12-03,LONG,1112.0,1162.0,69,7,3382.0,4.5,SIGNAL
RUN_20260922_115213_V2,ChecklistStrategy,JSWSTEEL,2025-12-04,2025-12-09,LONG,1159.0,1118.0,69,5,-2829.0,-3.54,STOP_LOSS
RUN_20260922_115213_V2,ChecklistStrategy,JSWSTEEL,2025-12-29,2026-01-02,LONG,1100.0,1172.0,70,4,4742.5,6.55,SIGNAL
RUN_20260922_115213_V2,ChecklistStrategy,JSWSTEEL,2026-01-15,2026-01-19,LONG,1181.8,1187.4,68,4,380.8,0.47,SIGNAL
RUN_20260922_115213_V2,ChecklistStrategy,JSWSTEEL,2026-01-22,2026-01-27,LONG,1180.0,1197.0,68,5,1156.0,1.44,SIGNAL
RUN_20260922_115213_V2,ChecklistStrategy,JSWSTEEL,2026-02-03,2026-02-09,LONG,1225.0,1248.5,68,6,1598.0,1.92,SIGNAL
RUN_20260922_115213_V2,ChecklistStrategy,JSWSTEEL,2026-02-23,2026-03-05,LONG,1240.0,1214.5,67,10,-1708.5,-2.06,STOP_LOSS
RUN_20260922_115213_V2,ChecklistStrategy,JSWSTEEL,2026-03-17,2026-03-24,LONG,1147.0,1131.9,71,7,-1072.1,-1.32,SIGNAL
RUN_20260922_115213_V2,ChecklistStrategy,JSWSTEEL,2026-03-25,2026-04-06,LONG,1140.0,1132.0,71,12,-568.0,-0.7,SIGNAL
RUN_20260922_115213_V2,ChecklistStrategy,JSWSTEEL,2026-05-19,2026-06-09,LONG,1298.0,1265.0,62,21,-2046.0,-2.54,STOP_LOSS
RUN_20260922_115213_V2,ChecklistStrategy,JSWSTEEL,2026-06-18,2026-06-24,LONG,1288.0,1240.0,61,6,-2928.0,-3.73,STOP_LOSS
RUN_20260922_115213_V2,ChecklistStrategy,JSWSTEEL,2026-07-20,2026-07-23,LONG,1252.7,1256.0,61,3,201.3,0.26,SIGNAL
RUN_20260922_115213_V2,ChecklistStrategy,JSWSTEEL,2026-08-11,2026-08-13,LONG,1299.0,1269.1,58,2,-1734.2,-2.3,STOP_LOSS
RUN_20260922_115213_V2,ChecklistStrategy,JSWSTEEL,2026-08-14,2026-08-19,LONG,1267.3,1273.7,59,5,377.59,0.51,SIGNAL
RUN_20260922_115213_V2,ChecklistStrategy,JSWSTEEL,2026-09-03,2026-09-08,LONG,1315.0,1306.4,57,5,-490.2,-0.65,SIGNAL
RUN_20260922_115213_V2,ChecklistStrategy,JSWSTEEL,2026-09-10,2026-09-14,LONG,1301.0,1265.0,57,4,-2052.0,-2.77,STOP_LOSS
RUN_20260922_115213_V2,ChecklistStrategy,JSWSTEEL,2026-09-17,2026-09-22,LONG,1248.9,1274.7,58,5,1496.4,2.07,SIGNAL
RUN_20260922_115213_V2,ChecklistStrategy,KOTAKBANK,2024-02-01,2024-02-07,LONG,366.0,358.2,205,6,-1599.0,-2.13,STOP_LOSS
RUN_20260922_115213_V2,ChecklistStrategy,KOTAKBANK,2024-02-12,2024-02-27,LONG,348.6,342.6,211,15,-1266.0,-1.72,SIGNAL
RUN_20260922_115213_V2,ChecklistStrategy,KOTAKBANK,2024-03-01,2024-03-11,LONG,339.1,353.18,215,10,3027.2,4.15,SIGNAL
RUN_20260922_115213_V2,ChecklistStrategy,KOTAKBANK,2024-03-14,2024-04-01,LONG,345.0,359.0,216,18,3024.0,4.06,SIGNAL
RUN_20260922_115213_V2,ChecklistStrategy,KOTAKBANK,2024-04-05,2024-04-26,LONG,349.81,328.49,220,21,-982.3,-6.09,STOP_LOSS
RUN_20260922_115213_V2,ChecklistStrategy,KOTAKBANK,2024-04-30,2024-05-02,LONG,328.08,318.0,233,2,-2348.64,-3.07,STOP_LOSS
RUN_20260922_115213_V2,ChecklistStrategy,KOTAKBANK,2024-05-28,2024-05-31,LONG,342.46,340.6,218,3,-405.48,-0.54,SIGNAL
RUN_20260922_115213_V2,ChecklistStrategy,KOTAKBANK,2024-06-19,2024-06-21,LONG,345.8,354.0,216,2,1771.2,2.37,SIGNAL
RUN_20260922_115213_V2,ChecklistStrategy,KOTAKBANK,2024-07-26,2024-08-06,LONG,351.62,357.0,213,11,1145.94,1.53,SIGNAL
RUN_20260922_115213_V2,ChecklistStrategy,KOTAKBANK,2024-09-11,2024-09-17,LONG,359.0,367.88,213,6,1891.44,2.47,SIGNAL
RUN_20260922_115213_V2,ChecklistStrategy,KOTAKBANK,2024-10-03,2024-10-07,LONG,371.58,362.0,207,4,-1983.06,-2.58,STOP_LOSS
RUN_20260922_115213_V2,ChecklistStrategy,KOTAKBANK,2024-10-09,2024-10-10,LONG,360.2,361.98,211,1,375.58,0.49,SIGNAL
RUN_20260922_115213_V2,ChecklistStrategy,KOTAKBANK,2024-10-21,2024-10-22,LONG,370.0,358.39,204,1,-2368.44,-3.14,STOP_LOSS
RUN_20260922_115213_V2,ChecklistStrategy,KOTAKBANK,2024-11-18,2024-11-28,LONG,342.8,356.65,218,10,3275.45,4.04,SIGNAL
RUN_20260922_115213_V2,ChecklistStrategy,KOTAKBANK,2024-12-16,2024-12-20,LONG,360.6,351.0,213,4,-2044.8,-2.66,STOP_LOSS
RUN_20260922_115213_V2,ChecklistStrategy,KOTAKBANK,2024-12-26,2025-01-13,LONG,351.36,346.58,216,18,1518.48,-1.36,SIGNAL
RUN_20260922_115213_V2,ChecklistStrategy,KOTAKBANK,2025-02-07,2025-02-12,LONG,384.2,384.69,200,5,98.0,0.13,SIGNAL
RUN_20260922_115213_V2,ChecklistStrategy,KOTAKBANK,2025-02-19,2025-02-21,LONG,392.79,394.11,195,2,257.4,0.34,SIGNAL
RUN_20260922_115213_V2,ChecklistStrategy,KOTAKBANK,2025-03-04,2025-03-11,LONG,380.23,384.6,200,7,874.0,1.15,SIGNAL
RUN_20260922_115213_V2,ChecklistStrategy,KOTAKBANK,2025-05-08,2025-05-21,LONG,419.8,419.0,185,13,-148.0,-0.19,SIGNAL
RUN_20260922_115213_V2,ChecklistStrategy,KOTAKBANK,2025-06-27,2025-07-01,LONG,442.0,432.7,175,4,-1627.5,-2.1,STOP_LOSS
RUN_20260922_115213_V2,ChecklistStrategy,KOTAKBANK,2025-07-02,2025-07-04,LONG,437.0,424.8,174,2,-2122.8,-2.79,STOP_LOSS
RUN_20260922_115213_V2,ChecklistStrategy,KOTAKBANK,2025-07-17,2025-07-18,LONG,435.0,433.52,170,1,-251.6,-0.34,SIGNAL
RUN_20260922_115213_V2,ChecklistStrategy,KOTAKBANK,2025-07-30,2025-07-31,LONG,393.22,388.24,188,1,-936.24,-1.27,SIGNAL
RUN_20260922_115213_V2,ChecklistStrategy,KOTAKBANK,2025-08-01,2025-08-19,LONG,396.6,398.8,185,18,407.0,0.55,SIGNAL
RUN_20260922_115213_V2,ChecklistStrategy,KOTAKBANK,2025-09-04,2025-09-16,LONG,392.2,395.28,188,12,579.04,0.79,SIGNAL
RUN_20260922_115213_V2,ChecklistStrategy,KOTAKBANK,2025-10-03,2025-10-08,LONG,412.66,425.3,179,5,2538.46,3.06,SIGNAL
RUN_20260922_115213_V2,ChecklistStrategy,KOTAKBANK,2025-11-04,2025-11-06,LONG,423.34,414.6,180,2,-1573.2,-2.06,STOP_LOSS
RUN_20260922_115213_V2,ChecklistStrategy,KOTAKBANK,2025-12-12,2025-12-15,LONG,436.34,433.42,171,3,-499.32,-0.67,SIGNAL
RUN_20260922_115213_V2,ChecklistStrategy,KOTAKBANK,2025-12-24,2025-12-26,LONG,433.6,432.4,172,2,-206.4,-0.28,SIGNAL
RUN_20260922_115213_V2,ChecklistStrategy,KOTAKBANK,2026-01-08,2026-01-19,LONG,428.02,419.0,173,11,-1560.46,-2.11,STOP_LOSS
RUN_20260922_115213_V2,ChecklistStrategy,KOTAKBANK,2026-01-29,2026-02-02,LONG,407.0,408.7,177,4,300.9,0.42,SIGNAL
RUN_20260922_115213_V2,ChecklistStrategy,KOTAKBANK,2026-02-19,2026-02-20,LONG,425.7,415.0,171,1,-1829.7,-2.51,STOP_LOSS
RUN_20260922_115213_V2,ChecklistStrategy,KOTAKBANK,2026-03-17,2026-03-24,LONG,369.85,363.0,194,7,-1328.9,-1.85,SIGNAL
RUN_20260922_115213_V2,ChecklistStrategy,KOTAKBANK,2026-04-07,2026-04-13,LONG,357.0,367.95,196,6,3033.1,3.07,SIGNAL
RUN_20260922_115213_V2,ChecklistStrategy,KOTAKBANK,2026-04-22,2026-04-24,LONG,378.1,370.6,191,2,-1432.5,-1.98,SIGNAL
RUN_20260922_115213_V2,ChecklistStrategy,KOTAKBANK,2026-05-11,2026-05-27,LONG,376.1,388.55,189,16,2348.35,3.31,SIGNAL
RUN_20260922_115213_V2,ChecklistStrategy,KOTAKBANK,2026-07-08,2026-07-09,LONG,378.5,371.5,193,1,-1351.0,-1.85,SIGNAL
RUN_20260922_115213_V2,ChecklistStrategy,KOTAKBANK,2026-07-10,2026-07-15,LONG,377.45,379.35,192,5,364.8,0.5,SIGNAL
RUN_20260922_115213_V2,ChecklistStrategy,KOTAKBANK,2026-08-11,2026-08-28,LONG,392.1,424.6,185,17,5198.3,8.29,SIGNAL
RUN_20260922_115213_V2,ChecklistStrategy,LT,2024-01-25,2024-02-01,LONG,3599.9,3480.0,20,7,-2398.0,-3.33,STOP_LOSS
RUN_20260922_115213_V2,ChecklistStrategy,LT,2024-02-14,2024-02-28,LONG,3290.05,3505.0,22,14,4398.9,6.53,SIGNAL
RUN_20260922_115213_V2,ChecklistStrategy,LT,2024-03-19,2024-04-01,LONG,3541.0,3780.85,21,13,4293.85,6.77,SIGNAL
RUN_20260922_115213_V2,ChecklistStrategy,LT,2024-05-14,2024-05-24,LONG,3300.0,3586.0,24,10,5543.4,8.67,SIGNAL
RUN_20260922_115213_V2,ChecklistStrategy,LT,2024-06-06,2024-06-14,LONG,3438.0,3718.0,24,8,5484.0,8.14,SIGNAL
RUN_20260922_115213_V2,ChecklistStrategy,LT,2024-07-08,2024-07-24,LONG,3640.1,3549.0,24,16,-2186.4,-2.5,STOP_LOSS
RUN_20260922_115213_V2,ChecklistStrategy,LT,2024-08-19,2024-09-06,LONG,3599.85,3615.1,24,18,366.0,0.42,SIGNAL
RUN_20260922_115213_V2,ChecklistStrategy,LT,2024-09-25,2024-09-27,LONG,3787.55,3738.0,22,2,-1090.1,-1.31,SIGNAL
RUN_20260922_115213_V2,ChecklistStrategy,LT,2024-11-11,2024-11-14,LONG,3646.0,3558.0,23,3,-2024.0,-2.41,STOP_LOSS
RUN_20260922_115213_V2,ChecklistStrategy,LT,2024-12-02,2024-12-03,LONG,3706.85,3721.0,22,1,311.3,0.38,SIGNAL
RUN_20260922_115213_V2,ChecklistStrategy,LT,2024-12-16,2024-12-17,LONG,3882.0,3863.05,21,1,-397.95,-0.49,SIGNAL
RUN_20260922_115213_V2,ChecklistStrategy,LT,2025-01-30,2025-01-31,LONG,3455.0,3501.05,24,1,1105.2,1.33,SIGNAL
RUN_20260922_115213_V2,ChecklistStrategy,LT,2025-02-13,2025-02-18,LONG,3289.65,3227.0,25,5,-1566.25,-1.9,SIGNAL
RUN_20260922_115213_V2,ChecklistStrategy,LT,2025-03-04,2025-03-07,LONG,3171.05,3259.9,26,3,2310.1,2.8,SIGNAL
RUN_20260922_115213_V2,ChecklistStrategy,LT,2025-04-08,2025-04-11,LONG,3124.95,3114.0,27,3,-295.65,-0.35,SIGNAL
RUN_20260922_115213_V2,ChecklistStrategy,LT,2025-04-15,2025-04-23,LONG,3180.0,3275.4,27,8,2575.8,3.0,SIGNAL
RUN_20260922_115213_V2,ChecklistStrategy,LT,2025-04-25,2025-05-09,LONG,3310.0,3331.0,26,14,546.0,0.63,SIGNAL
RUN_20260922_115213_V2,ChecklistStrategy,LT,2025-06-02,2025-06-03,LONG,3675.1,3655.0,23,1,-462.3,-0.55,SIGNAL
RUN_20260922_115213_V2,ChecklistStrategy,LT,2025-06-20,2025-06-30,LONG,3614.0,3682.0,23,10,1564.0,1.88,SIGNAL
RUN_20260922_115213_V2,ChecklistStrategy,LT,2025-08-05,2025-08-13,LONG,3630.0,3696.0,24,8,1584.0,1.82,SIGNAL
RUN_20260922_115213_V2,ChecklistStrategy,LT,2025-08-22,2025-09-02,LONG,3610.0,3598.4,24,11,-278.4,-0.32,SIGNAL
RUN_20260922_115213_V2,ChecklistStrategy,LT,2025-09-04,2025-09-05,LONG,3622.9,3592.8,24,1,-722.4,-0.83,SIGNAL
RUN_20260922_115213_V2,ChecklistStrategy,LT,2025-09-24,2025-09-26,LONG,3657.6,3664.0,24,2,153.6,0.17,SIGNAL
RUN_20260922_115213_V2,ChecklistStrategy,LT,2025-11-10,2025-11-17,LONG,3895.0,4004.4,22,7,2406.8,2.81,SIGNAL
RUN_20260922_115213_V2,ChecklistStrategy,LT,2025-12-31,2026-01-06,LONG,4058.0,4153.0,22,6,2090.0,2.34,SIGNAL
RUN_20260922_115213_V2,ChecklistStrategy,LT,2026-01-13,2026-01-14,LONG,4028.0,3900.0,22,1,-2816.0,-3.18,STOP_LOSS
RUN_20260922_115213_V2,ChecklistStrategy,LT,2026-01-23,2026-02-05,LONG,3798.0,4088.0,23,13,6021.0,7.64,SIGNAL
RUN_20260922_115213_V2,ChecklistStrategy,LT,2026-02-23,2026-02-25,LONG,4395.6,4270.0,21,2,-2637.6,-2.86,STOP_LOSS
RUN_20260922_115213_V2,ChecklistStrategy,LT,2026-02-26,2026-03-04,LONG,4304.9,3950.0,21,6,-7452.9,-8.24,STOP_LOSS
RUN_20260922_115213_V2,ChecklistStrategy,LT,2026-03-10,2026-03-12,LONG,3936.0,3825.0,22,2,-2442.0,-2.82,STOP_LOSS
RUN_20260922_115213_V2,ChecklistStrategy,LT,2026-03-17,2026-03-24,LONG,3478.0,3440.0,24,7,-912.0,-1.09,SIGNAL
RUN_20260922_115213_V2,ChecklistStrategy,LT,2026-04-13,2026-04-17,LONG,3825.0,4134.0,21,4,6429.0,8.08,SIGNAL
RUN_20260922_115213_V2,ChecklistStrategy,LT,2026-05-07,2026-05-12,LONG,4028.0,3925.1,22,5,-2263.8,-2.55,STOP_LOSS
RUN_20260922_115213_V2,ChecklistStrategy,LT,2026-06-03,2026-06-04,LONG,4000.9,3945.0,21,1,-1173.9,-1.4,SIGNAL
RUN_20260922_115213_V2,ChecklistStrategy,LT,2026-07-07,2026-07-08,LONG,4044.5,3950.0,21,1,-1984.5,-2.34,STOP_LOSS
RUN_20260922_115213_V2,ChecklistStrategy,LT,2026-08-14,2026-08-17,LONG,4068.7,4041.0,20,3,-554.0,-0.68,SIGNAL
RUN_20260922_115213_V2,ChecklistStrategy,LT,2026-08-31,2026-09-01,LONG,4035.1,4038.0,20,1,58.0,0.07,SIGNAL
RUN_20260922_115213_V2,ChecklistStrategy,LT,2026-09-11,2026-09-17,LONG,3926.0,3811.0,21,6,-2415.0,-2.93,STOP_LOSS
RUN_20260922_115213_V2,ChecklistStrategy,M&M,2024-02-01,2024-02-02,LONG,1659.25,1655.0,45,1,-191.25,-0.26,SIGNAL
RUN_20260922_115213_V2,ChecklistStrategy,M&M,2024-02-13,2024-02-14,LONG,1670.0,1631.0,45,1,-1755.0,-2.34,STOP_LOSS
RUN_20260922_115213_V2,ChecklistStrategy,M&M,2024-03-01,2024-03-06,LONG,1933.6,1945.0,38,5,433.2,0.59,SIGNAL
RUN_20260922_115213_V2,ChecklistStrategy,M&M,2024-03-13,2024-03-14,LONG,1896.0,1853.7,38,1,-1607.4,-2.23,STOP_LOSS
RUN_20260922_115213_V2,ChecklistStrategy,M&M,2024-03-15,2024-03-18,LONG,1875.0,1807.95,38,3,-2547.9,-3.58,STOP_LOSS
RUN_20260922_115213_V2,ChecklistStrategy,M&M,2024-03-19,2024-03-20,LONG,1856.05,1851.95,38,1,-155.8,-0.22,SIGNAL
RUN_20260922_115213_V2,ChecklistStrategy,M&M,2024-05-15,2024-05-22,LONG,2281.3,2521.7,31,7,7171.9,10.54,SIGNAL
RUN_20260922_115213_V2,ChecklistStrategy,M&M,2024-05-24,2024-05-27,LONG,2589.8,2581.15,29,3,-250.85,-0.33,SIGNAL
RUN_20260922_115213_V2,ChecklistStrategy,M&M,2024-06-06,2024-06-13,LONG,2745.0,2850.0,27,7,2978.0,3.83,SIGNAL
RUN_20260922_115213_V2,ChecklistStrategy,M&M,2024-06-25,2024-06-27,LONG,2921.2,2842.0,26,2,-2059.2,-2.71,STOP_LOSS
RUN_20260922_115213_V2,ChecklistStrategy,M&M,2024-07-23,2024-07-25,LONG,2824.0,2799.8,27,2,-653.4,-0.86,SIGNAL
RUN_20260922_115213_V2,ChecklistStrategy,M&M,2024-08-21,2024-09-09,LONG,2774.0,2688.15,27,19,-2317.95,-3.09,STOP_LOSS
RUN_20260922_115213_V2,ChecklistStrategy,M&M,2024-10-08,2024-10-10,LONG,3074.0,3156.0,24,2,1968.0,2.67,SIGNAL
RUN_20260922_115213_V2,ChecklistStrategy,M&M,2024-10-29,2024-11-06,LONG,2762.0,2910.0,27,8,3547.5,5.36,SIGNAL
RUN_20260922_115213_V2,ChecklistStrategy,M&M,2024-12-02,2024-12-04,LONG,2984.0,3003.0,26,2,494.0,0.64,SIGNAL
RUN_20260922_115213_V2,ChecklistStrategy,M&M,2024-12-11,2024-12-12,LONG,3052.0,3084.8,25,1,820.0,1.07,SIGNAL
RUN_20260922_115213_V2,ChecklistStrategy,M&M,2024-12-17,2024-12-23,LONG,3055.1,2918.0,25,6,-3427.5,-4.49,STOP_LOSS
RUN_20260922_115213_V2,ChecklistStrategy,M&M,2025-01-10,2025-01-14,LONG,3110.0,3000.0,24,4,-2640.0,-3.54,STOP_LOSS
RUN_20260922_115213_V2,ChecklistStrategy,M&M,2025-01-15,2025-01-16,LONG,3057.1,2978.15,24,1,-1894.8,-2.58,STOP_LOSS
RUN_20260922_115213_V2,ChecklistStrategy,M&M,2025-01-17,2025-01-21,LONG,2969.95,2900.1,24,4,-1676.4,-2.35,STOP_LOSS
RUN_20260922_115213_V2,ChecklistStrategy,M&M,2025-01-24,2025-01-27,LONG,2875.0,2772.3,24,3,-2464.8,-3.57,STOP_LOSS
RUN_20260922_115213_V2,ChecklistStrategy,M&M,2025-03-13,2025-03-24,LONG,2677.1,2815.3,26,11,3443.05,5.16,SIGNAL
RUN_20260922_115213_V2,ChecklistStrategy,M&M,2025-04-21,2025-04-24,LONG,2699.9,2917.8,26,3,4524.0,8.07,SIGNAL
RUN_20260922_115213_V2,ChecklistStrategy,M&M,2025-05-30,2025-06-06,LONG,3005.0,3041.6,25,7,915.0,1.22,SIGNAL
RUN_20260922_115213_V2,ChecklistStrategy,M&M,2025-06-09,2025-06-13,LONG,3130.0,2932.0,24,4,-4752.0,-6.33,STOP_LOSS
RUN_20260922_115213_V2,ChecklistStrategy,M&M,2025-07-22,2025-08-04,LONG,3246.7,3170.0,22,13,-1687.4,-2.36,STOP_LOSS
RUN_20260922_115213_V2,ChecklistStrategy,M&M,2025-08-05,2025-08-18,LONG,3195.0,3350.0,22,13,3410.0,4.85,SIGNAL
RUN_20260922_115213_V2,ChecklistStrategy,M&M,2025-08-21,2025-08-28,LONG,3410.0,3375.0,21,7,-735.0,-1.03,SIGNAL
RUN_20260922_115213_V2,ChecklistStrategy,M&M,2025-09-02,2025-09-03,LONG,3325.0,3269.0,22,1,-1232.0,-1.68,SIGNAL
RUN_20260922_115213_V2,ChecklistStrategy,M&M,2025-11-10,2025-11-11,LONG,3690.2,3699.9,19,1,184.3,0.26,SIGNAL
RUN_20260922_115213_V2,ChecklistStrategy,M&M,2025-11-27,2025-12-16,LONG,3701.5,3581.0,19,19,-2289.5,-3.26,STOP_LOSS
RUN_20260922_115213_V2,ChecklistStrategy,M&M,2025-12-19,2025-12-29,LONG,3571.0,3622.7,19,10,982.3,1.45,SIGNAL
RUN_20260922_115213_V2,ChecklistStrategy,M&M,2025-12-31,2026-01-06,LONG,3653.0,3788.0,19,6,2726.1,3.7,SIGNAL
RUN_20260922_115213_V2,ChecklistStrategy,M&M,2026-01-29,2026-01-30,LONG,3449.2,3283.0,21,1,-3490.2,-4.82,STOP_LOSS
RUN_20260922_115213_V2,ChecklistStrategy,M&M,2026-02-05,2026-02-06,LONG,3592.0,3577.0,19,1,-285.0,-0.42,SIGNAL
RUN_20260922_115213_V2,ChecklistStrategy,M&M,2026-02-09,2026-02-10,LONG,3593.8,3616.3,19,1,427.5,0.63,SIGNAL
RUN_20260922_115213_V2,ChecklistStrategy,M&M,2026-03-11,2026-03-12,LONG,3276.0,3115.1,21,1,-3378.9,-4.91,STOP_LOSS
RUN_20260922_115213_V2,ChecklistStrategy,M&M,2026-03-17,2026-03-20,LONG,3052.0,3059.2,22,3,1006.5,0.24,SIGNAL
RUN_20260922_115213_V2,ChecklistStrategy,M&M,2026-03-23,2026-04-01,LONG,3015.1,3079.9,22,9,1425.6,2.15,SIGNAL
RUN_20260922_115213_V2,ChecklistStrategy,M&M,2026-04-08,2026-04-10,LONG,3125.0,3180.0,23,2,1265.0,1.76,SIGNAL
RUN_20260922_115213_V2,ChecklistStrategy,M&M,2026-04-21,2026-04-24,LONG,3212.0,3047.7,21,3,-3450.3,-5.12,STOP_LOSS
RUN_20260922_115213_V2,ChecklistStrategy,M&M,2026-05-01,2026-05-08,LONG,3097.5,3357.8,22,7,5221.7,8.4,SIGNAL
RUN_20260922_115213_V2,ChecklistStrategy,M&M,2026-05-15,2026-05-19,LONG,3170.0,3099.1,22,4,-1559.8,-2.24,STOP_LOSS
RUN_20260922_115213_V2,ChecklistStrategy,M&M,2026-06-12,2026-06-15,LONG,3025.1,3090.0,23,3,1492.7,2.15,SIGNAL
RUN_20260922_115213_V2,ChecklistStrategy,M&M,2026-07-22,2026-07-23,LONG,3198.0,3156.0,22,1,-924.0,-1.31,SIGNAL
RUN_20260922_115213_V2,ChecklistStrategy,M&M,2026-07-24,2026-07-27,LONG,3215.3,3183.0,22,3,-710.6,-1.0,SIGNAL
RUN_20260922_115213_V2,ChecklistStrategy,M&M,2026-07-31,2026-08-07,LONG,3379.9,3405.0,21,7,527.1,0.74,SIGNAL
RUN_20260922_115213_V2,ChecklistStrategy,M&M,2026-08-10,2026-08-13,LONG,3509.0,3405.0,20,3,-2080.0,-2.96,STOP_LOSS
RUN_20260922_115213_V2,ChecklistStrategy,M&M,2026-08-14,2026-08-28,LONG,3425.0,3331.0,20,14,-1880.0,-2.74,STOP_LOSS
RUN_20260922_115213_V2,ChecklistStrategy,M&M,2026-08-31,2026-09-03,LONG,3320.0,3200.0,20,3,-2400.0,-3.61,STOP_LOSS
RUN_20260922_115213_V2,ChecklistStrategy,M&M,2026-09-07,2026-09-09,LONG,3154.1,3135.3,20,2,-376.0,-0.6,SIGNAL
RUN_20260922_115213_V2,ChecklistStrategy,MARUTI,2024-03-01,2024-03-05,LONG,11295.0,11596.05,6,4,1806.3,2.67,SIGNAL
RUN_20260922_115213_V2,ChecklistStrategy,MARUTI,2024-03-13,2024-03-14,LONG,11510.0,11401.75,6,1,-649.5,-0.94,SIGNAL
RUN_20260922_115213_V2,ChecklistStrategy,MARUTI,2024-03-15,2024-03-26,LONG,11380.0,12285.55,6,11,4573.65,7.96,SIGNAL
RUN_20260922_115213_V2,ChecklistStrategy,MARUTI,2024-04-22,2024-04-26,LONG,12783.15,12922.0,6,4,833.1,1.09,SIGNAL
RUN_20260922_115213_V2,ChecklistStrategy,MARUTI,2024-05-14,2024-06-03,LONG,12673.85,12825.0,6,20,906.9,1.19,SIGNAL
RUN_20260922_115213_V2,ChecklistStrategy,MARUTI,2024-06-06,2024-06-11,LONG,12511.55,12743.5,6,5,1391.7,1.85,SIGNAL
RUN_20260922_115213_V2,ChecklistStrategy,MARUTI,2024-06-27,2024-07-02,LONG,12200.0,12149.95,6,5,-300.3,-0.41,SIGNAL
RUN_20260922_115213_V2,ChecklistStrategy,MARUTI,2024-07-19,2024-08-06,LONG,12650.0,12390.0,6,18,648.0,-2.06,STOP_LOSS
RUN_20260922_115213_V2,ChecklistStrategy,MARUTI,2024-09-18,2024-09-26,LONG,12240.05,12835.0,6,8,3246.45,4.86,SIGNAL
RUN_20260922_115213_V2,ChecklistStrategy,MARUTI,2024-09-27,2024-10-04,LONG,13383.0,12689.9,6,7,-4158.6,-5.18,STOP_LOSS
RUN_20260922_115213_V2,ChecklistStrategy,MARUTI,2024-10-17,2024-10-18,LONG,12400.0,12070.0,6,1,-1980.0,-2.66,STOP_LOSS
RUN_20260922_115213_V2,ChecklistStrategy,MARUTI,2024-10-21,2024-10-23,LONG,12145.55,11923.3,6,2,-1333.5,-1.83,SIGNAL
RUN_20260922_115213_V2,ChecklistStrategy,MARUTI,2024-10-24,2024-10-28,LONG,11998.95,11504.8,6,4,-2964.9,-4.12,STOP_LOSS
RUN_20260922_115213_V2,ChecklistStrategy,MARUTI,2024-11-19,2024-11-21,LONG,11090.0,10921.15,6,2,-1013.1,-1.52,SIGNAL
RUN_20260922_115213_V2,ChecklistStrategy,MARUTI,2024-12-06,2024-12-13,LONG,11200.0,11137.4,6,7,-375.6,-0.56,SIGNAL
RUN_20260922_115213_V2,ChecklistStrategy,MARUTI,2025-02-01,2025-02-04,LONG,12320.0,13250.0,6,3,4800.0,7.55,SIGNAL
RUN_20260922_115213_V2,ChecklistStrategy,MARUTI,2025-03-07,2025-03-21,LONG,11650.0,11780.0,6,14,780.0,1.12,SIGNAL
RUN_20260922_115213_V2,ChecklistStrategy,MARUTI,2025-04-09,2025-04-23,LONG,11460.1,11799.0,6,14,2033.4,2.96,SIGNAL
RUN_20260922_115213_V2,ChecklistStrategy,MARUTI,2025-05-26,2025-05-27,LONG,12455.0,12421.0,6,1,-204.0,-0.27,SIGNAL
RUN_20260922_115213_V2,ChecklistStrategy,MARUTI,2025-06-26,2025-07-01,LONG,12780.0,12450.0,6,5,-1980.0,-2.58,STOP_LOSS
RUN_20260922_115213_V2,ChecklistStrategy,MARUTI,2025-07-03,2025-07-18,LONG,12630.0,12525.0,6,15,-630.0,-0.83,SIGNAL
RUN_20260922_115213_V2,ChecklistStrategy,MARUTI,2025-07-30,2025-08-19,LONG,12431.0,14070.0,6,20,8733.0,13.18,SIGNAL
RUN_20260922_115213_V2,ChecklistStrategy,MARUTI,2025-10-31,2025-11-04,LONG,16204.0,15607.0,5,4,-2985.0,-3.68,STOP_LOSS
RUN_20260922_115213_V2,ChecklistStrategy,MARUTI,2025-11-10,2025-11-13,LONG,15380.0,15661.0,5,3,1405.0,1.83,SIGNAL
RUN_20260922_115213_V2,ChecklistStrategy,MARUTI,2025-11-24,2025-12-16,LONG,16005.0,16400.0,5,22,1975.0,2.47,SIGNAL
RUN_20260922_115213_V2,ChecklistStrategy,MARUTI,2025-12-18,2025-12-19,LONG,16440.0,16329.0,5,1,-555.0,-0.68,SIGNAL
RUN_20260922_115213_V2,ChecklistStrategy,MARUTI,2025-12-22,2025-12-29,LONG,16464.0,16600.0,5,7,680.0,0.83,SIGNAL
RUN_20260922_115213_V2,ChecklistStrategy,MARUTI,2026-01-20,2026-01-22,LONG,16200.0,15950.0,5,2,-1250.0,-1.54,SIGNAL
RUN_20260922_115213_V2,ChecklistStrategy,MARUTI,2026-02-02,2026-02-11,LONG,14251.0,15180.0,5,9,4465.0,6.52,SIGNAL
RUN_20260922_115213_V2,ChecklistStrategy,MARUTI,2026-02-23,2026-03-04,LONG,15050.0,14150.0,5,9,-4500.0,-5.98,STOP_LOSS
RUN_20260922_115213_V2,ChecklistStrategy,MARUTI,2026-03-05,2026-03-10,LONG,14300.0,13721.0,5,5,-2895.0,-4.05,STOP_LOSS
RUN_20260922_115213_V2,ChecklistStrategy,MARUTI,2026-04-07,2026-04-10,LONG,12640.0,13650.0,6,3,5820.0,7.99,SIGNAL
RUN_20260922_115213_V2,ChecklistStrategy,MARUTI,2026-04-16,2026-04-27,LONG,13380.0,13153.0,6,11,-1362.0,-1.7,SIGNAL
RUN_20260922_115213_V2,ChecklistStrategy,MARUTI,2026-05-18,2026-06-05,LONG,13127.0,13151.0,6,18,144.0,0.18,SIGNAL
RUN_20260922_115213_V2,ChecklistStrategy,MARUTI,2026-06-24,2026-07-02,LONG,13440.0,14431.0,6,8,5106.0,7.37,SIGNAL
RUN_20260922_115213_V2,ChecklistStrategy,MARUTI,2026-07-13,2026-07-21,LONG,13682.0,13520.0,6,8,-972.0,-1.18,SIGNAL
RUN_20260922_115213_V2,ChecklistStrategy,MARUTI,2026-08-10,2026-08-17,LONG,14039.0,13834.0,6,7,-1230.0,-1.46,SIGNAL
RUN_20260922_115213_V2,ChecklistStrategy,MARUTI,2026-09-01,2026-09-02,LONG,13540.0,12763.0,6,1,-4662.0,-5.74,STOP_LOSS
RUN_20260922_115213_V2,ChecklistStrategy,MARUTI,2026-09-18,2026-09-21,LONG,12350.0,12129.0,6,3,-1326.0,-1.79,SIGNAL
RUN_20260922_115213_V2,ChecklistStrategy,NESTLEIND,2024-02-12,2024-02-27,LONG,1229.88,1292.5,61,15,3520.12,5.09,SIGNAL
RUN_20260922_115213_V2,ChecklistStrategy,NESTLEIND,2024-03-01,2024-03-06,LONG,1298.1,1270.0,59,5,-1657.9,-2.16,STOP_LOSS
RUN_20260922_115213_V2,ChecklistStrategy,NESTLEIND,2024-03-11,2024-03-13,LONG,1280.47,1297.47,59,2,1003.0,1.33,SIGNAL
RUN_20260922_115213_V2,ChecklistStrategy,NESTLEIND,2024-03-21,2024-03-28,LONG,1275.5,1283.53,60,7,481.5,0.63,SIGNAL
RUN_20260922_115213_V2,ChecklistStrategy,NESTLEIND,2024-04-30,2024-05-03,LONG,1258.85,1257.55,61,3,-79.3,-0.1,SIGNAL
RUN_20260922_115213_V2,ChecklistStrategy,NESTLEIND,2024-05-13,2024-05-14,LONG,1266.38,1253.05,61,1,-812.82,-1.05,SIGNAL
RUN_20260922_115213_V2,ChecklistStrategy,NESTLEIND,2024-05-30,2024-05-31,LONG,1232.53,1212.8,61,1,-1203.22,-1.6,SIGNAL
RUN_20260922_115213_V2,ChecklistStrategy,NESTLEIND,2024-06-10,2024-07-02,LONG,1255.0,1292.7,60,22,2262.0,3.0,SIGNAL
RUN_20260922_115213_V2,ChecklistStrategy,NESTLEIND,2024-07-04,2024-07-10,LONG,1280.0,1318.95,60,6,2337.0,3.04,SIGNAL
RUN_20260922_115213_V2,ChecklistStrategy,NESTLEIND,2024-07-15,2024-07-25,LONG,1304.53,1272.4,60,10,-1927.5,-2.46,STOP_LOSS
RUN_20260922_115213_V2,ChecklistStrategy,NESTLEIND,2024-08-21,2024-09-02,LONG,1264.95,1250.0,61,12,-911.95,-1.18,SIGNAL
RUN_20260922_115213_V2,ChecklistStrategy,NESTLEIND,2024-09-03,2024-09-06,LONG,1251.0,1254.3,61,3,201.3,0.26,SIGNAL
RUN_20260922_115213_V2,ChecklistStrategy,NESTLEIND,2024-09-10,2024-09-12,LONG,1264.5,1264.95,61,2,27.45,0.04,SIGNAL
RUN_20260922_115213_V2,ChecklistStrategy,NESTLEIND,2024-11-19,2024-12-02,LONG,1112.5,1121.4,69,13,614.1,0.8,SIGNAL
RUN_20260922_115213_V2,ChecklistStrategy,NESTLEIND,2024-12-06,2024-12-10,LONG,1133.22,1114.5,68,4,-1273.3,-1.65,SIGNAL
RUN_20260922_115213_V2,ChecklistStrategy,NESTLEIND,2024-12-26,2025-01-07,LONG,1079.1,1095.1,70,12,1120.0,1.48,SIGNAL
RUN_20260922_115213_V2,ChecklistStrategy,NESTLEIND,2025-01-08,2025-01-17,LONG,1111.5,1090.32,69,9,-1461.08,-1.91,SIGNAL
RUN_20260922_115213_V2,ChecklistStrategy,NESTLEIND,2025-02-17,2025-03-05,LONG,1097.93,1055.0,69,16,-2961.83,-3.91,STOP_LOSS
RUN_20260922_115213_V2,ChecklistStrategy,NESTLEIND,2025-03-06,2025-04-01,LONG,1093.5,1130.95,67,26,2509.15,3.42,SIGNAL
RUN_20260922_115213_V2,ChecklistStrategy,NESTLEIND,2025-04-03,2025-04-15,LONG,1099.03,1190.7,68,12,5627.0,8.34,SIGNAL
RUN_20260922_115213_V2,ChecklistStrategy,NESTLEIND,2025-05-22,2025-05-23,LONG,1192.5,1178.0,66,1,-957.0,-1.22,SIGNAL
RUN_20260922_115213_V2,ChecklistStrategy,NESTLEIND,2025-05-26,2025-06-02,LONG,1207.2,1200.0,65,7,-468.0,-0.6,SIGNAL
RUN_20260922_115213_V2,ChecklistStrategy,NESTLEIND,2025-06-03,2025-06-04,LONG,1207.85,1194.2,65,1,-887.25,-1.13,SIGNAL
RUN_20260922_115213_V2,ChecklistStrategy,NESTLEIND,2025-06-06,2025-06-19,LONG,1201.95,1170.4,64,13,-2019.2,-2.62,STOP_LOSS
RUN_20260922_115213_V2,ChecklistStrategy,NESTLEIND,2025-07-07,2025-07-22,LONG,1199.7,1236.4,63,15,2312.1,3.06,SIGNAL
RUN_20260922_115213_V2,ChecklistStrategy,NESTLEIND,2025-08-12,2025-08-21,LONG,1108.0,1190.0,70,9,4865.0,7.4,SIGNAL
RUN_20260922_115213_V2,ChecklistStrategy,NESTLEIND,2025-08-29,2025-09-01,LONG,1160.3,1157.9,70,3,-168.0,-0.21,SIGNAL
RUN_20260922_115213_V2,ChecklistStrategy,NESTLEIND,2025-09-10,2025-09-15,LONG,1208.2,1212.2,67,5,268.0,0.33,SIGNAL
RUN_20260922_115213_V2,ChecklistStrategy,NESTLEIND,2025-10-16,2025-10-21,LONG,1221.4,1280.0,66,5,3336.3,4.8,SIGNAL
RUN_20260922_115213_V2,ChecklistStrategy,NESTLEIND,2025-11-06,2025-11-25,LONG,1265.0,1267.4,66,19,158.4,0.19,SIGNAL
RUN_20260922_115213_V2,ChecklistStrategy,NESTLEIND,2025-11-26,2025-11-28,LONG,1257.1,1266.3,66,2,607.2,0.73,SIGNAL
RUN_20260922_115213_V2,ChecklistStrategy,NESTLEIND,2025-12-10,2025-12-17,LONG,1215.8,1237.0,69,7,1462.8,1.74,SIGNAL
RUN_20260922_115213_V2,ChecklistStrategy,NESTLEIND,2025-12-22,2025-12-31,LONG,1246.0,1274.2,68,9,1917.6,2.26,SIGNAL
RUN_20260922_115213_V2,ChecklistStrategy,NESTLEIND,2026-01-06,2026-01-07,LONG,1319.0,1312.5,66,1,-429.0,-0.49,SIGNAL
RUN_20260922_115213_V2,ChecklistStrategy,NESTLEIND,2026-01-13,2026-01-22,LONG,1312.4,1285.9,66,9,-1749.0,-2.02,STOP_LOSS
RUN_20260922_115213_V2,ChecklistStrategy,NESTLEIND,2026-01-28,2026-02-03,LONG,1297.2,1330.0,65,6,2132.0,2.53,SIGNAL
RUN_20260922_115213_V2,ChecklistStrategy,NESTLEIND,2026-03-06,2026-03-13,LONG,1250.0,1219.0,69,7,-2139.0,-2.48,STOP_LOSS
RUN_20260922_115213_V2,ChecklistStrategy,NESTLEIND,2026-03-25,2026-03-30,LONG,1183.2,1185.0,72,5,129.6,0.15,SIGNAL
RUN_20260922_115213_V2,ChecklistStrategy,NESTLEIND,2026-04-02,2026-04-13,LONG,1173.3,1239.3,72,11,4705.2,5.63,SIGNAL
RUN_20260922_115213_V2,ChecklistStrategy,NESTLEIND,2026-05-19,2026-06-02,LONG,1428.0,1385.0,62,14,-2666.0,-3.01,STOP_LOSS
RUN_20260922_115213_V2,ChecklistStrategy,NESTLEIND,2026-06-08,2026-06-12,LONG,1375.0,1431.1,62,4,3685.9,4.08,SIGNAL
RUN_20260922_115213_V2,ChecklistStrategy,NESTLEIND,2026-06-17,2026-06-19,LONG,1392.0,1394.0,64,2,128.0,0.14,SIGNAL
RUN_20260922_115213_V2,ChecklistStrategy,NESTLEIND,2026-06-22,2026-06-24,LONG,1422.8,1394.0,63,2,-1814.4,-2.02,STOP_LOSS
RUN_20260922_115213_V2,ChecklistStrategy,NESTLEIND,2026-07-01,2026-07-15,LONG,1414.8,1431.8,62,14,2089.4,1.2,SIGNAL
RUN_20260922_115213_V2,ChecklistStrategy,NESTLEIND,2026-08-13,2026-08-18,LONG,1513.2,1478.0,59,5,-2076.8,-2.33,STOP_LOSS
RUN_20260922_115213_V2,ChecklistStrategy,NESTLEIND,2026-08-24,2026-09-02,LONG,1478.7,1425.0,59,9,-3168.3,-3.63,STOP_LOSS
RUN_20260922_115213_V2,ChecklistStrategy,NESTLEIND,2026-09-03,2026-09-10,LONG,1424.1,1396.8,60,7,-1638.0,-1.92,SIGNAL
RUN_20260922_115213_V2,ChecklistStrategy,NTPC,2024-02-14,2024-02-21,LONG,320.9,347.0,233,7,5489.7,8.13,SIGNAL
RUN_20260922_115213_V2,ChecklistStrategy,NTPC,2024-03-01,2024-03-06,LONG,335.6,359.45,235,5,5072.4,7.11,SIGNAL
RUN_20260922_115213_V2,ChecklistStrategy,NTPC,2024-03-19,2024-04-01,LONG,314.3,339.0,261,13,5536.7,7.86,SIGNAL
RUN_20260922_115213_V2,ChecklistStrategy,NTPC,2024-04-24,2024-05-02,LONG,349.8,363.2,250,8,3350.01,3.83,SIGNAL
RUN_20260922_115213_V2,ChecklistStrategy,NTPC,2024-05-03,2024-05-07,LONG,372.3,358.25,242,4,-3400.1,-3.77,STOP_LOSS
RUN_20260922_115213_V2,ChecklistStrategy,NTPC,2024-05-13,2024-05-14,LONG,355.5,350.55,244,1,-1207.8,-1.39,SIGNAL
RUN_20260922_115213_V2,ChecklistStrategy,NTPC,2024-05-15,2024-05-17,LONG,357.5,362.45,241,2,1192.95,1.38,SIGNAL
RUN_20260922_115213_V2,ChecklistStrategy,NTPC,2024-06-06,2024-06-07,LONG,347.8,352.0,254,1,1066.8,1.21,SIGNAL
RUN_20260922_115213_V2,ChecklistStrategy,NTPC,2024-06-25,2024-07-01,LONG,364.25,381.75,241,6,4217.5,4.8,SIGNAL
RUN_20260922_115213_V2,ChecklistStrategy,NTPC,2024-07-03,2024-07-11,LONG,370.55,382.4,244,8,2891.4,3.2,SIGNAL
RUN_20260922_115213_V2,ChecklistStrategy,NTPC,2024-07-15,2024-07-22,LONG,378.6,364.75,245,7,-3393.25,-3.66,STOP_LOSS
RUN_20260922_115213_V2,ChecklistStrategy,NTPC,2024-07-23,2024-07-24,LONG,376.7,384.1,241,1,1783.4,1.96,SIGNAL
RUN_20260922_115213_V2,ChecklistStrategy,NTPC,2024-08-30,2024-09-03,LONG,412.7,410.5,223,4,-490.6,-0.53,SIGNAL
RUN_20260922_115213_V2,ChecklistStrategy,NTPC,2024-09-26,2024-10-08,LONG,437.95,414.0,208,12,-4981.6,-5.47,STOP_LOSS
RUN_20260922_115213_V2,ChecklistStrategy,NTPC,2024-10-16,2024-10-23,LONG,425.3,414.0,204,7,-2305.2,-2.66,STOP_LOSS
RUN_20260922_115213_V2,ChecklistStrategy,NTPC,2024-10-25,2024-10-31,LONG,402.5,409.0,207,6,1345.5,1.61,SIGNAL
RUN_20260922_115213_V2,ChecklistStrategy,NTPC,2024-11-28,2024-11-29,LONG,369.7,363.25,234,1,-1509.3,-1.74,SIGNAL
RUN_20260922_115213_V2,ChecklistStrategy,NTPC,2024-12-02,2024-12-06,LONG,363.65,369.45,234,4,1357.2,1.59,SIGNAL
RUN_20260922_115213_V2,ChecklistStrategy,NTPC,2024-12-16,2024-12-18,LONG,357.15,349.55,241,2,-1831.6,-2.13,STOP_LOSS
RUN_20260922_115213_V2,ChecklistStrategy,NTPC,2024-12-26,2025-01-07,LONG,335.3,327.0,253,12,-2099.9,-2.48,STOP_LOSS
RUN_20260922_115213_V2,ChecklistStrategy,NTPC,2025-01-28,2025-01-31,LONG,322.5,322.45,258,3,-12.9,-0.02,SIGNAL
RUN_20260922_115213_V2,ChecklistStrategy,NTPC,2025-02-10,2025-02-12,LONG,316.5,306.2,262,2,-2698.6,-3.25,STOP_LOSS
RUN_20260922_115213_V2,ChecklistStrategy,NTPC,2025-02-13,2025-02-24,LONG,306.15,322.1,265,11,4385.15,5.21,SIGNAL
RUN_20260922_115213_V2,ChecklistStrategy,NTPC,2025-03-04,2025-03-07,LONG,311.3,335.85,268,3,5661.5,7.89,SIGNAL
RUN_20260922_115213_V2,ChecklistStrategy,NTPC,2025-03-12,2025-03-25,LONG,331.0,369.0,268,13,8576.0,11.48,SIGNAL
RUN_20260922_115213_V2,ChecklistStrategy,NTPC,2025-04-04,2025-04-07,LONG,358.85,328.0,264,3,-8144.4,-8.6,STOP_LOSS
RUN_20260922_115213_V2,ChecklistStrategy,NTPC,2025-05-16,2025-05-19,LONG,343.0,343.1,259,3,25.9,0.03,SIGNAL
RUN_20260922_115213_V2,ChecklistStrategy,NTPC,2025-06-05,2025-06-12,LONG,329.2,338.15,269,7,2407.55,2.72,SIGNAL
RUN_20260922_115213_V2,ChecklistStrategy,NTPC,2025-06-23,2025-06-24,LONG,333.7,331.0,270,1,-729.0,-0.81,SIGNAL
RUN_20260922_115213_V2,ChecklistStrategy,NTPC,2025-06-25,2025-07-10,LONG,331.5,344.0,272,15,3400.0,3.77,SIGNAL
RUN_20260922_115213_V2,ChecklistStrategy,NTPC,2025-07-17,2025-07-25,LONG,344.2,338.9,270,8,-1431.0,-1.54,SIGNAL
RUN_20260922_115213_V2,ChecklistStrategy,NTPC,2025-08-26,2025-09-01,LONG,336.15,328.0,270,6,-2200.5,-2.42,STOP_LOSS
RUN_20260922_115213_V2,ChecklistStrategy,NTPC,2025-09-02,2025-09-10,LONG,331.1,325.5,271,8,-1517.6,-1.69,SIGNAL
RUN_20260922_115213_V2,ChecklistStrategy,NTPC,2025-09-11,2025-09-16,LONG,326.45,331.2,271,5,1287.25,1.46,SIGNAL
RUN_20260922_115213_V2,ChecklistStrategy,NTPC,2025-09-22,2025-09-26,LONG,339.15,340.5,264,4,356.4,0.4,SIGNAL
RUN_20260922_115213_V2,ChecklistStrategy,NTPC,2025-10-06,2025-10-15,LONG,340.6,336.95,262,9,-956.3,-1.07,SIGNAL
RUN_20260922_115213_V2,ChecklistStrategy,NTPC,2025-10-16,2025-10-29,LONG,340.2,339.25,262,13,-248.9,-0.28,SIGNAL
RUN_20260922_115213_V2,ChecklistStrategy,NTPC,2025-11-10,2025-12-01,LONG,326.1,327.1,272,21,272.0,0.31,SIGNAL
RUN_20260922_115213_V2,ChecklistStrategy,NTPC,2025-12-22,2025-12-23,LONG,319.95,321.05,277,1,304.69,0.34,SIGNAL
RUN_20260922_115213_V2,ChecklistStrategy,NTPC,2025-12-29,2025-12-31,LONG,324.1,324.75,274,2,178.1,0.2,SIGNAL
RUN_20260922_115213_V2,ChecklistStrategy,NTPC,2026-01-01,2026-01-06,LONG,329.8,349.9,270,5,5487.75,6.09,SIGNAL
RUN_20260922_115213_V2,ChecklistStrategy,NTPC,2026-01-13,2026-01-27,LONG,337.45,340.5,276,14,841.8,0.9,SIGNAL
RUN_20260922_115213_V2,ChecklistStrategy,NTPC,2026-02-23,2026-02-27,LONG,374.0,381.0,251,4,1757.0,1.87,SIGNAL
RUN_20260922_115213_V2,ChecklistStrategy,NTPC,2026-03-12,2026-03-20,LONG,379.0,375.85,250,8,-787.5,-0.83,SIGNAL
RUN_20260922_115213_V2,ChecklistStrategy,NTPC,2026-04-06,2026-04-10,LONG,358.8,381.2,262,4,5312.06,6.24,SIGNAL
RUN_20260922_115213_V2,ChecklistStrategy,NTPC,2026-04-20,2026-04-24,LONG,393.0,404.75,250,4,2937.5,2.99,SIGNAL
RUN_20260922_115213_V2,ChecklistStrategy,NTPC,2026-05-01,2026-05-07,LONG,399.15,396.75,251,6,-602.4,-0.6,SIGNAL
RUN_20260922_115213_V2,ChecklistStrategy,NTPC,2026-06-17,2026-06-24,LONG,355.55,362.85,281,7,2051.31,2.05,SIGNAL
RUN_20260922_115213_V2,ChecklistStrategy,NTPC,2026-07-13,2026-07-22,LONG,345.05,347.4,294,9,690.9,0.68,SIGNAL
RUN_20260922_115213_V2,ChecklistStrategy,NTPC,2026-07-31,2026-08-07,LONG,344.1,345.0,295,7,265.5,0.26,SIGNAL
RUN_20260922_115213_V2,ChecklistStrategy,NTPC,2026-08-12,2026-08-17,LONG,338.45,340.0,301,5,466.55,0.46,SIGNAL
RUN_20260922_115213_V2,ChecklistStrategy,NTPC,2026-08-19,2026-08-26,LONG,336.3,341.55,304,7,1596.0,1.56,SIGNAL
RUN_20260922_115213_V2,ChecklistStrategy,NTPC,2026-09-02,2026-09-21,LONG,324.0,325.0,316,19,316.0,0.31,SIGNAL
RUN_20260922_115213_V2,ChecklistStrategy,ONGC,2024-02-01,2024-02-02,LONG,254.65,250.0,297,1,-1381.05,-1.83,SIGNAL
RUN_20260922_115213_V2,ChecklistStrategy,ONGC,2024-02-14,2024-02-16,LONG,258.0,275.15,284,2,4373.6,6.65,SIGNAL
RUN_20260922_115213_V2,ChecklistStrategy,ONGC,2024-03-19,2024-03-28,LONG,262.0,262.45,295,9,132.75,0.17,SIGNAL
RUN_20260922_115213_V2,ChecklistStrategy,ONGC,2024-04-23,2024-05-06,LONG,276.85,288.7,279,13,3306.15,4.28,SIGNAL
RUN_20260922_115213_V2,ChecklistStrategy,ONGC,2024-05-13,2024-05-14,LONG,271.9,267.95,294,1,-1161.29,-1.45,SIGNAL
RUN_20260922_115213_V2,ChecklistStrategy,ONGC,2024-05-24,2024-05-28,LONG,284.0,279.3,277,4,-1301.9,-1.65,SIGNAL
RUN_20260922_115213_V2,ChecklistStrategy,ONGC,2024-06-06,2024-06-13,LONG,254.0,278.0,314,7,7536.0,9.45,SIGNAL
RUN_20260922_115213_V2,ChecklistStrategy,ONGC,2024-06-21,2024-06-26,LONG,271.45,266.9,306,5,-1392.31,-1.68,SIGNAL
RUN_20260922_115213_V2,ChecklistStrategy,ONGC,2024-07-03,2024-07-09,LONG,276.0,300.8,299,6,5806.0,8.99,SIGNAL
RUN_20260922_115213_V2,ChecklistStrategy,ONGC,2024-07-23,2024-07-31,LONG,320.05,332.05,270,8,3840.75,3.75,SIGNAL
RUN_20260922_115213_V2,ChecklistStrategy,ONGC,2024-08-30,2024-09-02,LONG,330.45,330.0,271,3,-121.95,-0.14,SIGNAL
RUN_20260922_115213_V2,ChecklistStrategy,ONGC,2024-09-05,2024-09-09,LONG,316.95,308.7,284,4,-2343.0,-2.6,STOP_LOSS
RUN_20260922_115213_V2,ChecklistStrategy,ONGC,2024-09-30,2024-10-08,LONG,297.0,288.15,294,8,-2601.9,-2.98,STOP_LOSS
RUN_20260922_115213_V2,ChecklistStrategy,ONGC,2024-10-21,2024-10-23,LONG,281.15,270.0,301,2,-3356.15,-3.97,STOP_LOSS
RUN_20260922_115213_V2,ChecklistStrategy,ONGC,2024-10-30,2024-11-05,LONG,265.0,265.2,313,6,62.6,0.08,SIGNAL
RUN_20260922_115213_V2,ChecklistStrategy,ONGC,2024-11-25,2024-11-27,LONG,248.5,255.0,337,2,2190.5,2.62,SIGNAL
RUN_20260922_115213_V2,ChecklistStrategy,ONGC,2024-12-06,2024-12-09,LONG,260.8,260.05,323,3,-242.25,-0.29,SIGNAL
RUN_20260922_115213_V2,ChecklistStrategy,ONGC,2024-12-24,2024-12-31,LONG,241.0,232.65,350,7,-2922.5,-3.46,STOP_LOSS
RUN_20260922_115213_V2,ChecklistStrategy,ONGC,2025-01-01,2025-01-07,LONG,237.81,259.15,343,6,7312.78,8.97,SIGNAL
RUN_20260922_115213_V2,ChecklistStrategy,ONGC,2025-01-15,2025-01-28,LONG,260.9,250.0,336,13,-3662.4,-4.18,STOP_LOSS
RUN_20260922_115213_V2,ChecklistStrategy,ONGC,2025-02-05,2025-02-07,LONG,259.0,252.95,333,2,-2014.65,-2.34,STOP_LOSS
RUN_20260922_115213_V2,ChecklistStrategy,ONGC,2025-03-04,2025-03-07,LONG,220.1,232.6,369,3,4408.26,5.68,SIGNAL
RUN_20260922_115213_V2,ChecklistStrategy,ONGC,2025-04-17,2025-04-23,LONG,241.0,248.74,358,6,2770.92,3.21,SIGNAL
RUN_20260922_115213_V2,ChecklistStrategy,ONGC,2025-04-29,2025-04-30,LONG,251.24,245.5,353,1,-2026.22,-2.28,STOP_LOSS
RUN_20260922_115213_V2,ChecklistStrategy,ONGC,2025-05-06,2025-05-09,LONG,241.13,229.1,363,3,-4366.89,-4.99,STOP_LOSS
RUN_20260922_115213_V2,ChecklistStrategy,ONGC,2025-05-15,2025-05-20,LONG,244.95,246.79,340,5,625.6,0.75,SIGNAL
RUN_20260922_115213_V2,ChecklistStrategy,ONGC,2025-05-26,2025-06-02,LONG,245.3,239.0,344,7,-2167.2,-2.57,STOP_LOSS
RUN_20260922_115213_V2,ChecklistStrategy,ONGC,2025-06-11,2025-06-18,LONG,244.5,254.03,337,7,3700.49,3.9,SIGNAL
RUN_20260922_115213_V2,ChecklistStrategy,ONGC,2025-06-20,2025-06-25,LONG,252.26,244.0,338,5,-2791.88,-3.27,STOP_LOSS
RUN_20260922_115213_V2,ChecklistStrategy,ONGC,2025-07-01,2025-07-02,LONG,245.3,242.9,340,1,-816.0,-0.98,SIGNAL
RUN_20260922_115213_V2,ChecklistStrategy,ONGC,2025-07-07,2025-07-08,LONG,245.5,242.41,336,1,-1038.24,-1.26,SIGNAL
RUN_20260922_115213_V2,ChecklistStrategy,ONGC,2025-07-09,2025-08-01,LONG,243.35,240.1,335,23,-1088.75,-1.34,SIGNAL
RUN_20260922_115213_V2,ChecklistStrategy,ONGC,2025-08-08,2025-09-26,LONG,233.9,240.0,345,49,2104.5,2.61,SIGNAL
RUN_20260922_115213_V2,ChecklistStrategy,ONGC,2025-09-30,2025-10-06,LONG,240.0,242.73,342,6,933.66,1.14,SIGNAL
RUN_20260922_115213_V2,ChecklistStrategy,ONGC,2025-10-10,2025-10-14,LONG,244.05,245.3,340,4,425.0,0.51,SIGNAL
RUN_20260922_115213_V2,ChecklistStrategy,ONGC,2025-11-13,2025-11-17,LONG,253.7,247.6,327,4,-1994.7,-2.4,STOP_LOSS
RUN_20260922_115213_V2,ChecklistStrategy,ONGC,2025-11-20,2025-11-21,LONG,249.0,247.05,328,1,-639.6,-0.78,SIGNAL
RUN_20260922_115213_V2,ChecklistStrategy,ONGC,2025-11-27,2025-11-28,LONG,248.0,245.0,327,1,-981.0,-1.21,SIGNAL
RUN_20260922_115213_V2,ChecklistStrategy,ONGC,2025-12-02,2025-12-04,LONG,243.5,240.5,328,2,-984.0,-1.23,SIGNAL
RUN_20260922_115213_V2,ChecklistStrategy,ONGC,2025-12-05,2025-12-12,LONG,242.7,238.5,328,7,-1377.6,-1.73,SIGNAL
RUN_20260922_115213_V2,ChecklistStrategy,ONGC,2025-12-16,2025-12-30,LONG,234.17,234.95,333,14,259.74,0.33,SIGNAL
RUN_20260922_115213_V2,ChecklistStrategy,ONGC,2026-01-05,2026-01-06,LONG,246.8,238.09,326,1,-2839.46,-3.53,STOP_LOSS
RUN_20260922_115213_V2,ChecklistStrategy,ONGC,2026-01-07,2026-01-08,LONG,240.21,238.2,316,1,-635.16,-0.84,SIGNAL
RUN_20260922_115213_V2,ChecklistStrategy,ONGC,2026-01-27,2026-01-30,LONG,246.6,273.89,309,3,7833.55,11.07,SIGNAL
RUN_20260922_115213_V2,ChecklistStrategy,ONGC,2026-02-04,2026-02-09,LONG,258.05,269.45,318,5,3394.66,4.42,SIGNAL
RUN_20260922_115213_V2,ChecklistStrategy,ONGC,2026-02-18,2026-02-24,LONG,265.0,275.65,310,6,3960.25,4.02,SIGNAL
RUN_20260922_115213_V2,ChecklistStrategy,ONGC,2026-03-09,2026-03-10,LONG,289.0,270.85,313,1,-5680.95,-6.28,STOP_LOSS
RUN_20260922_115213_V2,ChecklistStrategy,ONGC,2026-03-11,2026-03-17,LONG,268.0,260.65,308,6,-2263.8,-2.74,STOP_LOSS
RUN_20260922_115213_V2,ChecklistStrategy,ONGC,2026-03-20,2026-03-23,LONG,269.0,267.3,302,3,-513.4,-0.63,SIGNAL
RUN_20260922_115213_V2,ChecklistStrategy,ONGC,2026-03-27,2026-04-02,LONG,270.5,288.5,299,6,4525.25,6.65,SIGNAL
RUN_20260922_115213_V2,ChecklistStrategy,ONGC,2026-04-20,2026-04-24,LONG,284.0,288.8,296,4,1420.8,1.69,SIGNAL
RUN_20260922_115213_V2,ChecklistStrategy,ONGC,2026-05-08,2026-05-12,LONG,283.6,286.9,300,4,990.0,1.16,SIGNAL
RUN_20260922_115213_V2,ChecklistStrategy,ONGC,2026-05-27,2026-05-28,LONG,284.2,274.05,299,1,-3034.86,-3.57,STOP_LOSS
RUN_20260922_115213_V2,ChecklistStrategy,ONGC,2026-07-02,2026-07-09,LONG,234.0,249.59,356,7,4563.92,6.66,SIGNAL
RUN_20260922_115213_V2,ChecklistStrategy,ONGC,2026-08-18,2026-08-21,LONG,239.5,238.7,364,3,-291.2,-0.33,SIGNAL
RUN_20260922_115213_V2,ChecklistStrategy,POWERGRID,2024-02-14,2024-02-21,LONG,269.5,287.55,277,7,4233.95,6.7,SIGNAL
RUN_20260922_115213_V2,ChecklistStrategy,POWERGRID,2024-03-01,2024-03-14,LONG,285.0,264.05,276,13,-5782.2,-7.35,STOP_LOSS
RUN_20260922_115213_V2,ChecklistStrategy,POWERGRID,2024-04-08,2024-04-16,LONG,280.55,273.0,264,8,-1993.2,-2.69,STOP_LOSS
RUN_20260922_115213_V2,ChecklistStrategy,POWERGRID,2024-04-24,2024-05-03,LONG,285.0,312.0,253,9,5564.7,9.47,SIGNAL
RUN_20260922_115213_V2,ChecklistStrategy,POWERGRID,2024-05-22,2024-05-23,LONG,327.75,319.45,234,1,-1942.2,-2.53,STOP_LOSS
RUN_20260922_115213_V2,ChecklistStrategy,POWERGRID,2024-06-03,2024-06-05,LONG,335.0,296.3,241,2,-9326.7,-11.55,STOP_LOSS
RUN_20260922_115213_V2,ChecklistStrategy,POWERGRID,2024-06-06,2024-06-07,LONG,303.4,298.05,227,1,-1214.45,-1.76,SIGNAL
RUN_20260922_115213_V2,ChecklistStrategy,POWERGRID,2024-06-10,2024-06-25,LONG,313.0,335.0,216,15,4644.0,7.03,SIGNAL
RUN_20260922_115213_V2,ChecklistStrategy,POWERGRID,2024-07-02,2024-07-12,LONG,330.05,342.8,213,10,3319.95,3.86,SIGNAL
RUN_20260922_115213_V2,ChecklistStrategy,POWERGRID,2024-07-24,2024-08-01,LONG,330.9,351.15,217,8,3168.45,6.12,SIGNAL
RUN_20260922_115213_V2,ChecklistStrategy,POWERGRID,2024-08-19,2024-08-23,LONG,342.65,334.65,222,4,-1776.0,-2.33,STOP_LOSS
RUN_20260922_115213_V2,ChecklistStrategy,POWERGRID,2024-09-10,2024-09-19,LONG,327.0,336.2,224,9,2060.8,2.81,SIGNAL
RUN_20260922_115213_V2,ChecklistStrategy,POWERGRID,2024-10-10,2024-10-14,LONG,330.2,330.05,228,4,-34.21,-0.05,SIGNAL
RUN_20260922_115213_V2,ChecklistStrategy,POWERGRID,2024-12-04,2024-12-05,LONG,329.05,325.0,228,1,-923.4,-1.23,SIGNAL
RUN_20260922_115213_V2,ChecklistStrategy,POWERGRID,2024-12-27,2025-01-13,LONG,310.75,295.0,240,17,-3780.0,-5.07,STOP_LOSS
RUN_20260922_115213_V2,ChecklistStrategy,POWERGRID,2025-01-15,2025-01-22,LONG,295.0,302.0,246,7,1722.0,2.37,SIGNAL
RUN_20260922_115213_V2,ChecklistStrategy,POWERGRID,2025-02-14,2025-02-20,LONG,260.4,262.75,281,6,660.35,0.9,SIGNAL
RUN_20260922_115213_V2,ChecklistStrategy,POWERGRID,2025-03-04,2025-03-07,LONG,250.0,266.0,290,3,4516.75,6.4,SIGNAL
RUN_20260922_115213_V2,ChecklistStrategy,POWERGRID,2025-03-11,2025-03-12,LONG,270.0,270.7,282,1,197.4,0.26,SIGNAL
RUN_20260922_115213_V2,ChecklistStrategy,POWERGRID,2025-03-24,2025-03-27,LONG,285.0,289.0,271,3,1084.0,1.4,SIGNAL
RUN_20260922_115213_V2,ChecklistStrategy,POWERGRID,2025-03-28,2025-04-01,LONG,293.9,289.6,262,4,-1126.6,-1.46,SIGNAL
RUN_20260922_115213_V2,ChecklistStrategy,POWERGRID,2025-05-02,2025-05-12,LONG,305.5,304.05,249,10,-361.05,-0.47,SIGNAL
RUN_20260922_115213_V2,ChecklistStrategy,POWERGRID,2025-05-16,2025-05-21,LONG,300.0,297.75,255,5,-573.75,-0.75,SIGNAL
RUN_20260922_115213_V2,ChecklistStrategy,POWERGRID,2025-06-05,2025-06-12,LONG,291.0,295.15,263,7,1091.45,1.43,SIGNAL
RUN_20260922_115213_V2,ChecklistStrategy,POWERGRID,2025-06-23,2025-06-24,LONG,291.4,293.45,261,1,535.05,0.7,SIGNAL
RUN_20260922_115213_V2,ChecklistStrategy,POWERGRID,2025-07-07,2025-07-21,LONG,294.7,294.0,262,14,-183.4,-0.24,SIGNAL
RUN_20260922_115213_V2,ChecklistStrategy,POWERGRID,2025-07-22,2025-07-31,LONG,297.1,284.95,259,9,-3146.85,-4.09,STOP_LOSS
RUN_20260922_115213_V2,ChecklistStrategy,POWERGRID,2025-08-04,2025-08-07,LONG,291.2,284.5,256,3,-1715.2,-2.3,STOP_LOSS
RUN_20260922_115213_V2,ChecklistStrategy,POWERGRID,2025-08-25,2025-08-29,LONG,283.35,273.6,258,4,-2515.5,-3.44,STOP_LOSS
RUN_20260922_115213_V2,ChecklistStrategy,POWERGRID,2025-09-08,2025-09-11,LONG,286.4,282.55,249,3,-958.65,-1.34,SIGNAL
RUN_20260922_115213_V2,ChecklistStrategy,POWERGRID,2025-09-12,2025-09-22,LONG,287.25,287.0,246,10,-61.5,-0.09,SIGNAL
RUN_20260922_115213_V2,ChecklistStrategy,POWERGRID,2025-09-24,2025-09-26,LONG,287.9,283.5,244,2,-1073.6,-1.53,SIGNAL
RUN_20260922_115213_V2,ChecklistStrategy,POWERGRID,2025-10-10,2025-10-27,LONG,285.25,289.0,243,17,911.25,1.31,SIGNAL
RUN_20260922_115213_V2,ChecklistStrategy,POWERGRID,2025-11-10,2025-11-20,LONG,268.6,275.25,258,10,1715.7,2.48,SIGNAL
RUN_20260922_115213_V2,ChecklistStrategy,POWERGRID,2025-12-18,2026-01-09,LONG,260.75,260.3,274,22,657.6,-0.17,SIGNAL
RUN_20260922_115213_V2,ChecklistStrategy,POWERGRID,2026-01-13,2026-01-21,LONG,259.05,252.05,278,8,-1946.0,-2.7,STOP_LOSS
RUN_20260922_115213_V2,ChecklistStrategy,POWERGRID,2026-01-29,2026-02-02,LONG,262.6,251.25,271,4,-3075.85,-4.32,STOP_LOSS
RUN_20260922_115213_V2,ChecklistStrategy,POWERGRID,2026-02-03,2026-02-09,LONG,276.05,292.5,252,6,3956.4,5.96,SIGNAL
RUN_20260922_115213_V2,ChecklistStrategy,POWERGRID,2026-04-07,2026-04-17,LONG,292.5,313.3,241,10,5216.8,7.11,SIGNAL
RUN_20260922_115213_V2,ChecklistStrategy,POWERGRID,2026-05-14,2026-05-19,LONG,306.0,296.6,248,5,-2331.2,-3.07,STOP_LOSS
RUN_20260922_115213_V2,ChecklistStrategy,POWERGRID,2026-05-28,2026-06-01,LONG,300.15,291.0,243,4,-2223.45,-3.05,STOP_LOSS
RUN_20260922_115213_V2,ChecklistStrategy,POWERGRID,2026-06-30,2026-07-06,LONG,287.2,287.2,249,6,0.0,0.0,SIGNAL
RUN_20260922_115213_V2,ChecklistStrategy,POWERGRID,2026-07-23,2026-08-05,LONG,287.3,284.0,247,13,-815.1,-1.15,SIGNAL
RUN_20260922_115213_V2,ChecklistStrategy,POWERGRID,2026-08-13,2026-08-20,LONG,269.0,264.0,262,7,-1310.0,-1.86,SIGNAL
RUN_20260922_115213_V2,ChecklistStrategy,POWERGRID,2026-08-21,2026-08-26,LONG,264.6,270.1,263,5,1446.5,2.08,SIGNAL
RUN_20260922_115213_V2,ChecklistStrategy,RELIANCE,2024-01-25,2024-02-01,LONG,1342.95,1435.0,55,7,5736.4,6.85,SIGNAL
RUN_20260922_115213_V2,ChecklistStrategy,RELIANCE,2024-03-13,2024-03-14,LONG,1479.78,1439.7,53,1,-2123.98,-2.71,STOP_LOSS
RUN_20260922_115213_V2,ChecklistStrategy,RELIANCE,2024-03-26,2024-03-27,LONG,1445.0,1448.0,53,1,159.0,0.21,SIGNAL
RUN_20260922_115213_V2,ChecklistStrategy,RELIANCE,2024-04-12,2024-04-15,LONG,1475.88,1461.0,52,3,-773.5,-1.01,SIGNAL
RUN_20260922_115213_V2,ChecklistStrategy,RELIANCE,2024-04-30,2024-05-06,LONG,1468.0,1435.5,52,6,-1690.0,-2.21,STOP_LOSS
RUN_20260922_115213_V2,ChecklistStrategy,RELIANCE,2024-05-09,2024-05-16,LONG,1413.0,1418.55,53,7,294.15,0.39,SIGNAL
RUN_20260922_115213_V2,ChecklistStrategy,RELIANCE,2024-06-06,2024-06-11,LONG,1435.0,1469.0,53,5,1802.0,2.37,SIGNAL
RUN_20260922_115213_V2,ChecklistStrategy,RELIANCE,2024-06-21,2024-06-25,LONG,1473.62,1443.0,52,4,-1592.5,-2.08,STOP_LOSS
RUN_20260922_115213_V2,ChecklistStrategy,RELIANCE,2024-08-07,2024-08-13,LONG,1469.0,1460.75,52,6,-429.0,-0.56,SIGNAL
RUN_20260922_115213_V2,ChecklistStrategy,RELIANCE,2024-08-14,2024-08-16,LONG,1463.55,1468.65,51,2,260.1,0.35,SIGNAL
RUN_20260922_115213_V2,ChecklistStrategy,RELIANCE,2024-08-22,2024-09-04,LONG,1503.0,1500.7,50,13,-115.0,-0.15,SIGNAL
RUN_20260922_115213_V2,ChecklistStrategy,RELIANCE,2024-09-20,2024-09-25,LONG,1474.0,1483.9,51,5,504.9,0.67,SIGNAL
RUN_20260922_115213_V2,ChecklistStrategy,RELIANCE,2024-10-25,2024-11-05,LONG,1343.5,1293.0,56,11,-2828.0,-3.76,STOP_LOSS
RUN_20260922_115213_V2,ChecklistStrategy,RELIANCE,2024-11-18,2024-11-21,LONG,1267.6,1241.65,58,3,-1505.1,-2.05,STOP_LOSS
RUN_20260922_115213_V2,ChecklistStrategy,RELIANCE,2024-12-06,2024-12-09,LONG,1323.9,1303.0,55,3,-1149.5,-1.58,SIGNAL
RUN_20260922_115213_V2,ChecklistStrategy,RELIANCE,2024-12-16,2024-12-18,LONG,1275.0,1240.65,56,2,-1923.6,-2.69,STOP_LOSS
RUN_20260922_115213_V2,ChecklistStrategy,RELIANCE,2024-12-24,2025-01-07,LONG,1222.3,1222.0,57,14,-17.1,-0.02,SIGNAL
RUN_20260922_115213_V2,ChecklistStrategy,RELIANCE,2025-02-03,2025-02-06,LONG,1251.0,1273.7,55,3,1248.5,1.81,SIGNAL
RUN_20260922_115213_V2,ChecklistStrategy,RELIANCE,2025-02-18,2025-02-24,LONG,1224.85,1216.55,58,6,-481.4,-0.68,SIGNAL
RUN_20260922_115213_V2,ChecklistStrategy,RELIANCE,2025-03-06,2025-03-11,LONG,1197.0,1240.0,60,5,2730.0,3.59,SIGNAL
RUN_20260922_115213_V2,ChecklistStrategy,RELIANCE,2025-03-28,2025-04-01,LONG,1280.0,1264.6,57,4,-877.8,-1.2,SIGNAL
RUN_20260922_115213_V2,ChecklistStrategy,RELIANCE,2025-05-26,2025-06-04,LONG,1432.0,1414.7,50,9,-865.0,-1.21,SIGNAL
RUN_20260922_115213_V2,ChecklistStrategy,RELIANCE,2025-07-24,2025-07-29,LONG,1419.2,1383.0,50,5,-1810.0,-2.55,STOP_LOSS
RUN_20260922_115213_V2,ChecklistStrategy,RELIANCE,2025-07-30,2025-08-08,LONG,1418.1,1385.0,49,9,-1621.9,-2.33,STOP_LOSS
RUN_20260922_115213_V2,ChecklistStrategy,RELIANCE,2025-08-20,2025-09-01,LONG,1413.0,1356.0,48,12,-2736.0,-4.03,STOP_LOSS
RUN_20260922_115213_V2,ChecklistStrategy,RELIANCE,2025-10-03,2025-10-09,LONG,1363.2,1374.0,48,6,518.4,0.79,SIGNAL
RUN_20260922_115213_V2,ChecklistStrategy,RELIANCE,2025-11-26,2025-12-23,LONG,1542.3,1580.9,43,27,1659.8,2.5,SIGNAL
RUN_20260922_115213_V2,ChecklistStrategy,RELIANCE,2026-01-13,2026-01-14,LONG,1485.0,1444.0,46,1,-1886.0,-2.76,STOP_LOSS
RUN_20260922_115213_V2,ChecklistStrategy,RELIANCE,2026-02-05,2026-02-06,LONG,1457.0,1441.5,45,1,-697.5,-1.06,SIGNAL
RUN_20260922_115213_V2,ChecklistStrategy,RELIANCE,2026-02-12,2026-02-16,LONG,1470.0,1420.1,45,4,-2245.5,-3.39,STOP_LOSS
RUN_20260922_115213_V2,ChecklistStrategy,RELIANCE,2026-02-17,2026-02-18,LONG,1431.1,1427.0,45,1,-184.5,-0.29,SIGNAL
RUN_20260922_115213_V2,ChecklistStrategy,RELIANCE,2026-02-27,2026-03-04,LONG,1398.0,1330.0,45,5,-3060.0,-4.86,STOP_LOSS
RUN_20260922_115213_V2,ChecklistStrategy,RELIANCE,2026-03-17,2026-03-30,LONG,1399.0,1335.0,44,13,-2816.0,-4.57,STOP_LOSS
RUN_20260922_115213_V2,ChecklistStrategy,RELIANCE,2026-04-09,2026-04-15,LONG,1346.0,1337.0,44,6,-396.0,-0.67,SIGNAL
RUN_20260922_115213_V2,ChecklistStrategy,RELIANCE,2026-04-20,2026-04-24,LONG,1363.2,1340.0,43,4,-997.6,-1.7,SIGNAL
RUN_20260922_115213_V2,ChecklistStrategy,RELIANCE,2026-04-28,2026-05-05,LONG,1358.0,1460.0,43,7,3315.0,7.51,SIGNAL
RUN_20260922_115213_V2,ChecklistStrategy,RELIANCE,2026-05-21,2026-05-25,LONG,1367.2,1366.8,45,4,-18.0,-0.03,SIGNAL
RUN_20260922_115213_V2,ChecklistStrategy,RELIANCE,2026-06-10,2026-06-11,LONG,1275.0,1258.0,48,1,-816.0,-1.33,SIGNAL
RUN_20260922_115213_V2,ChecklistStrategy,RELIANCE,2026-06-23,2026-06-24,LONG,1328.9,1305.7,45,1,-1044.0,-1.75,SIGNAL
RUN_20260922_115213_V2,ChecklistStrategy,RELIANCE,2026-07-07,2026-07-09,LONG,1323.5,1277.1,45,2,-2088.0,-3.51,STOP_LOSS
RUN_20260922_115213_V2,ChecklistStrategy,RELIANCE,2026-08-12,2026-08-25,LONG,1323.9,1304.3,44,13,-862.4,-1.48,SIGNAL
RUN_20260922_115213_V2,ChecklistStrategy,RELIANCE,2026-08-26,2026-08-28,LONG,1310.0,1284.9,43,2,-1079.3,-1.92,SIGNAL
RUN_20260922_115213_V2,ChecklistStrategy,SBILIFE,2024-02-14,2024-02-22,LONG,1460.0,1510.0,51,8,2550.0,3.42,SIGNAL
RUN_20260922_115213_V2,ChecklistStrategy,SBILIFE,2024-03-01,2024-03-05,LONG,1564.9,1525.0,49,4,-1955.1,-2.55,STOP_LOSS
RUN_20260922_115213_V2,ChecklistStrategy,SBILIFE,2024-03-07,2024-03-11,LONG,1520.0,1526.95,49,4,340.55,0.46,SIGNAL
RUN_20260922_115213_V2,ChecklistStrategy,SBILIFE,2024-05-02,2024-05-21,LONG,1416.35,1438.85,52,19,1170.0,1.59,SIGNAL
RUN_20260922_115213_V2,ChecklistStrategy,SBILIFE,2024-06-06,2024-06-10,LONG,1390.1,1436.85,54,4,2524.5,3.36,SIGNAL
RUN_20260922_115213_V2,ChecklistStrategy,SBILIFE,2024-06-18,2024-06-19,LONG,1480.0,1478.35,53,1,-87.45,-0.11,SIGNAL
RUN_20260922_115213_V2,ChecklistStrategy,SBILIFE,2024-06-24,2024-06-26,LONG,1464.15,1462.0,53,2,-113.95,-0.15,SIGNAL
RUN_20260922_115213_V2,ChecklistStrategy,SBILIFE,2024-06-28,2024-07-03,LONG,1450.1,1503.0,53,5,2803.7,3.65,SIGNAL
RUN_20260922_115213_V2,ChecklistStrategy,SBILIFE,2024-07-11,2024-07-26,LONG,1562.0,1686.25,51,15,4980.5,7.95,SIGNAL
RUN_20260922_115213_V2,ChecklistStrategy,SBILIFE,2024-08-09,2024-08-14,LONG,1720.0,1696.2,49,5,-1166.2,-1.38,SIGNAL
RUN_20260922_115213_V2,ChecklistStrategy,SBILIFE,2024-08-19,2024-08-28,LONG,1696.8,1838.75,49,9,6049.55,8.37,SIGNAL
RUN_20260922_115213_V2,ChecklistStrategy,SBILIFE,2024-09-19,2024-09-25,LONG,1850.0,1873.7,47,6,1113.9,1.28,SIGNAL
RUN_20260922_115213_V2,ChecklistStrategy,SBILIFE,2024-09-26,2024-09-30,LONG,1873.0,1892.0,47,4,893.0,1.01,SIGNAL
RUN_20260922_115213_V2,ChecklistStrategy,SBILIFE,2024-10-17,2024-10-18,LONG,1734.0,1706.0,51,1,-1428.0,-1.61,SIGNAL
RUN_20260922_115213_V2,ChecklistStrategy,SBILIFE,2024-10-21,2024-10-22,LONG,1715.15,1701.0,51,1,-721.65,-0.83,SIGNAL
RUN_20260922_115213_V2,ChecklistStrategy,SBILIFE,2024-11-18,2024-11-21,LONG,1551.0,1513.3,55,3,-2073.5,-2.43,STOP_LOSS
RUN_20260922_115213_V2,ChecklistStrategy,SBILIFE,2024-12-09,2024-12-11,LONG,1454.0,1455.5,59,2,88.5,0.1,SIGNAL
RUN_20260922_115213_V2,ChecklistStrategy,SBILIFE,2024-12-24,2025-01-14,LONG,1406.95,1475.0,60,21,4194.0,4.84,SIGNAL
RUN_20260922_115213_V2,ChecklistStrategy,SBILIFE,2025-01-27,2025-02-17,LONG,1435.0,1460.5,61,21,1555.5,1.78,SIGNAL
RUN_20260922_115213_V2,ChecklistStrategy,SBILIFE,2025-02-18,2025-02-19,LONG,1476.25,1475.0,60,1,-75.0,-0.08,SIGNAL
RUN_20260922_115213_V2,ChecklistStrategy,SBILIFE,2025-02-24,2025-03-03,LONG,1480.0,1432.55,60,7,-2847.0,-3.21,STOP_LOSS
RUN_20260922_115213_V2,ChecklistStrategy,SBILIFE,2025-03-11,2025-03-21,LONG,1403.0,1500.0,61,10,5677.0,6.91,SIGNAL
RUN_20260922_115213_V2,ChecklistStrategy,SBILIFE,2025-03-28,2025-04-07,LONG,1544.9,1450.0,59,10,-5599.1,-6.14,STOP_LOSS
RUN_20260922_115213_V2,ChecklistStrategy,SBILIFE,2025-04-29,2025-04-30,LONG,1733.9,1722.0,50,1,-595.0,-0.69,SIGNAL
RUN_20260922_115213_V2,ChecklistStrategy,SBILIFE,2025-05-02,2025-05-06,LONG,1761.0,1770.0,49,4,441.0,0.51,SIGNAL
RUN_20260922_115213_V2,ChecklistStrategy,SBILIFE,2025-05-28,2025-06-02,LONG,1810.6,1812.2,48,5,76.8,0.09,SIGNAL
RUN_20260922_115213_V2,ChecklistStrategy,SBILIFE,2025-06-05,2025-06-06,LONG,1782.0,1774.8,49,1,-352.8,-0.4,SIGNAL
RUN_20260922_115213_V2,ChecklistStrategy,SBILIFE,2025-06-12,2025-06-13,LONG,1799.9,1720.0,48,1,-3835.2,-4.44,STOP_LOSS
RUN_20260922_115213_V2,ChecklistStrategy,SBILIFE,2025-06-23,2025-07-10,LONG,1810.0,1811.0,46,17,46.0,0.06,SIGNAL
RUN_20260922_115213_V2,ChecklistStrategy,SBILIFE,2025-07-21,2025-07-30,LONG,1794.7,1825.0,47,9,1424.1,1.69,SIGNAL
RUN_20260922_115213_V2,ChecklistStrategy,SBILIFE,2025-08-05,2025-08-07,LONG,1833.3,1835.0,46,2,78.2,0.09,SIGNAL
RUN_20260922_115213_V2,ChecklistStrategy,SBILIFE,2025-08-08,2025-08-13,LONG,1851.1,1841.3,45,5,-441.0,-0.53,SIGNAL
RUN_20260922_115213_V2,ChecklistStrategy,SBILIFE,2025-09-10,2025-09-12,LONG,1804.9,1814.2,46,2,427.8,0.52,SIGNAL
RUN_20260922_115213_V2,ChecklistStrategy,SBILIFE,2025-09-15,2025-09-18,LONG,1830.1,1804.9,46,3,-1159.2,-1.38,SIGNAL
RUN_20260922_115213_V2,ChecklistStrategy,SBILIFE,2025-10-10,2025-10-17,LONG,1825.0,1844.0,46,7,874.0,1.04,SIGNAL
RUN_20260922_115213_V2,ChecklistStrategy,SBILIFE,2025-11-10,2025-11-25,LONG,2000.1,1972.4,42,15,-1163.4,-1.38,SIGNAL
RUN_20260922_115213_V2,ChecklistStrategy,SBILIFE,2025-12-02,2025-12-10,LONG,1952.0,1996.0,42,8,1848.0,2.25,SIGNAL
RUN_20260922_115213_V2,ChecklistStrategy,SBILIFE,2025-12-19,2026-01-06,LONG,2014.5,2064.0,42,18,2079.0,2.46,SIGNAL
RUN_20260922_115213_V2,ChecklistStrategy,SBILIFE,2026-01-09,2026-01-21,LONG,2093.8,2038.2,41,12,-2279.6,-2.66,STOP_LOSS
RUN_20260922_115213_V2,ChecklistStrategy,SBILIFE,2026-02-05,2026-02-06,LONG,2031.0,2026.0,41,1,-205.0,-0.25,SIGNAL
RUN_20260922_115213_V2,ChecklistStrategy,SBILIFE,2026-02-10,2026-02-11,LONG,2024.0,2023.0,41,1,-41.0,-0.05,SIGNAL
RUN_20260922_115213_V2,ChecklistStrategy,SBILIFE,2026-02-17,2026-02-25,LONG,2042.4,2089.7,41,8,1939.3,2.32,SIGNAL
RUN_20260922_115213_V2,ChecklistStrategy,SBILIFE,2026-02-27,2026-03-04,LONG,2076.1,1964.0,41,5,-4596.1,-5.4,STOP_LOSS
RUN_20260922_115213_V2,ChecklistStrategy,SBILIFE,2026-03-06,2026-03-24,LONG,1930.0,1842.0,42,18,-3696.0,-4.56,STOP_LOSS
RUN_20260922_115213_V2,ChecklistStrategy,SBILIFE,2026-04-06,2026-04-09,LONG,1757.5,1907.0,45,3,4692.5,8.51,SIGNAL
RUN_20260922_115213_V2,ChecklistStrategy,SBILIFE,2026-04-28,2026-05-01,LONG,1814.6,1819.0,45,3,198.0,0.24,SIGNAL
RUN_20260922_115213_V2,ChecklistStrategy,SBILIFE,2026-05-12,2026-05-22,LONG,1866.0,1872.0,44,10,264.0,0.32,SIGNAL
RUN_20260922_115213_V2,ChecklistStrategy,SBILIFE,2026-06-18,2026-06-23,LONG,1801.0,1805.5,46,5,207.0,0.25,SIGNAL
RUN_20260922_115213_V2,ChecklistStrategy,SBILIFE,2026-07-01,2026-07-09,LONG,1777.0,1789.0,47,8,564.0,0.68,SIGNAL
RUN_20260922_115213_V2,ChecklistStrategy,SBILIFE,2026-07-10,2026-07-14,LONG,1830.7,1842.0,46,4,519.8,0.62,SIGNAL
RUN_20260922_115213_V2,ChecklistStrategy,SBILIFE,2026-07-20,2026-07-28,LONG,1831.0,1865.0,46,8,1564.0,1.86,SIGNAL
RUN_20260922_115213_V2,ChecklistStrategy,SBILIFE,2026-08-20,2026-08-26,LONG,1790.0,1760.5,48,6,-1416.0,-1.65,SIGNAL
RUN_20260922_115213_V2,ChecklistStrategy,SBILIFE,2026-09-07,2026-09-08,LONG,1775.0,1734.6,47,1,-1898.8,-2.28,STOP_LOSS
RUN_20260922_115213_V2,ChecklistStrategy,SBILIFE,2026-09-11,2026-09-21,LONG,1680.0,1744.0,48,10,3247.2,3.81,SIGNAL
RUN_20260922_115213_V2,ChecklistStrategy,SBIN,2024-03-01,2024-03-14,LONG,752.0,749.9,100,13,1477.5,-0.28,SIGNAL
RUN_20260922_115213_V2,ChecklistStrategy,SBIN,2024-04-26,2024-05-02,LONG,815.9,826.9,93,6,1023.0,1.35,SIGNAL
RUN_20260922_115213_V2,ChecklistStrategy,SBIN,2024-05-09,2024-06-05,LONG,811.9,790.75,94,27,3005.65,-2.61,STOP_LOSS
RUN_20260922_115213_V2,ChecklistStrategy,SBIN,2024-06-06,2024-06-14,LONG,800.0,845.0,100,8,4100.0,5.62,SIGNAL
RUN_20260922_115213_V2,ChecklistStrategy,SBIN,2024-06-19,2024-07-03,LONG,846.8,829.0,97,14,-1726.6,-2.1,STOP_LOSS
RUN_20260922_115213_V2,ChecklistStrategy,SBIN,2024-07-04,2024-07-09,LONG,843.0,859.9,96,5,1622.4,2.0,SIGNAL
RUN_20260922_115213_V2,ChecklistStrategy,SBIN,2024-07-12,2024-07-25,LONG,856.7,847.5,95,13,1358.5,-1.07,SIGNAL
RUN_20260922_115213_V2,ChecklistStrategy,SBIN,2024-08-01,2024-08-05,LONG,877.8,830.0,95,4,-4541.0,-5.45,STOP_LOSS
RUN_20260922_115213_V2,ChecklistStrategy,SBIN,2024-08-08,2024-08-20,LONG,812.0,817.95,98,12,583.1,0.73,SIGNAL
RUN_20260922_115213_V2,ChecklistStrategy,SBIN,2024-08-23,2024-08-26,LONG,821.5,818.0,97,3,-339.5,-0.43,SIGNAL
RUN_20260922_115213_V2,ChecklistStrategy,SBIN,2024-08-30,2024-09-02,LONG,817.15,817.3,97,3,14.55,0.02,SIGNAL
RUN_20260922_115213_V2,ChecklistStrategy,SBIN,2024-09-04,2024-09-09,LONG,815.45,785.0,96,5,-2923.2,-3.73,STOP_LOSS
RUN_20260922_115213_V2,ChecklistStrategy,SBIN,2024-09-10,2024-09-12,LONG,788.0,775.0,98,2,-1274.0,-1.65,SIGNAL
RUN_20260922_115213_V2,ChecklistStrategy,SBIN,2024-10-09,2024-10-24,LONG,786.7,786.05,97,15,1792.15,-0.08,SIGNAL
RUN_20260922_115213_V2,ChecklistStrategy,SBIN,2024-10-29,2024-10-31,LONG,796.0,820.0,98,2,2744.0,3.02,SIGNAL
RUN_20260922_115213_V2,ChecklistStrategy,SBIN,2024-11-19,2024-11-21,LONG,819.0,798.5,97,2,-1988.5,-2.5,STOP_LOSS
RUN_20260922_115213_V2,ChecklistStrategy,SBIN,2024-11-29,2024-12-09,LONG,841.1,859.0,93,10,1664.7,2.13,SIGNAL
RUN_20260922_115213_V2,ChecklistStrategy,SBIN,2024-12-16,2024-12-19,LONG,859.8,824.6,92,3,-3238.4,-4.09,STOP_LOSS
RUN_20260922_115213_V2,ChecklistStrategy,SBIN,2024-12-24,2024-12-26,LONG,824.25,813.0,93,2,-1046.25,-1.36,SIGNAL
RUN_20260922_115213_V2,ChecklistStrategy,SBIN,2025-01-10,2025-01-13,LONG,760.35,741.5,100,3,-1885.0,-2.48,STOP_LOSS
RUN_20260922_115213_V2,ChecklistStrategy,SBIN,2025-03-04,2025-03-11,LONG,693.0,724.9,107,7,4001.6,4.6,SIGNAL
RUN_20260922_115213_V2,ChecklistStrategy,SBIN,2025-03-17,2025-03-18,LONG,728.9,723.15,106,1,-609.5,-0.79,SIGNAL
RUN_20260922_115213_V2,ChecklistStrategy,SBIN,2025-03-28,2025-04-01,LONG,772.1,766.8,99,4,-524.7,-0.69,SIGNAL
RUN_20260922_115213_V2,ChecklistStrategy,SBIN,2025-04-17,2025-04-23,LONG,772.0,826.0,99,6,5108.35,6.99,SIGNAL
RUN_20260922_115213_V2,ChecklistStrategy,SBIN,2025-05-05,2025-05-07,LONG,782.0,765.3,100,2,-1670.0,-2.14,STOP_LOSS
RUN_20260922_115213_V2,ChecklistStrategy,SBIN,2025-05-12,2025-05-16,LONG,799.0,804.0,101,4,505.0,0.63,SIGNAL
RUN_20260922_115213_V2,ChecklistStrategy,SBIN,2025-05-20,2025-05-21,LONG,798.15,787.0,100,1,-1115.0,-1.4,SIGNAL
RUN_20260922_115213_V2,ChecklistStrategy,SBIN,2025-07-07,2025-07-11,LONG,811.2,807.55,96,4,-350.4,-0.45,SIGNAL
RUN_20260922_115213_V2,ChecklistStrategy,SBIN,2025-09-22,2025-09-23,LONG,862.0,854.6,90,1,-666.0,-0.86,SIGNAL
RUN_20260922_115213_V2,ChecklistStrategy,SBIN,2025-09-24,2025-09-29,LONG,876.0,858.05,89,5,-1597.55,-2.05,STOP_LOSS
RUN_20260922_115213_V2,ChecklistStrategy,SBIN,2025-10-10,2025-10-15,LONG,862.1,878.1,88,5,1408.0,1.86,SIGNAL
RUN_20260922_115213_V2,ChecklistStrategy,SBIN,2025-11-03,2025-11-27,LONG,938.75,986.7,82,24,3903.2,5.11,SIGNAL
RUN_20260922_115213_V2,ChecklistStrategy,SBIN,2025-12-16,2025-12-17,LONG,966.05,965.55,83,1,-41.5,-0.05,SIGNAL
RUN_20260922_115213_V2,ChecklistStrategy,SBIN,2025-12-31,2026-01-08,LONG,975.25,1006.6,82,8,3230.8,3.21,SIGNAL
RUN_20260922_115213_V2,ChecklistStrategy,SBIN,2026-02-03,2026-02-04,LONG,1087.0,1064.2,80,1,-1824.0,-2.1,STOP_LOSS
RUN_20260922_115213_V2,ChecklistStrategy,SBIN,2026-03-10,2026-03-13,LONG,1111.1,1077.5,74,3,-2486.4,-3.02,STOP_LOSS
RUN_20260922_115213_V2,ChecklistStrategy,SBIN,2026-03-17,2026-03-20,LONG,1073.9,1058.4,74,3,-1147.0,-1.44,SIGNAL
RUN_20260922_115213_V2,ChecklistStrategy,SBIN,2026-04-20,2026-04-22,LONG,1080.3,1110.0,72,2,2138.4,2.75,SIGNAL
RUN_20260922_115213_V2,ChecklistStrategy,SBIN,2026-04-27,2026-04-30,LONG,1110.95,1075.0,72,3,-2588.4,-3.24,STOP_LOSS
RUN_20260922_115213_V2,ChecklistStrategy,SBIN,2026-05-20,2026-06-10,LONG,941.1,1002.7,82,21,4120.5,6.55,SIGNAL
RUN_20260922_115213_V2,ChecklistStrategy,SBIN,2026-07-16,2026-07-22,LONG,1030.1,1044.4,78,6,1115.4,1.39,SIGNAL
RUN_20260922_115213_V2,ChecklistStrategy,SBIN,2026-08-13,2026-08-18,LONG,1083.0,1059.6,75,5,-1755.0,-2.16,STOP_LOSS
RUN_20260922_115213_V2,ChecklistStrategy,SBIN,2026-08-24,2026-08-28,LONG,1047.9,1046.0,76,4,-144.4,-0.18,SIGNAL
RUN_20260922_115213_V2,ChecklistStrategy,SBIN,2026-08-31,2026-09-07,LONG,1041.2,1020.8,76,7,-1550.4,-1.96,SIGNAL
RUN_20260922_115213_V2,ChecklistStrategy,SBIN,2026-09-17,2026-09-18,LONG,991.2,992.0,80,1,64.0,0.08,SIGNAL
RUN_20260922_115213_V2,ChecklistStrategy,SHRIRAMFIN,2024-01-31,2024-02-01,LONG,490.0,482.2,152,1,-1185.6,-1.59,SIGNAL
RUN_20260922_115213_V2,ChecklistStrategy,SHRIRAMFIN,2024-02-12,2024-02-13,LONG,467.0,453.4,158,1,-2148.8,-2.91,STOP_LOSS
RUN_20260922_115213_V2,ChecklistStrategy,SHRIRAMFIN,2024-02-14,2024-02-16,LONG,457.0,488.0,155,2,4761.88,6.78,SIGNAL
RUN_20260922_115213_V2,ChecklistStrategy,SHRIRAMFIN,2024-02-23,2024-02-29,LONG,479.7,479.8,158,6,15.8,0.02,SIGNAL
RUN_20260922_115213_V2,ChecklistStrategy,SHRIRAMFIN,2024-03-11,2024-03-13,LONG,489.2,486.98,155,2,-344.1,-0.45,SIGNAL
RUN_20260922_115213_V2,ChecklistStrategy,SHRIRAMFIN,2024-03-19,2024-04-03,LONG,464.6,495.4,163,15,4259.0,6.63,SIGNAL
RUN_20260922_115213_V2,ChecklistStrategy,SHRIRAMFIN,2024-05-02,2024-05-06,LONG,509.31,520.0,154,4,1646.26,2.1,SIGNAL
RUN_20260922_115213_V2,ChecklistStrategy,SHRIRAMFIN,2024-06-03,2024-06-05,LONG,490.0,448.38,169,2,-7033.78,-8.49,STOP_LOSS
RUN_20260922_115213_V2,ChecklistStrategy,SHRIRAMFIN,2024-07-04,2024-07-09,LONG,573.59,561.78,131,5,-1547.11,-2.06,STOP_LOSS
RUN_20260922_115213_V2,ChecklistStrategy,SHRIRAMFIN,2024-07-26,2024-07-30,LONG,541.16,588.6,137,4,6866.48,8.77,SIGNAL
RUN_20260922_115213_V2,ChecklistStrategy,SHRIRAMFIN,2024-10-25,2024-10-28,LONG,650.86,632.8,121,3,-2185.26,-2.77,STOP_LOSS
RUN_20260922_115213_V2,ChecklistStrategy,SHRIRAMFIN,2024-11-19,2024-11-26,LONG,569.6,592.95,135,7,3152.25,4.1,SIGNAL
RUN_20260922_115213_V2,ChecklistStrategy,SHRIRAMFIN,2024-12-03,2024-12-04,LONG,626.2,629.11,128,1,372.48,0.46,SIGNAL
RUN_20260922_115213_V2,ChecklistStrategy,SHRIRAMFIN,2025-01-21,2025-01-31,LONG,518.0,546.4,153,10,4884.8,5.48,SIGNAL
RUN_20260922_115213_V2,ChecklistStrategy,SHRIRAMFIN,2025-02-13,2025-02-17,LONG,547.0,537.0,151,4,-1510.0,-1.83,SIGNAL
RUN_20260922_115213_V2,ChecklistStrategy,SHRIRAMFIN,2025-02-19,2025-02-24,LONG,547.8,576.0,148,5,4532.5,5.15,SIGNAL
RUN_20260922_115213_V2,ChecklistStrategy,SHRIRAMFIN,2025-04-04,2025-04-08,LONG,655.5,623.7,130,4,-4134.0,-4.85,STOP_LOSS
RUN_20260922_115213_V2,ChecklistStrategy,SHRIRAMFIN,2025-04-15,2025-04-17,LONG,651.95,677.0,128,2,3206.4,3.84,SIGNAL
RUN_20260922_115213_V2,ChecklistStrategy,SHRIRAMFIN,2025-05-22,2025-06-02,LONG,652.0,638.3,128,11,-1753.6,-2.1,STOP_LOSS
RUN_20260922_115213_V2,ChecklistStrategy,SHRIRAMFIN,2025-06-23,2025-06-24,LONG,661.8,674.0,124,1,1512.8,1.84,SIGNAL
RUN_20260922_115213_V2,ChecklistStrategy,SHRIRAMFIN,2025-07-07,2025-07-08,LONG,676.15,672.0,124,1,-514.6,-0.61,SIGNAL
RUN_20260922_115213_V2,ChecklistStrategy,SHRIRAMFIN,2025-07-22,2025-07-23,LONG,658.0,642.0,127,1,-2032.0,-2.43,STOP_LOSS
RUN_20260922_115213_V2,ChecklistStrategy,SHRIRAMFIN,2025-07-24,2025-07-25,LONG,660.0,625.0,125,1,-4375.0,-5.3,STOP_LOSS
RUN_20260922_115213_V2,ChecklistStrategy,SHRIRAMFIN,2025-07-29,2025-07-31,LONG,632.0,625.0,124,2,-868.0,-1.11,SIGNAL
RUN_20260922_115213_V2,ChecklistStrategy,SHRIRAMFIN,2025-08-05,2025-08-11,LONG,630.5,610.45,125,6,-2506.25,-3.18,STOP_LOSS
RUN_20260922_115213_V2,ChecklistStrategy,SHRIRAMFIN,2025-08-12,2025-08-19,LONG,616.0,626.0,123,7,1230.0,1.62,SIGNAL
RUN_20260922_115213_V2,ChecklistStrategy,SHRIRAMFIN,2025-09-01,2025-09-10,LONG,580.0,598.6,133,9,2473.8,3.21,SIGNAL
RUN_20260922_115213_V2,ChecklistStrategy,SHRIRAMFIN,2025-09-18,2025-09-23,LONG,620.0,628.0,126,5,1008.0,1.29,SIGNAL
RUN_20260922_115213_V2,ChecklistStrategy,SHRIRAMFIN,2025-09-24,2025-09-26,LONG,628.2,610.0,126,2,-2293.2,-2.9,STOP_LOSS
RUN_20260922_115213_V2,ChecklistStrategy,SHRIRAMFIN,2025-10-03,2025-10-08,LONG,645.0,662.0,120,5,2532.0,2.64,SIGNAL
RUN_20260922_115213_V2,ChecklistStrategy,SHRIRAMFIN,2025-10-24,2025-10-28,LONG,711.05,719.5,112,4,946.4,1.19,SIGNAL
RUN_20260922_115213_V2,ChecklistStrategy,SHRIRAMFIN,2025-11-03,2025-11-06,LONG,762.8,792.6,107,3,3180.65,3.91,SIGNAL
RUN_20260922_115213_V2,ChecklistStrategy,SHRIRAMFIN,2025-11-10,2025-11-13,LONG,822.0,826.0,101,3,404.0,0.49,SIGNAL
RUN_20260922_115213_V2,ChecklistStrategy,SHRIRAMFIN,2025-12-08,2025-12-09,LONG,858.5,830.0,97,1,-2764.5,-3.32,STOP_LOSS
RUN_20260922_115213_V2,ChecklistStrategy,SHRIRAMFIN,2026-02-09,2026-02-12,LONG,1005.0,1053.5,80,3,4336.0,4.83,SIGNAL
RUN_20260922_115213_V2,ChecklistStrategy,SHRIRAMFIN,2026-02-23,2026-02-25,LONG,1072.8,1065.0,79,2,-616.2,-0.73,SIGNAL
RUN_20260922_115213_V2,ChecklistStrategy,SHRIRAMFIN,2026-03-06,2026-03-09,LONG,1043.9,957.5,80,3,-6912.0,-8.28,STOP_LOSS
RUN_20260922_115213_V2,ChecklistStrategy,SHRIRAMFIN,2026-04-20,2026-04-23,LONG,1040.0,1044.9,75,3,367.5,0.47,SIGNAL
RUN_20260922_115213_V2,ChecklistStrategy,SHRIRAMFIN,2026-05-01,2026-05-06,LONG,937.35,980.0,84,5,3582.6,4.55,SIGNAL
RUN_20260922_115213_V2,ChecklistStrategy,SHRIRAMFIN,2026-05-15,2026-06-02,LONG,921.0,908.6,87,18,1174.4,-1.35,SIGNAL
RUN_20260922_115213_V2,ChecklistStrategy,SHRIRAMFIN,2026-06-04,2026-06-08,LONG,907.95,909.0,90,4,94.5,0.12,SIGNAL
RUN_20260922_115213_V2,ChecklistStrategy,SHRIRAMFIN,2026-07-10,2026-07-15,LONG,1049.0,1028.0,79,5,-1659.0,-2.0,STOP_LOSS
RUN_20260922_115213_V2,ChecklistStrategy,SHRIRAMFIN,2026-07-20,2026-07-27,LONG,1040.0,1020.0,78,7,-1560.0,-1.92,SIGNAL
RUN_20260922_115213_V2,ChecklistStrategy,SHRIRAMFIN,2026-09-01,2026-09-02,LONG,1099.0,1048.0,71,1,-3621.0,-4.64,STOP_LOSS
RUN_20260922_115213_V2,ChecklistStrategy,SHRIRAMFIN,2026-09-03,2026-09-09,LONG,1056.0,1018.2,73,6,-2759.4,-3.58,STOP_LOSS
RUN_20260922_115213_V2,ChecklistStrategy,SUNPHARMA,2024-02-01,2024-02-12,LONG,1427.0,1539.85,52,11,4859.4,7.91,SIGNAL
RUN_20260922_115213_V2,ChecklistStrategy,SUNPHARMA,2024-03-15,2024-03-21,LONG,1568.75,1564.8,50,6,-197.5,-0.25,SIGNAL
RUN_20260922_115213_V2,ChecklistStrategy,SUNPHARMA,2024-03-22,2024-03-27,LONG,1568.9,1602.0,50,5,1655.0,2.11,SIGNAL
RUN_20260922_115213_V2,ChecklistStrategy,SUNPHARMA,2024-04-10,2024-04-15,LONG,1603.05,1517.6,49,5,-4187.05,-5.33,STOP_LOSS
RUN_20260922_115213_V2,ChecklistStrategy,SUNPHARMA,2024-04-25,2024-05-02,LONG,1490.0,1503.0,51,7,663.0,0.87,SIGNAL
RUN_20260922_115213_V2,ChecklistStrategy,SUNPHARMA,2024-05-21,2024-05-24,LONG,1530.0,1504.0,50,3,-1300.0,-1.7,SIGNAL
RUN_20260922_115213_V2,ChecklistStrategy,SUNPHARMA,2024-06-13,2024-06-21,LONG,1514.6,1480.1,50,8,-1725.0,-2.28,STOP_LOSS
RUN_20260922_115213_V2,ChecklistStrategy,SUNPHARMA,2024-07-03,2024-07-09,LONG,1519.35,1564.8,48,6,2181.6,2.99,SIGNAL
RUN_20260922_115213_V2,ChecklistStrategy,SUNPHARMA,2024-08-05,2024-08-06,LONG,1725.0,1725.0,43,1,0.0,0.0,SIGNAL
RUN_20260922_115213_V2,ChecklistStrategy,SUNPHARMA,2024-09-02,2024-09-04,LONG,1829.95,1811.5,41,2,-756.45,-1.01,SIGNAL
RUN_20260922_115213_V2,ChecklistStrategy,SUNPHARMA,2024-09-05,2024-09-26,LONG,1833.2,1870.55,41,21,1531.35,2.04,SIGNAL
RUN_20260922_115213_V2,ChecklistStrategy,SUNPHARMA,2024-09-27,2024-10-04,LONG,1917.95,1910.85,40,7,-284.0,-0.37,SIGNAL
RUN_20260922_115213_V2,ChecklistStrategy,SUNPHARMA,2024-10-09,2024-10-24,LONG,1894.55,1830.0,39,15,-2517.45,-3.41,STOP_LOSS
RUN_20260922_115213_V2,ChecklistStrategy,SUNPHARMA,2024-11-11,2024-11-13,LONG,1817.4,1791.0,41,2,-1082.4,-1.45,SIGNAL
RUN_20260922_115213_V2,ChecklistStrategy,SUNPHARMA,2024-12-16,2024-12-19,LONG,1818.7,1801.0,40,3,-708.0,-0.97,SIGNAL
RUN_20260922_115213_V2,ChecklistStrategy,SUNPHARMA,2024-12-24,2025-01-01,LONG,1814.9,1889.9,40,8,3000.0,4.13,SIGNAL
RUN_20260922_115213_V2,ChecklistStrategy,SUNPHARMA,2025-01-07,2025-01-08,LONG,1848.55,1862.6,40,1,562.0,0.76,SIGNAL
RUN_20260922_115213_V2,ChecklistStrategy,SUNPHARMA,2025-01-15,2025-01-21,LONG,1772.8,1772.1,42,6,-29.4,-0.04,SIGNAL
RUN_20260922_115213_V2,ChecklistStrategy,SUNPHARMA,2025-01-30,2025-02-03,LONG,1740.45,1781.45,43,4,1763.0,2.36,SIGNAL
RUN_20260922_115213_V2,ChecklistStrategy,SUNPHARMA,2025-02-05,2025-02-11,LONG,1773.8,1725.2,43,6,-2089.8,-2.74,STOP_LOSS
RUN_20260922_115213_V2,ChecklistStrategy,SUNPHARMA,2025-02-18,2025-02-19,LONG,1714.2,1665.1,43,1,-2111.3,-2.86,STOP_LOSS
RUN_20260922_115213_V2,ChecklistStrategy,SUNPHARMA,2025-04-01,2025-04-04,LONG,1731.0,1778.85,42,3,2009.7,2.76,SIGNAL
RUN_20260922_115213_V2,ChecklistStrategy,SUNPHARMA,2025-04-29,2025-04-30,LONG,1845.0,1810.0,40,1,-1400.0,-1.9,SIGNAL
RUN_20260922_115213_V2,ChecklistStrategy,SUNPHARMA,2025-05-13,2025-05-14,LONG,1711.0,1702.0,43,1,-387.0,-0.53,SIGNAL
RUN_20260922_115213_V2,ChecklistStrategy,SUNPHARMA,2025-05-15,2025-05-19,LONG,1701.1,1745.0,43,4,1887.7,2.58,SIGNAL
RUN_20260922_115213_V2,ChecklistStrategy,SUNPHARMA,2025-05-28,2025-06-03,LONG,1683.4,1695.0,44,6,510.4,0.69,SIGNAL
RUN_20260922_115213_V2,ChecklistStrategy,SUNPHARMA,2025-06-23,2025-06-24,LONG,1663.2,1670.5,45,1,328.5,0.44,SIGNAL
RUN_20260922_115213_V2,ChecklistStrategy,SUNPHARMA,2025-06-26,2025-06-27,LONG,1674.8,1670.2,45,1,-207.0,-0.27,SIGNAL
RUN_20260922_115213_V2,ChecklistStrategy,SUNPHARMA,2025-07-03,2025-07-07,LONG,1677.5,1674.7,45,4,-126.0,-0.17,SIGNAL
RUN_20260922_115213_V2,ChecklistStrategy,SUNPHARMA,2025-07-08,2025-07-09,LONG,1680.0,1660.0,44,1,-880.0,-1.19,SIGNAL
RUN_20260922_115213_V2,ChecklistStrategy,SUNPHARMA,2025-08-05,2025-08-07,LONG,1640.9,1581.0,45,2,-2695.5,-3.65,STOP_LOSS
RUN_20260922_115213_V2,ChecklistStrategy,SUNPHARMA,2025-08-12,2025-08-19,LONG,1611.7,1632.8,45,7,949.5,1.31,SIGNAL
RUN_20260922_115213_V2,ChecklistStrategy,SUNPHARMA,2025-08-26,2025-08-28,LONG,1645.0,1593.1,44,2,-2283.6,-3.16,STOP_LOSS
RUN_20260922_115213_V2,ChecklistStrategy,SUNPHARMA,2025-09-01,2025-09-02,LONG,1599.0,1566.0,44,1,-1452.0,-2.06,STOP_LOSS
RUN_20260922_115213_V2,ChecklistStrategy,SUNPHARMA,2025-09-04,2025-09-09,LONG,1597.0,1580.0,44,5,-748.0,-1.06,SIGNAL
RUN_20260922_115213_V2,ChecklistStrategy,SUNPHARMA,2025-09-17,2025-09-25,LONG,1612.6,1627.9,43,8,657.9,0.95,SIGNAL
RUN_20260922_115213_V2,ChecklistStrategy,SUNPHARMA,2025-10-17,2025-10-21,LONG,1658.2,1690.0,42,4,1335.6,1.92,SIGNAL
RUN_20260922_115213_V2,ChecklistStrategy,SUNPHARMA,2025-11-24,2025-12-02,LONG,1785.9,1804.0,40,8,724.0,1.01,SIGNAL
RUN_20260922_115213_V2,ChecklistStrategy,SUNPHARMA,2025-12-11,2025-12-17,LONG,1778.0,1781.0,40,6,120.0,0.17,SIGNAL
RUN_20260922_115213_V2,ChecklistStrategy,SUNPHARMA,2025-12-18,2025-12-19,LONG,1785.0,1747.0,40,1,-1520.0,-2.13,STOP_LOSS
RUN_20260922_115213_V2,ChecklistStrategy,SUNPHARMA,2025-12-31,2026-01-09,LONG,1720.2,1765.2,41,9,1845.0,2.62,SIGNAL
RUN_20260922_115213_V2,ChecklistStrategy,SUNPHARMA,2026-01-13,2026-01-14,LONG,1743.0,1737.1,41,1,-241.9,-0.34,SIGNAL
RUN_20260922_115213_V2,ChecklistStrategy,SUNPHARMA,2026-01-23,2026-01-30,LONG,1640.0,1589.3,43,7,-2180.1,-3.09,STOP_LOSS
RUN_20260922_115213_V2,ChecklistStrategy,SUNPHARMA,2026-02-02,2026-02-09,LONG,1634.0,1706.7,43,7,3298.3,4.45,SIGNAL
RUN_20260922_115213_V2,ChecklistStrategy,SUNPHARMA,2026-02-12,2026-03-12,LONG,1714.8,1828.0,42,28,3725.4,6.6,SIGNAL
RUN_20260922_115213_V2,ChecklistStrategy,SUNPHARMA,2026-03-18,2026-03-20,LONG,1799.6,1755.1,42,2,-1869.0,-2.47,STOP_LOSS
RUN_20260922_115213_V2,ChecklistStrategy,SUNPHARMA,2026-04-07,2026-04-13,LONG,1689.8,1654.9,43,6,-1500.7,-2.07,STOP_LOSS
RUN_20260922_115213_V2,ChecklistStrategy,SUNPHARMA,2026-06-03,2026-06-08,LONG,1781.0,1780.7,40,5,-12.0,-0.02,SIGNAL
RUN_20260922_115213_V2,ChecklistStrategy,SUNPHARMA,2026-07-15,2026-07-27,LONG,1955.0,1948.5,37,12,-240.5,-0.33,SIGNAL
RUN_20260922_115213_V2,ChecklistStrategy,SUNPHARMA,2026-08-20,2026-08-27,LONG,1905.0,1907.1,38,7,79.8,0.11,SIGNAL
RUN_20260922_115213_V2,ChecklistStrategy,SUNPHARMA,2026-09-01,2026-09-02,LONG,1963.1,1910.0,36,1,-1911.6,-2.7,STOP_LOSS
RUN_20260922_115213_V2,ChecklistStrategy,TATACONSUM,2024-01-30,2024-01-31,LONG,1144.95,1125.0,65,1,-1296.75,-1.74,SIGNAL
RUN_20260922_115213_V2,ChecklistStrategy,TATACONSUM,2024-02-02,2024-02-16,LONG,1132.0,1135.0,65,14,195.0,0.27,SIGNAL
RUN_20260922_115213_V2,ChecklistStrategy,TATACONSUM,2024-03-01,2024-03-12,LONG,1204.0,1227.45,62,11,2555.95,1.95,SIGNAL
RUN_20260922_115213_V2,ChecklistStrategy,TATACONSUM,2024-04-26,2024-05-03,LONG,1111.8,1095.0,68,7,-1142.4,-1.51,SIGNAL
RUN_20260922_115213_V2,ChecklistStrategy,TATACONSUM,2024-05-31,2024-06-05,LONG,1069.7,1109.0,70,5,2751.0,3.67,SIGNAL
RUN_20260922_115213_V2,ChecklistStrategy,TATACONSUM,2024-06-12,2024-06-13,LONG,1142.0,1130.0,67,1,-804.0,-1.05,SIGNAL
RUN_20260922_115213_V2,ChecklistStrategy,TATACONSUM,2024-06-19,2024-06-20,LONG,1129.7,1108.05,67,1,-1450.54,-1.92,SIGNAL
RUN_20260922_115213_V2,ChecklistStrategy,TATACONSUM,2024-07-18,2024-08-16,LONG,1160.57,1168.0,64,29,2829.4,0.64,SIGNAL
RUN_20260922_115213_V2,ChecklistStrategy,TATACONSUM,2024-08-22,2024-08-28,LONG,1184.05,1210.0,65,6,1686.75,2.19,SIGNAL
RUN_20260922_115213_V2,ChecklistStrategy,TATACONSUM,2024-09-05,2024-09-09,LONG,1199.5,1173.85,65,4,-1667.25,-2.14,STOP_LOSS
RUN_20260922_115213_V2,ChecklistStrategy,TATACONSUM,2024-09-10,2024-09-23,LONG,1200.0,1222.0,64,13,1408.0,1.83,SIGNAL
RUN_20260922_115213_V2,ChecklistStrategy,TATACONSUM,2024-09-27,2024-10-01,LONG,1213.95,1196.95,64,4,-1088.0,-1.4,SIGNAL
RUN_20260922_115213_V2,ChecklistStrategy,TATACONSUM,2024-10-09,2024-10-18,LONG,1127.0,1090.15,69,9,-2542.65,-3.27,STOP_LOSS
RUN_20260922_115213_V2,ChecklistStrategy,TATACONSUM,2024-10-24,2024-10-25,LONG,1017.95,996.9,74,1,-1557.7,-2.07,STOP_LOSS
RUN_20260922_115213_V2,ChecklistStrategy,TATACONSUM,2024-10-29,2024-11-12,LONG,982.0,975.95,76,14,1404.1,-0.62,SIGNAL
RUN_20260922_115213_V2,ChecklistStrategy,TATACONSUM,2024-11-19,2024-11-21,LONG,935.0,917.15,81,2,-1445.85,-1.91,SIGNAL
RUN_20260922_115213_V2,ChecklistStrategy,TATACONSUM,2024-12-02,2024-12-03,LONG,958.65,958.05,77,1,-46.2,-0.06,SIGNAL
RUN_20260922_115213_V2,ChecklistStrategy,TATACONSUM,2024-12-12,2024-12-13,LONG,937.0,919.25,79,1,-1402.25,-1.89,SIGNAL
RUN_20260922_115213_V2,ChecklistStrategy,TATACONSUM,2024-12-19,2024-12-20,LONG,908.0,907.0,80,1,-80.0,-0.11,SIGNAL
RUN_20260922_115213_V2,ChecklistStrategy,TATACONSUM,2024-12-24,2024-12-31,LONG,904.95,899.0,80,7,-476.0,-0.66,SIGNAL
RUN_20260922_115213_V2,ChecklistStrategy,TATACONSUM,2025-01-20,2025-01-27,LONG,960.0,989.05,76,7,2207.8,3.03,SIGNAL
RUN_20260922_115213_V2,ChecklistStrategy,TATACONSUM,2025-01-30,2025-02-03,LONG,965.95,1067.35,77,4,6236.5,10.5,SIGNAL
RUN_20260922_115213_V2,ChecklistStrategy,TATACONSUM,2025-02-07,2025-02-21,LONG,1031.9,1008.0,77,14,-1840.3,-2.32,STOP_LOSS
RUN_20260922_115213_V2,ChecklistStrategy,TATACONSUM,2025-03-28,2025-04-04,LONG,975.5,1065.45,79,7,6499.6,9.22,SIGNAL
RUN_20260922_115213_V2,ChecklistStrategy,TATACONSUM,2025-05-15,2025-05-20,LONG,1120.4,1149.0,73,5,2771.8,2.55,SIGNAL
RUN_20260922_115213_V2,ChecklistStrategy,TATACONSUM,2025-05-22,2025-05-23,LONG,1138.8,1126.5,74,1,-910.2,-1.08,SIGNAL
RUN_20260922_115213_V2,ChecklistStrategy,TATACONSUM,2025-05-26,2025-05-30,LONG,1137.0,1109.8,73,4,-1985.6,-2.39,STOP_LOSS
RUN_20260922_115213_V2,ChecklistStrategy,TATACONSUM,2025-06-03,2025-06-04,LONG,1116.1,1110.0,73,1,-445.3,-0.55,SIGNAL
RUN_20260922_115213_V2,ChecklistStrategy,TATACONSUM,2025-06-20,2025-06-30,LONG,1088.3,1124.0,75,10,3417.5,3.28,SIGNAL
RUN_20260922_115213_V2,ChecklistStrategy,TATACONSUM,2025-07-02,2025-07-04,LONG,1094.0,1091.0,76,2,-228.0,-0.27,SIGNAL
RUN_20260922_115213_V2,ChecklistStrategy,TATACONSUM,2025-07-08,2025-07-14,LONG,1108.0,1076.8,76,6,-2371.2,-2.82,STOP_LOSS
RUN_20260922_115213_V2,ChecklistStrategy,TATACONSUM,2025-07-18,2025-07-22,LONG,1106.0,1089.9,74,4,-1191.4,-1.46,SIGNAL
RUN_20260922_115213_V2,ChecklistStrategy,TATACONSUM,2025-08-12,2025-08-22,LONG,1055.8,1087.2,76,10,3024.79,2.97,SIGNAL
RUN_20260922_115213_V2,ChecklistStrategy,TATACONSUM,2025-09-01,2025-09-05,LONG,1059.1,1074.0,78,4,3190.2,1.41,SIGNAL
RUN_20260922_115213_V2,ChecklistStrategy,TATACONSUM,2025-09-30,2025-10-14,LONG,1123.0,1115.0,76,14,-608.0,-0.71,SIGNAL
RUN_20260922_115213_V2,ChecklistStrategy,TATACONSUM,2025-10-17,2025-10-23,LONG,1152.2,1174.6,74,6,1657.6,1.94,SIGNAL
RUN_20260922_115213_V2,ChecklistStrategy,TATACONSUM,2025-11-04,2025-11-06,LONG,1199.8,1172.1,72,2,-1994.41,-2.31,STOP_LOSS
RUN_20260922_115213_V2,ChecklistStrategy,TATACONSUM,2025-11-12,2025-11-14,LONG,1156.3,1149.0,73,2,-532.9,-0.63,SIGNAL
RUN_20260922_115213_V2,ChecklistStrategy,TATACONSUM,2025-11-20,2025-12-04,LONG,1164.9,1153.0,72,14,-856.8,-1.02,SIGNAL
RUN_20260922_115213_V2,ChecklistStrategy,TATACONSUM,2025-12-05,2025-12-09,LONG,1148.4,1140.6,73,4,-569.4,-0.68,SIGNAL
RUN_20260922_115213_V2,ChecklistStrategy,TATACONSUM,2025-12-22,2025-12-23,LONG,1184.0,1178.8,70,1,-364.0,-0.44,SIGNAL
RUN_20260922_115213_V2,ChecklistStrategy,TATACONSUM,2025-12-24,2026-01-02,LONG,1187.3,1176.9,70,9,-728.0,-0.88,SIGNAL
RUN_20260922_115213_V2,ChecklistStrategy,TATACONSUM,2026-01-06,2026-01-21,LONG,1182.1,1180.5,69,15,-110.4,-0.14,SIGNAL
RUN_20260922_115213_V2,ChecklistStrategy,TATACONSUM,2026-01-23,2026-01-27,LONG,1178.5,1158.6,70,4,-1393.0,-1.69,SIGNAL
RUN_20260922_115213_V2,ChecklistStrategy,TATACONSUM,2026-02-02,2026-02-05,LONG,1092.9,1149.5,71,3,4176.1,5.18,SIGNAL
RUN_20260922_115213_V2,ChecklistStrategy,TATACONSUM,2026-02-24,2026-03-04,LONG,1161.0,1114.5,72,8,-3348.0,-4.01,STOP_LOSS
RUN_20260922_115213_V2,ChecklistStrategy,TATACONSUM,2026-03-06,2026-03-09,LONG,1119.1,1086.7,73,3,-2365.2,-2.9,STOP_LOSS
RUN_20260922_115213_V2,ChecklistStrategy,TATACONSUM,2026-03-16,2026-03-18,LONG,1083.6,1075.6,74,2,-592.0,-0.74,SIGNAL
RUN_20260922_115213_V2,ChecklistStrategy,TATACONSUM,2026-04-06,2026-04-09,LONG,1043.0,1062.5,76,3,1482.0,1.87,SIGNAL
RUN_20260922_115213_V2,ChecklistStrategy,TATACONSUM,2026-04-10,2026-04-16,LONG,1086.1,1098.0,74,6,880.6,1.1,SIGNAL
RUN_20260922_115213_V2,ChecklistStrategy,TATACONSUM,2026-04-30,2026-05-01,LONG,1170.0,1144.6,69,1,-1752.6,-2.17,STOP_LOSS
RUN_20260922_115213_V2,ChecklistStrategy,TATACONSUM,2026-07-10,2026-07-22,LONG,1105.0,1074.2,72,12,-2217.6,-2.79,STOP_LOSS
RUN_20260922_115213_V2,ChecklistStrategy,TATACONSUM,2026-08-14,2026-08-17,LONG,1090.5,1083.8,71,3,-475.7,-0.61,SIGNAL
RUN_20260922_115213_V2,ChecklistStrategy,TATACONSUM,2026-08-25,2026-08-26,LONG,1061.7,1063.5,73,1,131.4,0.17,SIGNAL
RUN_20260922_115213_V2,ChecklistStrategy,TATACONSUM,2026-09-04,2026-09-11,LONG,1020.0,993.0,76,7,-2052.0,-2.65,STOP_LOSS
RUN_20260922_115213_V2,ChecklistStrategy,TATASTEEL,2024-01-30,2024-01-31,LONG,135.6,135.0,555,1,-333.0,-0.44,SIGNAL
RUN_20260922_115213_V2,ChecklistStrategy,TATASTEEL,2024-02-14,2024-02-20,LONG,137.0,141.95,542,6,2682.9,3.61,SIGNAL
RUN_20260922_115213_V2,ChecklistStrategy,TATASTEEL,2024-02-28,2024-02-29,LONG,144.05,140.8,531,1,-1725.75,-2.26,STOP_LOSS
RUN_20260922_115213_V2,ChecklistStrategy,TATASTEEL,2024-03-01,2024-03-05,LONG,143.0,153.2,535,4,5910.9,7.13,SIGNAL
RUN_20260922_115213_V2,ChecklistStrategy,TATASTEEL,2024-03-15,2024-03-20,LONG,142.9,149.6,559,5,3577.91,4.69,SIGNAL
RUN_20260922_115213_V2,ChecklistStrategy,TATASTEEL,2024-04-22,2024-05-24,LONG,163.8,174.95,508,32,5791.2,6.81,SIGNAL
RUN_20260922_115213_V2,ChecklistStrategy,TATASTEEL,2024-06-03,2024-06-05,LONG,173.25,162.15,518,2,-5749.8,-6.41,STOP_LOSS
RUN_20260922_115213_V2,ChecklistStrategy,TATASTEEL,2024-06-06,2024-06-11,LONG,170.0,180.5,486,5,5032.53,6.18,SIGNAL
RUN_20260922_115213_V2,ChecklistStrategy,TATASTEEL,2024-06-28,2024-07-01,LONG,174.17,174.5,494,3,163.02,0.19,SIGNAL
RUN_20260922_115213_V2,ChecklistStrategy,TATASTEEL,2024-07-23,2024-07-26,LONG,161.6,158.75,537,3,-1530.45,-1.76,SIGNAL
RUN_20260922_115213_V2,ChecklistStrategy,TATASTEEL,2024-07-31,2024-08-05,LONG,166.29,153.66,518,5,-6542.33,-7.6,STOP_LOSS
RUN_20260922_115213_V2,ChecklistStrategy,TATASTEEL,2024-08-08,2024-08-09,LONG,153.4,153.0,520,1,-208.0,-0.26,SIGNAL
RUN_20260922_115213_V2,ChecklistStrategy,TATASTEEL,2024-08-19,2024-08-26,LONG,150.85,154.61,534,7,2007.84,2.49,SIGNAL
RUN_20260922_115213_V2,ChecklistStrategy,TATASTEEL,2024-09-24,2024-09-27,LONG,155.15,167.0,528,3,4936.8,7.64,SIGNAL
RUN_20260922_115213_V2,ChecklistStrategy,TATASTEEL,2024-10-11,2024-10-15,LONG,159.3,159.5,532,4,106.4,0.13,SIGNAL
RUN_20260922_115213_V2,ChecklistStrategy,TATASTEEL,2024-10-21,2024-10-23,LONG,156.1,150.3,547,2,-3172.6,-3.72,STOP_LOSS
RUN_20260922_115213_V2,ChecklistStrategy,TATASTEEL,2024-11-06,2024-11-07,LONG,154.0,156.11,542,1,1143.62,1.37,SIGNAL
RUN_20260922_115213_V2,ChecklistStrategy,TATASTEEL,2024-11-22,2024-11-28,LONG,140.15,144.0,595,6,2290.75,2.75,SIGNAL
RUN_20260922_115213_V2,ChecklistStrategy,TATASTEEL,2024-12-16,2024-12-18,LONG,148.94,146.0,571,2,-1678.74,-1.97,SIGNAL
RUN_20260922_115213_V2,ChecklistStrategy,TATASTEEL,2025-01-08,2025-01-09,LONG,133.93,132.0,628,1,-1212.04,-1.44,SIGNAL
RUN_20260922_115213_V2,ChecklistStrategy,TATASTEEL,2025-01-29,2025-02-04,LONG,129.0,132.8,644,6,3155.6,2.95,SIGNAL
RUN_20260922_115213_V2,ChecklistStrategy,TATASTEEL,2025-02-19,2025-03-06,LONG,134.5,146.79,633,15,5257.89,9.14,SIGNAL
RUN_20260922_115213_V2,ChecklistStrategy,TATASTEEL,2025-04-29,2025-05-09,LONG,142.07,140.99,627,10,-677.16,-0.76,SIGNAL
RUN_20260922_115213_V2,ChecklistStrategy,TATASTEEL,2025-06-05,2025-06-11,LONG,158.86,156.45,559,6,-1347.19,-1.52,SIGNAL
RUN_20260922_115213_V2,ChecklistStrategy,TATASTEEL,2025-07-03,2025-07-04,LONG,166.0,165.91,527,1,-47.43,-0.05,SIGNAL
RUN_20260922_115213_V2,ChecklistStrategy,TATASTEEL,2025-07-11,2025-07-17,LONG,160.64,157.5,544,6,-1708.16,-1.95,SIGNAL
RUN_20260922_115213_V2,ChecklistStrategy,TATASTEEL,2025-07-30,2025-08-01,LONG,161.69,157.93,532,2,-2000.33,-2.33,STOP_LOSS
RUN_20260922_115213_V2,ChecklistStrategy,TATASTEEL,2025-08-08,2025-08-11,LONG,159.5,157.95,529,3,-819.95,-0.97,SIGNAL
RUN_20260922_115213_V2,ChecklistStrategy,TATASTEEL,2025-08-20,2025-08-22,LONG,158.2,161.25,527,2,1607.35,1.93,SIGNAL
RUN_20260922_115213_V2,ChecklistStrategy,TATASTEEL,2025-08-26,2025-08-28,LONG,159.16,155.78,533,2,-1801.54,-2.12,STOP_LOSS
RUN_20260922_115213_V2,ChecklistStrategy,TATASTEEL,2025-09-02,2025-09-05,LONG,156.17,167.0,535,3,6328.05,6.93,SIGNAL
RUN_20260922_115213_V2,ChecklistStrategy,TATASTEEL,2025-09-30,2025-10-13,LONG,169.5,173.0,523,13,2613.5,2.06,SIGNAL
RUN_20260922_115213_V2,ChecklistStrategy,TATASTEEL,2025-10-16,2025-10-24,LONG,173.0,174.6,521,8,833.6,0.92,SIGNAL
RUN_20260922_115213_V2,ChecklistStrategy,TATASTEEL,2025-11-10,2025-11-14,LONG,182.03,177.52,501,4,-2259.51,-2.48,STOP_LOSS
RUN_20260922_115213_V2,ChecklistStrategy,TATASTEEL,2025-11-26,2025-12-09,LONG,167.0,163.39,536,13,-1934.96,-2.16,STOP_LOSS
RUN_20260922_115213_V2,ChecklistStrategy,TATASTEEL,2025-12-11,2025-12-23,LONG,163.5,169.35,540,12,3591.0,3.58,SIGNAL
RUN_20260922_115213_V2,ChecklistStrategy,TATASTEEL,2026-01-13,2026-01-21,LONG,183.5,183.56,493,8,29.58,0.03,SIGNAL
RUN_20260922_115213_V2,ChecklistStrategy,TATASTEEL,2026-01-22,2026-01-30,LONG,185.89,198.55,489,8,5190.34,6.81,SIGNAL
RUN_20260922_115213_V2,ChecklistStrategy,TATASTEEL,2026-03-06,2026-03-10,LONG,199.5,194.01,469,4,-2574.81,-2.75,STOP_LOSS
RUN_20260922_115213_V2,ChecklistStrategy,TATASTEEL,2026-05-06,2026-05-13,LONG,214.0,213.24,436,7,-331.36,-0.36,SIGNAL
RUN_20260922_115213_V2,ChecklistStrategy,TATASTEEL,2026-05-19,2026-06-09,LONG,210.59,203.0,438,21,-3324.42,-3.6,STOP_LOSS
RUN_20260922_115213_V2,ChecklistStrategy,TATASTEEL,2026-06-10,2026-06-12,LONG,203.0,200.0,439,2,-1317.0,-1.48,SIGNAL
RUN_20260922_115213_V2,ChecklistStrategy,TATASTEEL,2026-08-18,2026-08-26,LONG,186.34,186.49,474,8,71.1,0.08,SIGNAL
RUN_20260922_115213_V2,ChecklistStrategy,TATASTEEL,2026-09-01,2026-09-22,LONG,183.7,183.6,479,21,-47.9,-0.05,SIGNAL
RUN_20260922_115213_V2,ChecklistStrategy,TCS,2024-02-23,2024-02-27,LONG,4130.0,3999.0,18,4,-2358.0,-3.17,STOP_LOSS
RUN_20260922_115213_V2,ChecklistStrategy,TCS,2024-02-28,2024-03-04,LONG,4095.6,4105.0,17,5,159.8,0.23,SIGNAL
RUN_20260922_115213_V2,ChecklistStrategy,TCS,2024-03-07,2024-03-20,LONG,4065.0,3986.0,18,13,-1422.0,-1.94,SIGNAL
RUN_20260922_115213_V2,ChecklistStrategy,TCS,2024-04-01,2024-04-09,LONG,3897.7,3984.0,18,8,1553.4,2.21,SIGNAL
RUN_20260922_115213_V2,ChecklistStrategy,TCS,2024-05-17,2024-05-21,LONG,3919.0,3830.6,18,4,-1591.2,-2.26,STOP_LOSS
RUN_20260922_115213_V2,ChecklistStrategy,TCS,2024-06-05,2024-06-12,LONG,3716.0,3874.4,19,7,3195.0,4.26,SIGNAL
RUN_20260922_115213_V2,ChecklistStrategy,TCS,2024-07-02,2024-07-04,LONG,3993.6,3999.85,18,2,112.5,0.16,SIGNAL
RUN_20260922_115213_V2,ChecklistStrategy,TCS,2024-09-05,2024-09-06,LONG,4481.0,4473.95,16,1,-112.8,-0.16,SIGNAL
RUN_20260922_115213_V2,ChecklistStrategy,TCS,2024-10-09,2024-10-14,LONG,4260.0,4140.0,17,5,-2040.0,-2.82,STOP_LOSS
RUN_20260922_115213_V2,ChecklistStrategy,TCS,2024-10-24,2024-11-19,LONG,4004.0,4019.9,17,26,1839.1,0.4,SIGNAL
RUN_20260922_115213_V2,ChecklistStrategy,TCS,2024-12-03,2024-12-04,LONG,4314.35,4313.55,17,1,-13.6,-0.02,SIGNAL
RUN_20260922_115213_V2,ChecklistStrategy,TCS,2024-12-26,2025-01-01,LONG,4179.5,4094.4,17,6,-1446.7,-2.04,STOP_LOSS
RUN_20260922_115213_V2,ChecklistStrategy,TCS,2025-01-09,2025-01-10,LONG,4101.0,4200.0,17,1,1683.0,2.41,SIGNAL
RUN_20260922_115213_V2,ChecklistStrategy,TCS,2025-02-17,2025-02-19,LONG,3856.5,3872.2,18,2,282.6,0.41,SIGNAL
RUN_20260922_115213_V2,ChecklistStrategy,TCS,2025-03-28,2025-04-02,LONG,3651.0,3544.0,20,5,-2140.0,-2.93,STOP_LOSS
RUN_20260922_115213_V2,ChecklistStrategy,TCS,2025-04-11,2025-05-13,LONG,3289.55,3620.4,22,32,5239.3,10.06,SIGNAL
RUN_20260922_115213_V2,ChecklistStrategy,TCS,2025-05-15,2025-05-19,LONG,3564.0,3550.0,21,4,-294.0,-0.39,SIGNAL
RUN_20260922_115213_V2,ChecklistStrategy,TCS,2025-05-22,2025-06-04,LONG,3495.0,3389.0,21,13,-2226.0,-3.03,STOP_LOSS
RUN_20260922_115213_V2,ChecklistStrategy,TCS,2025-06-09,2025-06-13,LONG,3400.0,3393.2,22,4,-149.6,-0.2,SIGNAL
RUN_20260922_115213_V2,ChecklistStrategy,TCS,2025-06-18,2025-06-19,LONG,3519.1,3450.0,21,1,-1451.1,-1.96,SIGNAL
RUN_20260922_115213_V2,ChecklistStrategy,TCS,2025-07-01,2025-07-03,LONG,3455.0,3430.0,21,2,-525.0,-0.72,SIGNAL
RUN_20260922_115213_V2,ChecklistStrategy,TCS,2025-09-10,2025-09-26,LONG,3056.4,2941.0,23,16,-2654.2,-3.78,STOP_LOSS
RUN_20260922_115213_V2,ChecklistStrategy,TCS,2025-10-17,2025-11-10,LONG,2970.0,2993.0,23,24,529.0,0.77,SIGNAL
RUN_20260922_115213_V2,ChecklistStrategy,TCS,2025-11-24,2025-11-25,LONG,3158.0,3145.3,22,1,-279.4,-0.4,SIGNAL
RUN_20260922_115213_V2,ChecklistStrategy,TCS,2025-12-12,2025-12-24,LONG,3197.7,3304.1,22,12,2340.8,3.33,SIGNAL
RUN_20260922_115213_V2,ChecklistStrategy,TCS,2026-01-02,2026-01-20,LONG,3234.0,3151.6,22,18,-1812.8,-2.55,STOP_LOSS
RUN_20260922_115213_V2,ChecklistStrategy,TCS,2026-02-26,2026-03-05,LONG,2650.0,2600.0,27,7,-1350.0,-1.89,SIGNAL
RUN_20260922_115213_V2,ChecklistStrategy,TCS,2026-03-23,2026-04-02,LONG,2365.0,2386.0,29,10,609.0,0.89,SIGNAL
RUN_20260922_115213_V2,ChecklistStrategy,TCS,2026-04-06,2026-04-15,LONG,2474.0,2501.9,28,9,1675.8,1.13,SIGNAL
RUN_20260922_115213_V2,ChecklistStrategy,TCS,2026-04-22,2026-04-24,LONG,2580.0,2488.0,27,2,-2484.0,-3.57,STOP_LOSS
RUN_20260922_115213_V2,ChecklistStrategy,TCS,2026-04-28,2026-05-11,LONG,2444.0,2371.0,28,13,-2044.0,-2.99,STOP_LOSS
RUN_20260922_115213_V2,ChecklistStrategy,TCS,2026-05-15,2026-06-02,LONG,2252.0,2320.0,30,18,2040.0,3.02,SIGNAL
RUN_20260922_115213_V2,ChecklistStrategy,TCS,2026-06-11,2026-06-19,LONG,2127.0,2105.0,32,8,960.0,-1.03,SIGNAL
RUN_20260922_115213_V2,ChecklistStrategy,TCS,2026-06-22,2026-06-24,LONG,2132.2,2061.0,33,2,-2349.6,-3.34,STOP_LOSS
RUN_20260922_115213_V2,ChecklistStrategy,TCS,2026-06-25,2026-07-01,LONG,2133.6,2039.9,32,6,-2998.4,-4.39,STOP_LOSS
RUN_20260922_115213_V2,ChecklistStrategy,TCS,2026-07-08,2026-07-09,LONG,2094.0,2057.5,31,1,-1131.5,-1.74,SIGNAL
RUN_20260922_115213_V2,ChecklistStrategy,TCS,2026-07-24,2026-07-29,LONG,2205.1,2440.0,29,5,5202.1,10.65,SIGNAL
RUN_20260922_115213_V2,ChecklistStrategy,TCS,2026-08-04,2026-08-05,LONG,2463.1,2460.0,28,1,-86.8,-0.13,SIGNAL
RUN_20260922_115213_V2,ChecklistStrategy,TCS,2026-08-14,2026-08-18,LONG,2375.1,2300.0,29,4,-2177.9,-3.16,STOP_LOSS
RUN_20260922_115213_V2,ChecklistStrategy,TECHM,2024-02-07,2024-02-08,LONG,1351.5,1326.0,55,1,-1402.5,-1.89,SIGNAL
RUN_20260922_115213_V2,ChecklistStrategy,TECHM,2024-02-14,2024-02-29,LONG,1310.0,1280.0,55,15,-1650.0,-2.29,STOP_LOSS
RUN_20260922_115213_V2,ChecklistStrategy,TECHM,2024-03-05,2024-03-18,LONG,1274.9,1282.0,56,13,397.6,0.56,SIGNAL
RUN_20260922_115213_V2,ChecklistStrategy,TECHM,2024-04-26,2024-04-29,LONG,1250.0,1290.0,61,3,2440.0,3.2,SIGNAL
RUN_20260922_115213_V2,ChecklistStrategy,TECHM,2024-05-07,2024-05-27,LONG,1268.0,1323.0,59,20,3448.0,4.34,SIGNAL
RUN_20260922_115213_V2,ChecklistStrategy,TECHM,2024-06-05,2024-06-10,LONG,1260.0,1377.6,62,5,5815.6,9.33,SIGNAL
RUN_20260922_115213_V2,ChecklistStrategy,TECHM,2024-06-12,2024-06-18,LONG,1364.8,1380.45,60,6,938.99,1.15,SIGNAL
RUN_20260922_115213_V2,ChecklistStrategy,TECHM,2024-07-02,2024-07-03,LONG,1480.0,1479.95,55,1,-2.75,-0.0,SIGNAL
RUN_20260922_115213_V2,ChecklistStrategy,TECHM,2024-09-11,2024-09-17,LONG,1612.0,1649.0,51,6,1887.0,2.3,SIGNAL
RUN_20260922_115213_V2,ChecklistStrategy,TECHM,2024-09-25,2024-09-26,LONG,1637.1,1610.0,51,1,-1382.1,-1.66,SIGNAL
RUN_20260922_115213_V2,ChecklistStrategy,TECHM,2024-10-07,2024-10-11,LONG,1624.95,1603.0,51,4,-1119.45,-1.35,SIGNAL
RUN_20260922_115213_V2,ChecklistStrategy,TECHM,2024-10-24,2024-10-30,LONG,1735.05,1704.1,47,6,-1454.65,-1.78,SIGNAL
RUN_20260922_115213_V2,ChecklistStrategy,TECHM,2024-11-11,2024-11-29,LONG,1672.8,1708.0,47,18,2850.4,2.1,SIGNAL
RUN_20260922_115213_V2,ChecklistStrategy,TECHM,2024-12-19,2024-12-23,LONG,1739.95,1690.9,46,4,-2256.3,-2.82,STOP_LOSS
RUN_20260922_115213_V2,ChecklistStrategy,TECHM,2024-12-24,2025-01-08,LONG,1717.6,1667.95,47,15,-2333.55,-2.89,STOP_LOSS
RUN_20260922_115213_V2,ChecklistStrategy,TECHM,2025-01-09,2025-01-14,LONG,1663.7,1669.9,47,5,291.4,0.37,SIGNAL
RUN_20260922_115213_V2,ChecklistStrategy,TECHM,2025-01-21,2025-01-22,LONG,1674.6,1642.7,47,1,-1499.3,-1.9,SIGNAL
RUN_20260922_115213_V2,ChecklistStrategy,TECHM,2025-02-13,2025-02-17,LONG,1675.0,1655.9,46,4,-878.6,-1.14,SIGNAL
RUN_20260922_115213_V2,ChecklistStrategy,TECHM,2025-03-05,2025-03-13,LONG,1488.25,1442.0,52,8,-2405.0,-3.11,STOP_LOSS
RUN_20260922_115213_V2,ChecklistStrategy,TECHM,2025-03-21,2025-04-04,LONG,1390.05,1350.0,53,14,1101.35,-2.88,STOP_LOSS
RUN_20260922_115213_V2,ChecklistStrategy,TECHM,2025-04-15,2025-04-24,LONG,1314.2,1445.0,59,9,5658.2,9.95,SIGNAL
RUN_20260922_115213_V2,ChecklistStrategy,TECHM,2025-05-22,2025-06-03,LONG,1589.7,1555.9,50,12,-1690.0,-2.13,STOP_LOSS
RUN_20260922_115213_V2,ChecklistStrategy,TECHM,2025-07-03,2025-07-08,LONG,1684.9,1623.0,47,5,-2909.3,-3.67,STOP_LOSS
RUN_20260922_115213_V2,ChecklistStrategy,TECHM,2025-07-24,2025-07-25,LONG,1554.0,1490.1,49,1,-3131.1,-4.11,STOP_LOSS
RUN_20260922_115213_V2,ChecklistStrategy,TECHM,2025-07-30,2025-08-11,LONG,1451.3,1480.4,51,12,1484.1,2.01,SIGNAL
RUN_20260922_115213_V2,ChecklistStrategy,TECHM,2025-08-20,2025-09-12,LONG,1488.0,1529.0,50,23,2050.0,2.76,SIGNAL
RUN_20260922_115213_V2,ChecklistStrategy,TECHM,2025-09-22,2025-09-24,LONG,1499.0,1470.0,49,2,-1421.0,-1.93,SIGNAL
RUN_20260922_115213_V2,ChecklistStrategy,TECHM,2025-10-17,2025-10-21,LONG,1465.0,1450.0,52,4,-780.0,-1.02,SIGNAL
RUN_20260922_115213_V2,ChecklistStrategy,TECHM,2025-10-28,2025-10-29,LONG,1469.0,1453.0,51,1,-816.0,-1.09,SIGNAL
RUN_20260922_115213_V2,ChecklistStrategy,TECHM,2025-11-11,2025-11-17,LONG,1405.0,1440.0,53,6,1855.0,2.49,SIGNAL
RUN_20260922_115213_V2,ChecklistStrategy,TECHM,2025-11-20,2025-12-03,LONG,1445.3,1537.9,53,13,4520.4,6.41,SIGNAL
RUN_20260922_115213_V2,ChecklistStrategy,TECHM,2026-01-08,2026-01-09,LONG,1625.0,1583.0,48,1,-2016.0,-2.58,STOP_LOSS
RUN_20260922_115213_V2,ChecklistStrategy,TECHM,2026-01-13,2026-01-15,LONG,1582.0,1588.5,49,2,318.5,0.41,SIGNAL
RUN_20260922_115213_V2,ChecklistStrategy,TECHM,2026-01-22,2026-01-23,LONG,1695.0,1699.0,46,1,184.0,0.24,SIGNAL
RUN_20260922_115213_V2,ChecklistStrategy,TECHM,2026-02-05,2026-02-13,LONG,1630.1,1482.6,47,8,-6932.5,-9.05,STOP_LOSS
RUN_20260922_115213_V2,ChecklistStrategy,TECHM,2026-02-18,2026-02-20,LONG,1524.6,1465.0,48,2,-2860.8,-3.91,STOP_LOSS
RUN_20260922_115213_V2,ChecklistStrategy,TECHM,2026-03-13,2026-03-30,LONG,1342.5,1380.0,52,17,3052.4,2.79,SIGNAL
RUN_20260922_115213_V2,ChecklistStrategy,TECHM,2026-04-06,2026-04-21,LONG,1435.0,1501.0,50,15,3547.5,4.6,SIGNAL
RUN_20260922_115213_V2,ChecklistStrategy,TECHM,2026-04-28,2026-05-13,LONG,1392.5,1392.9,54,15,1825.2,0.03,SIGNAL
RUN_20260922_115213_V2,ChecklistStrategy,TECHM,2026-05-25,2026-06-03,LONG,1429.4,1549.1,54,9,6836.4,8.37,SIGNAL
RUN_20260922_115213_V2,ChecklistStrategy,TECHM,2026-07-08,2026-07-09,LONG,1441.0,1426.0,56,1,-840.0,-1.04,SIGNAL
RUN_20260922_115213_V2,ChecklistStrategy,TECHM,2026-08-14,2026-08-19,LONG,1635.0,1601.5,49,5,-1641.5,-2.05,STOP_LOSS
RUN_20260922_115213_V2,ChecklistStrategy,TECHM,2026-08-28,2026-09-01,LONG,1600.0,1630.0,50,4,1500.0,1.88,SIGNAL
RUN_20260922_115213_V2,ChecklistStrategy,TECHM,2026-09-02,2026-09-07,LONG,1630.0,1575.1,49,5,-2690.1,-3.37,STOP_LOSS
RUN_20260922_115213_V2,ChecklistStrategy,TECHM,2026-09-11,2026-09-16,LONG,1519.3,1578.2,52,5,3062.79,3.88,SIGNAL
RUN_20260922_115213_V2,ChecklistStrategy,TITAN,2024-01-25,2024-01-31,LONG,3770.4,3749.0,19,6,-406.6,-0.57,SIGNAL
RUN_20260922_115213_V2,ChecklistStrategy,TITAN,2024-02-28,2024-02-29,LONG,3655.0,3595.2,20,1,-1196.0,-1.64,SIGNAL
RUN_20260922_115213_V2,ChecklistStrategy,TITAN,2024-03-01,2024-03-05,LONG,3630.0,3748.0,20,4,2360.0,3.25,SIGNAL
RUN_20260922_115213_V2,ChecklistStrategy,TITAN,2024-03-13,2024-03-14,LONG,3759.0,3629.95,20,1,-2581.0,-3.43,STOP_LOSS
RUN_20260922_115213_V2,ChecklistStrategy,TITAN,2024-03-15,2024-03-18,LONG,3634.7,3619.0,20,3,-314.0,-0.43,SIGNAL
RUN_20260922_115213_V2,ChecklistStrategy,TITAN,2024-03-21,2024-04-02,LONG,3606.95,3754.0,20,12,3001.0,4.08,SIGNAL
RUN_20260922_115213_V2,ChecklistStrategy,TITAN,2024-04-03,2024-04-15,LONG,3745.1,3607.0,20,12,-2762.0,-3.69,STOP_LOSS
RUN_20260922_115213_V2,ChecklistStrategy,TITAN,2024-04-18,2024-04-19,LONG,3645.9,3525.1,20,1,-2416.0,-3.31,STOP_LOSS
RUN_20260922_115213_V2,ChecklistStrategy,TITAN,2024-04-22,2024-04-25,LONG,3567.0,3595.0,20,3,560.0,0.78,SIGNAL
RUN_20260922_115213_V2,ChecklistStrategy,TITAN,2024-05-24,2024-05-30,LONG,3452.1,3365.0,20,6,-1742.0,-2.52,STOP_LOSS
RUN_20260922_115213_V2,ChecklistStrategy,TITAN,2024-06-05,2024-06-11,LONG,3266.0,3418.2,21,6,3444.2,4.66,SIGNAL
RUN_20260922_115213_V2,ChecklistStrategy,TITAN,2024-07-31,2024-08-06,LONG,3479.05,3380.95,21,6,-2060.1,-2.82,STOP_LOSS
RUN_20260922_115213_V2,ChecklistStrategy,TITAN,2024-08-12,2024-08-22,LONG,3331.65,3574.95,21,10,4108.8,7.3,SIGNAL
RUN_20260922_115213_V2,ChecklistStrategy,TITAN,2024-09-27,2024-10-03,LONG,3774.0,3689.1,19,6,-1613.1,-2.25,STOP_LOSS
RUN_20260922_115213_V2,ChecklistStrategy,TITAN,2024-10-14,2024-10-18,LONG,3474.4,3395.0,21,4,-1667.4,-2.29,STOP_LOSS
RUN_20260922_115213_V2,ChecklistStrategy,TITAN,2024-10-29,2024-11-01,LONG,3285.8,3304.0,21,3,382.2,0.55,SIGNAL
RUN_20260922_115213_V2,ChecklistStrategy,TITAN,2024-11-25,2024-11-28,LONG,3360.0,3292.0,21,3,-1428.0,-2.02,STOP_LOSS
RUN_20260922_115213_V2,ChecklistStrategy,TITAN,2024-12-02,2024-12-09,LONG,3249.0,3467.5,21,7,4453.0,6.73,SIGNAL
RUN_20260922_115213_V2,ChecklistStrategy,TITAN,2024-12-24,2024-12-30,LONG,3385.35,3309.95,21,6,-1583.4,-2.23,STOP_LOSS
RUN_20260922_115213_V2,ChecklistStrategy,TITAN,2025-02-10,2025-02-11,LONG,3415.0,3334.7,21,1,-1686.3,-2.35,STOP_LOSS
RUN_20260922_115213_V2,ChecklistStrategy,TITAN,2025-03-06,2025-03-10,LONG,3091.2,3080.0,23,4,-257.6,-0.36,SIGNAL
RUN_20260922_115213_V2,ChecklistStrategy,TITAN,2025-03-28,2025-04-02,LONG,3094.0,3011.0,23,5,-1909.0,-2.68,STOP_LOSS
RUN_20260922_115213_V2,ChecklistStrategy,TITAN,2025-05-07,2025-05-13,LONG,3280.0,3562.9,21,6,5683.9,8.63,SIGNAL
RUN_20260922_115213_V2,ChecklistStrategy,TITAN,2025-06-12,2025-06-13,LONG,3548.0,3409.7,21,1,-2904.3,-3.9,STOP_LOSS
RUN_20260922_115213_V2,ChecklistStrategy,TITAN,2025-07-15,2025-07-24,LONG,3418.0,3467.4,21,9,1037.4,1.45,SIGNAL
RUN_20260922_115213_V2,ChecklistStrategy,TITAN,2025-07-25,2025-07-29,LONG,3476.4,3390.0,20,4,-1728.0,-2.49,STOP_LOSS
RUN_20260922_115213_V2,ChecklistStrategy,TITAN,2025-08-05,2025-08-12,LONG,3356.3,3467.9,21,7,2343.6,3.33,SIGNAL
RUN_20260922_115213_V2,ChecklistStrategy,TITAN,2025-09-17,2025-09-18,LONG,3561.9,3530.0,20,1,-638.0,-0.9,SIGNAL
RUN_20260922_115213_V2,ChecklistStrategy,TITAN,2025-09-30,2025-10-01,LONG,3452.0,3370.0,21,1,-1722.0,-2.38,STOP_LOSS
RUN_20260922_115213_V2,ChecklistStrategy,TITAN,2025-11-06,2025-11-07,LONG,3780.0,3766.0,18,1,-252.0,-0.37,SIGNAL
RUN_20260922_115213_V2,ChecklistStrategy,TITAN,2025-12-08,2025-12-22,LONG,3796.3,3940.0,18,14,2586.6,3.79,SIGNAL
RUN_20260922_115213_V2,ChecklistStrategy,TITAN,2025-12-29,2026-01-05,LONG,4010.0,4051.7,18,7,750.6,1.04,SIGNAL
RUN_20260922_115213_V2,ChecklistStrategy,TITAN,2026-01-22,2026-01-23,LONG,4099.0,4025.1,18,1,-1330.2,-1.8,SIGNAL
RUN_20260922_115213_V2,ChecklistStrategy,TITAN,2026-01-30,2026-02-10,LONG,3945.0,4300.0,18,11,5060.7,9.0,SIGNAL
RUN_20260922_115213_V2,ChecklistStrategy,TITAN,2026-04-13,2026-04-17,LONG,4391.1,4461.4,17,4,1195.1,1.6,SIGNAL
RUN_20260922_115213_V2,ChecklistStrategy,TITAN,2026-04-28,2026-05-08,LONG,4412.3,4314.0,17,10,-1671.1,-2.23,STOP_LOSS
RUN_20260922_115213_V2,ChecklistStrategy,TITAN,2026-05-15,2026-06-02,LONG,4155.0,4017.4,18,18,-2476.8,-3.31,STOP_LOSS
RUN_20260922_115213_V2,ChecklistStrategy,TITAN,2026-08-11,2026-08-13,LONG,5090.0,5069.5,14,2,-287.0,-0.4,SIGNAL
RUN_20260922_115213_V2,ChecklistStrategy,TITAN,2026-08-28,2026-09-02,LONG,5155.0,4972.0,14,5,-2562.0,-3.55,STOP_LOSS
RUN_20260922_115213_V2,ChecklistStrategy,TRENT,2024-02-23,2024-02-27,LONG,3950.0,3864.8,18,4,-1533.6,-2.16,STOP_LOSS
RUN_20260922_115213_V2,ChecklistStrategy,TRENT,2024-03-07,2024-03-19,LONG,3890.0,4080.0,19,12,3349.45,4.88,SIGNAL
RUN_20260922_115213_V2,ChecklistStrategy,TRENT,2024-03-22,2024-03-27,LONG,4010.0,3882.5,19,5,-2422.5,-3.18,STOP_LOSS
RUN_20260922_115213_V2,ChecklistStrategy,TRENT,2024-04-01,2024-04-02,LONG,3974.95,3900.0,18,1,-1349.1,-1.89,SIGNAL
RUN_20260922_115213_V2,ChecklistStrategy,TRENT,2024-04-04,2024-04-08,LONG,3950.0,3932.6,18,4,-313.2,-0.44,SIGNAL
RUN_20260922_115213_V2,ChecklistStrategy,TRENT,2024-05-03,2024-05-06,LONG,4680.2,4555.0,15,3,-1878.0,-2.68,STOP_LOSS
RUN_20260922_115213_V2,ChecklistStrategy,TRENT,2024-05-13,2024-05-23,LONG,4475.7,4653.0,16,10,3055.2,3.96,SIGNAL
RUN_20260922_115213_V2,ChecklistStrategy,TRENT,2024-06-05,2024-06-11,LONG,4684.0,5009.0,16,6,4408.4,6.94,SIGNAL
RUN_20260922_115213_V2,ChecklistStrategy,TRENT,2024-07-24,2024-07-25,LONG,5285.0,5274.9,14,1,-141.4,-0.19,SIGNAL
RUN_20260922_115213_V2,ChecklistStrategy,TRENT,2024-10-03,2024-10-07,LONG,7569.5,7307.2,10,4,-2623.0,-3.47,STOP_LOSS
RUN_20260922_115213_V2,ChecklistStrategy,TRENT,2024-10-08,2024-10-10,LONG,7520.0,8200.0,10,2,6245.0,9.04,SIGNAL
RUN_20260922_115213_V2,ChecklistStrategy,TRENT,2024-10-21,2024-10-22,LONG,7820.0,7634.95,10,1,-1850.5,-2.37,STOP_LOSS
RUN_20260922_115213_V2,ChecklistStrategy,TRENT,2024-10-28,2024-10-31,LONG,7362.25,7259.0,10,3,-1032.5,-1.4,SIGNAL
RUN_20260922_115213_V2,ChecklistStrategy,TRENT,2024-12-02,2024-12-03,LONG,6777.05,6805.3,11,1,310.75,0.42,SIGNAL
RUN_20260922_115213_V2,ChecklistStrategy,TRENT,2024-12-19,2024-12-23,LONG,6995.0,6870.0,10,4,-1250.0,-1.79,SIGNAL
RUN_20260922_115213_V2,ChecklistStrategy,TRENT,2024-12-24,2024-12-30,LONG,6976.0,7139.3,11,6,1796.3,2.34,SIGNAL
RUN_20260922_115213_V2,ChecklistStrategy,TRENT,2025-01-13,2025-01-14,LONG,6462.65,6237.4,11,1,-2477.75,-3.49,STOP_LOSS
RUN_20260922_115213_V2,ChecklistStrategy,TRENT,2025-02-10,2025-02-11,LONG,5460.0,5211.55,13,1,-3229.85,-4.55,STOP_LOSS
RUN_20260922_115213_V2,ChecklistStrategy,TRENT,2025-02-12,2025-02-17,LONG,5228.35,5110.0,14,5,-1656.9,-2.26,STOP_LOSS
RUN_20260922_115213_V2,ChecklistStrategy,TRENT,2025-03-12,2025-03-27,LONG,5010.6,5359.0,14,15,4093.6,6.95,SIGNAL
RUN_20260922_115213_V2,ChecklistStrategy,TRENT,2025-05-15,2025-05-23,LONG,5362.0,5405.0,14,8,1925.0,0.8,SIGNAL
RUN_20260922_115213_V2,ChecklistStrategy,TRENT,2025-07-11,2025-07-25,LONG,5419.0,5154.0,14,14,-3710.0,-4.89,STOP_LOSS
RUN_20260922_115213_V2,ChecklistStrategy,TRENT,2025-07-30,2025-08-06,LONG,5011.5,5350.0,14,7,4004.0,6.75,SIGNAL
RUN_20260922_115213_V2,ChecklistStrategy,TRENT,2025-08-14,2025-08-19,LONG,5424.0,5550.0,14,5,1764.0,2.32,SIGNAL
RUN_20260922_115213_V2,ChecklistStrategy,TRENT,2025-09-16,2025-09-18,LONG,5154.0,5215.0,15,2,915.0,1.18,SIGNAL
RUN_20260922_115213_V2,ChecklistStrategy,TRENT,2025-09-30,2025-10-07,LONG,4744.5,4695.0,16,7,-792.0,-1.04,SIGNAL
RUN_20260922_115213_V2,ChecklistStrategy,TRENT,2025-10-10,2025-10-24,LONG,4670.0,4796.0,16,14,2016.0,2.7,SIGNAL
RUN_20260922_115213_V2,ChecklistStrategy,TRENT,2025-11-12,2025-12-02,LONG,4330.0,4218.1,18,20,-2014.2,-2.58,STOP_LOSS
RUN_20260922_115213_V2,ChecklistStrategy,TRENT,2025-12-12,2026-01-02,LONG,4077.9,2866.67,19,21,-10203.43,-29.7,STOP_LOSS
RUN_20260922_115213_V2,ChecklistStrategy,TRENT,2026-01-08,2026-01-09,LONG,2719.2,2653.33,26,1,-1712.53,-2.42,STOP_LOSS
RUN_20260922_115213_V2,ChecklistStrategy,TRENT,2026-01-20,2026-01-21,LONG,2642.0,2557.33,26,1,-2201.34,-3.2,STOP_LOSS
RUN_20260922_115213_V2,ChecklistStrategy,TRENT,2026-01-23,2026-01-27,LONG,2560.0,2517.73,26,4,-1098.93,-1.65,SIGNAL
RUN_20260922_115213_V2,ChecklistStrategy,TRENT,2026-01-28,2026-02-03,LONG,2538.67,2600.0,26,6,1594.66,2.42,SIGNAL
RUN_20260922_115213_V2,ChecklistStrategy,TRENT,2026-02-19,2026-02-20,LONG,2787.33,2709.87,24,1,-1859.2,-2.78,STOP_LOSS
RUN_20260922_115213_V2,ChecklistStrategy,TRENT,2026-03-02,2026-03-12,LONG,2503.67,2402.0,25,10,-2541.67,-4.06,STOP_LOSS
RUN_20260922_115213_V2,ChecklistStrategy,TRENT,2026-03-17,2026-03-19,LONG,2395.33,2400.0,26,2,121.34,0.19,SIGNAL
RUN_20260922_115213_V2,ChecklistStrategy,TRENT,2026-03-23,2026-03-24,LONG,2334.8,2300.07,27,1,-937.8,-1.49,SIGNAL
RUN_20260922_115213_V2,ChecklistStrategy,TRENT,2026-04-27,2026-04-30,LONG,2890.67,2810.07,22,3,-1773.2,-2.79,STOP_LOSS
RUN_20260922_115213_V2,ChecklistStrategy,TRENT,2026-05-06,2026-05-13,LONG,2771.93,2692.33,22,7,-1751.2,-2.87,STOP_LOSS
RUN_20260922_115213_V2,ChecklistStrategy,TRENT,2026-05-28,2026-06-02,LONG,2832.4,2703.6,21,5,-2704.8,-4.55,STOP_LOSS
RUN_20260922_115213_V2,ChecklistStrategy,TRENT,2026-08-11,2026-08-18,LONG,3024.5,2946.1,19,7,-1489.6,-2.59,STOP_LOSS
RUN_20260922_115213_V2,ChecklistStrategy,TRENT,2026-08-31,2026-09-04,LONG,2895.9,2849.0,20,4,-938.0,-1.62,SIGNAL
RUN_20260922_115213_V2,ChecklistStrategy,ULTRACEMCO,2024-02-05,2024-02-09,LONG,10050.0,10074.8,7,4,173.6,0.25,SIGNAL
RUN_20260922_115213_V2,ChecklistStrategy,ULTRACEMCO,2024-02-15,2024-02-22,LONG,9835.9,10000.0,7,7,1148.7,1.67,SIGNAL
RUN_20260922_115213_V2,ChecklistStrategy,ULTRACEMCO,2024-02-26,2024-02-28,LONG,9999.05,9960.0,7,2,-273.35,-0.39,SIGNAL
RUN_20260922_115213_V2,ChecklistStrategy,ULTRACEMCO,2024-03-11,2024-03-12,LONG,9694.05,9728.95,7,1,244.3,0.36,SIGNAL
RUN_20260922_115213_V2,ChecklistStrategy,ULTRACEMCO,2024-03-14,2024-03-18,LONG,9455.0,9625.0,7,4,1190.0,1.8,SIGNAL
RUN_20260922_115213_V2,ChecklistStrategy,ULTRACEMCO,2024-04-09,2024-04-10,LONG,9900.0,9810.0,7,1,-630.0,-0.91,SIGNAL
RUN_20260922_115213_V2,ChecklistStrategy,ULTRACEMCO,2024-04-12,2024-04-16,LONG,9789.95,9448.9,7,4,-2387.35,-3.48,STOP_LOSS
RUN_20260922_115213_V2,ChecklistStrategy,ULTRACEMCO,2024-05-13,2024-05-14,LONG,9515.95,9535.05,7,1,133.7,0.2,SIGNAL
RUN_20260922_115213_V2,ChecklistStrategy,ULTRACEMCO,2024-06-06,2024-06-11,LONG,9995.0,10903.95,7,5,5135.8,9.09,SIGNAL
RUN_20260922_115213_V2,ChecklistStrategy,ULTRACEMCO,2024-06-25,2024-06-26,LONG,10801.95,10907.7,7,1,740.25,0.98,SIGNAL
RUN_20260922_115213_V2,ChecklistStrategy,ULTRACEMCO,2024-07-23,2024-07-31,LONG,11649.95,11818.95,6,8,1014.0,1.45,SIGNAL
RUN_20260922_115213_V2,ChecklistStrategy,ULTRACEMCO,2024-08-30,2024-09-06,LONG,11225.05,11500.0,7,7,1924.65,2.45,SIGNAL
RUN_20260922_115213_V2,ChecklistStrategy,ULTRACEMCO,2024-09-26,2024-09-30,LONG,11835.0,11924.0,6,4,534.0,0.75,SIGNAL
RUN_20260922_115213_V2,ChecklistStrategy,ULTRACEMCO,2024-10-03,2024-10-04,LONG,11627.1,11700.0,6,1,437.4,0.63,SIGNAL
RUN_20260922_115213_V2,ChecklistStrategy,ULTRACEMCO,2024-10-09,2024-10-11,LONG,11404.05,11390.75,7,2,-93.1,-0.12,SIGNAL
RUN_20260922_115213_V2,ChecklistStrategy,ULTRACEMCO,2024-10-21,2024-10-23,LONG,11050.0,10821.95,7,2,-1596.35,-2.06,STOP_LOSS
RUN_20260922_115213_V2,ChecklistStrategy,ULTRACEMCO,2024-10-25,2024-10-30,LONG,11063.7,11115.0,7,5,359.1,0.46,SIGNAL
RUN_20260922_115213_V2,ChecklistStrategy,ULTRACEMCO,2024-11-06,2024-11-12,LONG,11225.0,10970.5,7,6,-1781.5,-2.27,STOP_LOSS
RUN_20260922_115213_V2,ChecklistStrategy,ULTRACEMCO,2024-12-02,2024-12-06,LONG,11206.7,11939.0,7,4,4907.7,6.53,SIGNAL
RUN_20260922_115213_V2,ChecklistStrategy,ULTRACEMCO,2024-12-16,2024-12-17,LONG,12050.0,11930.65,6,1,-716.1,-0.99,SIGNAL
RUN_20260922_115213_V2,ChecklistStrategy,ULTRACEMCO,2025-01-08,2025-01-09,LONG,11618.55,11403.55,7,1,-1505.0,-1.85,SIGNAL
RUN_20260922_115213_V2,ChecklistStrategy,ULTRACEMCO,2025-01-24,2025-01-27,LONG,11251.0,11260.0,7,3,63.0,0.08,SIGNAL
RUN_20260922_115213_V2,ChecklistStrategy,ULTRACEMCO,2025-01-29,2025-01-31,LONG,11296.35,11488.65,7,2,1346.11,1.7,SIGNAL
RUN_20260922_115213_V2,ChecklistStrategy,ULTRACEMCO,2025-03-20,2025-03-25,LONG,10931.15,11240.0,7,5,2161.95,2.83,SIGNAL
RUN_20260922_115213_V2,ChecklistStrategy,ULTRACEMCO,2025-04-04,2025-04-07,LONG,11599.0,11200.0,7,3,-2793.0,-3.44,STOP_LOSS
RUN_20260922_115213_V2,ChecklistStrategy,ULTRACEMCO,2025-05-07,2025-05-12,LONG,11651.0,11590.0,6,5,-366.0,-0.52,SIGNAL
RUN_20260922_115213_V2,ChecklistStrategy,ULTRACEMCO,2025-05-16,2025-05-21,LONG,11950.0,11697.0,6,5,-1518.0,-2.12,STOP_LOSS
RUN_20260922_115213_V2,ChecklistStrategy,ULTRACEMCO,2025-05-30,2025-06-04,LONG,11265.0,11040.0,7,5,-1575.0,-2.0,SIGNAL
RUN_20260922_115213_V2,ChecklistStrategy,ULTRACEMCO,2025-06-05,2025-06-13,LONG,11038.0,11111.0,7,8,511.0,0.66,SIGNAL
RUN_20260922_115213_V2,ChecklistStrategy,ULTRACEMCO,2025-06-19,2025-06-25,LONG,11400.0,11635.0,6,6,1410.0,2.06,SIGNAL
RUN_20260922_115213_V2,ChecklistStrategy,ULTRACEMCO,2025-09-01,2025-09-05,LONG,12639.0,12680.0,6,4,246.0,0.32,SIGNAL
RUN_20260922_115213_V2,ChecklistStrategy,ULTRACEMCO,2025-09-09,2025-09-10,LONG,12699.0,12625.0,6,1,-444.0,-0.58,SIGNAL
RUN_20260922_115213_V2,ChecklistStrategy,ULTRACEMCO,2025-10-01,2025-10-06,LONG,12274.0,12019.0,6,5,-1530.0,-2.08,STOP_LOSS
RUN_20260922_115213_V2,ChecklistStrategy,ULTRACEMCO,2025-10-07,2025-10-21,LONG,12059.0,12371.0,6,14,1872.0,2.59,SIGNAL
RUN_20260922_115213_V2,ChecklistStrategy,ULTRACEMCO,2025-10-28,2025-11-03,LONG,12025.0,11927.0,6,6,-588.0,-0.81,SIGNAL
RUN_20260922_115213_V2,ChecklistStrategy,ULTRACEMCO,2025-11-12,2025-11-14,LONG,11861.0,11941.0,6,2,480.0,0.67,SIGNAL
RUN_20260922_115213_V2,ChecklistStrategy,ULTRACEMCO,2026-01-13,2026-01-14,LONG,12050.0,12074.0,6,1,144.0,0.2,SIGNAL
RUN_20260922_115213_V2,ChecklistStrategy,ULTRACEMCO,2026-01-19,2026-01-20,LONG,12350.0,12225.0,6,1,-750.0,-1.01,SIGNAL
RUN_20260922_115213_V2,ChecklistStrategy,ULTRACEMCO,2026-01-22,2026-01-28,LONG,12293.0,12640.0,6,6,2082.0,2.82,SIGNAL
RUN_20260922_115213_V2,ChecklistStrategy,ULTRACEMCO,2026-03-06,2026-03-10,LONG,12160.0,11606.0,6,4,-3324.0,-4.56,STOP_LOSS
RUN_20260922_115213_V2,ChecklistStrategy,ULTRACEMCO,2026-03-11,2026-03-13,LONG,11650.0,11000.0,6,2,-3900.0,-5.58,STOP_LOSS
RUN_20260922_115213_V2,ChecklistStrategy,ULTRACEMCO,2026-03-23,2026-03-24,LONG,10877.0,10650.0,6,1,-1362.0,-2.09,STOP_LOSS
RUN_20260922_115213_V2,ChecklistStrategy,ULTRACEMCO,2026-03-25,2026-03-30,LONG,10801.0,10985.0,6,5,1104.0,1.7,SIGNAL
RUN_20260922_115213_V2,ChecklistStrategy,ULTRACEMCO,2026-04-06,2026-04-08,LONG,10611.0,11400.0,7,2,5523.0,7.44,SIGNAL
RUN_20260922_115213_V2,ChecklistStrategy,ULTRACEMCO,2026-04-20,2026-04-24,LONG,11970.0,12203.0,6,4,1398.0,1.95,SIGNAL
RUN_20260922_115213_V2,ChecklistStrategy,ULTRACEMCO,2026-05-28,2026-06-02,LONG,11689.0,11142.0,6,5,-3282.0,-4.68,STOP_LOSS
RUN_20260922_115213_V2,ChecklistStrategy,ULTRACEMCO,2026-06-19,2026-07-07,LONG,11311.0,11655.0,6,18,2064.0,3.04,SIGNAL
RUN_20260922_115213_V2,ChecklistStrategy,ULTRACEMCO,2026-07-10,2026-08-07,LONG,11584.0,12051.0,6,28,2892.0,4.03,SIGNAL
RUN_20260922_115213_V2,ChecklistStrategy,ULTRACEMCO,2026-08-13,2026-08-17,LONG,11875.0,11610.0,6,4,-1590.0,-2.23,STOP_LOSS
RUN_20260922_115213_V2,ChecklistStrategy,ULTRACEMCO,2026-08-18,2026-08-28,LONG,11626.0,11705.0,6,10,474.0,0.68,SIGNAL
RUN_20260922_115213_V2,ChecklistStrategy,ULTRACEMCO,2026-09-07,2026-09-09,LONG,11370.0,10975.0,7,2,-2765.0,-3.47,STOP_LOSS
RUN_20260922_115213_V2,ChecklistStrategy,ULTRACEMCO,2026-09-11,2026-09-16,LONG,10859.0,10777.0,7,5,-574.0,-0.76,SIGNAL
RUN_20260922_115213_V2,ChecklistStrategy,WIPRO,2024-01-25,2024-01-29,LONG,239.02,235.0,313,4,-1259.82,-1.68,SIGNAL
RUN_20260922_115213_V2,ChecklistStrategy,WIPRO,2024-01-30,2024-01-31,LONG,237.2,236.25,312,1,-296.4,-0.4,SIGNAL
RUN_20260922_115213_V2,ChecklistStrategy,WIPRO,2024-02-01,2024-02-14,LONG,238.77,251.98,308,13,3834.6,5.53,SIGNAL
RUN_20260922_115213_V2,ChecklistStrategy,WIPRO,2024-02-23,2024-02-29,LONG,267.5,258.65,288,6,-2548.8,-3.31,STOP_LOSS
RUN_20260922_115213_V2,ChecklistStrategy,WIPRO,2024-03-07,2024-03-18,LONG,256.88,259.0,290,11,616.25,0.83,SIGNAL
RUN_20260922_115213_V2,ChecklistStrategy,WIPRO,2024-03-26,2024-03-28,LONG,243.0,238.35,308,2,-1432.2,-1.91,SIGNAL
RUN_20260922_115213_V2,ChecklistStrategy,WIPRO,2024-04-04,2024-04-10,LONG,242.9,238.75,306,6,-1269.9,-1.71,SIGNAL
RUN_20260922_115213_V2,ChecklistStrategy,WIPRO,2024-04-22,2024-04-29,LONG,226.38,233.82,322,7,2398.9,3.29,SIGNAL
RUN_20260922_115213_V2,ChecklistStrategy,WIPRO,2024-05-29,2024-05-31,LONG,227.0,218.77,327,2,-2689.58,-3.63,STOP_LOSS
RUN_20260922_115213_V2,ChecklistStrategy,WIPRO,2024-06-03,2024-06-05,LONG,225.1,219.85,331,2,-1737.75,-2.33,STOP_LOSS
RUN_20260922_115213_V2,ChecklistStrategy,WIPRO,2024-06-28,2024-07-01,LONG,256.0,258.95,279,3,823.05,1.15,SIGNAL
RUN_20260922_115213_V2,ChecklistStrategy,WIPRO,2024-07-19,2024-07-22,LONG,289.95,260.5,251,3,-7391.95,-10.16,STOP_LOSS
RUN_20260922_115213_V2,ChecklistStrategy,WIPRO,2024-07-26,2024-08-02,LONG,255.0,257.5,261,7,652.5,0.98,SIGNAL
RUN_20260922_115213_V2,ChecklistStrategy,WIPRO,2024-08-08,2024-08-21,LONG,247.0,261.7,268,13,3443.8,5.95,SIGNAL
RUN_20260922_115213_V2,ChecklistStrategy,WIPRO,2024-09-04,2024-09-09,LONG,264.0,258.55,258,5,-1406.1,-2.06,STOP_LOSS
RUN_20260922_115213_V2,ChecklistStrategy,WIPRO,2024-09-23,2024-10-09,LONG,269.55,264.9,253,16,-1176.45,-1.73,SIGNAL
RUN_20260922_115213_V2,ChecklistStrategy,WIPRO,2024-11-06,2024-11-11,LONG,273.73,284.5,247,5,2661.42,3.93,SIGNAL
RUN_20260922_115213_V2,ChecklistStrategy,WIPRO,2024-11-21,2024-11-22,LONG,281.0,280.98,246,1,-6.15,-0.01,SIGNAL
RUN_20260922_115213_V2,ChecklistStrategy,WIPRO,2024-12-02,2024-12-03,LONG,291.23,295.35,239,1,985.88,1.41,SIGNAL
RUN_20260922_115213_V2,ChecklistStrategy,WIPRO,2025-01-09,2025-01-17,LONG,297.0,287.8,235,8,-2162.0,-3.1,STOP_LOSS
RUN_20260922_115213_V2,ChecklistStrategy,WIPRO,2025-02-04,2025-02-10,LONG,318.0,318.8,218,6,174.4,0.25,SIGNAL
RUN_20260922_115213_V2,ChecklistStrategy,WIPRO,2025-02-19,2025-02-25,LONG,311.25,294.35,219,6,-3701.1,-5.43,STOP_LOSS
RUN_20260922_115213_V2,ChecklistStrategy,WIPRO,2025-03-04,2025-03-13,LONG,279.0,268.55,231,9,-2413.95,-3.75,STOP_LOSS
RUN_20260922_115213_V2,ChecklistStrategy,WIPRO,2025-04-16,2025-04-21,LONG,244.0,237.4,261,5,-1722.6,-2.7,STOP_LOSS
RUN_20260922_115213_V2,ChecklistStrategy,WIPRO,2025-05-15,2025-05-23,LONG,253.2,246.1,247,8,-1753.7,-2.8,STOP_LOSS
RUN_20260922_115213_V2,ChecklistStrategy,WIPRO,2025-08-05,2025-08-07,LONG,246.05,239.11,248,2,-1721.12,-2.82,STOP_LOSS
RUN_20260922_115213_V2,ChecklistStrategy,WIPRO,2025-08-12,2025-08-28,LONG,242.7,252.02,247,16,2422.58,3.84,SIGNAL
RUN_20260922_115213_V2,ChecklistStrategy,WIPRO,2025-09-02,2025-09-04,LONG,250.36,249.5,246,2,-211.56,-0.34,SIGNAL
RUN_20260922_115213_V2,ChecklistStrategy,WIPRO,2025-09-16,2025-09-24,LONG,252.0,248.33,244,8,-895.48,-1.46,SIGNAL
RUN_20260922_115213_V2,ChecklistStrategy,WIPRO,2025-09-30,2025-10-06,LONG,239.93,240.0,253,6,17.71,0.03,SIGNAL
RUN_20260922_115213_V2,ChecklistStrategy,WIPRO,2025-10-21,2025-10-28,LONG,241.0,243.66,251,7,667.66,1.1,SIGNAL
RUN_20260922_115213_V2,ChecklistStrategy,WIPRO,2025-11-07,2025-11-12,LONG,238.7,242.75,255,5,1032.75,1.7,SIGNAL
RUN_20260922_115213_V2,ChecklistStrategy,WIPRO,2025-12-02,2025-12-05,LONG,250.0,258.2,247,3,2025.4,3.28,SIGNAL
RUN_20260922_115213_V2,ChecklistStrategy,WIPRO,2026-01-01,2026-01-05,LONG,264.5,269.45,241,4,1192.95,1.87,SIGNAL
RUN_20260922_115213_V2,ChecklistStrategy,WIPRO,2026-01-07,2026-01-09,LONG,265.0,261.35,242,2,-883.3,-1.38,SIGNAL
RUN_20260922_115213_V2,ChecklistStrategy,WIPRO,2026-02-05,2026-02-13,LONG,233.34,210.65,272,8,-6171.68,-9.72,STOP_LOSS
RUN_20260922_115213_V2,ChecklistStrategy,WIPRO,2026-02-18,2026-02-19,LONG,216.2,214.0,273,1,-600.6,-1.02,SIGNAL
RUN_20260922_115213_V2,ChecklistStrategy,WIPRO,2026-02-26,2026-03-04,LONG,203.71,196.01,289,6,-2225.3,-3.78,STOP_LOSS
RUN_20260922_115213_V2,ChecklistStrategy,WIPRO,2026-03-06,2026-03-12,LONG,195.6,201.06,290,6,1583.4,2.79,SIGNAL
RUN_20260922_115213_V2,ChecklistStrategy,WIPRO,2026-04-15,2026-04-27,LONG,206.5,199.36,285,12,-2034.9,-3.46,STOP_LOSS
RUN_20260922_115213_V2,ChecklistStrategy,WIPRO,2026-04-28,2026-04-29,LONG,204.56,201.58,275,1,-819.5,-1.46,SIGNAL
RUN_20260922_115213_V2,ChecklistStrategy,WIPRO,2026-05-15,2026-05-25,LONG,189.9,207.0,296,10,4025.6,9.0,SIGNAL
RUN_20260922_115213_V2,ChecklistStrategy,WIPRO,2026-06-02,2026-06-08,LONG,208.0,193.39,284,6,-4149.24,-7.02,STOP_LOSS
RUN_20260922_115213_V2,ChecklistStrategy,WIPRO,2026-06-26,2026-07-01,LONG,175.0,171.0,317,5,-1268.0,-2.29,STOP_LOSS
RUN_20260922_115213_V2,ChecklistStrategy,WIPRO,2026-07-03,2026-07-13,LONG,176.2,174.6,314,10,-502.4,-0.91,SIGNAL
RUN_20260922_115213_V2,ChecklistStrategy,WIPRO,2026-08-13,2026-08-19,LONG,183.49,179.06,294,6,-1302.42,-2.41,STOP_LOSS
RUN_20260922_115213_V2,ChecklistStrategy,WIPRO,2026-08-20,2026-08-25,LONG,181.56,181.29,296,5,-79.92,-0.15,SIGNAL
