date,close,high,low,open,volume
2020-06-30,14.759300231933594,14.759300231933594,14.759300231933594,14.759300231933594,0
2020-07-01,14.736800193786621,14.736800193786621,14.736800193786621,14.736800193786621,0
2020-07-02,15.141799926757812,15.141799926757812,15.141799926757812,15.141799926757812,0
2020-07-03,15.303199768066406,15.303199768066406,15.303199768066406,15.303199768066406,0
2020-07-06,15.482600212097168,15.482600212097168,15.482600212097168,15.482600212097168,0
2020-07-07,15.79889965057373,15.79889965057373,15.79889965057373,15.79889965057373,0
2020-07-08,15.530500411987305,15.530500411987305,15.530500411987305,15.530500411987305,0
2020-07-09,15.55679988861084,15.55679988861084,15.55679988861084,15.55679988861084,0
2020-07-10,15.585599899291992,15.585599899291992,15.585599899291992,15.585599899291992,0
2020-07-13,15.836400032043457,15.836400032043457,15.836400032043457,15.836400032043457,0
2020-07-14,15.659700393676758,15.659700393676758,15.659700393676758,15.659700393676758,0
2020-07-15,16.46980094909668,16.46980094909668,16.46980094909668,16.46980094909668,0
2020-07-16,16.940799713134766,16.940799713134766,16.940799713134766,16.940799713134766,0
2020-07-17,16.837499618530273,16.837499618530273,16.837499618530273,16.837499618530273,0
2020-07-20,17.269899368286133,17.269899368286133,17.269899368286133,17.269899368286133,0
2020-07-21,17.284900665283203,17.284900665283203,17.284900665283203,17.284900665283203,0
2020-07-22,17.088899612426758,17.088899612426758,17.088899612426758,17.088899612426758,0
2020-07-23,17.0762996673584,17.0762996673584,17.0762996673584,17.0762996673584,0
2020-07-24,17.31559944152832,17.31559944152832,17.31559944152832,17.31559944152832,0
2020-07-27,17.65399932861328,17.65399932861328,17.65399932861328,17.65399932861328,0
2020-07-28,18.067699432373047,18.067699432373047,18.067699432373047,18.067699432373047,0
2020-07-29,17.906200408935547,17.906200408935547,17.906200408935547,17.906200408935547,0
2020-07-30,18.028799057006836,18.028799057006836,18.028799057006836,18.028799057006836,0
2020-07-31,18.096900939941406,18.096900939941406,18.096900939941406,18.096900939941406,0
2020-08-03,17.991600036621094,17.991600036621094,17.991600036621094,17.991600036621094,0
2020-08-04,17.83449935913086,17.83449935913086,17.83449935913086,17.83449935913086,0
2020-08-05,17.895700454711914,17.895700454711914,17.895700454711914,17.895700454711914,0
2020-08-06,18.212799072265625,18.212799072265625,18.212799072265625,18.212799072265625,0
2020-08-07,18.029300689697266,18.029300689697266,18.029300689697266,18.029300689697266,0
2020-08-10,18.183799743652344,18.183799743652344,18.183799743652344,18.183799743652344,0
2020-08-11,18.082000732421875,18.082000732421875,18.082000732421875,18.082000732421875,0
2020-08-12,18.090900421142578,18.090900421142578,18.090900421142578,18.090900421142578,0
2020-08-13,18.131900787353516,18.131900787353516,18.131900787353516,18.131900787353516,0
2020-08-14,18.047300338745117,18.047300338745117,18.047300338745117,18.047300338745117,0
2020-08-17,18.247600555419922,18.247600555419922,18.247600555419922,18.247600555419922,0
2020-08-18,18.294200897216797,18.294200897216797,18.294200897216797,18.294200897216797,0
2020-08-19,18.234699249267578,18.234699249267578,18.234699249267578,18.234699249267578,0
2020-08-20,18.149999618530273,18.149999618530273,18.149999618530273,18.149999618530273,0
2020-08-21,18.08919906616211,18.08919906616211,18.08919906616211,18.08919906616211,0
2020-08-24,18.03459930419922,18.03459930419922,18.03459930419922,18.03459930419922,0
2020-08-25,17.997400283813477,17.997400283813477,17.997400283813477,17.997400283813477,0
2020-08-26,18.15130043029785,18.15130043029785,18.15130043029785,18.15130043029785,0
2020-08-27,18.125900268554688,18.125900268554688,18.125900268554688,18.125900268554688,0
2020-08-28,18.145200729370117,18.145200729370117,18.145200729370117,18.145200729370117,0
2020-08-31,17.95159912109375,17.95159912109375,17.95159912109375,17.95159912109375,0
2020-09-01,17.836599349975586,17.836599349975586,17.836599349975586,17.836599349975586,0
2020-09-02,18.099700927734375,18.099700927734375,18.099700927734375,18.099700927734375,0
2020-09-03,18.371400833129883,18.371400833129883,18.371400833129883,18.371400833129883,0
2020-09-04,18.096500396728516,18.096500396728516,18.096500396728516,18.096500396728516,0
2020-09-07,18.198999404907227,18.198999404907227,18.198999404907227,18.198999404907227,0
2020-09-08,18.418500900268555,18.418500900268555,18.418500900268555,18.418500900268555,0
2020-09-09,18.284299850463867,18.284299850463867,18.284299850463867,18.284299850463867,0
2020-09-10,18.41900062561035,18.41900062561035,18.41900062561035,18.41900062561035,0
2020-09-11,18.6564998626709,18.6564998626709,18.6564998626709,18.6564998626709,0
2020-09-14,19.534099578857422,19.534099578857422,19.534099578857422,19.534099578857422,0
2020-09-15,19.65679931640625,19.65679931640625,19.65679931640625,19.65679931640625,0
2020-09-16,19.799800872802734,19.799800872802734,19.799800872802734,19.799800872802734,0
2020-09-17,19.847299575805664,19.847299575805664,19.847299575805664,19.847299575805664,0
2020-09-18,19.856800079345703,19.856800079345703,19.856800079345703,19.856800079345703,0
2020-09-21,19.81999969482422,21.399999618530273,19.799999237060547,21.399999618530273,4693158
2020-09-22,19.950000762939453,20.299999237060547,19.43000030517578,19.81999969482422,294156
2020-09-23,19.8799991607666,20.979999542236328,19.75,20.979999542236328,2306373
2020-09-24,19.049999237060547,19.899999618530273,19.0,19.850000381469727,1095042
2020-09-25,19.700000762939453,19.780000686645508,19.059999465942383,19.780000686645508,170585
2020-09-28,19.790000915527344,20.5,19.540000915527344,20.5,163937
2020-09-29,19.850000381469727,20.799999237060547,19.760000228881836,20.75,203254
2020-09-30,20.0,20.100000381469727,19.700000762939453,19.850000381469727,84748
2020-10-01,20.200000762939453,20.979999542236328,19.950000762939453,20.5,157472
2020-10-05,20.8700008392334,20.969999313354492,20.200000762939453,20.899999618530273,274107
2020-10-06,21.010000228881836,22.0,20.690000534057617,22.0,350564
2020-10-07,21.1200008392334,21.219999313354492,20.799999237060547,21.200000762939453,140260
2020-10-08,21.760000228881836,22.270000457763672,21.420000076293945,21.420000076293945,707131
2020-10-09,21.93000030517578,22.450000762939453,21.649999618530273,22.200000762939453,1592487
2020-10-12,22.309999465942383,23.0,21.93000030517578,22.799999237060547,341965
2020-10-13,23.709999084472656,26.200000762939453,22.229999542236328,22.979999542236328,6414326
2020-10-14,22.389999389648438,24.25,22.219999313354492,24.25,1610196
2020-10-15,21.68000030517578,23.149999618530273,21.450000762939453,23.149999618530273,1117198
2020-10-16,21.639999389648438,22.479999542236328,21.350000381469727,22.200000762939453,407931
2020-10-19,21.479999542236328,22.399999618530273,21.0,22.0,561677
2020-10-20,21.739999771118164,21.989999771118164,21.0,21.739999771118164,233437
2020-10-21,21.65999984741211,22.100000381469727,21.5,21.989999771118164,979354
2020-10-22,21.549999237060547,21.989999771118164,21.399999618530273,21.989999771118164,409892
2020-10-23,21.6200008392334,21.770000457763672,21.5,21.729999542236328,1477245
2020-10-26,21.43000030517578,21.940000534057617,21.299999237060547,21.940000534057617,249260
2020-10-27,21.260000228881836,21.700000762939453,21.110000610351562,21.5,461455
2020-10-28,21.0,21.440000534057617,20.899999618530273,21.440000534057617,679426
2020-10-29,21.1299991607666,21.389999389648438,20.649999618530273,21.09000015258789,197419
2020-10-30,21.15999984741211,21.5,21.0,21.350000381469727,264714
2020-11-02,20.940000534057617,21.350000381469727,20.559999465942383,20.959999084472656,294584
2020-11-03,20.920000076293945,22.200000762939453,20.860000610351562,22.200000762939453,190983
2020-11-04,21.329999923706055,21.649999618530273,20.979999542236328,21.149999618530273,1398380
2020-11-05,21.59000015258789,22.399999618530273,21.479999542236328,21.600000381469727,402503
2020-11-06,21.65999984741211,21.899999618530273,21.399999618530273,21.899999618530273,273232
2020-11-09,22.049999237060547,22.829999923706055,21.75,22.829999923706055,858291
2020-11-10,21.209999084472656,22.450000762939453,21.010000228881836,22.049999237060547,5348287
2020-11-11,21.59000015258789,21.799999237060547,21.200000762939453,21.520000457763672,583031
2020-11-12,21.56999969482422,21.889999389648438,21.40999984741211,21.649999618530273,409196
2020-11-13,21.540000915527344,21.790000915527344,21.40999984741211,21.790000915527344,232053
2020-11-14,21.670000076293945,21.790000915527344,21.5,21.75,146111
2020-11-17,21.719999313354492,21.920000076293945,21.5,21.920000076293945,258662
2020-11-18,21.540000915527344,21.799999237060547,21.290000915527344,21.799999237060547,3892756
2020-11-19,21.360000610351562,21.950000762939453,21.299999237060547,21.540000915527344,712437
2020-11-20,21.520000457763672,22.049999237060547,21.350000381469727,22.049999237060547,2469419
2020-11-23,22.139999389648438,22.200000762939453,21.200000762939453,21.899999618530273,6444692
2020-11-24,22.190000534057617,22.59000015258789,22.15999984741211,22.270000457763672,370587
2020-11-25,22.030000686645508,22.75,21.899999618530273,22.600000381469727,557892
2020-11-26,22.020000457763672,22.200000762939453,21.700000762939453,22.200000762939453,287713
2020-11-27,22.0,22.190000534057617,21.809999465942383,22.09000015258789,4381192
2020-12-01,22.219999313354492,22.450000762939453,21.25,21.889999389648438,2524866
2020-12-02,22.329999923706055,22.5,22.0,22.280000686645508,486672
2020-12-03,22.360000610351562,23.229999542236328,22.260000228881836,23.229999542236328,308561
2020-12-04,22.440000534057617,22.75,22.260000228881836,22.399999618530273,209038
2020-12-07,22.649999618530273,22.8799991607666,22.3799991607666,22.8799991607666,230351
2020-12-08,22.84000015258789,22.950000762939453,22.06999969482422,22.75,368062
2020-12-09,22.899999618530273,23.059999465942383,22.5,22.729999542236328,349273
2020-12-10,22.93000030517578,23.0,22.700000762939453,23.0,124028
2020-12-11,22.809999465942383,23.149999618530273,22.75,23.1299991607666,244207
2020-12-14,22.850000381469727,23.0,22.719999313354492,23.0,168607
2020-12-15,22.8799991607666,23.030000686645508,22.700000762939453,23.020000457763672,150980
2020-12-16,23.040000915527344,23.09000015258789,22.860000610351562,23.06999969482422,191519
2020-12-17,23.059999465942383,23.139999389648438,22.850000381469727,23.110000610351562,204836
2020-12-18,23.469999313354492,23.75,23.149999618530273,23.219999313354492,289821
2020-12-21,23.010000228881836,23.93000030517578,22.440000534057617,22.950000762939453,607157
2020-12-22,23.829999923706055,24.0,22.600000381469727,23.989999771118164,483858
2020-12-23,24.360000610351562,24.5,23.84000015258789,24.100000381469727,574239
2020-12-24,24.229999542236328,24.889999389648438,24.049999237060547,24.889999389648438,644095
2020-12-28,24.31999969482422,24.520000457763672,24.200000762939453,24.229999542236328,460551
2020-12-29,24.469999313354492,24.6299991607666,24.350000381469727,24.5,288532
2020-12-30,24.59000015258789,24.889999389648438,24.40999984741211,24.889999389648438,579138
2020-12-31,24.540000915527344,25.0,24.399999618530273,24.889999389648438,1070563
2021-01-01,24.700000762939453,25.200000762939453,24.549999237060547,25.200000762939453,433350
2021-01-04,25.350000381469727,25.670000076293945,24.700000762939453,25.200000762939453,7090064
2021-01-05,25.950000762939453,26.0,25.100000381469727,25.350000381469727,732906
2021-01-06,25.6299991607666,26.270000457763672,25.399999618530273,26.0,1214454
2021-01-07,25.440000534057617,26.200000762939453,25.309999465942383,26.0,1100977
2021-01-08,26.43000030517578,26.549999237060547,25.399999618530273,26.06999969482422,1795251
2021-01-11,27.200000762939453,27.5,26.5,26.700000762939453,7520125
2021-01-12,27.149999618530273,27.489999771118164,26.93000030517578,27.100000381469727,1727273
2021-01-13,27.190000534057617,27.75,26.93000030517578,27.75,790750
2021-01-14,27.1299991607666,27.489999771118164,26.399999618530273,27.09000015258789,5598186
2021-01-15,26.799999237060547,27.399999618530273,26.5,27.25,1433680
2021-01-18,26.600000381469727,27.350000381469727,26.200000762939453,27.350000381469727,1131556
2021-01-19,26.260000228881836,27.1200008392334,26.200000762939453,27.1200008392334,969183
2021-01-20,26.920000076293945,27.200000762939453,26.100000381469727,26.479999542236328,619132
2021-01-21,26.670000076293945,27.299999237060547,26.5,27.299999237060547,465063
2021-01-22,26.780000686645508,27.0,26.510000228881836,26.770000457763672,897928
2021-01-25,26.280000686645508,27.09000015258789,26.190000534057617,27.0,1106758
2021-01-27,26.110000610351562,26.889999389648438,25.770000457763672,26.889999389648438,796153
2021-01-28,25.540000915527344,26.670000076293945,25.489999771118164,26.670000076293945,677655
2021-01-29,24.950000762939453,25.950000762939453,24.799999237060547,25.75,1181527
2021-02-01,25.030000686645508,25.399999618530273,24.520000457763672,25.399999618530273,3976564
2021-02-02,25.68000030517578,25.979999542236328,25.299999237060547,25.700000762939453,4411370
2021-02-03,25.950000762939453,26.149999618530273,25.6299991607666,26.0,707854
2021-02-04,25.84000015258789,26.5,25.770000457763672,26.5,751042
2021-02-05,25.610000610351562,26.25,25.200000762939453,25.739999771118164,2303036
2021-02-08,26.219999313354492,26.399999618530273,25.68000030517578,26.3700008392334,3084798
2021-02-09,26.06999969482422,26.850000381469727,25.920000076293945,26.850000381469727,1395689
2021-02-10,26.06999969482422,26.219999313354492,25.90999984741211,26.219999313354492,472873
2021-02-11,26.299999237060547,26.3700008392334,25.8799991607666,26.18000030517578,408286
2021-02-12,26.3799991607666,26.8700008392334,26.280000686645508,26.799999237060547,872848
2021-02-15,26.200000762939453,26.780000686645508,26.1200008392334,26.5,963201
2021-02-16,25.75,26.3700008392334,25.739999771118164,26.360000610351562,6346400
2021-02-17,25.579999923706055,27.100000381469727,25.549999237060547,27.100000381469727,516308
2021-02-18,25.84000015258789,25.950000762939453,25.579999923706055,25.68000030517578,875805
2021-02-19,25.780000686645508,26.5,25.520000457763672,26.5,735281
2021-02-22,25.1200008392334,26.399999618530273,24.899999618530273,26.399999618530273,1596142
2021-02-23,25.049999237060547,25.399999618530273,24.950000762939453,25.34000015258789,491442
2021-02-24,25.020000457763672,25.790000915527344,24.520000457763672,25.770000457763672,546086
2021-02-25,25.170000076293945,25.899999618530273,25.110000610351562,25.399999618530273,730870
2021-02-26,24.559999465942383,26.200000762939453,24.5,26.200000762939453,1519482
2021-03-01,24.790000915527344,25.5,24.649999618530273,25.3700008392334,1015752
2021-03-02,25.6200008392334,25.809999465942383,24.649999618530273,25.389999389648438,877371
2021-03-03,26.010000228881836,26.100000381469727,25.559999465942383,25.799999237060547,819899
2021-03-04,25.899999618530273,26.149999618530273,25.540000915527344,25.90999984741211,684385
2021-03-05,25.579999923706055,26.0,25.3700008392334,25.940000534057617,721846
2021-03-08,25.6299991607666,26.200000762939453,25.100000381469727,25.299999237060547,791361
2021-03-09,25.989999771118164,26.549999237060547,25.350000381469727,26.549999237060547,721180
2021-03-10,26.260000228881836,26.5,25.920000076293945,26.309999465942383,1521944
2021-03-12,26.219999313354492,26.799999237060547,26.0,26.5,2282495
2021-03-15,26.280000686645508,26.579999923706055,25.850000381469727,26.399999618530273,2030485
2021-03-16,26.68000030517578,26.850000381469727,26.280000686645508,26.649999618530273,5953302
2021-03-17,26.420000076293945,27.0,26.350000381469727,27.0,486334
2021-03-18,25.639999389648438,26.889999389648438,25.31999969482422,26.8799991607666,680474
2021-03-19,25.799999237060547,26.110000610351562,25.229999542236328,26.110000610351562,2250896
2021-03-22,26.360000610351562,26.75,25.719999313354492,26.75,443269
2021-03-23,26.290000915527344,26.639999389648438,26.09000015258789,26.5,1161694
2021-03-24,25.75,26.790000915527344,24.0,26.790000915527344,707084
2021-03-25,25.81999969482422,26.3700008392334,25.549999237060547,26.0,709302
2021-03-26,25.829999923706055,26.25,24.799999237060547,25.600000381469727,1284631
2021-03-30,26.84000015258789,27.100000381469727,25.809999465942383,26.0,862517
2021-03-31,26.170000076293945,27.5,26.079999923706055,27.0,1027093
2021-04-01,26.31999969482422,27.0,26.200000762939453,27.0,461572
2021-04-05,26.709999084472656,26.829999923706055,25.600000381469727,26.0,691588
2021-04-06,26.799999237060547,27.299999237060547,26.15999984741211,27.299999237060547,4393270
2021-04-07,27.110000610351562,27.5,26.350000381469727,27.0,1048345
2021-04-08,27.329999923706055,27.6299991607666,26.93000030517578,27.100000381469727,4584773
2021-04-09,27.549999237060547,27.649999618530273,27.329999923706055,27.329999923706055,489255
2021-04-12,26.8700008392334,27.799999237060547,26.559999465942383,26.600000381469727,1126423
2021-04-13,26.1299991607666,27.770000457763672,25.809999465942383,27.0,1448657
2021-04-15,26.15999984741211,26.239999771118164,25.729999542236328,25.899999618530273,571163
2021-04-16,26.420000076293945,26.670000076293945,26.25,26.25,479711
2021-04-19,26.479999542236328,27.799999237060547,25.959999084472656,27.799999237060547,985927
2021-04-20,26.100000381469727,27.0,26.020000457763672,27.0,352610
2021-04-22,26.059999465942383,26.56999969482422,25.90999984741211,26.56999969482422,255127
2021-04-23,25.829999923706055,26.299999237060547,25.75,26.299999237060547,541887
2021-04-26,25.93000030517578,26.139999389648438,25.770000457763672,25.829999923706055,368749
2021-04-27,26.030000686645508,26.149999618530273,25.850000381469727,25.93000030517578,221594
2021-04-28,26.1299991607666,26.18000030517578,25.989999771118164,26.030000686645508,495892
2021-04-29,26.1299991607666,26.440000534057617,26.110000610351562,26.440000534057617,350077
2021-04-30,25.950000762939453,26.3700008392334,25.850000381469727,26.1200008392334,463667
2021-05-03,25.969999313354492,26.15999984741211,25.700000762939453,26.15999984741211,593346
2021-05-04,25.75,26.450000762939453,25.5,26.450000762939453,439016
2021-05-05,25.979999542236328,26.649999618530273,25.559999465942383,26.0,306225
2021-05-06,26.440000534057617,26.549999237060547,25.850000381469727,26.110000610351562,717227
2021-05-07,26.459999084472656,27.200000762939453,26.200000762939453,27.200000762939453,324199
2021-05-10,26.469999313354492,26.8799991607666,26.350000381469727,26.760000228881836,207514
2021-05-11,26.31999969482422,26.639999389648438,26.239999771118164,26.639999389648438,215197
2021-05-12,26.139999389648438,26.450000762939453,26.040000915527344,26.450000762939453,381755
2021-05-14,25.860000610351562,26.399999618530273,25.760000228881836,26.139999389648438,795391
2021-05-17,25.940000534057617,28.0,25.75,28.0,356021
2021-05-18,26.239999771118164,26.489999771118164,25.940000534057617,26.489999771118164,413252
2021-05-19,26.229999542236328,26.469999313354492,26.06999969482422,26.399999618530273,236448
2021-05-20,26.219999313354492,26.420000076293945,26.139999389648438,26.420000076293945,257640
2021-05-21,26.290000915527344,26.760000228881836,26.239999771118164,26.420000076293945,175985
2021-05-24,26.3700008392334,26.649999618530273,26.209999084472656,26.399999618530273,365732
2021-05-25,26.600000381469727,26.75,26.3700008392334,26.3700008392334,459253
2021-05-26,27.190000534057617,27.299999237060547,26.600000381469727,26.760000228881836,874381
2021-05-27,27.3700008392334,27.549999237060547,27.170000076293945,27.190000534057617,760493
2021-05-28,27.329999923706055,27.700000762939453,27.260000228881836,27.700000762939453,7382404
2021-05-31,27.389999389648438,27.540000915527344,27.280000686645508,27.5,389115
2021-06-01,27.450000762939453,27.579999923706055,27.06999969482422,27.559999465942383,4298796
2021-06-02,27.290000915527344,27.600000381469727,27.1299991607666,27.600000381469727,388602
2021-06-03,27.329999923706055,27.489999771118164,27.0,27.440000534057617,274190
2021-06-04,27.3799991607666,27.489999771118164,27.260000228881836,27.489999771118164,215099
2021-06-07,27.559999465942383,27.649999618530273,27.260000228881836,27.559999465942383,484610
2021-06-08,28.010000228881836,28.299999237060547,27.610000610351562,27.68000030517578,1141610
2021-06-09,27.84000015258789,28.899999618530273,27.729999542236328,28.899999618530273,1066800
2021-06-10,28.100000381469727,28.1299991607666,27.84000015258789,28.0,370673
2021-06-11,28.639999389648438,28.700000762939453,28.049999237060547,28.170000076293945,763197
2021-06-14,28.700000762939453,29.3700008392334,28.540000915527344,28.700000762939453,826640
2021-06-15,28.81999969482422,29.459999084472656,28.68000030517578,29.459999084472656,296528
2021-06-16,28.799999237060547,29.280000686645508,28.5,29.0,738153
2021-06-17,29.040000915527344,29.190000534057617,28.549999237060547,28.549999237060547,2858905
2021-06-18,28.81999969482422,29.479999542236328,28.600000381469727,29.3700008392334,717128
2021-06-21,28.770000457763672,28.899999618530273,27.829999923706055,28.850000381469727,738849
2021-06-22,28.950000762939453,29.209999084472656,28.809999465942383,29.209999084472656,280614
2021-06-23,28.68000030517578,29.190000534057617,28.6299991607666,29.190000534057617,357180
2021-06-24,29.350000381469727,29.459999084472656,28.729999542236328,28.899999618530273,622630
2021-06-25,29.6200008392334,29.75,29.350000381469727,29.350000381469727,1310321
2021-06-28,29.530000686645508,32.5,29.420000076293945,32.5,641497
2021-06-29,29.450000762939453,29.84000015258789,29.3700008392334,29.700000762939453,465144
2021-06-30,29.6200008392334,29.84000015258789,29.450000762939453,29.84000015258789,387594
2021-07-01,29.469999313354492,30.239999771118164,29.399999618530273,30.239999771118164,491875
2021-07-02,29.459999084472656,30.649999618530273,29.15999984741211,30.649999618530273,518356
2021-07-05,29.40999984741211,29.729999542236328,29.360000610351562,29.459999084472656,471882
2021-07-06,29.110000610351562,29.850000381469727,29.010000228881836,29.780000686645508,761220
2021-07-07,29.18000030517578,29.399999618530273,28.8700008392334,29.399999618530273,439679
2021-07-08,29.15999984741211,29.6299991607666,29.0,29.6299991607666,395746
2021-07-09,29.09000015258789,29.270000457763672,28.959999084472656,29.209999084472656,359131
2021-07-12,28.940000534057617,30.239999771118164,28.8799991607666,30.239999771118164,566377
2021-07-13,28.8799991607666,29.139999389648438,28.809999465942383,29.0,275197
2021-07-14,29.649999618530273,29.690000534057617,28.809999465942383,28.809999465942383,774186
2021-07-15,30.09000015258789,30.239999771118164,29.440000534057617,29.68000030517578,658040
2021-07-16,29.780000686645508,31.0,29.729999542236328,30.350000381469727,459625
2021-07-19,29.709999084472656,30.350000381469727,29.610000610351562,30.110000610351562,341796
2021-07-20,29.59000015258789,29.81999969482422,29.40999984741211,29.81999969482422,413020
2021-07-22,30.09000015258789,30.190000534057617,29.59000015258789,30.110000610351562,788215
2021-07-23,30.329999923706055,30.979999542236328,30.020000457763672,30.979999542236328,566248
2021-07-26,30.489999771118164,30.899999618530273,30.100000381469727,30.299999237060547,441636
2021-07-27,30.420000076293945,30.889999389648438,30.25,30.600000381469727,225093
2021-07-28,30.489999771118164,30.600000381469727,30.100000381469727,30.600000381469727,586105
2021-07-29,30.850000381469727,30.899999618530273,30.209999084472656,30.530000686645508,1158688
2021-07-30,31.059999465942383,31.440000534057617,30.850000381469727,31.0,386170
2021-08-02,31.329999923706055,31.770000457763672,31.079999923706055,31.5,427459
2021-08-03,31.6299991607666,31.770000457763672,31.389999389648438,31.600000381469727,323818
2021-08-04,31.56999969482422,32.09000015258789,31.469999313354492,32.09000015258789,486928
2021-08-05,31.81999969482422,32.400001525878906,31.5,32.400001525878906,472175
2021-08-06,31.90999984741211,32.20000076293945,31.610000610351562,31.81999969482422,510583
2021-08-09,32.0,32.599998474121094,31.709999084472656,32.599998474121094,388071
2021-08-10,32.25,32.650001525878906,31.899999618530273,32.650001525878906,656886
2021-08-11,32.04999923706055,32.439998626708984,31.959999084472656,32.41999816894531,478496
2021-08-12,32.720001220703125,32.75,31.90999984741211,32.20000076293945,499296
2021-08-13,33.31999969482422,33.38999938964844,32.68000030517578,32.68000030517578,774412
2021-08-16,33.189998626708984,33.970001220703125,33.060001373291016,33.599998474121094,828990
2021-08-17,34.04999923706055,34.20000076293945,33.119998931884766,33.5,5100390
2021-08-18,34.04999923706055,34.77000045776367,33.849998474121094,34.189998626708984,1039609
2021-08-20,33.939998626708984,34.380001068115234,32.79999923706055,32.79999923706055,828344
2021-08-23,34.59000015258789,34.75,33.79999923706055,33.95000076293945,854655
2021-08-24,34.290000915527344,35.099998474121094,34.22999954223633,34.79999923706055,1595193
2021-08-25,34.59000015258789,35.27000045776367,34.099998474121094,35.27000045776367,852479
2021-08-26,34.68000030517578,35.630001068115234,34.59000015258789,35.630001068115234,626016
2021-08-27,34.880001068115234,35.70000076293945,34.34000015258789,35.70000076293945,5284343
2021-08-30,34.65999984741211,35.880001068115234,34.470001220703125,35.880001068115234,4794091
2021-08-31,35.040000915527344,35.2400016784668,34.650001525878906,34.65999984741211,710203
2021-09-01,34.779998779296875,35.599998474121094,32.189998626708984,32.189998626708984,1031365
2021-09-02,35.209999084472656,35.349998474121094,34.63999938964844,34.9900016784668,1000964
2021-09-03,35.52000045776367,35.79999923706055,35.08000183105469,35.79999923706055,953538
2021-09-06,36.040000915527344,36.25,35.099998474121094,35.52000045776367,685694
2021-09-07,35.61000061035156,36.439998626708984,35.56999969482422,35.75,1851092
2021-09-08,35.33000183105469,35.939998626708984,35.16999816894531,35.939998626708984,691218
2021-09-09,35.40999984741211,35.77000045776367,35.099998474121094,35.77000045776367,521874
2021-09-13,35.77000045776367,35.84000015258789,35.08000183105469,35.70000076293945,959846
2021-09-14,35.9900016784668,36.099998474121094,35.79999923706055,35.900001525878906,698294
2021-09-15,36.63999938964844,36.84000015258789,35.95000076293945,36.29999923706055,1232511
2021-09-16,36.56999969482422,37.20000076293945,36.40999984741211,36.63999938964844,965085
2021-09-17,36.369998931884766,37.2400016784668,36.27000045776367,37.2400016784668,1490080
2021-09-20,36.119998931884766,36.790000915527344,36.0,36.369998931884766,2882736
2021-09-21,36.65999984741211,36.77000045776367,36.0099983215332,36.380001068115234,851205
2021-09-22,37.150001525878906,37.290000915527344,36.70000076293945,36.849998474121094,971786
2021-09-23,37.529998779296875,37.70000076293945,37.20000076293945,37.4900016784668,646068
2021-09-24,37.810001373291016,38.560001373291016,37.599998474121094,37.599998474121094,1796055
2021-09-27,36.779998779296875,38.38999938964844,36.709999084472656,38.0,5606483
2021-09-28,35.959999084472656,36.939998626708984,35.560001373291016,36.79999923706055,4325018
2021-09-29,36.04999923706055,36.79999923706055,35.29999923706055,36.79999923706055,1320636
2021-09-30,35.70000076293945,36.439998626708984,35.650001525878906,36.25,1007573
2021-10-01,35.43000030517578,36.9900016784668,35.400001525878906,36.9900016784668,942563
2021-10-04,35.779998779296875,35.900001525878906,35.43000030517578,35.900001525878906,798390
2021-10-05,36.20000076293945,36.290000915527344,35.29999923706055,36.0,825106
2021-10-06,35.619998931884766,36.47999954223633,35.5,36.34000015258789,1114792
2021-10-07,36.279998779296875,36.47999954223633,35.720001220703125,35.79999923706055,1091596
2021-10-08,37.029998779296875,37.29999923706055,36.29999923706055,36.560001373291016,1840892
2021-10-11,35.869998931884766,37.4900016784668,35.650001525878906,37.4900016784668,3104578
2021-10-12,35.560001373291016,37.29999923706055,35.20000076293945,37.29999923706055,1871809
2021-10-13,35.869998931884766,35.939998626708984,35.52000045776367,35.79999923706055,599050
2021-10-14,36.34000015258789,37.150001525878906,36.099998474121094,37.150001525878906,8332570
2021-10-18,36.86000061035156,36.970001220703125,32.0,35.099998474121094,5427616
2021-10-19,37.70000076293945,38.11000061035156,36.5,37.349998474121094,7048630
2021-10-20,37.40999984741211,38.119998931884766,37.25,37.939998626708984,1701588
2021-10-21,36.619998931884766,37.79999923706055,36.29999923706055,37.79999923706055,1591987
2021-10-22,36.09000015258789,37.0,35.779998779296875,37.0,5016656
2021-10-25,35.5099983215332,36.45000076293945,35.18000030517578,36.09000015258789,7313735
2021-10-26,35.91999816894531,36.349998474121094,35.25,35.25,979884
2021-10-27,36.189998626708984,36.849998474121094,35.91999816894531,36.849998474121094,343658
2021-10-28,35.75,36.5,35.61000061035156,36.189998626708984,717681
2021-10-29,35.2400016784668,36.0,35.099998474121094,36.0,892255
2021-11-01,35.970001220703125,36.040000915527344,35.310001373291016,35.5,805019
2021-11-02,36.029998779296875,36.400001525878906,35.849998474121094,36.400001525878906,428816
2021-11-03,35.88999938964844,36.38999938964844,35.54999923706055,36.029998779296875,501752
2021-11-04,36.099998474121094,36.41999816894531,35.939998626708984,36.41999816894531,227382
2021-11-08,36.5,36.59000015258789,35.650001525878906,35.939998626708984,989996
2021-11-09,36.650001525878906,36.849998474121094,36.33000183105469,36.650001525878906,589568
2021-11-10,36.59000015258789,37.09000015258789,36.34000015258789,36.900001525878906,388082
2021-11-11,36.279998779296875,36.650001525878906,35.91999816894531,36.650001525878906,1112869
2021-11-12,37.04999923706055,37.189998626708984,36.279998779296875,36.279998779296875,1800650
2021-11-15,37.2400016784668,37.47999954223633,37.0,37.04999923706055,1106679
2021-11-16,37.43000030517578,37.599998474121094,37.2400016784668,37.5,865912
2021-11-17,37.40999984741211,37.58000183105469,37.150001525878906,37.40999984741211,713532
2021-11-18,36.86000061035156,37.65999984741211,36.70000076293945,37.599998474121094,673336
2021-11-22,36.43000030517578,40.0,36.099998474121094,40.0,783607
2021-11-23,36.31999969482422,36.5,35.599998474121094,36.43000030517578,897327
2021-11-24,35.790000915527344,36.68000030517578,35.70000076293945,36.27000045776367,552844
2021-11-25,36.029998779296875,36.18000030517578,35.599998474121094,36.09000015258789,469259
2021-11-26,35.439998626708984,36.29999923706055,35.349998474121094,36.119998931884766,1000886
2021-11-29,35.61000061035156,38.599998474121094,34.91999816894531,38.599998474121094,1034034
2021-11-30,35.95000076293945,36.38999938964844,35.099998474121094,35.95000076293945,1005936
2021-12-01,36.31999969482422,36.380001068115234,35.7599983215332,36.349998474121094,841827
2021-12-02,36.84000015258789,38.15999984741211,36.209999084472656,38.15999984741211,1083003
2021-12-03,36.7599983215332,37.59000015258789,36.65999984741211,37.59000015258789,882117
2021-12-06,35.72999954223633,37.0,35.68000030517578,37.0,1027511
2021-12-07,35.970001220703125,36.400001525878906,35.63999938964844,36.0,668157
2021-12-08,36.68000030517578,36.869998931884766,36.150001525878906,36.25,842857
2021-12-09,36.66999816894531,37.5099983215332,36.41999816894531,37.5099983215332,658819
2021-12-10,36.630001068115234,36.9900016784668,36.40999984741211,36.9900016784668,593722
2021-12-13,36.83000183105469,37.91999816894531,36.70000076293945,37.189998626708984,666357
2021-12-14,36.779998779296875,37.0,36.5,36.970001220703125,488222
2021-12-15,36.560001373291016,37.040000915527344,36.36000061035156,36.779998779296875,495132
2021-12-16,36.86000061035156,37.189998626708984,36.720001220703125,36.849998474121094,289959
2021-12-17,37.470001220703125,37.779998779296875,36.95000076293945,37.20000076293945,2203134
2021-12-20,36.75,37.88999938964844,36.400001525878906,37.88999938964844,4862578
2021-12-21,37.4900016784668,37.70000076293945,37.0,37.5,778284
2021-12-22,37.83000183105469,37.900001525878906,37.52000045776367,37.849998474121094,349574
2021-12-23,38.11000061035156,38.349998474121094,37.45000076293945,37.81999969482422,981494
2021-12-24,38.70000076293945,38.79999923706055,38.29999923706055,38.41999816894531,2333065
2021-12-27,38.83000183105469,39.20000076293945,38.220001220703125,38.790000915527344,964232
2021-12-28,39.20000076293945,39.400001525878906,38.75,38.75,677408
2021-12-29,39.16999816894531,39.38999938964844,39.0099983215332,39.38999938964844,420611
2021-12-30,39.599998474121094,39.79999923706055,38.93000030517578,39.16999816894531,641964
2021-12-31,39.650001525878906,39.93000030517578,39.33000183105469,39.790000915527344,3465196
2022-01-03,40.0,40.20000076293945,39.65999984741211,40.13999938964844,783547
2022-01-04,40.13999938964844,40.2599983215332,39.709999084472656,40.20000076293945,786354
2022-01-05,39.529998779296875,40.34000015258789,39.349998474121094,40.34000015258789,1511071
2022-01-06,38.93000030517578,39.75,38.66999816894531,39.75,2739255
2022-01-07,39.04999923706055,39.540000915527344,38.900001525878906,39.540000915527344,1278536
2022-01-10,39.08000183105469,40.0,38.900001525878906,40.0,1197178
2022-01-11,39.38999938964844,39.88999938964844,38.93000030517578,39.88999938964844,756650
2022-01-12,39.41999816894531,39.790000915527344,39.34000015258789,39.38999938964844,759698
2022-01-13,39.470001220703125,39.75,39.0,39.400001525878906,1394765
2022-01-14,39.689998626708984,39.9900016784668,38.959999084472656,39.900001525878906,739666
2022-01-17,39.63999938964844,40.279998779296875,39.40999984741211,40.279998779296875,908021
2022-01-18,39.0,40.349998474121094,38.900001525878906,40.349998474121094,1436886
2022-01-19,38.16999816894531,39.13999938964844,38.130001068115234,39.13999938964844,1570403
2022-01-20,37.56999969482422,38.349998474121094,37.40999984741211,38.349998474121094,1870619
2022-01-21,36.709999084472656,41.08000183105469,36.689998626708984,41.08000183105469,5282602
2022-01-24,35.72999954223633,36.95000076293945,35.470001220703125,36.95000076293945,2707808
2022-01-25,35.599998474121094,35.970001220703125,34.790000915527344,35.709999084472656,1613841
2022-01-27,34.439998626708984,38.5,34.099998474121094,38.5,4491156
2022-01-28,34.720001220703125,35.290000915527344,34.45000076293945,34.75,2483134
2022-01-31,35.70000076293945,35.849998474121094,35.0,35.25,1098847
2022-02-01,36.279998779296875,36.599998474121094,35.79999923706055,36.0,1327433
2022-02-02,36.689998626708984,36.97999954223633,36.11000061035156,36.97999954223633,1161248
2022-02-03,35.95000076293945,36.95000076293945,35.849998474121094,36.95000076293945,1392350
2022-02-04,35.86000061035156,38.099998474121094,35.54999923706055,38.099998474121094,2674377
2022-02-07,35.38999938964844,36.20000076293945,35.2599983215332,36.20000076293945,1260356
2022-02-08,35.400001525878906,35.86000061035156,35.0,35.86000061035156,908148
2022-02-09,35.81999969482422,35.88999938964844,35.22999954223633,35.29999923706055,705039
2022-02-10,36.09000015258789,36.150001525878906,35.779998779296875,35.779998779296875,738673
2022-02-11,35.22999954223633,36.0,35.150001525878906,36.0,1908788
2022-02-14,34.72999954223633,35.900001525878906,34.54999923706055,35.900001525878906,2415009
2022-02-15,35.689998626708984,35.83000183105469,34.75,34.79999923706055,1024769
2022-02-16,35.58000183105469,36.13999938964844,35.5,36.13999938964844,1505614
2022-02-17,35.439998626708984,35.790000915527344,35.29999923706055,35.58000183105469,543220
2022-02-18,35.33000183105469,35.5,34.75,35.29999923706055,588809
2022-02-21,35.189998626708984,35.59000015258789,34.849998474121094,35.59000015258789,915941
2022-02-22,34.91999816894531,36.0,34.5,36.0,1548103
2022-02-23,34.900001525878906,35.25,34.81999969482422,35.150001525878906,882882
2022-02-24,33.43000030517578,34.900001525878906,33.20000076293945,34.900001525878906,3427846
2022-02-25,34.22999954223633,34.5,33.560001373291016,33.79999923706055,1127226
2022-02-28,34.709999084472656,37.45000076293945,33.709999084472656,37.45000076293945,1345702
2022-03-02,34.599998474121094,34.900001525878906,34.34000015258789,34.900001525878906,884919
2022-03-03,34.970001220703125,35.22999954223633,34.599998474121094,34.75,4416396
2022-03-04,34.9900016784668,35.2599983215332,34.31999969482422,34.970001220703125,1226885
2022-03-07,34.939998626708984,35.119998931884766,34.119998931884766,34.869998931884766,2052369
2022-03-08,35.7599983215332,35.849998474121094,34.66999816894531,34.939998626708984,1497036
2022-03-09,36.310001373291016,36.4900016784668,35.900001525878906,36.150001525878906,1444548
2022-03-10,36.279998779296875,36.880001068115234,36.099998474121094,36.5,1138055
2022-03-11,36.099998474121094,36.54999923706055,35.7400016784668,36.54999923706055,845356
2022-03-14,36.75,36.97999954223633,35.900001525878906,36.2400016784668,1681542
2022-03-15,36.0099983215332,37.099998474121094,35.900001525878906,37.0,1250136
2022-03-16,36.45000076293945,36.599998474121094,36.11000061035156,36.25,12443682
2022-03-17,36.529998779296875,37.0,36.349998474121094,36.5099983215332,3866479
2022-03-21,36.290000915527344,37.029998779296875,36.220001220703125,36.93000030517578,1033446
2022-03-22,36.84000015258789,36.900001525878906,36.02000045776367,36.900001525878906,1001351
2022-03-23,36.900001525878906,37.150001525878906,36.70000076293945,37.0,987874
2022-03-24,37.310001373291016,37.36000061035156,36.720001220703125,37.0,1642035
2022-03-25,36.95000076293945,37.5,36.849998474121094,37.5,1032413
2022-03-28,36.91999816894531,37.290000915527344,36.599998474121094,36.95000076293945,503436
2022-03-29,36.939998626708984,37.189998626708984,36.75,37.0,411975
2022-03-30,37.290000915527344,37.349998474121094,36.900001525878906,37.25,818348
2022-03-31,37.2400016784668,39.959999084472656,37.11000061035156,39.959999084472656,1099063
2022-04-01,37.209999084472656,37.45000076293945,36.5,37.2400016784668,2713831
2022-04-04,37.310001373291016,38.68000030517578,37.0,38.68000030517578,862544
2022-04-05,37.380001068115234,37.599998474121094,37.29999923706055,37.29999923706055,907861
2022-04-06,36.720001220703125,37.59000015258789,36.68000030517578,37.5,7060204
2022-04-07,36.31999969482422,36.9900016784668,36.25,36.9900016784668,1212225
2022-04-08,36.31999969482422,36.689998626708984,36.119998931884766,36.689998626708984,1469863
2022-04-11,35.79999923706055,37.09000015258789,35.72999954223633,36.599998474121094,2256108
2022-04-12,35.25,39.43000030517578,35.06999969482422,39.43000030517578,2113016
2022-04-13,35.099998474121094,36.83000183105469,35.040000915527344,36.83000183105469,2516945
2022-04-18,33.630001068115234,35.0,33.45000076293945,35.0,9224396
2022-04-19,32.59000015258789,37.70000076293945,32.380001068115234,37.70000076293945,5452837
2022-04-20,32.869998931884766,33.25,32.5,33.11000061035156,3069963
2022-04-21,33.43000030517578,33.54999923706055,32.869998931884766,33.0,1338540
2022-04-22,33.25,34.060001373291016,33.0,34.060001373291016,872613
2022-04-25,32.56999969482422,33.79999923706055,32.439998626708984,33.5,2019678
2022-04-26,32.529998779296875,33.09000015258789,32.47999954223633,32.880001068115234,2649166
2022-04-27,32.380001068115234,32.72999954223633,31.989999771118164,32.72999954223633,6906980
2022-04-28,32.720001220703125,32.97999954223633,32.25,32.650001525878906,4275821
2022-04-29,32.45000076293945,33.20000076293945,32.369998931884766,32.720001220703125,2901582
2022-05-02,31.969999313354492,32.4900016784668,31.760000228881836,32.4900016784668,2213670
2022-05-04,31.600000381469727,32.290000915527344,31.5,32.20000076293945,1931849
2022-05-05,32.25,32.29999923706055,31.649999618530273,31.799999237060547,1117648
2022-05-06,31.549999237060547,32.20000076293945,31.020000457763672,32.0,2992538
2022-05-09,31.579999923706055,31.760000228881836,30.829999923706055,31.229999542236328,1413564
2022-05-10,31.200000762939453,32.0,31.100000381469727,32.0,905508
2022-05-11,30.8799991607666,36.68000030517578,30.399999618530273,33.0,1596371
2022-05-12,30.639999389648438,31.139999389648438,30.0,31.139999389648438,1982983
2022-05-13,30.420000076293945,31.59000015258789,30.299999237060547,31.59000015258789,1796966
2022-05-16,30.200000762939453,35.880001068115234,30.06999969482422,35.880001068115234,1268623
2022-05-17,30.969999313354492,31.059999465942383,30.200000762939453,30.399999618530273,1498791
2022-05-18,30.90999984741211,32.029998779296875,30.850000381469727,30.969999313354492,1134833
2022-05-19,29.110000610351562,31.0,29.0,31.0,5069988
2022-05-20,29.56999969482422,29.8799991607666,29.149999618530273,29.149999618530273,1045906
2022-05-23,29.860000610351562,30.059999465942383,29.420000076293945,29.8700008392334,1282649
2022-05-24,29.309999465942383,32.810001373291016,29.200000762939453,32.810001373291016,989734
2022-05-25,28.3799991607666,29.489999771118164,28.219999313354492,29.489999771118164,4012088
2022-05-26,28.729999542236328,28.889999389648438,28.010000228881836,28.889999389648438,1922520
2022-05-27,29.3700008392334,29.8799991607666,28.940000534057617,29.8799991607666,2243968
2022-05-30,30.549999237060547,30.729999542236328,29.649999618530273,30.5,3182273
2022-05-31,30.6200008392334,33.0,30.1299991607666,32.0,5286646
2022-06-01,30.15999984741211,30.8799991607666,30.0,30.6299991607666,1783539
2022-06-02,30.739999771118164,30.780000686645508,30.040000915527344,30.299999237060547,2088521
2022-06-03,30.790000915527344,34.68000030517578,30.700000762939453,34.68000030517578,4467277
2022-06-06,30.760000228881836,31.290000915527344,28.209999084472656,28.209999084472656,1024809
2022-06-07,30.280000686645508,30.690000534057617,30.110000610351562,30.690000534057617,1153771
2022-06-08,30.3799991607666,30.489999771118164,29.649999618530273,29.649999618530273,761239
2022-06-09,30.610000610351562,30.719999313354492,30.049999237060547,30.3799991607666,692827
2022-06-10,30.059999465942383,30.389999389648438,29.950000762939453,30.389999389648438,1724939
2022-06-13,28.81999969482422,30.059999465942383,28.700000762939453,30.059999465942383,3994367
2022-06-14,28.829999923706055,33.209999084472656,28.549999237060547,33.209999084472656,1924452
2022-06-15,28.739999771118164,29.170000076293945,28.709999084472656,29.0,1071766
2022-06-16,28.010000228881836,29.290000915527344,27.899999618530273,29.0,3490595
2022-06-17,27.600000381469727,27.989999771118164,27.299999237060547,27.989999771118164,3890130
2022-06-20,27.809999465942383,29.040000915527344,27.389999389648438,29.040000915527344,8900147
2022-06-21,28.690000534057617,29.18000030517578,28.0,28.0,2786080
2022-06-22,28.3799991607666,28.8799991607666,28.299999237060547,28.860000610351562,1641608
2022-06-23,28.979999542236328,29.200000762939453,28.3799991607666,28.75,1733171
2022-06-24,28.639999389648438,29.290000915527344,28.40999984741211,29.25,4769472
2022-06-27,29.219999313354492,29.399999618530273,28.639999389648438,28.639999389648438,1457984
2022-06-28,29.329999923706055,29.5,28.709999084472656,29.5,999787
2022-06-29,29.010000228881836,29.600000381469727,28.5,29.600000381469727,959477
2022-06-30,28.649999618530273,29.280000686645508,28.5,29.280000686645508,8471537
2022-07-01,28.799999237060547,29.040000915527344,28.399999618530273,28.75,5810243
2022-07-04,28.709999084472656,29.0,28.489999771118164,28.799999237060547,1442284
2022-07-05,28.56999969482422,29.1200008392334,28.530000686645508,28.90999984741211,7514373
2022-07-06,28.8799991607666,29.0,28.43000030517578,28.75,1430239
2022-07-07,29.079999923706055,29.299999237060547,28.940000534057617,29.0,979338
2022-07-08,29.139999389648438,29.299999237060547,29.0,29.25,6109965
2022-07-11,28.299999237060547,29.0,28.1200008392334,29.0,3915442
2022-07-12,27.979999542236328,28.5,27.940000534057617,28.25,5267317
2022-07-13,27.8700008392334,28.25,27.799999237060547,28.0,1479222
2022-07-14,27.43000030517578,28.149999618530273,27.18000030517578,28.0,8490117
2022-07-15,27.399999618530273,27.59000015258789,27.100000381469727,27.5,2817705
2022-07-18,28.25,28.299999237060547,27.5,27.5,2630126
2022-07-19,28.260000228881836,28.5,27.850000381469727,28.5,1654743
2022-07-20,29.049999237060547,29.100000381469727,28.5,28.5,11306543
2022-07-21,29.31999969482422,29.420000076293945,28.899999618530273,29.049999237060547,1723345
2022-07-22,29.190000534057617,29.600000381469727,28.899999618530273,29.299999237060547,2033800
2022-07-25,29.239999771118164,29.31999969482422,28.899999618530273,29.25,1961343
2022-07-26,28.440000534057617,29.25,28.399999618530273,29.25,2843569
2022-07-27,28.84000015258789,28.8799991607666,28.329999923706055,28.5,1345790
2022-07-28,29.690000534057617,29.75,29.059999465942383,29.059999465942383,4244782
2022-07-29,30.139999389648438,30.389999389648438,29.8799991607666,30.280000686645508,2890077
2022-08-01,30.260000228881836,30.5,30.0,30.25,1630276
2022-08-02,30.059999465942383,30.260000228881836,29.90999984741211,30.260000228881836,1471059
2022-08-03,30.520000457763672,30.56999969482422,29.920000076293945,30.200000762939453,2985852
2022-08-04,30.809999465942383,31.049999237060547,30.270000457763672,30.600000381469727,4038878
2022-08-05,31.030000686645508,31.15999984741211,30.81999969482422,31.0,2452979
2022-08-08,30.979999542236328,31.25,30.719999313354492,31.25,5268005
2022-08-10,30.709999084472656,31.18000030517578,30.520000457763672,31.18000030517578,4279551
2022-08-11,31.270000457763672,31.479999542236328,31.0,31.0,3070770
2022-08-12,30.989999771118164,31.709999084472656,30.899999618530273,31.709999084472656,2132283
2022-08-16,31.010000228881836,31.790000915527344,30.90999984741211,31.200000762939453,1455860
2022-08-17,31.34000015258789,31.420000076293945,30.920000076293945,31.200000762939453,3921077
2022-08-18,31.139999389648438,31.290000915527344,31.0,31.290000915527344,2176456
2022-08-19,31.100000381469727,31.950000762939453,30.979999542236328,31.950000762939453,3088197
2022-08-22,30.5,31.200000762939453,30.479999542236328,31.200000762939453,3013629
2022-08-23,30.0,30.75,29.799999237060547,30.75,4633765
2022-08-24,29.920000076293945,30.280000686645508,29.81999969482422,30.149999618530273,3563751
2022-08-25,29.700000762939453,31.149999618530273,29.65999984741211,31.149999618530273,8440759
2022-08-26,29.770000457763672,30.100000381469727,29.719999313354492,30.0,2104871
2022-08-29,28.670000076293945,29.350000381469727,28.110000610351562,29.25,8977849
2022-08-30,29.40999984741211,29.479999542236328,28.799999237060547,28.899999618530273,2625519
2022-09-01,28.920000076293945,30.75,28.780000686645508,30.75,6255360
2022-09-02,28.780000686645508,29.3799991607666,28.760000228881836,29.100000381469727,3515216
2022-09-05,28.860000610351562,30.739999771118164,28.709999084472656,30.739999771118164,2453066
2022-09-06,28.770000457763672,28.950000762939453,28.610000610351562,28.950000762939453,2648047
2022-09-07,28.899999618530273,29.0,28.540000915527344,29.0,3546303
2022-09-08,29.1200008392334,29.68000030517578,28.899999618530273,29.68000030517578,2236225
2022-09-09,29.799999237060547,29.889999389648438,29.1200008392334,29.1200008392334,5269564
2022-09-12,30.229999542236328,30.350000381469727,29.920000076293945,30.0,8053605
2022-09-13,30.209999084472656,30.780000686645508,30.110000610351562,30.770000457763672,5241356
2022-09-14,29.209999084472656,30.200000762939453,29.149999618530273,30.200000762939453,16271974
2022-09-15,28.790000915527344,29.399999618530273,28.709999084472656,29.34000015258789,9477427
2022-09-16,27.739999771118164,28.770000457763672,27.649999618530273,28.770000457763672,18047742
2022-09-19,27.81999969482422,33.720001220703125,27.5,33.720001220703125,8508789
2022-09-20,28.040000915527344,30.290000915527344,28.0,30.290000915527344,6018221
2022-09-21,27.850000381469727,28.389999389648438,27.799999237060547,28.200000762939453,4722316
2022-09-22,27.790000915527344,28.0,27.549999237060547,27.850000381469727,7014573
2022-09-23,27.59000015258789,28.5,27.549999237060547,28.5,7372426
2022-09-26,27.739999771118164,28.09000015258789,27.260000228881836,28.09000015258789,13692171
2022-09-27,27.989999771118164,28.139999389648438,27.700000762939453,28.0,4191072
2022-09-28,28.059999465942383,28.549999237060547,27.75,28.549999237060547,5296343
2022-09-29,27.850000381469727,28.3799991607666,27.719999313354492,28.239999771118164,4013288
2022-09-30,27.940000534057617,28.040000915527344,27.450000762939453,27.940000534057617,8203546
2022-10-03,27.709999084472656,28.170000076293945,27.579999923706055,28.170000076293945,4574684
2022-10-04,28.40999984741211,28.440000534057617,27.790000915527344,27.790000915527344,4724569
2022-10-06,28.850000381469727,29.889999389648438,28.510000228881836,29.889999389648438,5525355
2022-10-07,28.739999771118164,28.950000762939453,28.59000015258789,28.920000076293945,3242425
2022-10-10,28.979999542236328,29.889999389648438,28.209999084472656,29.889999389648438,4357791
2022-10-11,28.479999542236328,29.260000228881836,28.40999984741211,29.09000015258789,4784667
2022-10-12,28.6200008392334,28.729999542236328,28.360000610351562,28.59000015258789,2842813
2022-10-13,28.459999084472656,28.989999771118164,28.34000015258789,28.989999771118164,2693282
2022-10-14,28.93000030517578,29.309999465942383,28.709999084472656,29.0,8718079
2022-10-17,28.959999084472656,29.15999984741211,28.809999465942383,29.15999984741211,4063243
2022-10-18,29.260000228881836,29.399999618530273,28.969999313354492,28.969999313354492,4334617
2022-10-19,29.059999465942383,29.479999542236328,29.0,29.0,2017520
2022-10-20,29.399999618530273,29.450000762939453,28.93000030517578,29.170000076293945,3099606
2022-10-21,29.31999969482422,29.489999771118164,29.25,29.489999771118164,1801731
2022-10-24,29.6299991607666,29.75,29.3700008392334,29.690000534057617,2440411
2022-10-25,29.719999313354492,29.829999923706055,29.510000228881836,29.649999618530273,3136947
2022-10-27,29.65999984741211,29.940000534057617,29.520000457763672,29.940000534057617,2557970
2022-10-28,29.459999084472656,29.799999237060547,29.399999618530273,29.790000915527344,1775493
2022-10-31,29.809999465942383,29.93000030517578,29.540000915527344,29.889999389648438,3422731
2022-11-01,30.360000610351562,30.399999618530273,29.81999969482422,29.90999984741211,7243729
2022-11-02,30.229999542236328,30.479999542236328,30.0,30.0,2933081
2022-11-03,29.959999084472656,30.469999313354492,29.850000381469727,30.239999771118164,2998703
2022-11-04,29.81999969482422,31.450000762939453,29.600000381469727,31.450000762939453,3296469
2022-11-07,29.8799991607666,30.520000457763672,29.65999984741211,30.520000457763672,2093271
2022-11-09,29.809999465942383,30.079999923706055,29.700000762939453,30.0,1430334
2022-11-10,29.719999313354492,29.799999237060547,29.219999313354492,29.799999237060547,3387949
2022-11-11,30.770000457763672,30.8799991607666,30.100000381469727,30.579999923706055,8638963
2022-11-14,31.040000915527344,31.709999084472656,30.799999237060547,31.709999084472656,3806633
2022-11-15,31.040000915527344,31.200000762939453,30.75,31.200000762939453,2751329
2022-11-16,31.190000534057617,32.25,31.0,32.25,2911065
2022-11-17,30.920000076293945,31.290000915527344,30.850000381469727,31.209999084472656,2356969
2022-11-18,30.8700008392334,31.1200008392334,30.649999618530273,30.90999984741211,2525788
2022-11-21,30.450000762939453,30.989999771118164,30.399999618530273,30.989999771118164,1996455
2022-11-22,30.59000015258789,30.780000686645508,30.25,30.780000686645508,2076319
2022-11-23,30.56999969482422,30.81999969482422,30.520000457763672,30.600000381469727,1351311
2022-11-24,31.350000381469727,31.450000762939453,30.559999465942383,30.56999969482422,11380756
2022-11-25,31.6200008392334,31.700000762939453,31.170000076293945,31.59000015258789,4559111
2022-11-28,31.59000015258789,31.8700008392334,31.450000762939453,31.639999389648438,4568415
2022-11-29,31.610000610351562,31.770000457763672,31.450000762939453,31.549999237060547,2783819
2022-11-30,31.6299991607666,31.75,31.40999984741211,31.649999618530273,2348503
2022-12-01,32.380001068115234,32.689998626708984,31.0,32.150001525878906,7532471
2022-12-02,32.369998931884766,32.59000015258789,32.18000030517578,32.59000015258789,4277306
2022-12-05,32.22999954223633,32.56999969482422,32.04999923706055,32.25,4297396
2022-12-06,31.739999771118164,32.18000030517578,31.6200008392334,32.18000030517578,3787204
2022-12-07,31.459999084472656,31.780000686645508,31.399999618530273,31.780000686645508,2577854
2022-12-08,31.399999618530273,31.989999771118164,31.219999313354492,31.989999771118164,1914722
2022-12-09,30.440000534057617,31.600000381469727,30.290000915527344,31.600000381469727,10348745
2022-12-12,30.270000457763672,30.729999542236328,29.8799991607666,30.719999313354492,4343646
2022-12-13,30.59000015258789,30.6299991607666,30.219999313354492,30.479999542236328,2820376
2022-12-14,30.860000610351562,31.010000228881836,30.59000015258789,30.799999237060547,3383731
2022-12-15,30.34000015258789,30.93000030517578,30.299999237060547,30.90999984741211,3598899
2022-12-16,29.90999984741211,32.060001373291016,29.850000381469727,32.060001373291016,6906162
2022-12-19,29.780000686645508,30.829999923706055,29.649999618530273,29.90999984741211,4566774
2022-12-20,29.809999465942383,29.889999389648438,29.309999465942383,29.75,5264865
2022-12-21,29.90999984741211,30.149999618530273,29.81999969482422,29.81999969482422,3656105
2022-12-22,29.969999313354492,30.239999771118164,29.780000686645508,30.200000762939453,2826116
2022-12-23,29.43000030517578,30.0,29.3700008392334,30.0,4273441
2022-12-26,29.559999465942383,29.690000534057617,29.350000381469727,29.690000534057617,2857679
2022-12-27,29.850000381469727,29.889999389648438,29.540000915527344,29.790000915527344,2474775
2022-12-28,29.729999542236328,29.850000381469727,29.559999465942383,29.850000381469727,2444887
2022-12-29,29.84000015258789,29.979999542236328,29.549999237060547,29.979999542236328,1358626
2022-12-30,29.829999923706055,30.200000762939453,29.0,29.25,1769542
2023-01-02,29.8700008392334,30.010000228881836,29.690000534057617,30.010000228881836,1591337
2023-01-03,30.18000030517578,30.229999542236328,29.829999923706055,29.989999771118164,1982509
2023-01-04,29.889999389648438,30.190000534057617,29.799999237060547,30.190000534057617,1682922
2023-01-05,29.729999542236328,30.030000686645508,29.600000381469727,30.0,2083144
2023-01-06,29.18000030517578,30.950000762939453,29.100000381469727,30.950000762939453,6913399
2023-01-09,29.8700008392334,29.899999618530273,29.350000381469727,29.459999084472656,2830850
2023-01-10,29.6200008392334,31.200000762939453,29.450000762939453,30.0,3031202
2023-01-11,29.81999969482422,30.079999923706055,29.6200008392334,29.6200008392334,2318386
2023-01-12,29.8799991607666,30.1299991607666,29.729999542236328,29.81999969482422,1261107
2023-01-13,30.100000381469727,30.190000534057617,29.5,29.90999984741211,4298282
2023-01-16,30.489999771118164,30.510000228881836,30.139999389648438,30.239999771118164,7685213
2023-01-17,30.6200008392334,30.65999984741211,30.399999618530273,30.649999618530273,2684417
2023-01-18,30.770000457763672,30.93000030517578,30.600000381469727,30.600000381469727,3277243
2023-01-19,30.809999465942383,31.989999771118164,30.5,30.670000076293945,2459928
2023-01-20,30.700000762939453,30.959999084472656,30.549999237060547,30.889999389648438,3979960
2023-01-23,31.260000228881836,33.65999984741211,30.690000534057617,33.65999984741211,4172616
2023-01-24,31.489999771118164,31.700000762939453,31.260000228881836,31.299999237060547,6702312
2023-01-25,31.219999313354492,31.5,31.200000762939453,31.5,5334550
2023-01-27,30.979999542236328,32.150001525878906,30.75,32.150001525878906,5265449
2023-01-30,31.350000381469727,31.489999771118164,30.6200008392334,31.059999465942383,3393735
2023-01-31,31.0,31.489999771118164,30.81999969482422,31.489999771118164,3476747
2023-02-01,31.229999542236328,31.350000381469727,30.860000610351562,31.09000015258789,3106760
2023-02-02,31.829999923706055,31.920000076293945,31.229999542236328,31.59000015258789,5137658
2023-02-03,31.829999923706055,32.13999938964844,31.709999084472656,31.889999389648438,3900420
2023-02-06,31.6299991607666,31.989999771118164,31.3700008392334,31.989999771118164,2747959
2023-02-07,31.540000915527344,31.780000686645508,31.5,31.510000228881836,2150711
2023-02-08,32.119998931884766,32.43000030517578,31.6200008392334,31.93000030517578,12866864
2023-02-09,32.290000915527344,32.33000183105469,31.84000015258789,31.989999771118164,2412999
2023-02-10,32.209999084472656,32.47999954223633,31.299999237060547,32.15999984741211,1713550
2023-02-13,31.610000610351562,32.209999084472656,31.549999237060547,32.209999084472656,2700456
2023-02-14,31.850000381469727,32.0,31.690000534057617,31.690000534057617,1829198
2023-02-15,32.20000076293945,32.25,31.600000381469727,31.709999084472656,2587295
2023-02-16,32.7599983215332,33.0,32.209999084472656,32.650001525878906,13364915
2023-02-17,32.41999816894531,32.790000915527344,32.29999923706055,32.790000915527344,3153940
2023-02-20,32.58000183105469,32.75,32.099998474121094,32.59000015258789,2438759
2023-02-21,32.33000183105469,32.779998779296875,32.20000076293945,32.61000061035156,2139105
2023-02-22,31.8700008392334,32.209999084472656,31.780000686645508,32.209999084472656,7823495
2023-02-23,31.829999923706055,32.18000030517578,31.700000762939453,31.899999618530273,2381247
2023-02-24,31.760000228881836,32.099998474121094,31.700000762939453,32.0,1210917
2023-02-27,31.149999618530273,31.770000457763672,30.850000381469727,31.770000457763672,8723658
2023-02-28,30.940000534057617,31.5,30.8700008392334,31.15999984741211,8815676
2023-03-01,31.43000030517578,31.459999084472656,30.959999084472656,31.170000076293945,1703739
2023-03-02,31.040000915527344,31.3799991607666,30.940000534057617,31.290000915527344,2013128
2023-03-03,31.139999389648438,31.34000015258789,31.079999923706055,31.15999984741211,1616421
2023-03-06,31.420000076293945,31.600000381469727,31.260000228881836,31.260000228881836,2027392
2023-03-08,31.25,31.3799991607666,31.059999465942383,31.3799991607666,4140692
2023-03-09,31.040000915527344,31.5,31.020000457763672,31.34000015258789,1310165
2023-03-10,30.860000610351562,31.139999389648438,30.549999237060547,31.139999389648438,2146238
2023-03-13,30.530000686645508,31.290000915527344,30.450000762939453,30.90999984741211,3374331
2023-03-14,30.040000915527344,30.799999237060547,29.899999618530273,30.799999237060547,6142150
2023-03-15,29.950000762939453,30.489999771118164,29.899999618530273,30.25,2232390
2023-03-16,29.770000457763672,30.1299991607666,29.600000381469727,30.1299991607666,3408586
2023-03-17,29.979999542236328,30.290000915527344,29.8799991607666,29.959999084472656,2883625
2023-03-20,29.530000686645508,30.030000686645508,29.030000686645508,30.030000686645508,5483845
2023-03-21,29.34000015258789,30.399999618530273,29.25,30.399999618530273,3684358
2023-03-22,29.450000762939453,30.200000762939453,29.399999618530273,30.200000762939453,2137174
2023-03-23,29.170000076293945,30.350000381469727,29.06999969482422,30.350000381469727,4287575
2023-03-24,29.15999984741211,29.600000381469727,29.100000381469727,29.25,2816588
2023-03-27,29.170000076293945,29.459999084472656,29.010000228881836,29.3700008392334,1824541
2023-03-28,28.90999984741211,29.43000030517578,28.889999389648438,29.43000030517578,3667253
2023-03-29,29.219999313354492,29.889999389648438,28.850000381469727,29.799999237060547,2587327
2023-03-31,29.84000015258789,29.899999618530273,28.790000915527344,29.219999313354492,3603698
2023-04-03,29.81999969482422,30.290000915527344,29.34000015258789,29.690000534057617,2672664
2023-04-05,30.139999389648438,30.579999923706055,29.709999084472656,29.81999969482422,2584892
2023-04-06,30.010000228881836,30.200000762939453,29.90999984741211,30.200000762939453,2097596
2023-04-10,30.200000762939453,30.25,29.90999984741211,30.190000534057617,1586566
2023-04-11,29.90999984741211,30.280000686645508,29.760000228881836,30.260000228881836,3013481
2023-04-12,30.15999984741211,30.209999084472656,29.799999237060547,30.0,2036527
2023-04-13,29.59000015258789,30.030000686645508,29.479999542236328,30.030000686645508,7126674
2023-04-17,28.18000030517578,29.799999237060547,27.559999465942383,28.700000762939453,42580688
2023-04-18,28.34000015258789,28.75,28.020000457763672,28.399999618530273,9031716
2023-04-19,27.850000381469727,28.489999771118164,27.809999465942383,28.399999618530273,12380722
2023-04-20,27.790000915527344,28.399999618530273,27.75,28.190000534057617,7193527
2023-04-21,27.969999313354492,28.280000686645508,27.75,28.010000228881836,5052195
2023-04-24,28.15999984741211,28.25,27.850000381469727,28.010000228881836,4394615
2023-04-25,28.1200008392334,28.479999542236328,27.969999313354492,28.479999542236328,3814512
2023-04-26,28.229999542236328,28.270000457763672,28.010000228881836,28.1200008392334,3115600
2023-04-27,28.489999771118164,28.530000686645508,28.190000534057617,28.260000228881836,5412830
2023-04-28,28.860000610351562,28.920000076293945,28.59000015258789,28.59000015258789,6925822
2023-05-02,29.239999771118164,29.34000015258789,28.8799991607666,29.190000534057617,7294402
2023-05-03,28.959999084472656,29.389999389648438,28.90999984741211,29.389999389648438,5274698
2023-05-04,29.079999923706055,29.190000534057617,28.850000381469727,29.010000228881836,3694105
2023-05-05,28.920000076293945,29.190000534057617,28.850000381469727,29.09000015258789,3499336
2023-05-08,29.1200008392334,29.15999984741211,28.950000762939453,29.15999984741211,3255048
2023-05-09,29.309999465942383,29.350000381469727,29.1200008392334,29.190000534057617,4363866
2023-05-10,29.329999923706055,29.479999542236328,29.219999313354492,29.350000381469727,3382518
2023-05-11,29.360000610351562,29.690000534057617,29.299999237060547,29.600000381469727,3760371
2023-05-12,29.290000915527344,29.510000228881836,29.1299991607666,29.510000228881836,3048329
2023-05-15,29.399999618530273,29.75,29.200000762939453,29.75,3674918
2023-05-16,29.479999542236328,29.639999389648438,29.440000534057617,29.56999969482422,3132017
2023-05-17,29.200000762939453,29.65999984741211,29.040000915527344,29.65999984741211,6834728
2023-05-18,29.139999389648438,29.450000762939453,29.100000381469727,29.399999618530273,2250759
2023-05-19,29.530000686645508,29.56999969482422,29.15999984741211,29.15999984741211,5858166
2023-05-22,30.270000457763672,30.309999465942383,29.43000030517578,29.520000457763672,9060888
2023-05-23,30.15999984741211,30.600000381469727,30.1200008392334,30.3799991607666,8142095
2023-05-24,30.1200008392334,30.239999771118164,29.8700008392334,30.139999389648438,3844959
2023-05-25,30.200000762939453,30.229999542236328,29.979999542236328,30.229999542236328,2615957
2023-05-26,30.579999923706055,30.700000762939453,30.190000534057617,30.200000762939453,5965881
2023-05-29,30.540000915527344,30.950000762939453,30.5,30.670000076293945,6481035
2023-05-30,30.600000381469727,30.709999084472656,30.479999542236328,30.690000534057617,3215006
2023-05-31,30.610000610351562,30.770000457763672,30.260000228881836,30.639999389648438,3206848
2023-06-01,30.719999313354492,30.889999389648438,30.670000076293945,30.68000030517578,3586465
2023-06-02,30.739999771118164,30.940000534057617,30.68000030517578,30.719999313354492,2539968
2023-06-05,30.6299991607666,30.989999771118164,30.600000381469727,30.780000686645508,3617842
2023-06-06,30.079999923706055,30.729999542236328,29.8700008392334,30.729999542236328,11928841
2023-06-07,30.290000915527344,30.350000381469727,30.149999618530273,30.25,3735765
2023-06-08,29.959999084472656,30.3700008392334,29.950000762939453,30.290000915527344,5305261
2023-06-09,29.739999771118164,30.09000015258789,29.700000762939453,30.09000015258789,6596678
2023-06-12,30.110000610351562,30.149999618530273,29.75,29.979999542236328,3597013
2023-06-13,30.209999084472656,30.440000534057617,30.15999984741211,30.239999771118164,4511847
2023-06-14,30.15999984741211,30.280000686645508,30.010000228881836,30.270000457763672,3735998
2023-06-15,30.09000015258789,30.290000915527344,30.0,30.0,2957289
2023-06-16,30.030000686645508,30.170000076293945,29.8700008392334,30.170000076293945,4671864
2023-06-19,30.1200008392334,30.139999389648438,30.0,30.030000686645508,2556984
2023-06-20,30.329999923706055,30.3799991607666,30.059999465942383,30.1200008392334,3844658
2023-06-21,30.389999389648438,30.489999771118164,30.280000686645508,30.489999771118164,3587280
2023-06-22,30.25,30.440000534057617,30.18000030517578,30.43000030517578,3045221
2023-06-23,29.989999771118164,30.260000228881836,29.920000076293945,30.260000228881836,6722203
2023-06-26,29.950000762939453,30.09000015258789,29.889999389648438,29.989999771118164,4451725
2023-06-27,30.1299991607666,30.239999771118164,29.989999771118164,30.239999771118164,3126168
2023-06-28,30.219999313354492,30.43000030517578,30.149999618530273,30.25,3097658
2023-06-30,30.940000534057617,30.989999771118164,30.260000228881836,30.489999771118164,11011331
2023-07-03,30.809999465942383,31.229999542236328,30.790000915527344,30.950000762939453,8368303
2023-07-04,31.1299991607666,31.15999984741211,30.860000610351562,30.969999313354492,4769712
2023-07-05,31.260000228881836,31.790000915527344,31.139999389648438,31.399999618530273,6190922
2023-07-06,31.299999237060547,31.43000030517578,31.15999984741211,31.229999542236328,4489622
2023-07-07,31.020000457763672,31.389999389648438,30.979999542236328,31.25,6503608
2023-07-10,30.670000076293945,31.360000610351562,30.579999923706055,31.360000610351562,6403766
2023-07-11,30.809999465942383,30.889999389648438,30.610000610351562,30.670000076293945,4101168
2023-07-12,30.610000610351562,30.959999084472656,30.510000228881836,30.899999618530273,3856575
2023-07-13,31.079999923706055,31.329999923706055,30.25,30.25,8026452
2023-07-14,32.41999816894531,32.5,31.239999771118164,31.420000076293945,17791917
2023-07-17,32.58000183105469,33.20000076293945,32.400001525878906,32.5,15900581
2023-07-18,32.91999816894531,33.0,32.400001525878906,32.939998626708984,8246711
2023-07-19,32.90999984741211,33.29999923706055,32.63999938964844,32.9900016784668,7007118
2023-07-20,32.7599983215332,33.0,32.59000015258789,33.0,5164401
2023-07-21,31.43000030517578,32.689998626708984,31.31999969482422,32.689998626708984,26631865
2023-07-24,31.40999984741211,31.770000457763672,31.350000381469727,31.59000015258789,5518476
2023-07-25,31.31999969482422,31.719999313354492,31.25,31.420000076293945,4262851
2023-07-26,31.3700008392334,31.540000915527344,31.34000015258789,31.34000015258789,3460430
2023-07-27,31.309999465942383,31.5,31.229999542236328,31.479999542236328,5254347
2023-07-28,31.049999237060547,31.469999313354492,30.8799991607666,31.469999313354492,6702575
2023-07-31,31.469999313354492,31.5,31.049999237060547,31.059999465942383,4614644
2023-08-01,31.780000686645508,31.850000381469727,31.40999984741211,31.469999313354492,5390920
2023-08-02,31.579999923706055,32.439998626708984,31.309999465942383,32.439998626708984,4442374
2023-08-03,31.489999771118164,31.600000381469727,31.25,31.549999237060547,3441688
2023-08-04,31.959999084472656,32.09000015258789,31.5,31.6299991607666,7368929
2023-08-07,32.29999923706055,32.349998474121094,31.959999084472656,31.959999084472656,5578693
2023-08-08,32.36000061035156,32.5,32.20000076293945,32.5,4321466
2023-08-09,32.47999954223633,32.5,32.130001068115234,32.22999954223633,4360598
2023-08-10,32.38999938964844,32.88999938964844,32.33000183105469,32.47999954223633,2932817
2023-08-11,32.41999816894531,32.689998626708984,32.34000015258789,32.43000030517578,4228524
2023-08-14,32.54999923706055,32.63999938964844,32.11000061035156,32.41999816894531,4591187
2023-08-16,32.75,32.959999084472656,32.29999923706055,32.959999084472656,4747272
2023-08-17,32.619998931884766,32.869998931884766,32.5,32.77000045776367,2853560
2023-08-18,32.220001220703125,32.650001525878906,32.099998474121094,32.63999938964844,5938412
2023-08-21,32.459999084472656,32.689998626708984,32.099998474121094,32.689998626708984,2748368
2023-08-22,32.4900016784668,32.599998474121094,32.349998474121094,32.4900016784668,3352457
2023-08-23,32.5,33.0,32.41999816894531,33.0,2868215
2023-08-24,32.650001525878906,32.7599983215332,32.52000045776367,32.52000045776367,3081903
2023-08-25,32.40999984741211,32.63999938964844,32.29999923706055,32.63999938964844,2831595
2023-08-28,32.29999923706055,32.63999938964844,32.27000045776367,32.41999816894531,2216996
2023-08-29,32.38999938964844,32.5,32.310001373291016,32.47999954223633,1862725
2023-08-30,32.72999954223633,32.959999084472656,32.5099983215332,32.959999084472656,5078770
2023-08-31,32.720001220703125,33.0,32.650001525878906,32.90999984741211,5243808
2023-09-01,33.06999969482422,33.119998931884766,32.349998474121094,32.68000030517578,5183323
2023-09-04,33.81999969482422,33.86000061035156,33.04999923706055,33.349998474121094,10409479
2023-09-05,33.970001220703125,34.29999923706055,33.650001525878906,34.29999923706055,7150162
2023-09-06,33.95000076293945,34.209999084472656,32.68000030517578,33.099998474121094,5404696
2023-09-07,34.04999923706055,34.13999938964844,33.79999923706055,33.959999084472656,4118840
2023-09-08,34.06999969482422,34.2400016784668,34.0,34.060001373291016,3542507
2023-09-11,34.279998779296875,34.5,34.04999923706055,34.06999969482422,4928562
2023-09-12,34.68000030517578,34.849998474121094,34.029998779296875,34.349998474121094,9603553
2023-09-13,34.599998474121094,35.0,34.40999984741211,34.9900016784668,5104094
2023-09-14,34.720001220703125,34.939998626708984,34.29999923706055,34.70000076293945,5474816
2023-09-15,35.06999969482422,35.13999938964844,34.779998779296875,34.970001220703125,5518889
2023-09-18,34.81999969482422,35.34000015258789,34.75,35.08000183105469,5119972
2023-09-20,34.599998474121094,35.0,34.459999084472656,35.0,4390674
2023-09-21,34.52000045776367,35.20000076293945,34.119998931884766,34.4900016784668,4710172
2023-09-22,34.59000015258789,34.79999923706055,34.29999923706055,34.45000076293945,3520423
2023-09-25,34.310001373291016,35.25,34.209999084472656,35.25,2910682
2023-09-26,34.13999938964844,34.38999938964844,34.06999969482422,34.36000061035156,2433942
2023-09-27,34.290000915527344,34.5,33.959999084472656,34.290000915527344,2185038
2023-09-28,33.540000915527344,34.4900016784668,33.45000076293945,34.29999923706055,5964955
2023-09-29,33.4900016784668,34.0099983215332,33.16999816894531,34.0099983215332,4880071
2023-10-03,33.349998474121094,34.150001525878906,33.130001068115234,34.150001525878906,3615285
2023-10-04,33.459999084472656,34.25,32.900001525878906,34.25,4225341
2023-10-05,33.7599983215332,33.9900016784668,33.5,33.7400016784668,3213103
2023-10-06,34.0099983215332,34.099998474121094,33.7599983215332,33.9900016784668,17690806
2023-10-09,33.880001068115234,34.25,33.75,34.02000045776367,4402773
2023-10-10,34.18000030517578,34.2400016784668,33.810001373291016,33.880001068115234,2726170
2023-10-11,34.209999084472656,34.59000015258789,34.11000061035156,34.47999954223633,3517380
2023-10-12,33.66999816894531,34.47999954223633,33.599998474121094,34.400001525878906,4053374
2023-10-13,33.459999084472656,33.63999938964844,33.0099983215332,33.61000061035156,7328280
2023-10-16,33.38999938964844,34.06999969482422,33.36000061035156,34.06999969482422,3940582
2023-10-17,33.43000030517578,34.0,33.38999938964844,33.400001525878906,2256798
2023-10-18,33.22999954223633,34.45000076293945,33.20000076293945,34.45000076293945,2489467
2023-10-19,33.220001220703125,34.400001525878906,33.0,34.400001525878906,3272926
2023-10-20,33.119998931884766,33.38999938964844,32.970001220703125,33.2400016784668,6325332
2023-10-23,32.4900016784668,33.540000915527344,32.400001525878906,33.13999938964844,20038383
2023-10-25,32.279998779296875,32.75,32.150001525878906,32.540000915527344,5078484
2023-10-26,32.040000915527344,32.25,31.790000915527344,32.2400016784668,6993128
2023-10-27,32.349998474121094,32.4900016784668,32.04999923706055,32.04999923706055,2624625
2023-10-30,32.36000061035156,32.900001525878906,32.189998626708984,32.5,2318989
2023-10-31,32.27000045776367,32.650001525878906,32.15999984741211,32.34000015258789,2266736
2023-11-01,32.099998474121094,33.099998474121094,31.809999465942383,31.809999465942383,2144257
2023-11-02,32.380001068115234,32.79999923706055,32.099998474121094,32.79999923706055,2185107
2023-11-03,32.59000015258789,32.72999954223633,32.459999084472656,32.68000030517578,1525450
2023-11-06,32.709999084472656,33.09000015258789,32.59000015258789,32.599998474121094,2072745
2023-11-07,32.7599983215332,32.88999938964844,32.61000061035156,32.88999938964844,1698448
2023-11-08,32.650001525878906,32.97999954223633,32.61000061035156,32.97999954223633,1617208
2023-11-09,32.5099983215332,32.88999938964844,32.45000076293945,32.88999938964844,1432476
2023-11-10,32.43000030517578,32.900001525878906,32.29999923706055,32.900001525878906,1814442
2023-11-13,32.400001525878906,32.88999938964844,32.33000183105469,32.7400016784668,2146157
2023-11-15,33.18000030517578,33.2400016784668,32.560001373291016,32.560001373291016,5216007
2023-11-16,34.040000915527344,34.2400016784668,33.16999816894531,33.16999816894531,9190304
2023-11-17,33.970001220703125,35.0,33.90999984741211,34.0,3256629
2023-11-20,34.18000030517578,34.41999816894531,33.61000061035156,33.959999084472656,4040865
2023-11-21,34.119998931884766,34.41999816894531,34.099998474121094,34.2599983215332,2506623
2023-11-22,34.369998931884766,34.400001525878906,33.29999923706055,34.150001525878906,3262526
2023-11-23,34.189998626708984,34.5,34.16999816894531,34.400001525878906,2019976
2023-11-24,33.90999984741211,34.599998474121094,33.86000061035156,34.349998474121094,2053249
2023-11-28,33.959999084472656,34.400001525878906,33.400001525878906,33.900001525878906,2405750
2023-11-29,34.40999984741211,34.47999954223633,33.40999984741211,33.779998779296875,5471682
2023-11-30,34.400001525878906,34.58000183105469,33.400001525878906,34.40999984741211,3654608
2023-12-01,34.41999816894531,34.59000015258789,34.33000183105469,34.59000015258789,2952631
2023-12-04,34.4900016784668,35.189998626708984,34.400001525878906,34.65999984741211,4878460
2023-12-05,34.27000045776367,34.880001068115234,34.11000061035156,34.880001068115234,5828419
2023-12-06,34.95000076293945,35.0,34.2599983215332,34.880001068115234,9286845
2023-12-07,34.84000015258789,35.20000076293945,34.7599983215332,34.959999084472656,4434974
2023-12-08,35.27000045776367,35.310001373291016,34.849998474121094,35.0,7691620
2023-12-11,35.400001525878906,35.97999954223633,34.81999969482422,35.27000045776367,4356364
2023-12-12,35.33000183105469,35.75,35.209999084472656,35.40999984741211,4860087
2023-12-13,34.9900016784668,35.5,34.630001068115234,35.4900016784668,6068343
2023-12-14,36.09000015258789,36.22999954223633,34.959999084472656,34.959999084472656,15458171
2023-12-15,37.88999938964844,38.0,36.09000015258789,36.09000015258789,25614508
2023-12-18,37.86000061035156,38.5,37.5,38.18000030517578,15597149
2023-12-19,37.38999938964844,38.95000076293945,37.150001525878906,38.95000076293945,7402764
2023-12-20,36.709999084472656,38.20000076293945,36.54999923706055,37.40999984741211,9833431
2023-12-21,36.88999938964844,37.029998779296875,34.25,37.0,5710129
2023-12-22,37.70000076293945,37.849998474121094,36.77000045776367,37.0,5761095
2023-12-26,37.54999923706055,37.79999923706055,37.060001373291016,37.79999923706055,5384568
2023-12-27,37.72999954223633,37.970001220703125,37.45000076293945,37.65999984741211,4912091
2023-12-28,37.720001220703125,38.9900016784668,37.619998931884766,38.9900016784668,3567491
2023-12-29,37.36000061035156,37.79999923706055,36.93000030517578,37.75,7634241
2024-01-01,37.68000030517578,38.099998474121094,37.16999816894531,38.099998474121094,4456432
2024-01-02,37.33000183105469,37.97999954223633,37.15999984741211,37.97999954223633,4272015
2024-01-03,36.43000030517578,37.33000183105469,36.349998474121094,37.33000183105469,12410567
2024-01-04,36.40999984741211,37.5,36.11000061035156,37.5,7846356
2024-01-05,36.849998474121094,37.0,36.41999816894531,36.70000076293945,5989750
2024-01-08,36.5099983215332,37.13999938964844,36.41999816894531,36.86000061035156,3450076
2024-01-09,36.63999938964844,37.09000015258789,36.54999923706055,36.849998474121094,4691368
2024-01-10,36.7599983215332,36.9900016784668,36.0,36.619998931884766,2865648
2024-01-11,36.720001220703125,37.06999969482422,36.630001068115234,36.939998626708984,3231351
2024-01-12,38.540000915527344,38.599998474121094,37.09000015258789,37.09000015258789,23489935
2024-01-15,38.540000915527344,38.540000915527344,38.540000915527344,38.540000915527344,0
2024-01-16,38.81999969482422,39.54999923706055,38.650001525878906,39.52000045776367,5450878
2024-01-17,38.97999954223633,39.15999984741211,38.06999969482422,38.79999923706055,7129906
2024-01-18,38.7599983215332,39.15999984741211,38.119998931884766,38.95000076293945,5298842
2024-01-19,39.209999084472656,39.43000030517578,38.7400016784668,38.7400016784668,3740394
2024-01-23,38.650001525878906,39.59000015258789,38.529998779296875,39.0,4578421
2024-01-24,39.27000045776367,39.5,38.599998474121094,38.650001525878906,3667414
2024-01-25,38.68000030517578,39.47999954223633,38.54999923706055,39.47999954223633,4705651
2024-01-29,38.689998626708984,38.84000015258789,38.560001373291016,38.84000015258789,4066832
2024-01-30,38.61000061035156,39.849998474121094,38.54999923706055,39.849998474121094,2877183
2024-01-31,38.779998779296875,38.84000015258789,38.459999084472656,38.779998779296875,2277244
2024-02-01,38.689998626708984,39.5,38.619998931884766,39.5,2921576
2024-02-02,39.47999954223633,39.849998474121094,38.84000015258789,39.45000076293945,6014295
2024-02-05,39.349998474121094,39.90999984741211,39.27000045776367,39.529998779296875,3646272
2024-02-06,40.5,40.630001068115234,39.36000061035156,39.689998626708984,15736935
2024-02-07,40.09000015258789,40.939998626708984,40.02000045776367,40.939998626708984,5685985
2024-02-08,40.15999984741211,41.0,39.93000030517578,40.900001525878906,2897142
2024-02-09,40.0,40.31999969482422,39.72999954223633,40.27000045776367,2883902
2024-02-12,40.189998626708984,40.52000045776367,40.0099983215332,40.380001068115234,5296231
2024-02-13,40.439998626708984,40.47999954223633,39.79999923706055,40.369998931884766,2683402
2024-02-14,40.02000045776367,40.290000915527344,39.4900016784668,40.290000915527344,5412853
2024-02-15,40.20000076293945,41.0,39.93000030517578,41.0,5240723
2024-02-16,40.70000076293945,40.75,40.2599983215332,40.400001525878906,5214967
2024-02-19,40.58000183105469,41.0,40.29999923706055,40.70000076293945,5575408
2024-02-20,40.2599983215332,40.56999969482422,40.02000045776367,40.56999969482422,4076718
2024-02-21,39.66999816894531,41.45000076293945,39.599998474121094,41.45000076293945,4984911
2024-02-22,40.34000015258789,40.400001525878906,39.68000030517578,39.90999984741211,4080251
2024-02-23,40.29999923706055,41.560001373291016,40.209999084472656,41.560001373291016,3214636
2024-02-26,39.88999938964844,40.79999923706055,39.68000030517578,40.79999923706055,3811759
2024-02-27,40.08000183105469,40.20000076293945,39.849998474121094,40.20000076293945,2922186
2024-02-28,39.970001220703125,40.38999938964844,39.79999923706055,40.38999938964844,3221399
2024-02-29,39.970001220703125,40.13999938964844,39.63999938964844,40.13999938964844,2789861
2024-03-01,39.810001373291016,41.150001525878906,39.7599983215332,41.150001525878906,2905176
2024-03-04,39.599998474121094,40.5,39.560001373291016,40.5,3799461
2024-03-05,38.9900016784668,39.84000015258789,38.880001068115234,39.84000015258789,7772637
2024-03-06,39.209999084472656,39.29999923706055,38.349998474121094,38.97999954223633,7049288
2024-03-07,39.349998474121094,39.52000045776367,39.060001373291016,39.20000076293945,3365770
2024-03-11,39.220001220703125,39.54999923706055,39.060001373291016,39.54999923706055,3606303
2024-03-12,39.369998931884766,39.75,39.220001220703125,39.25,4062509
2024-03-13,39.0099983215332,39.720001220703125,38.810001373291016,39.66999816894531,4965530
2024-03-14,39.849998474121094,39.95000076293945,38.7400016784668,38.970001220703125,5253987
2024-03-15,39.68000030517578,40.2400016784668,39.45000076293945,40.2400016784668,1975278
2024-03-18,39.119998931884766,39.880001068115234,39.0,39.880001068115234,2912656
2024-03-19,38.02000045776367,39.33000183105469,37.95000076293945,39.119998931884766,9009582
2024-03-20,37.93000030517578,38.400001525878906,37.86000061035156,38.400001525878906,4078219
2024-03-21,38.20000076293945,38.47999954223633,38.0,38.47999954223633,3162495
2024-03-22,37.40999984741211,39.349998474121094,36.869998931884766,39.349998474121094,14130955
2024-03-26,37.11000061035156,37.79999923706055,37.08000183105469,37.79999923706055,5964137
2024-03-27,36.88999938964844,37.97999954223633,36.84000015258789,37.97999954223633,5545566
2024-03-28,37.04999923706055,37.380001068115234,36.689998626708984,37.29999923706055,7905004
2024-04-01,37.18000030517578,37.880001068115234,37.09000015258789,37.880001068115234,5661691
2024-04-02,36.93000030517578,37.5,36.900001525878906,37.5,7846447
2024-04-03,37.15999984741211,37.369998931884766,36.77000045776367,37.22999954223633,8340853
2024-04-04,37.59000015258789,37.72999954223633,37.060001373291016,37.630001068115234,11420567
2024-04-05,37.41999816894531,37.880001068115234,37.25,37.869998931884766,9797175
2024-04-08,37.209999084472656,37.97999954223633,37.0099983215332,37.20000076293945,16304144
2024-04-09,37.18000030517578,37.68000030517578,37.130001068115234,37.630001068115234,9860107
2024-04-10,37.400001525878906,37.849998474121094,37.09000015258789,37.849998474121094,5876551
2024-04-12,37.18000030517578,37.70000076293945,37.150001525878906,37.45000076293945,6746323
2024-04-15,36.56999969482422,37.25,36.45000076293945,37.25,12441561
2024-04-16,35.63999938964844,36.61000061035156,35.58000183105469,36.61000061035156,20716835
2024-04-18,35.560001373291016,36.45000076293945,35.5,35.900001525878906,15586463
2024-04-19,35.41999816894531,35.59000015258789,34.75,35.400001525878906,11424718
2024-04-22,35.59000015258789,35.72999954223633,35.31999969482422,35.43000030517578,7913821
2024-04-23,35.7599983215332,35.939998626708984,35.630001068115234,35.709999084472656,4983145
2024-04-24,35.4900016784668,35.880001068115234,35.43000030517578,35.849998474121094,5857223
2024-04-25,35.58000183105469,35.68000030517578,35.0,35.36000061035156,6289387
2024-04-26,35.68000030517578,36.650001525878906,35.54999923706055,36.650001525878906,10684272
2024-04-29,35.630001068115234,35.97999954223633,35.56999969482422,35.68000030517578,7041915
2024-04-30,35.25,35.880001068115234,35.189998626708984,35.86000061035156,9652261
2024-05-02,35.22999954223633,35.540000915527344,35.06999969482422,35.2599983215332,6170773
2024-05-03,34.939998626708984,35.75,34.59000015258789,35.75,24154991
2024-05-06,35.22999954223633,35.349998474121094,34.95000076293945,34.9900016784668,5926628
2024-05-07,35.52000045776367,35.56999969482422,35.04999923706055,35.439998626708984,7025703
2024-05-08,35.40999984741211,35.68000030517578,35.29999923706055,35.59000015258789,3982928
2024-05-09,35.22999954223633,35.5099983215332,35.06999969482422,35.5099983215332,4705455
2024-05-10,34.88999938964844,35.369998931884766,34.810001373291016,35.29999923706055,8348418
2024-05-13,35.11000061035156,35.16999816894531,34.709999084472656,34.97999954223633,4826417
2024-05-14,35.11000061035156,35.43000030517578,34.970001220703125,35.29999923706055,5655632
2024-05-15,35.189998626708984,35.38999938964844,35.0,35.33000183105469,4181217
2024-05-16,35.720001220703125,35.849998474121094,35.33000183105469,35.33000183105469,9810797
2024-05-17,35.560001373291016,35.869998931884766,35.540000915527344,35.779998779296875,5464626
2024-05-21,35.5099983215332,35.72999954223633,35.20000076293945,35.709999084472656,5769600
2024-05-22,35.689998626708984,35.79999923706055,35.5099983215332,35.5099983215332,5245335
2024-05-23,36.130001068115234,36.20000076293945,35.54999923706055,35.689998626708984,13177142
2024-05-24,35.97999954223633,36.349998474121094,35.939998626708984,36.349998474121094,7881147
2024-05-27,36.15999984741211,36.33000183105469,35.90999984741211,36.33000183105469,9607952
2024-05-28,36.0099983215332,36.45000076293945,35.97999954223633,36.2400016784668,6232020
2024-05-29,35.709999084472656,36.189998626708984,35.68000030517578,36.0,9097126
2024-05-30,35.0099983215332,35.880001068115234,34.79999923706055,35.880001068115234,14837926
2024-05-31,34.70000076293945,35.18000030517578,34.58000183105469,35.18000030517578,9441633
2024-06-03,34.91999816894531,35.900001525878906,34.77000045776367,35.75,8519567
2024-06-04,34.7599983215332,35.47999954223633,34.0099983215332,35.189998626708984,13863225
2024-06-05,35.29999923706055,35.79999923706055,34.70000076293945,35.79999923706055,9708298
2024-06-06,36.29999923706055,36.400001525878906,35.29999923706055,35.83000183105469,14809744
2024-06-07,37.47999954223633,37.58000183105469,36.29999923706055,36.41999816894531,34638227
2024-06-10,36.939998626708984,37.95000076293945,36.7599983215332,37.95000076293945,24042900
2024-06-11,36.91999816894531,37.16999816894531,36.86000061035156,37.09000015258789,6878129
2024-06-12,36.959999084472656,37.349998474121094,36.90999984741211,37.119998931884766,6827804
2024-06-13,37.279998779296875,37.369998931884766,37.0,37.0,8518419
2024-06-14,37.02000045776367,37.47999954223633,36.970001220703125,37.279998779296875,5402488
2024-06-18,37.130001068115234,37.25,36.90999984741211,37.040000915527344,9442814
2024-06-19,37.310001373291016,37.380001068115234,36.95000076293945,37.290000915527344,12419902
2024-06-20,37.2599983215332,37.47999954223633,37.130001068115234,37.47999954223633,5323662
2024-06-21,37.58000183105469,38.290000915527344,37.36000061035156,37.36000061035156,22150794
2024-06-24,37.47999954223633,37.689998626708984,37.27000045776367,37.689998626708984,5910322
2024-06-25,37.88999938964844,37.939998626708984,37.349998474121094,37.619998931884766,11894705
2024-06-26,37.83000183105469,38.150001525878906,37.7599983215332,38.150001525878906,6331539
2024-06-27,38.540000915527344,38.599998474121094,37.20000076293945,37.20000076293945,21294750
2024-06-28,38.599998474121094,38.75,38.41999816894531,38.599998474121094,10713505
2024-07-01,39.310001373291016,39.54999923706055,38.52000045776367,38.599998474121094,19417714
2024-07-02,39.77000045776367,40.0,39.36000061035156,39.400001525878906,20275361
2024-07-03,39.779998779296875,40.060001373291016,39.599998474121094,39.77000045776367,9617122
2024-07-04,40.22999954223633,40.43000030517578,39.400001525878906,39.400001525878906,13076472
2024-07-05,40.2400016784668,40.400001525878906,40.02000045776367,40.369998931884766,7924012
2024-07-08,40.22999954223633,40.45000076293945,40.02000045776367,40.25,7557952
2024-07-09,40.16999816894531,40.470001220703125,40.119998931884766,40.470001220703125,6096949
2024-07-10,39.75,40.380001068115234,39.599998474121094,40.380001068115234,10089182
2024-07-11,39.810001373291016,40.130001068115234,39.61000061035156,39.83000183105469,4097448
2024-07-12,41.61000061035156,41.849998474121094,39.810001373291016,39.810001373291016,28168620
2024-07-15,41.61000061035156,42.25,41.52000045776367,42.0,14001876
2024-07-16,41.790000915527344,42.0,41.33000183105469,41.869998931884766,10163662
2024-07-18,42.66999816894531,42.79999923706055,41.38999938964844,42.20000076293945,15190628
2024-07-19,42.61000061035156,43.4900016784668,42.5,42.709999084472656,18258460
2024-07-22,42.41999816894531,42.61000061035156,42.029998779296875,42.400001525878906,8670447
2024-07-23,42.90999984741211,43.040000915527344,41.709999084472656,42.880001068115234,15131374
2024-07-24,42.849998474121094,43.380001068115234,42.66999816894531,43.380001068115234,5269502
2024-07-25,42.7599983215332,42.90999984741211,42.41999816894531,42.86000061035156,5997832
2024-07-26,43.75,43.849998474121094,42.7599983215332,42.7599983215332,7701607
2024-07-29,43.709999084472656,44.220001220703125,43.31999969482422,43.75,5792599
2024-07-30,43.619998931884766,44.25,43.400001525878906,44.25,4444171
2024-07-31,43.68000030517578,43.970001220703125,43.52000045776367,43.79999923706055,3238317
2024-08-01,43.599998474121094,43.88999938964844,43.40999984741211,43.77000045776367,5142676
2024-08-02,42.59000015258789,43.5,42.52000045776367,43.5,14057094
2024-08-05,41.29999923706055,42.189998626708984,40.52000045776367,42.189998626708984,21849439
2024-08-06,41.220001220703125,42.20000076293945,40.970001220703125,41.29999923706055,5623505
2024-08-07,41.880001068115234,42.20000076293945,41.529998779296875,42.20000076293945,3207533
2024-08-08,41.209999084472656,41.97999954223633,41.060001373291016,41.79999923706055,3358666
2024-08-09,41.83000183105469,42.0099983215332,41.470001220703125,41.81999969482422,4386115
2024-08-12,41.810001373291016,42.04999923706055,41.459999084472656,41.83000183105469,2948449
2024-08-13,41.75,42.130001068115234,41.650001525878906,41.959999084472656,3585375
2024-08-14,42.459999084472656,42.599998474121094,41.790000915527344,41.97999954223633,4568697
2024-08-16,43.720001220703125,43.95000076293945,42.61000061035156,42.790000915527344,8291881
2024-08-19,44.06999969482422,44.13999938964844,43.599998474121094,43.709999084472656,5061369
2024-08-20,44.4900016784668,44.650001525878906,44.119998931884766,44.25,4968585
2024-08-21,44.4900016784668,44.54999923706055,44.29999923706055,44.4900016784668,4202570
2024-08-22,44.439998626708984,44.75,44.34000015258789,44.70000076293945,4118770
2024-08-23,44.029998779296875,44.75,43.95000076293945,44.400001525878906,3756012
2024-08-26,44.540000915527344,44.75,44.130001068115234,44.4900016784668,4851727
2024-08-27,44.529998779296875,44.79999923706055,44.45000076293945,44.58000183105469,2745783
2024-08-28,45.40999984741211,45.720001220703125,44.470001220703125,45.0,13510024
2024-08-29,45.5,46.75,45.06999969482422,46.75,12388576
2024-08-30,45.66999816894531,45.900001525878906,45.400001525878906,45.900001525878906,5581193
2024-09-02,45.97999954223633,46.25,45.5,45.9900016784668,4928664
2024-09-03,45.77000045776367,46.63999938964844,45.709999084472656,46.63999938964844,3762936
2024-09-04,45.439998626708984,45.560001373291016,44.900001525878906,45.560001373291016,4627327
2024-09-05,45.63999938964844,46.0,45.290000915527344,46.0,3031510
2024-09-06,45.189998626708984,45.97999954223633,45.119998931884766,45.97999954223633,4935880
2024-09-09,44.81999969482422,45.34000015258789,44.689998626708984,45.189998626708984,4473117
2024-09-10,45.63999938964844,45.86000061035156,44.91999816894531,44.939998626708984,3772786
2024-09-11,45.4900016784668,46.25,45.400001525878906,46.25,3091485
2024-09-12,46.08000183105469,46.849998474121094,45.459999084472656,46.849998474121094,4578979
2024-09-13,46.310001373291016,46.5,45.95000076293945,46.5,4317003
2024-09-16,46.290000915527344,46.59000015258789,46.22999954223633,46.310001373291016,4996239
2024-09-17,46.349998474121094,46.59000015258789,46.08000183105469,46.439998626708984,2334318
2024-09-18,45.06999969482422,46.88999938964844,44.599998474121094,46.88999938964844,20170038
2024-09-19,44.810001373291016,46.0,44.5,45.5,18960509
2024-09-20,45.08000183105469,45.40999984741211,44.599998474121094,45.38999938964844,7265230
2024-09-23,44.939998626708984,45.34000015258789,44.720001220703125,45.06999969482422,6494074
2024-09-24,45.290000915527344,45.4900016784668,44.599998474121094,44.939998626708984,9215683
2024-09-25,44.849998474121094,45.40999984741211,44.599998474121094,45.40999984741211,6900735
2024-09-26,45.08000183105469,45.29999923706055,44.84000015258789,44.84000015258789,3266980
2024-09-27,45.34000015258789,46.29999923706055,45.279998779296875,45.41999816894531,9107798
2024-09-30,44.93000030517578,45.4900016784668,44.810001373291016,45.4900016784668,4475717
2024-10-01,45.290000915527344,45.439998626708984,44.91999816894531,44.939998626708984,4885417
2024-10-03,45.099998474121094,46.0,44.560001373291016,46.0,5534664
2024-10-04,45.279998779296875,45.84000015258789,44.540000915527344,45.84000015258789,5548798
2024-10-07,45.09000015258789,45.38999938964844,44.61000061035156,45.279998779296875,5769610
2024-10-08,45.22999954223633,45.349998474121094,44.54999923706055,45.18000030517578,4281635
2024-10-09,45.4900016784668,45.79999923706055,45.189998626708984,45.20000076293945,4715644
2024-10-10,45.060001373291016,46.0,45.0,46.0,3022087
2024-10-11,45.16999816894531,45.4900016784668,44.75,45.060001373291016,2519382
2024-10-14,45.77000045776367,45.900001525878906,45.18000030517578,45.5,3950083
2024-10-15,45.72999954223633,46.25,45.59000015258789,45.779998779296875,4582378
2024-10-16,45.22999954223633,45.790000915527344,45.16999816894531,45.72999954223633,2738694
2024-10-17,45.619998931884766,45.79999923706055,45.150001525878906,45.650001525878906,4502286
2024-10-18,45.0,45.709999084472656,44.75,45.709999084472656,4632143
2024-10-21,44.4900016784668,45.9900016784668,44.349998474121094,45.9900016784668,3299389
2024-10-22,44.060001373291016,44.9900016784668,44.0,44.9900016784668,7015820
2024-10-23,45.11000061035156,46.0,44.02000045776367,46.0,5283667
2024-10-24,45.029998779296875,45.34000015258789,44.880001068115234,45.20000076293945,2207428
2024-10-25,44.88999938964844,45.5,44.7400016784668,45.5,3425258
2024-10-28,45.11000061035156,45.5,44.45000076293945,45.5,2571605
2024-10-29,45.06999969482422,45.439998626708984,44.79999923706055,45.11000061035156,1941743
2024-10-30,44.81999969482422,45.79999923706055,44.7599983215332,45.70000076293945,2250819
2024-10-31,43.54999923706055,45.70000076293945,43.31999969482422,45.70000076293945,8912199
2024-11-01,43.54999923706055,43.54999923706055,43.54999923706055,43.54999923706055,0
2024-11-04,43.439998626708984,43.7400016784668,43.0099983215332,43.7400016784668,3409081
2024-11-05,43.470001220703125,43.7400016784668,43.25,43.439998626708984,1758965
2024-11-06,45.130001068115234,45.189998626708984,43.56999969482422,44.75,6322895
2024-11-07,44.900001525878906,45.5,44.40999984741211,45.4900016784668,3425879
2024-11-08,45.130001068115234,45.43000030517578,44.90999984741211,44.90999984741211,3242059
2024-11-11,45.849998474121094,45.939998626708984,43.79999923706055,45.47999954223633,7141122
2024-11-12,45.81999969482422,46.25,45.63999938964844,45.9900016784668,13831477
2024-11-13,45.459999084472656,46.189998626708984,45.29999923706055,46.189998626708984,4744039
2024-11-14,45.5,45.869998931884766,45.279998779296875,45.810001373291016,3226247
2024-11-18,44.459999084472656,45.779998779296875,44.119998931884766,45.5,3981057
2024-11-19,44.79999923706055,45.59000015258789,44.470001220703125,45.59000015258789,2249094
2024-11-21,45.029998779296875,45.470001220703125,44.75,44.810001373291016,2303595
2024-11-22,46.45000076293945,46.70000076293945,44.90999984741211,45.650001525878906,8012991
2024-11-25,46.970001220703125,47.45000076293945,45.400001525878906,47.400001525878906,6034416
2024-11-26,47.459999084472656,47.650001525878906,46.970001220703125,46.970001220703125,14816904
2024-11-27,47.400001525878906,48.0,47.34000015258789,47.79999923706055,4941858
2024-11-28,46.27000045776367,47.5,46.15999984741211,47.5,6675925
2024-11-29,46.459999084472656,46.790000915527344,45.9900016784668,46.72999954223633,3460809
2024-12-02,46.7400016784668,46.959999084472656,46.040000915527344,46.459999084472656,4159659
2024-12-03,46.939998626708984,47.66999816894531,46.61000061035156,47.66999816894531,4325575
2024-12-04,47.15999984741211,47.5,46.81999969482422,47.5,3312567
2024-12-05,48.06999969482422,48.310001373291016,47.16999816894531,47.18000030517578,6012974
2024-12-06,47.959999084472656,49.5,47.84000015258789,48.06999969482422,7060372
2024-12-09,48.09000015258789,48.54999923706055,47.75,48.54999923706055,3039833
2024-12-10,48.47999954223633,48.70000076293945,48.099998474121094,48.38999938964844,4252289
2024-12-11,48.650001525878906,48.959999084472656,48.40999984741211,48.47999954223633,3143881
2024-12-12,49.029998779296875,49.459999084472656,48.5,48.650001525878906,4770728
2024-12-13,49.4900016784668,49.54999923706055,48.380001068115234,49.029998779296875,5782584
2024-12-16,49.119998931884766,49.7599983215332,49.0099983215332,49.7400016784668,2553796
2024-12-17,48.869998931884766,49.290000915527344,48.650001525878906,49.130001068115234,2237355
2024-12-18,48.86000061035156,49.34000015258789,48.54999923706055,49.34000015258789,1763146
2024-12-19,48.2599983215332,48.86000061035156,47.70000076293945,48.86000061035156,10827749
2024-12-20,46.93000030517578,49.099998474121094,46.84000015258789,48.9900016784668,7395252
2024-12-23,47.0099983215332,47.630001068115234,46.880001068115234,47.630001068115234,5372976
2024-12-24,46.869998931884766,47.70000076293945,46.790000915527344,47.70000076293945,2164145
2024-12-26,46.849998474121094,48.29999923706055,46.619998931884766,47.869998931884766,2116645
2024-12-27,46.88999938964844,47.849998474121094,46.65999984741211,47.29999923706055,6690514
2024-12-30,47.189998626708984,47.84000015258789,46.40999984741211,47.84000015258789,7035690
2024-12-31,46.63999938964844,47.779998779296875,45.83000183105469,47.47999954223633,4018736
2025-01-01,46.540000915527344,47.709999084472656,46.5,47.709999084472656,2366668
2025-01-02,47.599998474121094,47.66999816894531,46.47999954223633,46.54999923706055,19278469
2025-01-03,47.08000183105469,48.04999923706055,46.900001525878906,48.04999923706055,3454604
2025-01-06,46.84000015258789,47.4900016784668,46.70000076293945,47.0,4038442
2025-01-07,46.66999816894531,48.25,46.5099983215332,48.25,3002366
2025-01-08,46.83000183105469,48.04999923706055,45.97999954223633,48.04999923706055,2845551
2025-01-09,46.369998931884766,47.04999923706055,46.279998779296875,46.97999954223633,14667351
2025-01-10,47.84000015258789,48.04999923706055,46.369998931884766,46.369998931884766,7797177
2025-01-13,47.38999938964844,48.08000183105469,47.25,47.86000061035156,13230731
2025-01-14,46.279998779296875,48.33000183105469,46.15999984741211,48.33000183105469,3492482
2025-01-15,46.52000045776367,47.16999816894531,46.16999816894531,46.290000915527344,2257040
2025-01-16,46.27000045776367,47.25,46.11000061035156,46.61000061035156,3855031
2025-01-17,45.5,46.279998779296875,45.2599983215332,46.0,11386103
2025-01-20,45.63999938964844,46.279998779296875,45.060001373291016,45.5099983215332,2454044
2025-01-21,45.04999923706055,46.09000015258789,45.0,46.09000015258789,2860833
2025-01-22,45.939998626708984,46.0,45.060001373291016,45.54999923706055,2708081
2025-01-23,46.75,47.06999969482422,45.939998626708984,45.939998626708984,3707394
2025-01-24,46.93000030517578,47.75,46.54999923706055,47.75,2593842
2025-01-27,45.380001068115234,46.93000030517578,45.27000045776367,46.290000915527344,4052244
2025-01-28,45.13999938964844,45.900001525878906,45.02000045776367,45.81999969482422,2183397
2025-01-29,46.349998474121094,46.41999816894531,45.02000045776367,45.38999938964844,2499953
2025-01-30,45.79999923706055,46.58000183105469,45.470001220703125,46.349998474121094,4981713
2025-01-31,45.959999084472656,46.36000061035156,45.900001525878906,45.91999816894531,19237360
2025-02-01,45.41999816894531,46.619998931884766,45.0,45.959999084472656,2725465
2025-02-03,45.630001068115234,45.75,44.709999084472656,45.29999923706055,2261227
2025-02-04,46.220001220703125,46.380001068115234,45.619998931884766,45.630001068115234,2745361
2025-02-05,46.2400016784668,46.689998626708984,45.97999954223633,46.220001220703125,2339295
2025-02-06,46.40999984741211,46.88999938964844,46.20000076293945,46.4900016784668,3522390
2025-02-07,46.31999969482422,46.869998931884766,45.97999954223633,46.59000015258789,2044558
2025-02-10,45.93000030517578,46.77000045776367,45.86000061035156,46.77000045776367,1745666
2025-02-11,45.25,46.16999816894531,45.150001525878906,45.939998626708984,2234015
2025-02-12,45.0,46.599998474121094,44.849998474121094,46.599998474121094,2460158
2025-02-13,44.599998474121094,45.54999923706055,44.41999816894531,45.16999816894531,3620406
2025-02-14,44.59000015258789,45.599998474121094,44.029998779296875,45.27000045776367,2480648
2025-02-17,44.279998779296875,44.900001525878906,43.810001373291016,44.849998474121094,2533926
2025-02-18,44.70000076293945,44.810001373291016,44.27000045776367,44.27000045776367,1803655
2025-02-19,44.220001220703125,45.099998474121094,44.04999923706055,44.70000076293945,2412451
2025-02-20,44.08000183105469,44.29999923706055,43.95000076293945,44.209999084472656,2208010
2025-02-21,43.72999954223633,44.290000915527344,43.599998474121094,44.08000183105469,2215294
2025-02-24,42.5099983215332,43.70000076293945,42.41999816894531,43.70000076293945,5907033
2025-02-25,42.16999816894531,42.650001525878906,42.13999938964844,42.5099983215332,3069717
2025-02-27,42.0099983215332,43.45000076293945,41.779998779296875,43.45000076293945,7521053
2025-02-28,40.22999954223633,42.0099983215332,40.099998474121094,41.970001220703125,9388560
2025-03-03,40.560001373291016,41.0099983215332,40.150001525878906,41.0099983215332,3298120
2025-03-04,40.36000061035156,40.84000015258789,39.7400016784668,40.84000015258789,5039935
2025-03-05,41.209999084472656,41.47999954223633,40.279998779296875,40.900001525878906,3440157
2025-03-06,41.25,42.45000076293945,41.029998779296875,42.45000076293945,1818165
2025-03-07,40.91999816894531,41.97999954223633,40.70000076293945,41.2599983215332,2637747
2025-03-10,40.72999954223633,44.20000076293945,39.900001525878906,44.20000076293945,1850510
2025-03-11,40.34000015258789,40.5,39.63999938964844,40.5,3706342
2025-03-12,39.15999984741211,40.400001525878906,38.70000076293945,40.34000015258789,13016801
2025-03-13,38.970001220703125,39.619998931884766,38.900001525878906,39.189998626708984,3644589
2025-03-17,38.970001220703125,39.47999954223633,38.68000030517578,39.47999954223633,4610869
2025-03-18,38.970001220703125,38.970001220703125,38.970001220703125,38.970001220703125,0
2025-03-19,39.08000183105469,39.779998779296875,38.75,39.779998779296875,8948905
2025-03-20,39.68000030517578,40.119998931884766,39.11000061035156,39.630001068115234,6472191
2025-03-21,39.70000076293945,40.0,38.61000061035156,39.75,9658361
2025-03-24,40.25,40.470001220703125,39.529998779296875,39.75,5864075
2025-03-25,40.75,41.18000030517578,40.38999938964844,40.4900016784668,8213476
2025-03-26,40.400001525878906,41.29999923706055,40.29999923706055,41.0,4586472
2025-03-27,40.41999816894531,40.619998931884766,40.150001525878906,40.400001525878906,3003280
2025-03-28,39.77000045776367,40.599998474121094,39.709999084472656,40.599998474121094,5465507
2025-04-01,38.86000061035156,39.75,38.7599983215332,39.75,7325046
2025-04-02,39.209999084472656,39.58000183105469,38.7599983215332,39.0,3054402
2025-04-03,37.619998931884766,39.70000076293945,37.47999954223633,38.20000076293945,20585919
2025-04-04,36.38999938964844,37.9900016784668,36.18000030517578,37.9900016784668,18107536
2025-04-07,35.84000015258789,36.150001525878906,33.630001068115234,35.400001525878906,22935425
2025-04-08,35.97999954223633,36.4900016784668,35.560001373291016,36.34000015258789,10400579
2025-04-09,35.20000076293945,35.97999954223633,34.849998474121094,35.97999954223633,9542794
2025-04-11,35.45000076293945,36.380001068115234,35.220001220703125,36.380001068115234,11764764
2025-04-15,35.95000076293945,37.220001220703125,35.619998931884766,37.220001220703125,10461310
2025-04-16,35.970001220703125,36.09000015258789,35.540000915527344,35.95000076293945,8045910
2025-04-17,36.11000061035156,36.27000045776367,35.150001525878906,35.650001525878906,17447191
2025-04-21,36.93000030517578,37.36000061035156,36.0,36.150001525878906,25663011
2025-04-22,36.720001220703125,36.95000076293945,36.54999923706055,36.93000030517578,9740334
2025-04-23,38.29999923706055,38.36000061035156,37.0099983215332,37.0099983215332,32819171
2025-04-24,38.08000183105469,38.4900016784668,37.959999084472656,38.29999923706055,9920086
2025-04-25,38.34000015258789,38.7400016784668,37.79999923706055,38.5,15417573
2025-04-28,38.310001373291016,38.84000015258789,37.95000076293945,38.84000015258789,7312868
2025-04-29,38.779998779296875,39.04999923706055,38.2599983215332,38.68000030517578,9765038
2025-04-30,38.599998474121094,39.099998474121094,38.40999984741211,38.779998779296875,8660554
2025-05-02,38.650001525878906,39.20000076293945,38.47999954223633,38.61000061035156,8708509
2025-05-05,38.91999816894531,39.2400016784668,38.75,38.75,6347159
2025-05-06,38.66999816894531,39.279998779296875,38.61000061035156,39.0,12055924
2025-05-07,38.790000915527344,39.150001525878906,38.22999954223633,39.150001525878906,4659187
2025-05-08,38.810001373291016,39.119998931884766,38.689998626708984,38.79999923706055,12685625
2025-05-09,38.720001220703125,38.810001373291016,38.2400016784668,38.810001373291016,5032717
2025-05-12,41.33000183105469,41.400001525878906,39.0,39.5,23231100
2025-05-13,40.45000076293945,41.459999084472656,40.400001525878906,41.29999923706055,11907933
2025-05-14,40.93000030517578,40.9900016784668,40.45000076293945,40.9900016784668,6316251
2025-05-15,41.349998474121094,41.45000076293945,40.560001373291016,40.93000030517578,13041965
2025-05-16,41.119998931884766,41.599998474121094,40.90999984741211,41.36000061035156,8277397
2025-05-19,40.59000015258789,41.880001068115234,40.5099983215332,41.2599983215332,7830327
2025-05-20,40.369998931884766,41.04999923706055,40.310001373291016,40.599998474121094,7153518
2025-05-21,40.63999938964844,40.869998931884766,40.130001068115234,40.380001068115234,4336603
2025-05-22,40.04999923706055,40.619998931884766,39.849998474121094,40.619998931884766,8054980
2025-05-23,40.47999954223633,40.91999816894531,40.04999923706055,40.04999923706055,6855310
2025-05-26,40.79999923706055,40.900001525878906,40.5099983215332,40.790000915527344,8194480
2025-05-27,40.630001068115234,40.81999969482422,40.43000030517578,40.79999923706055,4714449
2025-05-28,40.59000015258789,41.029998779296875,40.54999923706055,40.900001525878906,2765201
2025-05-29,40.81999969482422,41.150001525878906,40.650001525878906,40.650001525878906,5995814
2025-05-30,40.529998779296875,40.97999954223633,40.5,40.81999969482422,3698572
2025-06-02,40.29999923706055,40.880001068115234,40.0099983215332,40.599998474121094,5052954
2025-06-03,40.040000915527344,41.13999938964844,39.959999084472656,41.13999938964844,5187879
2025-06-04,40.150001525878906,41.040000915527344,40.0,41.040000915527344,3881029
2025-06-05,40.310001373291016,41.150001525878906,40.0,41.150001525878906,3719038
2025-06-06,40.47999954223633,41.310001373291016,39.29999923706055,41.310001373291016,4089734
2025-06-09,40.88999938964844,41.13999938964844,40.47999954223633,41.13999938964844,6145171
2025-06-10,41.79999923706055,41.93000030517578,40.88999938964844,40.88999938964844,20549171
2025-06-11,42.25,43.0,40.79999923706055,43.0,19690455
2025-06-12,41.86000061035156,42.5,41.630001068115234,42.45000076293945,15257545
2025-06-13,41.91999816894531,42.900001525878906,40.099998474121094,42.900001525878906,8634263
2025-06-16,42.540000915527344,42.75,41.220001220703125,41.9900016784668,19108060
2025-06-17,42.77000045776367,43.599998474121094,42.459999084472656,43.599998474121094,8958123
2025-06-18,42.40999984741211,43.2400016784668,42.29999923706055,43.2400016784668,9643622
2025-06-19,41.959999084472656,42.40999984741211,41.34000015258789,41.34000015258789,18117658
2025-06-20,42.310001373291016,42.38999938964844,40.90999984741211,40.90999984741211,5609741
2025-06-23,41.84000015258789,42.97999954223633,41.25,42.97999954223633,5959455
2025-06-24,41.81999969482422,42.38999938964844,41.72999954223633,42.38999938964844,7206045
2025-06-25,42.439998626708984,42.5,40.77000045776367,40.77000045776367,7542946
2025-06-26,42.400001525878906,42.560001373291016,42.15999984741211,42.439998626708984,5149821
2025-06-27,42.290000915527344,42.880001068115234,41.25,41.34000015258789,10250436
2025-06-30,42.40999984741211,43.560001373291016,42.08000183105469,43.34000015258789,6132686
2025-07-01,42.220001220703125,43.68000030517578,42.099998474121094,43.68000030517578,9455532
2025-07-02,42.25,42.88999938964844,41.77000045776367,42.68000030517578,9366954
2025-07-03,42.2400016784668,42.75,42.02000045776367,42.75,4101135
2025-07-04,42.529998779296875,43.290000915527344,42.16999816894531,43.290000915527344,4423452
2025-07-07,42.29999923706055,43.59000015258789,42.20000076293945,42.209999084472656,5112502
2025-07-08,42.36000061035156,43.349998474121094,41.400001525878906,43.349998474121094,4669314
2025-07-09,42.040000915527344,42.70000076293945,41.959999084472656,42.369998931884766,7304717
2025-07-10,41.790000915527344,42.959999084472656,40.97999954223633,41.5,5608070
2025-07-11,41.02000045776367,41.4900016784668,40.900001525878906,41.4900016784668,12168054
2025-07-14,40.4900016784668,41.47999954223633,40.29999923706055,41.47999954223633,11984085
2025-07-15,40.63999938964844,41.70000076293945,40.34000015258789,41.70000076293945,10892981
2025-07-16,41.0,41.650001525878906,40.540000915527344,41.650001525878906,7869588
2025-07-17,40.470001220703125,42.22999954223633,40.43000030517578,42.02000045776367,8619374
2025-07-18,40.5099983215332,41.0099983215332,40.279998779296875,40.470001220703125,6064382
2025-07-21,40.38999938964844,40.91999816894531,40.119998931884766,40.91999816894531,4724727
2025-07-22,40.209999084472656,41.38999938964844,40.18000030517578,41.38999938964844,5546295
2025-07-23,40.31999969482422,40.9900016784668,39.20000076293945,39.20000076293945,4977047
2025-07-24,39.400001525878906,41.31999969482422,39.310001373291016,41.31999969482422,17742433
2025-07-25,38.849998474121094,39.560001373291016,38.77000045776367,39.439998626708984,10838784
2025-07-28,38.63999938964844,39.75,38.29999923706055,38.849998474121094,14980463
2025-07-29,38.65999984741211,39.15999984741211,38.31999969482422,39.15999984741211,10801392
2025-07-30,38.77000045776367,39.619998931884766,38.52000045776367,39.619998931884766,6555771
2025-07-31,38.58000183105469,39.70000076293945,38.25,39.70000076293945,7373810
2025-08-01,37.869998931884766,39.45000076293945,37.650001525878906,39.45000076293945,10271852
2025-08-04,38.459999084472656,39.0099983215332,37.52000045776367,37.849998474121094,8202997
2025-08-05,38.290000915527344,39.41999816894531,37.52000045776367,38.099998474121094,4905083
2025-08-06,37.61000061035156,38.650001525878906,37.349998474121094,37.650001525878906,7094276
2025-08-07,37.93000030517578,38.7400016784668,37.400001525878906,38.54999923706055,6844583
2025-08-08,37.59000015258789,39.79999923706055,37.54999923706055,39.79999923706055,5791829
2025-08-11,37.75,37.97999954223633,37.02000045776367,37.02000045776367,7430170
2025-08-12,37.880001068115234,38.650001525878906,36.79999923706055,36.79999923706055,7679642
2025-08-13,37.900001525878906,38.599998474121094,37.75,37.810001373291016,4537432
2025-08-14,38.119998931884766,38.56999969482422,37.5,37.79999923706055,5452173
2025-08-18,37.83000183105469,38.79999923706055,37.70000076293945,38.70000076293945,7673783
2025-08-19,37.95000076293945,38.77000045776367,37.650001525878906,37.650001525878906,5672788
2025-08-20,38.939998626708984,39.0,37.84000015258789,38.599998474121094,19311808
2025-08-21,39.0099983215332,39.52000045776367,38.75,39.5,8154259
2025-08-22,38.720001220703125,39.97999954223633,38.11000061035156,38.11000061035156,4696189
2025-08-25,39.540000915527344,39.689998626708984,38.70000076293945,38.70000076293945,12077370
2025-08-26,39.2599983215332,39.83000183105469,38.79999923706055,39.83000183105469,12128599
2025-08-28,38.70000076293945,39.7400016784668,38.45000076293945,38.45000076293945,6950623
2025-08-29,38.41999816894531,39.65999984741211,38.369998931884766,39.65999984741211,6149663
2025-09-01,38.959999084472656,39.0,37.650001525878906,37.650001525878906,4958707
2025-09-02,39.0,39.29999923706055,38.7400016784668,39.119998931884766,4622262
2025-09-03,38.7599983215332,39.29999923706055,38.02000045776367,38.02000045776367,4991525
2025-09-04,38.380001068115234,39.0099983215332,38.310001373291016,38.7599983215332,6101554
2025-09-05,37.849998474121094,39.33000183105469,37.529998779296875,39.33000183105469,18818110
2025-09-08,37.4900016784668,38.790000915527344,37.43000030517578,38.790000915527344,9935512
2025-09-09,38.52000045776367,38.61000061035156,37.79999923706055,38.41999816894531,17538685
2025-09-10,39.43000030517578,39.540000915527344,38.5,38.560001373291016,16064146
2025-09-11,39.2400016784668,40.40999984741211,39.040000915527344,40.40999984741211,5621790
2025-09-12,39.36000061035156,40.41999816894531,39.25,40.220001220703125,5153358
2025-09-15,39.18000030517578,39.790000915527344,38.369998931884766,39.790000915527344,4912862
2025-09-16,39.47999954223633,39.790000915527344,38.619998931884766,38.619998931884766,4790630
2025-09-17,39.77000045776367,39.900001525878906,39.400001525878906,39.400001525878906,7411546
2025-09-18,40.119998931884766,40.349998474121094,39.459999084472656,39.68000030517578,11082621
2025-09-19,39.90999984741211,40.400001525878906,39.70000076293945,40.31999969482422,7172837
2025-09-22,38.779998779296875,40.0,38.369998931884766,38.849998474121094,30071128
2025-09-23,38.47999954223633,38.97999954223633,38.43000030517578,38.95000076293945,13024404
2025-09-24,38.209999084472656,39.150001525878906,38.08000183105469,39.06999969482422,8396500
2025-09-25,37.72999954223633,39.04999923706055,37.25,37.25,10130158
2025-09-26,36.83000183105469,37.7599983215332,36.75,37.72999954223633,19382458
2025-09-29,36.79999923706055,37.290000915527344,35.900001525878906,36.79999923706055,7765764
2025-09-30,36.75,37.099998474121094,35.880001068115234,37.099998474121094,4907004
2025-10-01,37.15999984741211,38.04999923706055,36.52000045776367,37.0,6982213
2025-10-03,37.08000183105469,37.650001525878906,36.880001068115234,37.650001525878906,6832500
2025-10-06,37.83000183105469,37.86000061035156,37.0,37.08000183105469,8889214
2025-10-07,37.81999969482422,38.22999954223633,37.29999923706055,37.29999923706055,5644419
2025-10-08,38.369998931884766,38.54999923706055,37.72999954223633,37.81999969482422,10652074
2025-10-09,38.790000915527344,38.849998474121094,38.349998474121094,38.709999084472656,9636078
2025-10-10,38.779998779296875,39.0,38.52000045776367,38.86000061035156,5415617
2025-10-13,38.4900016784668,38.790000915527344,38.22999954223633,38.47999954223633,5904570
2025-10-14,38.369998931884766,38.939998626708984,38.34000015258789,38.56999969482422,7057586
2025-10-15,38.63999938964844,38.79999923706055,38.40999984741211,38.40999984741211,5181928
2025-10-16,38.810001373291016,38.9900016784668,38.459999084472656,38.9900016784668,6609735
2025-10-17,38.22999954223633,38.810001373291016,38.150001525878906,38.810001373291016,15241334
2025-10-20,38.58000183105469,38.650001525878906,38.22999954223633,38.61000061035156,6744161
2025-10-21,38.70000076293945,39.70000076293945,38.560001373291016,39.70000076293945,3513072
2025-10-23,39.41999816894531,39.79999923706055,38.75,38.95000076293945,26123975
2025-10-27,39.630001068115234,40.79999923706055,39.279998779296875,39.279998779296875,8697032
2025-10-28,39.41999816894531,39.810001373291016,39.22999954223633,39.810001373291016,6605063
2025-10-29,39.65999984741211,39.95000076293945,39.349998474121094,39.41999816894531,7792406
2025-10-30,39.45000076293945,40.79999923706055,39.349998474121094,39.65999984741211,5463774
2025-10-31,39.25,39.61000061035156,39.220001220703125,39.45000076293945,4923401
2025-11-03,39.11000061035156,39.36000061035156,38.95000076293945,39.25,10179303
2025-11-04,38.790000915527344,39.25,38.130001068115234,39.0,5569098
2025-11-06,38.790000915527344,39.029998779296875,38.7400016784668,38.9900016784668,4084707
2025-11-07,38.599998474121094,38.849998474121094,38.209999084472656,38.790000915527344,5450088
2025-11-10,39.22999954223633,39.7599983215332,38.0,38.54999923706055,7118311
2025-11-11,39.72999954223633,39.779998779296875,39.189998626708984,39.400001525878906,14007612
2025-11-12,40.52000045776367,40.59000015258789,39.70000076293945,39.70000076293945,30124977
2025-11-13,40.36000061035156,40.77000045776367,40.20000076293945,40.70000076293945,17787711
2025-11-14,39.95000076293945,40.209999084472656,39.56999969482422,40.20000076293945,13380444
2025-11-17,40.02000045776367,40.40999984741211,39.709999084472656,40.40999984741211,6872958
2025-11-18,39.56999969482422,40.34000015258789,39.5099983215332,40.02000045776367,6461315
2025-11-19,40.720001220703125,40.77000045776367,39.56999969482422,39.58000183105469,27287469
2025-11-20,40.61000061035156,40.970001220703125,40.560001373291016,40.720001220703125,18675363
2025-11-21,40.439998626708984,40.900001525878906,40.31999969482422,40.900001525878906,27003669
2025-11-24,40.66999816894531,41.72999954223633,40.459999084472656,41.70000076293945,14590994
2025-11-25,40.41999816894531,41.439998626708984,40.290000915527344,40.66999816894531,9316966
2025-11-26,40.97999954223633,41.0,40.5,40.88999938964844,8516804
2025-11-27,41.06999969482422,41.75,40.83000183105469,41.75,8770195
2025-11-28,41.040000915527344,42.29999923706055,40.95000076293945,42.04999923706055,7144350
2025-12-01,41.18000030517578,41.34000015258789,41.029998779296875,41.04999923706055,9833347
2025-12-02,41.189998626708984,41.41999816894531,41.040000915527344,41.41999816894531,7058950
2025-12-03,41.630001068115234,42.0,41.02000045776367,41.189998626708984,16221762
2025-12-04,42.06999969482422,42.20000076293945,41.439998626708984,41.630001068115234,15450983
2025-12-05,42.45000076293945,42.869998931884766,42.06999969482422,42.869998931884766,14539964
2025-12-08,42.369998931884766,42.810001373291016,42.040000915527344,42.099998474121094,15777328
2025-12-09,41.88999938964844,42.369998931884766,41.650001525878906,42.369998931884766,13757646
2025-12-10,41.47999954223633,42.93000030517578,41.099998474121094,42.93000030517578,6792206
2025-12-11,41.81999969482422,42.5099983215332,40.70000076293945,42.5099983215332,8812584
2025-12-12,42.04999923706055,42.099998474121094,41.630001068115234,41.81999969482422,6250199
2025-12-15,42.13999938964844,42.400001525878906,40.9900016784668,40.9900016784668,4437380
2025-12-16,41.7599983215332,42.4900016784668,41.06999969482422,42.4900016784668,5326034
2025-12-17,41.880001068115234,42.79999923706055,41.66999816894531,42.79999923706055,4391973
2025-12-18,42.349998474121094,42.400001525878906,41.880001068115234,41.880001068115234,6736696
2025-12-19,42.41999816894531,42.900001525878906,41.290000915527344,41.290000915527344,6444191
2025-12-22,43.290000915527344,43.79999923706055,42.619998931884766,42.619998931884766,18019893
2025-12-23,42.9900016784668,43.43000030517578,42.75,43.02000045776367,9976013
2025-12-24,42.72999954223633,43.09000015258789,42.689998626708984,42.720001220703125,8339647
2025-12-26,42.34000015258789,42.900001525878906,42.29999923706055,42.72999954223633,6706847
2025-12-29,41.97999954223633,43.0,41.900001525878906,43.0,17822718
2025-12-30,41.7599983215332,42.380001068115234,41.349998474121094,41.349998474121094,6405178
2025-12-31,41.66999816894531,41.97999954223633,40.709999084472656,41.0,4812659
2026-01-01,41.970001220703125,42.29999923706055,40.75,40.75,3866387
2026-01-02,42.13999938964844,43.0099983215332,41.849998474121094,43.0099983215332,5801440
2026-01-05,41.5099983215332,42.9900016784668,41.099998474121094,42.9900016784668,14550136
2026-01-06,41.63999938964844,42.540000915527344,41.11000061035156,42.540000915527344,6668952
2026-01-07,42.43000030517578,42.88999938964844,41.5,42.88999938964844,10654719
2026-01-08,41.630001068115234,42.529998779296875,41.36000061035156,41.36000061035156,8036013
2026-01-09,41.72999954223633,41.95000076293945,41.38999938964844,41.939998626708984,6762107
2026-01-12,41.689998626708984,42.77000045776367,41.22999954223633,42.77000045776367,7380255
2026-01-13,41.93000030517578,42.13999938964844,40.63999938964844,40.63999938964844,7895396
2026-01-14,41.4900016784668,43.0,41.310001373291016,41.63999938964844,5572625
2026-01-15,41.4900016784668,41.4900016784668,41.4900016784668,41.4900016784668,0
2026-01-16,43.04999923706055,43.11000061035156,41.650001525878906,41.650001525878906,26818445
2026-01-19,42.86000061035156,43.06999969482422,42.619998931884766,43.06999969482422,11070925
2026-01-20,41.970001220703125,43.93000030517578,41.880001068115234,42.43000030517578,8285841
2026-01-21,41.849998474121094,42.04999923706055,41.27000045776367,41.970001220703125,8286724
2026-01-22,42.22999954223633,42.88999938964844,41.939998626708984,42.88999938964844,4022778
2026-01-23,42.119998931884766,43.0,42.02000045776367,43.0,6337415
2026-01-27,42.5099983215332,43.380001068115234,41.95000076293945,43.16999816894531,5022385
2026-01-28,42.650001525878906,42.75,42.369998931884766,42.54999923706055,7099924
2026-01-29,42.31999969482422,42.75,41.939998626708984,42.75,5613589
2026-01-30,41.939998626708984,42.31999969482422,41.58000183105469,42.31999969482422,5776996
2026-02-02,41.939998626708984,43.0,41.650001525878906,43.0,4022797
2026-02-03,42.59000015258789,44.27000045776367,42.36000061035156,42.36000061035156,16932381
2026-02-04,40.2400016784668,42.59000015258789,39.599998474121094,42.20000076293945,86921887
2026-02-05,39.97999954223633,40.43000030517578,39.81999969482422,40.2400016784668,38107205
2026-02-06,39.349998474121094,40.970001220703125,38.900001525878906,40.970001220703125,21031137
2026-02-09,39.290000915527344,40.33000183105469,39.25,40.33000183105469,9924762
2026-02-10,39.459999084472656,39.79999923706055,39.11000061035156,39.290000915527344,12396363
2026-02-11,38.790000915527344,39.689998626708984,38.70000076293945,39.689998626708984,17669045
2026-02-12,36.650001525878906,38.84000015258789,36.54999923706055,38.84000015258789,73106329
2026-02-13,36.11000061035156,36.43000030517578,34.7599983215332,35.20000076293945,103664693
2026-02-16,36.189998626708984,36.880001068115234,35.5,36.880001068115234,39995665
2026-02-17,36.56999969482422,37.20000076293945,36.029998779296875,36.189998626708984,45140116
2026-02-18,36.09000015258789,36.91999816894531,35.560001373291016,36.91999816894531,28226221
2026-02-19,35.709999084472656,36.650001525878906,35.599998474121094,36.599998474121094,21196085
2026-02-20,35.380001068115234,35.75,35.16999816894531,35.68000030517578,27058853
2026-02-23,34.86000061035156,35.540000915527344,34.72999954223633,35.540000915527344,28977046
2026-02-24,33.20000076293945,34.59000015258789,33.02000045776367,34.41999816894531,79791211
2026-02-25,33.72999954223633,34.20000076293945,33.29999923706055,33.5,33637615
2026-02-26,33.75,34.56999969482422,33.650001525878906,33.72999954223633,32360150
2026-02-27,33.81999969482422,34.59000015258789,32.900001525878906,34.59000015258789,20091917
2026-03-02,33.459999084472656,34.65999984741211,33.0,34.65999984741211,22199484
2026-03-04,33.47999954223633,33.7599983215332,32.70000076293945,33.560001373291016,17485565
2026-03-05,33.27000045776367,33.869998931884766,32.970001220703125,33.47999954223633,18094629
2026-03-06,33.290000915527344,33.79999923706055,33.18000030517578,33.540000915527344,10905797
2026-03-09,33.29999923706055,33.400001525878906,32.599998474121094,33.290000915527344,16948536
2026-03-10,33.09000015258789,34.34000015258789,32.779998779296875,33.29999923706055,23068422
2026-03-11,32.77000045776367,33.90999984741211,32.70000076293945,33.90999984741211,16556414
2026-03-12,32.689998626708984,33.63999938964844,32.400001525878906,33.58000183105469,15148269
2026-03-13,32.13999938964844,33.099998474121094,32.02000045776367,33.099998474121094,18259803
2026-03-16,32.0,33.09000015258789,31.549999237060547,32.939998626708984,18686247
2026-03-17,31.700000762939453,32.31999969482422,31.25,32.0099983215332,23169372
2026-03-18,32.630001068115234,33.18000030517578,31.6299991607666,31.6299991607666,29990313
2026-03-19,31.709999084472656,32.81999969482422,31.56999969482422,32.81999969482422,20070455
2026-03-20,32.15999984741211,34.29999923706055,31.809999465942383,32.439998626708984,19507080
2026-03-23,32.13999938964844,32.290000915527344,31.549999237060547,32.150001525878906,23817967
2026-03-24,32.7599983215332,33.040000915527344,32.2599983215332,32.900001525878906,25622164
2026-03-25,32.779998779296875,33.08000183105469,32.52000045776367,33.0,19539085
2026-03-27,32.529998779296875,33.06999969482422,32.45000076293945,32.779998779296875,22548550
2026-03-30,31.989999771118164,32.72999954223633,31.899999618530273,32.72999954223633,21615607
2026-04-01,32.90999984741211,33.349998474121094,31.979999542236328,31.989999771118164,15685477
2026-04-02,33.529998779296875,33.65999984741211,32.31999969482422,32.810001373291016,22154853
2026-04-06,33.790000915527344,33.970001220703125,33.529998779296875,33.88999938964844,11248133
2026-04-07,34.599998474121094,34.650001525878906,33.369998931884766,33.369998931884766,18185030
2026-04-08,34.77000045776367,35.459999084472656,34.540000915527344,35.459999084472656,22283132
2026-04-09,34.880001068115234,34.939998626708984,34.33000183105469,34.689998626708984,12801180
2026-04-10,34.209999084472656,34.97999954223633,33.90999984741211,34.95000076293945,24771005
2026-04-13,33.86000061035156,34.20000076293945,33.56999969482422,34.11000061035156,10054582
2026-04-15,34.7400016784668,34.869998931884766,34.130001068115234,34.75,15099940
2026-04-16,35.060001373291016,35.38999938964844,34.7400016784668,34.7400016784668,14859899
2026-04-17,35.09000015258789,35.20000076293945,34.63999938964844,35.060001373291016,10189484
2026-04-20,34.79999923706055,35.189998626708984,34.720001220703125,35.0,7676522
2026-04-21,34.959999084472656,35.5,34.63999938964844,35.5,8075948
2026-04-22,33.689998626708984,34.86000061035156,33.29999923706055,34.86000061035156,39384268
2026-04-23,33.279998779296875,34.09000015258789,33.20000076293945,34.09000015258789,14027901
2026-04-24,31.600000381469727,33.09000015258789,31.520000457763672,32.79999923706055,56022102
2026-04-27,32.31999969482422,32.52000045776367,31.600000381469727,31.600000381469727,21218239
2026-04-28,32.06999969482422,32.400001525878906,31.90999984741211,31.90999984741211,14275220
2026-04-29,32.369998931884766,32.61000061035156,32.06999969482422,32.08000183105469,16666157
2026-04-30,32.439998626708984,32.65999984741211,32.099998474121094,32.369998931884766,10692740
2026-05-01,32.439998626708984,32.439998626708984,32.439998626708984,32.439998626708984,0
2026-05-04,32.18000030517578,32.810001373291016,32.060001373291016,32.560001373291016,9670182
2026-05-05,32.2400016784668,32.47999954223633,31.979999542236328,32.18000030517578,6317704
2026-05-06,32.36000061035156,32.75,32.20000076293945,32.75,13272203
2026-05-07,32.16999816894531,32.790000915527344,32.130001068115234,32.790000915527344,14017689
2026-05-08,32.459999084472656,32.54999923706055,32.029998779296875,32.279998779296875,9648500
2026-05-11,32.369998931884766,32.599998474121094,31.799999237060547,32.459999084472656,9310979
2026-05-12,31.260000228881836,32.29999923706055,31.149999618530273,32.29999923706055,33921464
2026-05-13,30.899999618530273,31.360000610351562,30.829999923706055,31.260000228881836,14838824
2026-05-14,30.299999237060547,31.899999618530273,29.979999542236328,31.899999618530273,33703594
2026-05-15,30.68000030517578,31.100000381469727,30.31999969482422,31.049999237060547,15036792
2026-05-18,31.360000610351562,31.469999313354492,30.56999969482422,31.399999618530273,15665508
2026-05-19,32.45000076293945,32.790000915527344,31.56999969482422,31.899999618530273,37594615
2026-05-20,32.279998779296875,32.61000061035156,32.130001068115234,32.45000076293945,10790450
2026-05-21,32.08000183105469,32.70000076293945,31.899999618530273,32.0,6939444
2026-05-22,32.02000045776367,32.459999084472656,31.8799991607666,32.459999084472656,7958148
2026-05-25,32.150001525878906,32.38999938964844,32.0,32.040000915527344,7973577
2026-05-26,32.09000015258789,32.599998474121094,31.75,32.20000076293945,5916135
2026-05-27,32.060001373291016,32.45000076293945,31.84000015258789,32.45000076293945,6326564
2026-05-28,32.060001373291016,32.060001373291016,32.060001373291016,32.060001373291016,0
2026-05-29,32.27000045776367,32.95000076293945,32.15999984741211,32.310001373291016,19888606
2026-06-01,33.130001068115234,33.52000045776367,32.400001525878906,32.84000015258789,31769962
2026-06-02,34.529998779296875,34.650001525878906,33.31999969482422,33.31999969482422,52695766
2026-06-03,32.63999938964844,34.43000030517578,32.54999923706055,34.400001525878906,39866977
2026-06-04,32.560001373291016,32.900001525878906,32.0099983215332,32.709999084472656,12470985
2026-06-05,32.25,33.040000915527344,32.119998931884766,33.040000915527344,13008414
2026-06-08,31.729999542236328,32.22999954223633,31.520000457763672,32.20000076293945,20481375
2026-06-09,31.68000030517578,32.36000061035156,31.43000030517578,32.36000061035156,10843556
2026-06-10,31.420000076293945,32.470001220703125,31.399999618530273,32.470001220703125,10264473
2026-06-11,30.8799991607666,32.20000076293945,30.579999923706055,32.20000076293945,18847667
2026-06-12,30.889999389648438,31.40999984741211,30.739999771118164,31.40999984741211,17641741
2026-06-15,31.190000534057617,31.850000381469727,31.059999465942383,31.110000610351562,16955498
2026-06-16,31.719999313354492,31.850000381469727,31.15999984741211,31.15999984741211,22113467
2026-06-17,31.899999618530273,32.25,31.809999465942383,32.25,11091340
2026-06-18,31.6200008392334,32.689998626708984,31.3799991607666,32.689998626708984,12965657
2026-06-19,30.40999984741211,31.0,29.65999984741211,30.479999542236328,89400734
2026-06-22,30.690000534057617,30.899999618530273,30.079999923706055,30.549999237060547,16098851
2026-06-23,29.979999542236328,30.899999618530273,29.90999984741211,30.799999237060547,32748005
2026-06-24,30.610000610351562,30.770000457763672,30.0,30.440000534057617,20596949
2026-06-25,30.360000610351562,31.0,30.31999969482422,30.709999084472656,14619490
2026-06-26,30.360000610351562,30.360000610351562,30.360000610351562,30.360000610351562,0
2026-06-29,30.020000457763672,31.1200008392334,29.959999084472656,30.399999618530273,16324535
2026-06-30,29.200000762939453,30.600000381469727,29.1200008392334,30.600000381469727,37932839
2026-07-01,28.6299991607666,29.93000030517578,28.549999237060547,29.780000686645508,36810180
2026-07-02,29.940000534057617,30.030000686645508,28.90999984741211,29.350000381469727,40290563
2026-07-03,30.479999542236328,30.739999771118164,29.190000534057617,30.299999237060547,33633418
2026-07-06,30.280000686645508,30.8700008392334,30.1200008392334,30.75,12726756
2026-07-07,30.979999542236328,31.170000076293945,30.25,30.280000686645508,34230827
2026-07-08,30.510000228881836,31.149999618530273,30.40999984741211,31.0,15320259
2026-07-09,30.450000762939453,31.139999389648438,30.010000228881836,31.139999389648438,14662502
2026-07-10,31.040000915527344,31.489999771118164,30.860000610351562,30.860000610351562,17786848
2026-07-13,32.15999984741211,32.400001525878906,30.260000228881836,30.260000228881836,58417067
2026-07-14,31.850000381469727,32.959999084472656,31.709999084472656,32.959999084472656,19093885
2026-07-15,31.65999984741211,31.899999618530273,31.18000030517578,31.700000762939453,15598050
2026-07-16,31.8700008392334,33.0,31.690000534057617,31.690000534057617,14178126
2026-07-17,32.439998626708984,32.58000183105469,32.04999923706055,32.5,27689537
2026-07-20,32.380001068115234,32.79999923706055,32.33000183105469,32.540000915527344,13774555
2026-07-21,32.20000076293945,33.0,32.119998931884766,33.0,12279278
2026-07-22,31.709999084472656,33.0,31.65999984741211,33.0,10201485
2026-07-23,31.739999771118164,31.979999542236328,31.440000534057617,31.979999542236328,9135288
2026-07-24,32.0,32.06999969482422,31.31999969482422,31.940000534057617,12232521
2026-07-27,32.70000076293945,32.79999923706055,32.27000045776367,32.27000045776367,19426362
2026-07-28,33.77000045776367,34.040000915527344,32.810001373291016,32.810001373291016,49766625
2026-07-29,34.540000915527344,34.79999923706055,34.0,34.0,49334071
2026-07-30,34.619998931884766,35.349998474121094,34.52000045776367,34.52000045776367,41065319
2026-07-31,34.119998931884766,35.47999954223633,33.369998931884766,35.47999954223633,19003812
2026-08-03,34.97999954223633,35.20000076293945,34.0,34.20000076293945,19835504
2026-08-05,34.720001220703125,35.119998931884766,34.5,34.70000076293945,9577517
