date,close,high,low,open,volume
2020-01-01,1831.1102294921875,1844.879715447774,1819.621358474245,1831.4480525404656,1354908
2020-01-02,1822.7044677734375,1841.5427411126095,1815.5662551576124,1841.5427411126095,2380752
2020-01-03,1859.0289306640625,1877.9094795882165,1828.0684272734595,1828.0684272734595,4655761
2020-01-06,1858.85986328125,1880.4013332376232,1848.2580397603845,1862.7035785805083,3023209
2020-01-07,1863.421630859375,1870.8553845942495,1844.7945546172084,1858.9020636818686,2429317
2020-01-08,1905.1533203125,1909.1659478577762,1860.2119330536327,1862.7039447019456,5197454
2020-01-09,1870.6026611328125,1902.3656538587488,1866.927856385098,1899.6624511520313,3734173
2020-01-10,1869.926513671875,1887.2018880957914,1865.238034429502,1882.1333064804937,1915807
2020-01-13,1850.3282470703125,1874.4883650709278,1845.555208435388,1873.5592487484832,2843893
2020-01-14,1864.309326171875,1883.6545427882616,1854.2567184861223,1854.2567184861223,2948452
2020-01-15,1881.204345703125,1884.667959635941,1853.5806118370147,1869.462211866579,2620681
2020-01-16,1891.2569580078125,1899.8735062499147,1871.1515412821525,1881.246425956419,3117214
2020-01-17,1874.6151123046875,1903.71717901775,1869.4619715044962,1892.904162968233,3281059
2020-01-20,1833.43310546875,1894.1292577627435,1821.4795745431627,1854.1718907437437,5817599
2020-01-21,1834.024169921875,1847.1180065421472,1823.0422424339051,1833.0948474072118,1902980
2020-01-22,1864.309326171875,1866.9281766990116,1836.2632065755831,1842.4300241540923,1773686
2020-01-23,1855.03759765625,1877.728713064251,1848.8991541122455,1870.9976335544377,2069866
2020-01-24,1848.6455078125,1855.0379986406326,1837.3000510107895,1855.0379986406326,1319430
2020-01-27,1836.664794921875,1857.1544564897952,1833.0663966835814,1853.9793992207128,1549101
2020-01-28,1848.94140625,1852.3705089291777,1822.0592587292501,1840.6862585861477,1743024
2020-01-29,1824.2606201171875,1851.6506512878486,1820.3658013004062,1849.9996631820409,2306761
2020-01-30,1810.0789794921875,1833.0663103539557,1799.1990344120811,1828.8329008612213,2098567
2020-01-31,1760.2943115234375,1815.5826892895918,1753.9865717572059,1811.391447883722,3287223
2020-02-03,1780.1490478515625,1858.213093174071,1772.2748632777887,1822.0598102147742,4728073
2020-02-04,1784.59375,1809.1051493235125,1766.6865107468786,1802.5857401257265,3509339
2020-02-05,1817.4451904296875,1826.0389295824505,1781.672877858837,1790.732333428379,2439322
2020-02-06,1802.035400390625,1840.8556392361354,1791.1554559207095,1816.1325705270253,2640065
2020-02-07,1808.97802734375,1821.2125379186132,1794.1187205251238,1811.0523563960546,2083442
2020-02-10,1830.4835205078125,1834.759304576094,1794.118581632092,1812.6608287915303,2383032
2020-02-11,1823.2447509765625,1841.3638679623577,1818.3341612427819,1831.3729800349784,1335820
2020-02-12,1837.9345703125,1849.999786310175,1820.3659224562364,1821.2973551468463,1620407
2020-02-13,1855.884521484375,1860.160306817816,1838.146575376185,1839.7975638924138,1645948
2020-02-14,1849.32275390625,1872.8605544771058,1838.1465930243203,1852.5401867974265,1500115
2020-02-17,1865.4517822265625,1877.0936576404354,1854.4025427645997,1860.1176452405011,1774724
2020-02-18,1876.035400390625,1880.4804803193401,1850.8889895643536,1862.6577851680308,2486223
2020-02-19,1859.6094970703125,1888.100254550507,1854.6563262748368,1876.0350399194108,1760463
2020-02-20,1826.12353515625,1874.8922878199871,1821.424409341684,1866.510219822774,2317278
2020-02-24,1791.0284423828125,1844.8772812601562,1783.7045207296267,1825.4459751394027,3092877
2020-02-25,1825.573486328125,1842.9304689892313,1787.3458730534364,1791.1559424180696,2674567
2020-02-26,1798.013916015625,1832.1350340739677,1788.9966290002187,1823.7529652461767,2686842
2020-02-27,1782.6885986328125,1794.9231097726379,1766.347597920889,1794.9231097726379,2349001
2020-02-28,1693.4908447265625,1752.208214575457,1684.8970026601398,1750.9381917091303,4298076
2020-03-02,1694.464599609375,1739.042320849433,1681.2562787259355,1722.9977395064852,2667076
2020-03-03,1724.013671875,1744.1647427692733,1703.5240108989212,1710.2974662106465,2757585
2020-03-04,1763.80810546875,1773.333279072638,1714.531248699868,1740.778393741693,3237002
2020-03-05,1799.241455078125,1818.4610933163913,1764.527496365066,1765.9244388490056,3937056
2020-03-06,1791.9600830078125,1798.0561520844574,1753.9865192180112,1776.3388414022,2595027
2020-03-09,1669.953125,1761.013706796278,1638.329574808366,1756.865047921116,4940975
2020-03-11,1654.162353515625,1682.6109474688976,1625.6292153997167,1636.6360798789856,6796449
2020-03-12,1498.5001220703125,1615.8079549068545,1488.7632790375558,1612.0825334233741,8728786
2020-03-13,1529.36181640625,1540.9613190594714,1275.1455328636093,1429.1146417920922,8029720
2020-03-16,1436.3115234375,1559.800086047912,1418.9121650820118,1485.927073423306,7844271
2020-03-17,1403.798828125,1465.606617300588,1374.2919795799312,1464.7599352570867,5713248
2020-03-18,1400.750244140625,1450.8314880455061,1378.1861558587882,1419.715935148679,7258778
2020-03-19,1395.5908203125,1437.4666269722372,1319.173852491675,1330.218453737501,5135111
2020-03-20,1532.9876708984375,1594.0104229556982,1387.6163499994227,1390.1749542096245,8547498
2020-03-23,1424.0341796875,1492.519546822816,1379.7277124986347,1381.6466662016926,7003490
2020-03-24,1452.5625,1509.5767185186858,1392.605823716574,1409.833823874076,6350865
2020-03-25,1492.7752685546875,1543.6914590118408,1432.8185917899957,1449.875955977972,2765520
2020-03-26,1527.4442138671875,1562.4971790901059,1469.10811408077,1562.1133259460546,4556067
2020-03-27,1556.057861328125,1577.8059980581152,1492.8603554170697,1552.219954846362,4331250
2020-03-30,1516.825927734375,1624.7137432296793,1504.075591183426,1506.165076400847,8513547
2020-03-31,1557.4224853515625,1582.0703953517955,1518.105285027599,1567.0599369510269,3927593
2020-04-01,1457.3382568359375,1564.7996293956028,1451.5813975916697,1557.2517680973142,4941878
2020-04-03,1410.814453125,1483.990582092841,1407.2324485363147,1483.990582092841,5735369
2020-04-07,1514.011474609375,1523.094541087107,1454.14017305764,1458.4045137410935,5427577
2020-04-08,1454.5238037109375,1540.27972952061,1450.7285824554583,1501.0477984254007,6285615
2020-04-09,1506.29296875,1517.0817707011477,1476.4851671169138,1492.9028775308734,5307397
2020-04-13,1500.40869140625,1524.075788854892,1489.1081854172587,1501.9012110651734,2990438
2020-04-15,1479.8541259765625,1545.3970195891488,1473.585566172721,1522.3695805555358,4761399
2020-04-16,1463.564697265625,1505.22729316642,1428.5970967408803,1458.362117314267,6245533
2020-04-17,1540.4503173828125,1579.4690328769298,1495.0777762008165,1535.162576817724,9895823
2020-04-20,1551.06884765625,1560.7488813717412,1537.2950047391057,1560.7488813717412,3244282
2020-04-21,1481.986328125,1530.5571265241565,1473.5002277586523,1505.3122506775458,5122541
2020-04-22,1509.1500244140625,1526.6338195542085,1466.208138635727,1481.9861976646391,3829836
2020-04-23,1601.89990234375,1620.4497880756687,1501.7731419848838,1518.1055909340475,5934366
2020-04-24,1550.9835205078125,1579.4692353525088,1541.8151872765093,1569.874468017424,2987102
2020-04-27,1566.3778076171875,1599.1279692493938,1556.4845567360767,1562.7105366069786,3374741
2020-04-28,1585.5244140625,1593.1575415819125,1562.965991331673,1590.5989373930765,2678505
2020-04-29,1625.26806640625,1631.1528769401505,1577.848622303141,1598.274771036094,4241510
2020-04-30,1718.060302734375,1733.0281812786452,1656.440575324246,1688.6790349073412,5915544
2020-05-04,1646.419677734375,1676.7391894624632,1632.091551806133,1676.7391894624632,3729348
2020-05-05,1648.380859375,1686.1202736951882,1643.4768676836761,1667.4424410401703,2905528
2020-05-06,1623.5198974609375,1666.2485737948612,1614.9912153938913,1654.3937890095779,3517431
2020-05-07,1613.327880859375,1649.830571233355,1606.2490343422683,1628.9779888834805,3166754
2020-05-08,1614.8204345703125,1654.137632019067,1608.7224070100362,1653.7964639669779,2686530
2020-05-11,1650.5556640625,1664.2868195547599,1628.1251915449864,1628.1251915449864,2449841
2020-05-12,1662.666259765625,1668.636336102306,1629.1911888778072,1648.935105013233,3256595
2020-05-13,1662.79443359375,1700.6191157730445,1642.3255976967826,1700.6191157730445,2656665
2020-05-14,1622.4534912109375,1640.1505029988223,1612.858725783771,1628.9779525233844,2263146
2020-05-15,1614.39404296875,1635.2893113625353,1590.769534196382,1634.0952752037724,3173682
2020-05-18,1659.34033203125,1665.6088924147987,1596.654519975991,1626.419640671826,3727694
2020-05-19,1661.9417724609375,1677.1227651763684,1623.008315176629,1623.008315176629,3198693
2020-05-20,1666.1630859375,1674.0948008476576,1647.4852538757461,1663.0927816241688,2778505
2020-05-21,1698.23095703125,1704.0305018848192,1655.5449701381501,1659.6813596936227,3400908
2020-05-22,1723.0921630859375,1733.0280979537613,1672.6876757440032,1686.2056152333294,3663418
2020-05-26,1657.1226806640625,1726.2049951950914,1641.7710552127228,1718.5291824694216,4575317
2020-05-27,1710.256591796875,1714.2650305726681,1655.6303435816876,1670.7687536775409,3482160
2020-05-28,1709.403564453125,1717.6763433306783,1681.2589173181138,1695.9282069081696,3475681
2020-05-29,1682.154541015625,1707.9964886213402,1673.6685442331923,1690.384739808922,7237735
2020-06-01,1744.328369140625,1756.9081728051276,1689.6168632286274,1697.2074096515555,3747773
2020-06-02,1745.9490966796875,1774.8186634393649,1739.8937534889687,1757.0789638427254,2443886
2020-06-03,1750.2259521484375,1765.2805344909555,1727.857870222522,1755.1016533426744,3699799
2020-06-04,1789.0599365234375,1796.287814773662,1750.7390880419011,1750.7390880419011,4048593
2020-06-05,1752.0223388671875,1794.5772571431025,1745.2221474618277,1789.1029391287886,3573289
2020-06-08,1772.123291015625,1792.0107612780182,1763.8690051706217,1777.6832289384445,2957841
2020-06-09,1772.3802490234375,1792.4387559697834,1762.2867797598408,1764.7246826457206,2909439
2020-06-10,1803.7725830078125,1823.6600578412122,1773.6206050345936,1776.657228979827,5168397
2020-06-11,1768.6162109375,1800.5645538944307,1763.6123919894196,1796.2876784695034,2269513
2020-06-12,1744.5377197265625,1752.8348173969925,1720.159526535973,1720.33055980954,2842642
2020-06-15,1736.325927734375,1761.2173221373507,1711.5627560630367,1744.1953368488598,2399022
2020-06-16,1749.9267578125,1774.0054879744991,1737.2671621320214,1766.3499211238918,2146528
2020-06-17,1751.637451171875,1761.089389302113,1733.460727395204,1750.0977339797175,2703527
2020-06-18,1743.340087890625,1761.3884828335194,1732.3057274739642,1749.242197361482,1944389
2020-06-19,1748.8997802734375,1787.733827847662,1738.1220756872963,1746.675826059773,5681758
2020-06-22,1734.657958984375,1755.4436164800434,1727.1307204644606,1753.5190224310336,3196138
2020-06-23,1740.945068359375,1748.3867903287544,1719.3040354994112,1733.8454129140828,4205944
2020-06-24,1746.846923828125,1765.7079858625095,1737.7799689815522,1739.8328900299598,2560937
2020-06-25,1724.5218505859375,1762.072841241202,1718.6625515844103,1740.6884620999253,3043931
2020-06-26,1812.4117431640625,1823.6598429969085,1727.8150144539,1732.134700782711,6300722
2020-06-29,1797.69921875,1819.89637241849,1788.846210664083,1803.1309348426262,3076341
2020-06-30,1781.0194091796875,1806.466821665913,1774.946370490481,1796.287940204158,3071725
2020-07-01,1789.487548828125,1808.2201802900945,1778.7525493821536,1778.9235826385732,2503466
2020-07-02,1845.17236328125,1851.8871415303802,1794.577008282096,1797.9985087745308,3758699
2020-07-03,1881.5257568359375,1886.1020971576843,1847.824061399042,1850.7322532088733,4185208
2020-07-06,1935.884765625,1941.6157366765628,1886.101979629705,1886.101979629705,5190366
2020-07-07,1941.61572265625,1969.6720657764129,1909.325314848138,1945.9782188994689,5630055
2020-07-08,1897.9918212890625,1945.46514172604,1888.326249238523,1941.701574629531,2793358
2020-07-09,1885.54638671875,1919.8896171211532,1874.1698549066218,1906.6313016542883,3443998
2020-07-10,1900.9432373046875,1924.4660562705249,1861.2965116240748,1886.3162372513746,9610320
2020-07-13,1898.932373046875,1920.2739361037275,1890.378623618736,1898.932373046875,2963503
2020-07-14,1857.8319091796875,1915.1848514782594,1851.8870939930466,1890.3789735448652,2976738
2020-07-15,1910.822509765625,1933.1478852474534,1865.6588678306166,1868.9947474626927,5569321
2020-07-16,1915.8375244140625,2000.0666492708392,1903.2782526211738,1923.7674929120287,8582118
2020-07-17,1886.68994140625,1923.6820971370757,1877.5169366353698,1917.766851721359,4509135
2020-07-20,1892.8194580078125,1909.1080450329634,1878.1598552653604,1886.9042127556434,2952646
2020-07-21,1907.5218505859375,1919.1809221468156,1887.0324006182116,1911.7654135676592,2665286
2020-07-22,1878.2880859375,1912.622749545332,1872.5013519350655,1912.622749545332,2861534
2020-07-23,1861.3565673828125,1878.2881227588935,1854.3267989095082,1878.2881227588935,2265766
2020-07-24,1849.5255126953125,1854.3264415715805,1821.8350911097236,1847.0394444595331,3665100
2020-07-27,1891.87646484375,1898.9062338720662,1854.755592317027,1856.0415333331932,4248480
2020-07-28,1980.1346435546875,1988.9219062872064,1898.906044149208,1898.906044149208,8092319
2020-07-29,1951.2440185546875,2007.7825150672536,1925.5251989765416,1964.9178157703439,6090431
2020-07-30,1954.2015380859375,2021.4991124398512,1947.9861570150347,1959.6881355870369,7098496
2020-07-31,1955.8302001953125,2001.6098195779987,1935.2980533555435,1974.4763423339818,4723290
2020-08-03,1932.46923828125,1975.0769186658217,1912.365735301378,1963.5890531771101,4012337
2020-08-04,1928.654541015625,1945.7575168594187,1907.5223246655733,1937.44180575069,2927928
2020-08-05,1937.0556640625,1971.776068751383,1931.48325343342,1937.4843110339677,3800641
2020-08-06,1978.7200927734375,1988.493159308177,1942.0707793177683,1950.3435815590008,4748047
2020-08-07,1967.7899169921875,1995.7804830885811,1960.6314281888253,1978.6346026496758,3165491
2020-08-10,1957.0306396484375,1993.2084019002928,1951.2439055784046,1987.2073443461843,2929353
2020-08-11,1954.544189453125,1982.0634061039977,1950.857993292014,1957.2018841416204,2774423
2020-08-12,1935.212890625,1968.690057275446,1925.954072627177,1961.7890073167187,3415751
2020-08-13,1932.7266845703125,1971.7764735478129,1929.340414660588,1948.6295323365994,2695682
2020-08-14,1922.181640625,1955.744825995158,1914.423297436897,1952.05841996915,2270405
2020-08-17,1931.8255615234375,1946.056720823114,1918.8376455428786,1940.055664855818,2625630
2020-08-18,1945.843017578125,1962.3459267480243,1927.4541035060095,1939.884866257362,3493374
2020-08-19,1934.5697021484375,1958.573933875812,1931.0547130682417,1951.501258456139,2843005
2020-08-20,1931.3543701171875,1951.6721907813253,1920.380967906525,1934.9120555732682,2895164
2020-08-21,1927.7113037109375,1946.9146049093479,1921.238692380574,1937.4843712440008,1975294
2020-08-24,1927.28271484375,1937.441523109407,1911.7656098063708,1929.4259498323222,2167966
2020-08-25,1922.610107421875,1928.9113013932013,1914.8088584052919,1924.6248318345497,1663419
2020-08-26,1931.912353515625,1937.398952317127,1900.1495636201682,1922.0534708595658,2618149
2020-08-27,1927.539794921875,1960.9315645116892,1921.838873396945,1942.6282534258849,3579393
2020-08-28,1919.0953369140625,1954.587221305113,1916.1377147648539,1944.6854347183944,2941136
2020-08-31,1935.1268310546875,1951.372510071133,1910.0509822083702,1920.3385099401928,6018154
2020-09-01,1925.78271484375,1952.9159898055113,1921.453337712168,1945.2003427869645,3610908
2020-09-02,1941.8990478515625,1944.9853893796048,1921.752642716391,1926.3392484566268,2084137
2020-09-03,1971.3470458984375,1992.3507434955288,1944.3422918450342,1944.3422918450342,4654146
2020-09-04,1962.17431640625,1992.565343242746,1940.0131854137646,1950.3436187489501,5231303
2020-09-07,1994.9656982421875,2009.0681402340026,1957.5019988057907,1962.3456253448398,4620401
2020-09-08,2013.0977783203125,2049.318450708789,1994.9660934956676,2002.5959265627068,7453998
2020-09-09,1995.4801025390625,2022.356350561891,1988.9218877929577,1993.2083573787186,3866535
2020-09-10,1998.480224609375,2013.3543547655677,1992.607888051917,2001.7808892389187,2308813
2020-09-11,2035.3017578125,2042.9315906499935,1997.6235192815964,1998.3093963378444,4145424
2020-09-14,2135.862060546875,2148.164312433573,2041.9456758860927,2043.8745872710974,7512131
2020-09-15,2135.862060546875,2175.812042285307,2112.886750156821,2135.862060546875,7318770
2020-09-16,2145.806640625,2149.75027630151,2123.774229163415,2133.7616194198476,3074003
2020-09-17,2109.757568359375,2139.5914405839812,2100.884701288022,2126.089060462095,4828176
2020-09-18,2100.283935546875,2143.5772711821996,2088.7104695849566,2130.3750307679584,4183256
2020-09-21,2113.486328125,2147.435035115376,2102.2127897089445,2113.2290981394194,4598809
2020-09-22,2162.9091796875,2190.3854856632033,2107.227993643896,2130.3749244121564,7499613
2020-09-23,2115.329345703125,2160.2516621719546,2065.2205696730134,2151.8072353172533,7502280
2020-09-24,1999.424072265625,2100.3704478725613,1974.0053870961883,2100.3704478725613,8424708
2020-09-25,2076.622802734375,2091.7968610549296,2016.4408201493188,2030.071707777899,8228267
2020-09-28,2080.05224609375,2095.2263063706687,2028.3573816992644,2091.797130746494,4347166
2020-09-29,2133.29052734375,2152.708364039755,2080.052689997132,2087.382596318132,6995811
2020-09-30,2136.63330078125,2147.520889779566,2108.9426702026876,2133.804189485565,3917166
2020-10-01,2163.338134765625,2177.526389914291,2136.6335149243773,2151.807574285382,2610337
2020-10-05,2319.666259765625,2338.783958754555,2231.579296985746,2246.1103891317093,17412105
2020-10-06,2326.953125,2345.5563627715733,2271.9148925581817,2345.5563627715733,9846367
2020-10-07,2345.51318359375,2374.7040824967694,2317.2653916926956,2350.699853504022,9656101
2020-10-08,2422.455322265625,2473.292892204616,2400.4229109784833,2400.4229109784833,19839329
2020-10-09,2411.52490234375,2426.0132952436484,2383.277109399946,2408.9959271272833,7739245
2020-10-12,2426.141845703125,2446.716900224989,2401.0659980046034,2413.7110835961653,4623203
2020-10-13,2423.18408203125,2447.48823818637,2410.8818310130396,2439.0011124116168,4209878
2020-10-14,2418.923095703125,2446.817767312512,2399.9391227113006,2446.817767312512,4395936
2020-10-15,2359.5166015625,2434.548212916701,2347.8076126333103,2420.1273190730603,6629355
2020-10-16,2379.060546875,2386.2493453117218,2351.510177333232,2367.6960614775485,5273773
2020-10-19,2334.505859375,2388.272072169572,2330.2442046733445,2388.272072169572,3331194
2020-10-20,2358.139892578125,2376.1336470387982,2340.016869619995,2346.086603605473,3406273
2020-10-21,2303.3828125,2366.748741380843,2292.750218733415,2358.1392515977186,4570143
2020-10-22,2299.723876953125,2313.0685866833787,2271.2696801662687,2290.985328529398,5262294
2020-10-23,2313.197998046875,2326.284381842546,2298.8201906491454,2314.0589471149146,3499091
2020-10-26,2314.403564453125,2333.129209286543,2299.1648058686023,2315.9102255316757,2672752
2020-10-27,2264.425048828125,2340.1885648616803,2259.216475254929,2324.3471864953563,3537502
2020-10-28,2257.580810546875,2286.6378442493988,2243.633476408196,2281.51523886482,3569445
2020-10-29,2266.57763671875,2285.8199337978403,2238.6829690613313,2245.355324800289,3105968
2020-10-30,2294.30029296875,2302.4793094178826,2257.064244397699,2269.548006346375,3427003
2020-11-02,2242.427734375,2294.2999089624423,2238.5103745875494,2290.124222449726,2571196
2020-11-03,2267.39501953125,2294.4287298699405,2239.371091880248,2241.910848998621,2879269
2020-11-04,2284.2265625,2343.373921962473,2247.0767003622427,2247.0767003622427,4893928
2020-11-05,2312.2509765625,2333.1720819186035,2296.151270286685,2311.6483542256274,2816502
2020-11-06,2330.9765625,2335.9701092408595,2308.4628279622434,2323.7015847566868,3884421
2020-11-09,2347.463623046875,2362.4440515415527,2320.343729598056,2351.337893539563,3646592
2020-11-10,2281.1708984375,2335.884047483179,2271.48522072707,2322.151950901146,4760020
2020-11-11,2314.05908203125,2318.3638276224265,2275.8328150660113,2296.969157957218,3242441
2020-11-12,2299.637939453125,2335.754709079128,2291.6310714675155,2312.5090853617908,2437505
2020-11-13,2287.4130859375,2294.3435592064557,2269.462210099961,2286.4659576908084,2548093
2020-11-14,2299.035400390625,2315.092016240263,2290.1675830574613,2305.5784871138007,298819
2020-11-17,2295.3330078125,2320.2574380678784,2281.5578245067168,2320.2574380678784,2827273
2020-11-18,2261.412109375,2293.7407935486212,2244.5376313401994,2290.985798174845,2893762
2020-11-19,2270.237060546875,2304.0293196111134,2265.0284855841223,2270.3232395515047,4167501
2020-11-20,2290.339599609375,2303.8995464917534,2262.1866090730578,2285.8196173152487,2711471
2020-11-23,2345.44091796875,2350.3913759951133,2294.429676566658,2315.953407116064,3706418
2020-11-24,2343.546875,2361.5837191871183,2328.8676487062176,2354.179471790684,3120516
2020-11-25,2325.68212890625,2352.9310871604134,2314.403610246583,2349.5303798400746,3302249
2020-11-26,2342.2978515625,2351.2085472853,2307.3432393078774,2312.508933127224,2341099
2020-11-27,2307.042236328125,2339.8013925388123,2297.916301728217,2328.8673807012233,6086808
2020-12-01,2347.6357421875,2355.4702518616264,2259.5175292010153,2306.48233852835,3605017
2020-12-02,2367.222900390625,2371.6567046663813,2326.6721092420767,2340.920860453286,2509032
2020-12-03,2332.698486328125,2388.1866135317773,2325.2513607241167,2388.1866135317773,2852548
2020-12-04,2348.281982421875,2358.010750212946,2323.7018412475063,2333.861083629398,2686527
2020-12-07,2357.02001953125,2362.4440402335767,2329.857036724004,2337.4765194002043,1996400
2020-12-08,2408.3330078125,2415.4358380300796,2352.5003734796765,2359.000581353689,4277818
2020-12-09,2419.955322265625,2445.094989271727,2404.7594473610975,2423.571265774617,3659996
2020-12-10,2397.140380859375,2434.1611884481035,2393.653495315399,2426.1543205822477,2127801
2020-12-11,2396.537841796875,2417.2865876316614,2380.1367204780763,2404.3723519779046,1795408
2020-12-14,2408.676513671875,2414.100533370962,2372.9902264991847,2412.37863570094,2483658
2020-12-15,2377.55419921875,2406.094579848288,2371.9149401718228,2398.6043641810156,2365509
2020-12-16,2422.8828125,2427.70421133273,2376.6068003361715,2392.577447502868,2565149
2020-12-17,2443.545166015625,2456.8898741844782,2414.9617041053766,2420.127397590094,2863460
2020-12-18,2463.17578125,2495.0309032025516,2450.4336904304423,2469.202425943726,6076692
2020-12-21,2428.0048828125,2485.128924676578,2397.7426139699537,2463.1747283906775,2705195
2020-12-22,2473.076171875,2482.6756698053955,2426.713980972715,2439.929633104874,2881737
2020-12-23,2504.28564453125,2513.110372629727,2467.006507208422,2476.1326515629303,2790988
2020-12-24,2504.802001953125,2515.13338972514,2482.288059984368,2504.5005857327255,1807144
2020-12-28,2522.064208984375,2539.541517749589,2498.474287725912,2505.3618805246047,2108994
2020-12-29,2523.011474609375,2541.521881264929,2513.9715085682906,2513.9715085682906,1994151
2020-12-30,2504.759521484375,2537.8198863162256,2498.4745503563845,2526.369220046216,2637968
2020-12-31,2464.68115234375,2501.0562387769082,2449.399311297867,2496.7514948203216,4040956
2021-01-01,2521.07470703125,2531.1908609824554,2478.6729553634314,2479.5339046358745,2681440
2021-01-04,2616.8115234375,2626.540289649769,2532.008042807982,2539.799673675922,5113293
2021-01-05,2662.91552734375,2681.210695451107,2616.940930153381,2616.940930153381,5801309
2021-01-06,2627.185546875,2680.5643782386737,2614.8739356671163,2668.94156818368,3726716
2021-01-07,2611.086181640625,2652.4548233256423,2583.062249518992,2647.418187574669,3717827
2021-01-08,2686.935302734375,2693.0481239213386,2634.503599488266,2660.3320661499156,5879039
2021-01-11,2734.761474609375,2780.86533670378,2709.0191829689534,2780.86533670378,9508039
2021-01-12,2733.384521484375,2763.6468003456735,2711.9898508065016,2734.7619140231536,3611458
2021-01-13,2719.69482421875,2735.2349958370237,2691.5418337222204,2733.513097822647,3572801
2021-01-14,2804.0126953125,2817.641617749543,2691.61751993429,2721.4631268941703,6931542
2021-01-15,2789.047119140625,2824.1112135321864,2768.905618643347,2790.4703041468,4131692
2021-01-18,2779.041015625,2809.231575273289,2749.411053561698,2803.4091101982617,4160906
2021-01-19,2812.63818359375,2828.4235722729863,2787.8819718164964,2788.7445590602515,2975735
2021-01-20,2854.129638671875,2870.648105502872,2818.1597810756234,2820.6612006556556,3453446
2021-01-21,2823.981689453125,2854.4308545355875,2813.8462880568213,2850.8512012581946,2778546
2021-01-22,2849.213134765625,2868.103718630211,2796.4226061170007,2796.4226061170007,3052459
2021-01-25,2839.0341796875,2880.8696719465147,2828.1223218457994,2854.2587642828466,2272887
2021-01-27,2812.94140625,2852.102800043491,2783.570255608541,2846.539152001297,2786662
2021-01-28,2757.304443359375,2824.974398668486,2746.3064514256275,2786.1579565493776,3083938
2021-01-29,2683.8115234375,2774.814498620506,2674.0210717281498,2768.948861893027,5445659
2021-02-01,2707.964111328125,2730.089396130799,2625.8026531981222,2674.0212094804033,3985846
2021-02-02,2763.2548828125,2780.9810916285855,2717.149639773587,2737.8517322671,2881837
2021-02-03,2760.3232421875,2791.333221488159,2728.062342505683,2771.493708480054,2505866
2021-02-04,2750.317138671875,2792.929088556471,2739.5779661560728,2774.1246384838455,2057261
2021-02-05,2724.008056640625,2765.3261227769435,2699.0361915221556,2759.3741428830053,2366135
2021-02-08,2772.4423828125,2782.707089139848,2721.5926846096877,2751.2226474927297,2526592
2021-02-09,2740.35400390625,2799.786405962383,2729.2267099642486,2755.9669210922166,2658751
2021-02-10,2771.75244140625,2777.014098773205,2723.4475416582923,2747.3411731650913,2127983
2021-02-11,2765.45458984375,2776.927041832797,2747.383429948159,2773.2178747185453,1165882
2021-02-12,2752.34375,2799.5272357807867,2744.7529392249153,2746.650589270533,2777404
2021-02-15,2708.394775390625,2768.042602007056,2701.235258795116,2768.042602007056,2630853
2021-02-16,2681.612548828125,2732.3757060609887,2674.021735331871,2717.1511181598044,3435770
2021-02-17,2650.8173828125,2702.356979177696,2627.053058185839,2678.4201791921864,3678426
2021-02-18,2637.23095703125,2672.2086981494244,2614.501700963019,2643.829664616184,4189909
2021-02-19,2649.739013671875,2662.9364315448893,2601.6927301955807,2637.792094735,3725028
2021-02-22,2551.921875,2670.570824384041,2538.7242445051543,2670.570824384041,5366696
2021-02-23,2570.68359375,2611.9153242768703,2560.1600668605515,2561.885242107762,3832829
2021-02-24,2542.994384765625,2590.652345860636,2519.747482327506,2563.6101425226025,3774549
2021-02-25,2583.708251953125,2613.553651608383,2560.5476944966717,2565.335097001332,4224073
2021-02-26,2496.586669921875,2563.9116563447387,2484.251628398456,2553.2586180761905,5553153
2021-03-01,2522.378173828125,2557.5717838320993,2503.0562992261116,2523.9308733533635,3265871
2021-03-02,2593.239990234375,2609.3271627195363,2542.907925850312,2553.258975752009,3306469
2021-03-03,2638.741455078125,2642.968049510322,2585.0883451289606,2617.9530124881944,3509857
2021-03-04,2630.63330078125,2658.020456448059,2601.6073129494007,2607.602254512263,3916760
2021-03-05,2594.7060546875,2642.2776652670846,2584.829471136932,2601.649925333204,3203686
2021-03-08,2593.757080078125,2616.227523444832,2584.311790385993,2601.563537985365,2003125
2021-03-09,2631.710693359375,2645.468918741427,2580.9475568679964,2593.7568519784845,1942397
2021-03-10,2648.962646484375,2668.155215500938,2639.5173568846353,2652.4561674575993,3053778
2021-03-12,2637.74951171875,2688.685347801896,2623.4306849869185,2652.4566713156337,2938317
2021-03-15,2644.822265625,2673.158345880826,2623.1282768065803,2623.1282768065803,3097083
2021-03-16,2682.6904296875,2709.387472019462,2639.5178810504785,2639.5178810504785,4894756
2021-03-17,2685.191650390625,2721.46349599781,2661.3411908354997,2678.334122051727,3838390
2021-03-18,2619.24658203125,2714.0880224400876,2576.5916781654355,2696.404981132121,3656306
2021-03-19,2631.064697265625,2673.1590149339436,2592.075779243788,2613.6404695869146,5776626
2021-03-22,2699.596435546875,2708.0498337575755,2603.8492389926228,2629.770031169302,2821646
2021-03-23,2710.767578125,2733.539804025609,2693.7314748970084,2708.5247663743808,3305973
2021-03-24,2692.22119140625,2719.133871899528,2683.638279663349,2683.6814511450275,2207104
2021-03-25,2643.700927734375,2700.6316929172795,2630.8914213311755,2684.5443124607837,3179786
2021-03-26,2645.383544921875,2689.5479854378573,2624.8970905748097,2665.956131668487,3697370
2021-03-30,2724.52587890625,2750.317161758501,2640.294080434551,2659.3573490419767,4694008
2021-03-31,2741.173828125,2764.5929950000286,2701.6241061903556,2721.463619102992,3530069
2021-04-01,2730.089599609375,2773.2189771703447,2712.837848584987,2752.603218933267,4285076
2021-04-05,2793.834228515625,2814.622668965383,2718.012880756948,2735.2646286513113,5317862
2021-04-06,2816.089111328125,2824.973803883292,2786.157369936804,2824.973803883292,2291562
2021-04-07,2821.868408203125,2827.1734472042103,2790.297834912281,2811.1724084069633,2491268
2021-04-08,2861.505126953125,2876.7297142170814,2817.2543399052524,2820.661518887513,2578118
2021-04-09,2865.731689453125,2893.4208359917825,2853.439816001486,2893.1188460909866,2911129
2021-04-12,2800.43310546875,2879.403022361947,2771.665732059278,2865.7309281284092,3791828
2021-04-13,2677.5146484375,2772.3560975851465,2650.7744371664544,2772.3560975851465,8654596
2021-04-15,2776.6259765625,2792.411369848915,2663.1957209025627,2726.0353041877324,6062760
2021-04-16,2756.096435546875,2800.8216827812294,2745.271130624356,2785.29510739162,3224657
2021-04-19,2727.3291015625,2750.7914386004254,2704.2980582590685,2733.53968922068,2679106
2021-04-20,2712.44921875,2782.146321965287,2696.750170373957,2781.844332141803,3141893
2021-04-22,2690.2373046875,2715.4248116477966,2678.549204691652,2715.4248116477966,1988980
2021-04-23,2682.215576171875,2690.410156642572,2666.3008804288893,2678.3339327910185,1615309
2021-04-26,2674.71142578125,2719.7384522344405,2663.713434894479,2675.789660181914,2490260
2021-04-27,2701.6240234375,2705.160716389788,2676.6089861834494,2679.196748658006,1471417
2021-04-28,2694.809326171875,2718.012842526371,2684.371934605543,2717.107083656132,1639037
2021-04-29,2687.175537109375,2723.490552768404,2678.765309523526,2713.35515029315,1621395
2021-04-30,2618.51416015625,2701.6677373904304,2605.0147474405308,2673.159172953048,3072305
2021-05-03,2619.677001953125,2635.2035696301605,2591.21162787856,2609.239613888764,1545831
2021-05-04,2630.67578125,2665.3949222272317,2617.952617786294,2641.932588331327,1990777
2021-05-05,2670.3115234375,2673.503054401822,2632.961450376518,2648.1430714400576,1939289
2021-05-06,2683.89794921875,2703.349340291839,2651.5940880845924,2678.7655954933966,1791671
2021-05-07,2702.400390625,2725.6472930509076,2684.1999200832834,2702.4867336151315,1912540
2021-05-10,2713.268798828125,2729.3991418750993,2695.585756267013,2713.6569210585,2137153
2021-05-11,2693.51513671875,2698.2593667798046,2666.386598168276,2695.5852619628977,2415625
2021-05-12,2663.325439453125,2691.2731922121075,2648.6614509058154,2691.2731922121075,1978558
2021-05-14,2632.185546875,2672.7271561501516,2622.2657914140586,2672.7271561501516,2043935
2021-05-17,2647.927734375,2652.628793698723,2618.8154089298805,2635.204569921207,2890462
2021-05-18,2664.35986328125,2694.722896047772,2655.043877732088,2674.020799535241,2098538
2021-05-19,2658.494140625,2689.5472843831117,2645.641673695492,2660.2193152782284,1986041
2021-05-20,2639.517578125,2664.3601386258806,2632.7032215557847,2645.64203321326,2329027
2021-05-21,2657.200439453125,2663.8423201990017,2635.290804111499,2640.3799854458744,1685566
2021-05-24,2658.0634765625,2678.334283539368,2649.8688950186597,2658.0634765625,1652260
2021-05-25,2699.236328125,2711.5883248095797,2671.585276336339,2680.1665788575788,1841613
2021-05-26,2737.809814453125,2743.4440597575244,2690.395515523739,2704.437746111683,1923753
2021-05-27,2756.445556640625,2789.1675125409974,2740.669715590691,2740.799651958414,5959785
2021-05-28,2724.893798828125,2772.0480016365095,2718.0025158298026,2764.680144221278,1763701
2021-05-31,2738.373291015625,2748.0816988614047,2711.892506061442,2730.4420914942166,1652799
2021-06-01,2733.041748046875,2747.7340804858504,2714.8388058619767,2746.5640183190408,1377441
2021-06-02,2712.62841796875,2738.6326212021613,2700.1031024025397,2731.1782099155653,2240078
2021-06-03,2722.856689453125,2734.3852614934635,2706.733999336833,2734.3852614934635,1281706
2021-06-04,2725.0234375,2736.378689395609,2708.7708126242546,2711.3712326043737,1836060
2021-06-07,2759.22021484375,2765.5045660829023,2716.2267112709633,2726.108227190986,2559821
2021-06-08,2773.9111328125,2800.6522018087835,2762.6860293575855,2772.0475832202073,2574057
2021-06-09,2773.998779296875,2791.11821555689,2761.8201000379795,2775.5156913705473,1710925
2021-06-10,2788.34375,2794.5847157254625,2767.713708843487,2782.449422294893,1874324
2021-06-11,2837.75244140625,2868.2640016376467,2783.316926339826,2783.7937124543178,3452954
2021-06-14,2839.962890625,2868.003967055523,2834.7620491899106,2842.259844276386,1847360
2021-06-15,2828.173828125,2858.7287671921695,2818.46563449062,2858.7287671921695,1304985
2021-06-16,2838.228759765625,2855.8681501125543,2819.722351048015,2827.6103771033627,1635552
2021-06-17,2875.848876953125,2891.7114871168055,2825.790773526392,2830.5582119479855,2273413
2021-06-18,2858.121826171875,2910.7369514934426,2838.7919940860706,2904.582539162514,3380431
2021-06-21,2837.145751953125,2848.3274763254985,2818.5959573004056,2830.1245314068024,1130569
2021-06-22,2861.5029296875,2883.9099729657505,2847.460700066523,2863.930031360667,1708688
2021-06-23,2827.003662109375,2885.5998874590587,2822.6696280338883,2885.5998874590587,1467104
2021-06-24,2924.259521484375,2932.4074208008446,2841.8261096942265,2846.593547120891,4155204
2021-06-25,2930.501220703125,2946.8404060852245,2903.803522115531,2925.6903994090885,2722861
2021-06-28,2892.317626953125,2939.7752998610995,2889.0671014114832,2939.7752998610995,1355238
2021-06-29,2895.87158203125,2917.9317727636685,2883.432819803857,2896.8683252020114,1497322
2021-06-30,2900.119140625,2931.5408902618997,2893.83479069762,2900.335842346634,1693146
2021-07-01,2896.43505859375,2914.2045988305217,2888.50386064937,2910.737371467249,990310
2021-07-02,2882.5224609375,2894.874457109893,2856.3015567820694,2887.3332807186644,1682274
2021-07-05,2878.665771484375,2924.606538087408,2862.196440060646,2896.8687167421804,1972858
2021-07-06,2827.784423828125,2884.733599498473,2822.410262932465,2871.7314949334254,2159420
2021-07-07,2838.748779296875,2845.4665317412073,2809.8409005907183,2838.7921619597746,2640710
2021-07-08,2824.490234375,2858.7291063276816,2801.433086588135,2858.7291063276816,2485811
2021-07-09,2780.845947265625,2844.859709410131,2774.648363748272,2817.121893840014,6365067
2021-07-12,2767.80078125,2804.9867070246833,2763.6834490935203,2804.1199002548983,1892226
2021-07-13,2762.990478515625,2785.9174795432514,2752.1120091940957,2785.9174795432514,1809339
2021-07-14,2786.394287109375,2792.851956478102,2760.7800997463546,2762.5137136237463,2044279
2021-07-15,2782.397705078125,2807.503217958564,2774.6228962360215,2803.81124948361,2232968
2021-07-16,2775.318115234375,2797.0790558997232,2772.8857169254143,2791.128386115713,1256526
2021-07-19,2766.4580078125,2779.662185840611,2758.9871140426317,2762.4619088965896,1597058
2021-07-20,2784.874267578125,2792.8662530080633,2741.743250914636,2766.4578980001006,1811945
2021-07-22,2794.03857421875,2801.509254252244,2771.1482833453642,2771.1482833453642,2859334
2021-07-23,2790.998046875,2815.9296512858455,2785.6119465337315,2805.896141243119,1776193
2021-07-26,2777.70654296875,2800.900747260953,2771.8863062489186,2779.8348115794524,1259611
2021-07-27,2765.024169921875,2788.522509498278,2746.0864980011934,2779.8355234873798,1121367
2021-07-28,2777.924072265625,2783.7008323872246,2721.111063799001,2769.4107846512215,1660654
2021-07-29,2776.186767578125,2801.943593815388,2771.4089257268242,2780.0524335681666,1731997
2021-07-30,2751.55908203125,2800.2496764459347,2747.1288468343987,2796.340533109807,2999943
2021-08-02,2796.688232421875,2801.4660747977546,2751.168509892799,2762.461591872151,2608669
2021-08-03,2853.587646484375,2858.018093712723,2796.297022250731,2805.0274846803595,3804735
2021-08-04,2844.075439453125,2871.22226784343,2832.9995334698806,2866.7050780162026,2929598
2021-08-05,2852.7626953125,2879.735828978224,2834.129152953682,2844.9878853404775,2534521
2021-08-06,2875.21826171875,2887.553737675778,2836.30052753051,2842.859243449068,2292362
2021-08-09,2886.4248046875,2898.8472371226603,2875.392374850466,2887.4672005937846,1510489
2021-08-10,2896.15380859375,2910.0529844223115,2880.2567959075063,2880.2567959075063,2040777
2021-08-11,2905.102294921875,2918.827777482922,2890.2476736622634,2910.140790049937,1929707
2021-08-12,2911.65966796875,2925.7760160270755,2889.290685660942,2889.290685660942,1310205
2021-08-13,3008.650146484375,3023.0706256820945,2916.6550648642624,2919.4783348451433,4363584
2021-08-16,3016.946533203125,3035.5368090935935,2985.282514035125,3005.6969295974195,2083489
2021-08-17,3086.529052734375,3093.261465683802,3008.302715337347,3024.8949404723467,4336019
2021-08-18,3093.04443359375,3122.9710539890493,3072.2391472921595,3104.5981658626997,2631309
2021-08-20,3092.13232421875,3105.5971510274003,3040.4447632436086,3045.656954266312,2836148
2021-08-23,3159.803955078125,3190.729707647399,3094.2172159201127,3109.9407441812386,3744176
2021-08-24,3138.78173828125,3185.821894709705,3122.4501621886025,3176.8307793682116,2511141
2021-08-25,3178.567626953125,3212.2296918737134,3133.4387849152135,3136.00140292451,2123263
2021-08-26,3189.730712890625,3203.4127144407685,3168.9252138816178,3179.436550700011,1902533
2021-08-27,3231.688720703125,3239.811136714947,3171.7052574467757,3184.648780586405,3944728
2021-08-30,3215.313720703125,3249.2364387035072,3203.412593965281,3227.214847440969,2033114
2021-08-31,3289.283203125,3304.6158580161027,3217.1812317850963,3222.349945144956,3207480
2021-09-01,3227.171630859375,3315.5617081836626,3220.2655198145953,3297.579690643702,2643336
2021-09-02,3332.978515625,3352.4372745391374,3233.295376335766,3243.719756915032,3403717
2021-09-03,3337.58349609375,3350.483543043497,3305.007298617694,3322.772142557713,1746812
2021-09-06,3346.226318359375,3368.4650827752403,3313.2157783547914,3344.2282695737613,1723693
2021-09-07,3314.86669921875,3361.819898080558,3308.221240170939,3356.651184145082,1585039
2021-09-08,3278.5986328125,3314.085054335627,3262.8318385542893,3309.7415614728015,4147175
2021-09-09,3293.583740234375,3308.612268216968,3270.6501823552917,3292.1069950523597,1441148
2021-09-13,3340.449462890625,3346.5736169166,3272.3868587098586,3272.3868587098586,1691473
2021-09-14,3375.67578125,3384.8840711793177,3322.7721217145872,3344.446109215776,1991188
2021-09-15,3435.31201171875,3457.420348161301,3358.388710048138,3372.374842019018,2461369
2021-09-16,3390.791015625,3458.9403729078654,3381.0616345028816,3413.985223966324,2946666
2021-09-17,3325.24755859375,3427.015500602913,3305.3977135092737,3405.2980386219065,6477148
2021-09-20,3321.46875,3362.7319291879166,3307.873703164557,3308.87262161632,2002008
2021-09-21,3355.73876953125,3363.2096613345666,3319.8614796911293,3351.438754448293,1568129
2021-09-22,3355.043701171875,3385.1877076595533,3346.6173684546684,3355.3478304693117,1744067
2021-09-23,3361.21142578125,3369.681235538016,3331.458504327995,3361.8629496086937,2003869
2021-09-24,3362.992431640625,3426.494162590542,3348.83260415297,3379.2370506238785,2320754
2021-09-27,3333.15283203125,3391.399111754299,3303.573604226205,3387.92431758242,1673362
2021-09-28,3282.94140625,3344.4887714625593,3258.7048062205004,3344.4887714625593,2253075
2021-09-29,3294.01806640625,3306.266801239433,3233.4263403457007,3266.1329691904434,2489161
2021-09-30,3279.814453125,3305.397579887502,3257.7061201389893,3305.397579887502,2252412
2021-10-01,3240.41845703125,3309.740625944317,3235.901268147659,3285.199898206016,1578374
2021-10-04,3277.8603515625,3286.851254497421,3220.6564659820315,3235.7284709822225,1356860
2021-10-05,3329.982177734375,3335.8024155737935,3250.3225635085573,3261.0943406416723,1877966
2021-10-06,3310.522705078125,3350.9606587155918,3296.7104851126683,3332.3271201296957,1678154
2021-10-07,3381.756591796875,3387.0557379288393,3318.472027970927,3327.1155363599523,1647233
2021-10-08,3418.893310546875,3466.0202061548184,3387.924292552639,3409.641755966438,2934339
2021-10-11,3201.67529296875,3264.1346306074806,3179.436526420061,3261.9628843462647,11845402
2021-10-12,3173.2255859375,3220.2655276267183,3153.8970431833336,3219.396829075969,5752877
2021-10-13,3175.2666015625,3192.857745560252,3166.4059195953646,3170.7494119404887,3545655
2021-10-14,3143.28076171875,3194.2406932053873,3140.4520744563747,3155.0742541878826,6442299
2021-10-18,3174.353271484375,3179.183842238578,3134.577612848602,3136.3183437516254,3590107
2021-10-19,3163.03857421875,3211.7356920493535,3155.2488457940203,3193.370895714602,3135441
2021-10-20,3141.017822265625,3159.425962920744,3114.4281204926015,3143.7593878979965,2933693
2021-10-21,3074.565673828125,3139.7995159026163,3056.0704096897393,3136.883919403963,4871211
2021-10-22,3045.27783203125,3099.8932567069073,3033.2231871659847,3098.5005871767303,2691670
2021-10-25,3040.142333984375,3058.942308854021,3002.7601880545794,3048.889547465273,2595594
2021-10-26,3031.134765625,3071.519637034841,3024.519903285937,3041.49202936193,3878763
2021-10-27,3037.357177734375,3056.0700308961455,3031.482212206842,3031.482212206842,2510813
2021-10-28,2978.08544921875,3061.9452338402966,2972.297604765382,3061.9452338402966,2424942
2021-10-29,2957.283447265625,3012.3340478217433,2947.0130950983553,2959.2853297841493,3960501
2021-11-01,3025.737548828125,3034.9635051049436,2970.512918427399,2992.2720488052664,2020718
2021-11-02,3032.52685546875,3058.115723793771,3019.950118885597,3041.056478243757,3087414
2021-11-03,3039.533447265625,3063.5989646219014,3016.729917190848,3049.9342708836666,1537639
2021-11-04,3053.807861328125,3057.8116276703154,3050.631112213607,3057.550475519028,328991
2021-11-08,3048.67236328125,3088.0563970942476,3029.915946668684,3088.0563970942476,2526082
2021-11-09,3051.239990234375,3076.7417393701817,3042.7974882144713,3053.241873185459,1782692
2021-11-10,3032.6142578125,3063.4251085051474,3029.045674614578,3044.538221499019,1516489
2021-11-11,3036.008056640625,3055.0256225632647,2990.5750325787967,3028.871104008793,1284514
2021-11-12,3068.951416015625,3076.001247008398,3033.832093367419,3051.500550347196,1747259
2021-11-15,3092.669677734375,3106.8566774427045,3070.6493887689817,3070.6493887689817,1809157
2021-11-16,3095.3671875,3112.034811133801,3082.8340116924446,3106.333875700264,2013204
2021-11-17,3065.339599609375,3100.9812302018886,3051.8489368672776,3090.3192548089405,1632914
2021-11-18,3025.12841796875,3064.425535995087,3004.152743208787,3059.4642841407654,2136598
2021-11-22,3010.0712890625,3060.16085491759,2994.317804519924,3027.4785951812783,3167936
2021-11-23,3015.16357421875,3029.69863504423,2966.0314860207664,2998.409038950305,2153461
2021-11-24,2996.928955078125,3040.229629838049,2980.130861868933,3022.082427881749,2161746
2021-11-25,2999.19189453125,3014.075227111931,2988.8781925600256,2997.4511638196636,1849619
2021-11-26,3000.01904296875,3037.5752247190135,2969.599602458624,2981.0014741153645,1941251
2021-11-29,3048.01953125,3071.8241091591503,2964.8560774978537,3000.2799056225817,2981745
2021-11-30,3071.649658203125,3101.7643830180255,3038.4453065214807,3038.4453065214807,5588446
2021-12-01,3113.992919921875,3124.6113337667334,3076.741243695098,3076.741243695098,2102118
2021-12-02,3170.65380859375,3175.092756819471,3110.772843260999,3123.9152323855865,3152938
2021-12-03,3168.521728515625,3190.7160465699467,3160.166348037167,3173.743920998995,2486263
2021-12-06,3077.959716796875,3183.796220721799,3065.4265416572375,3168.5212674324416,1849642
2021-12-07,3119.824462890625,3131.574394610258,3067.4285135724954,3100.6764260141867,1484458
2021-12-08,3156.728271484375,3173.7439580228324,3134.185891998146,3134.185891998146,1428660
2021-12-09,3134.83837890625,3163.5604352688256,3103.722817846793,3142.018892996894,1567957
2021-12-10,3165.3447265625,3169.8705838544292,3111.6432273189575,3120.259759230678,1510718
2021-12-13,3141.714111328125,3187.2778211020996,3134.7947494906152,3176.8334371989795,1883864
2021-12-14,3154.0302734375,3163.7783237110075,3113.0359768736716,3137.6673609293484,1747007
2021-12-15,3107.509521484375,3153.334179672889,3096.890892481452,3150.7230831951033,1603233
2021-12-16,3117.30029296875,3140.6694726505343,3107.203970979604,3117.648354075334,2072320
2021-12-17,3119.69384765625,3178.0083208796227,3110.424330014637,3135.4908923462717,4333992
2021-12-20,3095.80224609375,3138.5372672585236,3055.112668377628,3123.7410571799337,2312310
2021-12-21,3140.53955078125,3169.1744877679744,3104.071112614517,3118.2145505242247,2340989
2021-12-22,3160.078369140625,3165.3441209643534,3138.7544222855827,3154.2034041907664,1224328
2021-12-23,3187.88720703125,3194.676099434365,3159.4263018517217,3175.0928785551187,1792861
2021-12-24,3195.0244140625,3224.7039606129447,3172.308003535306,3207.296651783725,2209923
2021-12-27,3216.95751953125,3220.3518594675843,3179.531808732032,3195.1112638122977,1534135
2021-12-28,3226.052734375,3242.110932603277,3214.9991369151708,3229.0554523377605,1456218
2021-12-29,3215.73876953125,3237.715494300175,3207.296268256941,3213.606416952969,1456923
2021-12-30,3249.72705078125,3255.1668349305323,3202.9449070974224,3204.1199854702945,1966475
2021-12-31,3253.73046875,3272.573794030178,3247.5943503878843,3257.6035521515405,1207141
2022-01-03,3322.83740234375,3333.4993781616295,3259.5183214661365,3263.870148330577,2346158
2022-01-04,3381.151611328125,3384.981133665279,3317.571383436288,3334.456597811897,2488606
2022-01-05,3360.43701171875,3368.3138605317376,3318.180732029534,3363.9620338385444,1733031
2022-01-06,3313.8720703125,3337.8506750264423,3283.0176652411315,3317.8322746286303,1810293
2022-01-07,3353.953125,3363.875205729341,3304.2551748321043,3324.7958836123003,2460591
2022-01-10,3376.887451171875,3462.3137344601323,3360.4809775642457,3462.3137344601323,3937092
2022-01-11,3408.26318359375,3416.18359233309,3356.128390327744,3356.128390327744,1906106
2022-01-12,3359.52294921875,3419.665276673529,3339.200046881566,3416.1838154603215,3203744
2022-01-13,3392.59765625,3414.443915675245,3356.999791679689,3410.092088099824,6684507
2022-01-14,3453.739990234375,3461.4428081583696,3359.653628525893,3375.146173409217,3348123
2022-01-17,3498.12890625,3518.8872054066355,3448.6487622565855,3475.1077846169696,3442604
2022-01-18,3473.2802734375,3517.755818179657,3464.0543151392512,3511.010486284599,2389041
2022-01-19,3413.1630859375,3498.0421346447133,3409.544807459659,3498.0421346447133,3102539
2022-01-20,3336.3486328125,3417.827148146218,3322.790627955417,3409.108201339722,6176776
2022-01-21,3342.408203125,3358.1459444240563,3288.0020610960582,3319.3029944689906,3112358
2022-01-24,3288.220458984375,3356.4896498685425,3260.973747148441,3348.0759503995805,3258414
2022-01-25,3286.95556640625,3321.3954051914466,3245.3662340411584,3286.6068936910965,3330501
2022-01-27,3181.76171875,3255.131572257952,3160.7055469917223,3253.0391101339314,5718297
2022-01-28,3217.335205078125,3251.9930207471753,3178.928199480695,3178.928199480695,3143862
2022-01-31,3257.616455078125,3276.580164117389,3244.668734105354,3268.733112101142,2739393
2022-02-01,3313.766845703125,3320.1753575502544,3257.7476054923573,3287.043355557894,2105169
2022-02-02,3362.200439453125,3369.00126096906,3313.7666442800282,3337.525775843539,1984212
2022-02-03,3334.6484375,3385.1310537087656,3327.193695504169,3357.666371624586,1960538
2022-02-04,3326.19140625,3334.7360179114785,3286.1715198488655,3326.5402918909444,2307366
2022-02-07,3294.89013671875,3340.9262203657618,3274.9672572822224,3305.352873326484,1919149
2022-02-08,3263.89404296875,3312.9381179027605,3244.320050301402,3305.8322615249517,2946443
2022-02-09,3278.803955078125,3293.974839092935,3266.205118089426,3269.6054225829375,1638721
2022-02-10,3287.348388671875,3304.3066986400545,3276.580403583315,3304.3066986400545,2112459
2022-02-11,3221.607421875,3271.7850066553174,3217.2915854918374,3271.7850066553174,3851488
2022-02-14,3255.437255859375,3307.314997198145,3234.7297540644877,3246.9362814383157,5951745
2022-02-15,3328.718994140625,3343.7155375509287,3267.860713100621,3300.992705389261,3931683
2022-02-16,3324.6220703125,3360.3697562876455,3318.431532229366,3351.5635338648667,3256906
2022-02-17,3299.42431640625,3343.716615581994,3294.890505941162,3334.9976674318455,3134372
2022-02-18,3307.881591796875,3327.1069146820982,3276.2319808945354,3286.1714964542043,3688883
2022-02-21,3242.92529296875,3337.438812898183,3230.8496782327734,3321.919043560008,7465922
2022-02-22,3126.96337890625,3198.022804045737,3112.664389545629,3182.4159725046347,5408531
2022-02-23,3107.25830078125,3158.787148610905,3100.152231425736,3148.411687072803,2426203
2022-02-24,2965.8798828125,3037.5497820201244,2956.681565999033,3028.9615359274617,5039136
2022-02-25,3069.72314453125,3077.788170189679,3018.4993329169033,3023.7307009115602,2549723
2022-02-28,3098.887939453125,3107.2145759792743,3013.1806523150753,3042.9123451891032,3288942
2022-03-02,3091.86962890625,3114.3645570939316,3056.863138182847,3097.4062459767724,2761341
2022-03-03,3090.34375,3120.1627215451904,3077.8758250310893,3106.4303788627763,1928039
2022-03-04,3072.862548828125,3104.991744753714,3040.340829947351,3052.939667338102,2370257
2022-03-07,3038.465576171875,3093.4822136519515,2991.9501243817053,3008.036538077574,3054130
2022-03-08,3138.777587890625,3146.6682782658586,3016.7559553338515,3016.7559553338515,3300992
2022-03-09,3167.244873046875,3185.9033350740265,3136.2489729035888,3143.180493415946,2719654
2022-03-10,3157.087158203125,3212.060163122713,3151.8994271684605,3212.060163122713,2005441
2022-03-11,3138.07958984375,3173.565872904547,3132.5868237611335,3141.654443106479,1623423
2022-03-14,3176.312255859375,3180.9769774502593,3121.382892115444,3121.382892115444,1765688
2022-03-15,3133.5029296875,3190.26337162295,3126.091823194252,3190.26337162295,3651133
2022-03-16,3187.560302734375,3198.1103155844385,3152.9897570153285,3174.133207166071,3090475
2022-03-17,3202.251220703125,3234.7292978853975,3191.3961743923683,3223.0459941926397,3600452
2022-03-21,3162.100830078125,3238.1736514139975,3151.8997034863028,3222.523182319606,2413831
2022-03-22,3226.8388671875,3235.6014520923454,3160.6185027848965,3173.6969241757306,2907611
2022-03-23,3236.82177734375,3251.9928727405686,3217.291421341195,3232.9855258355424,1596195
2022-03-24,3269.474609375,3276.7548028095052,3221.6510972508927,3226.010570995481,1879046
2022-03-25,3232.506103515625,3295.3261619554955,3201.5974776294693,3278.2369399463614,1690133
2022-03-28,3232.723876953125,3237.3449613508205,3192.1807741513976,3221.6508570404744,1760990
2022-03-29,3230.675537109375,3245.192500629566,3218.163761371233,3221.4333669266766,2689063
2022-03-30,3253.5185546875,3259.1422326604416,3231.4159399540727,3259.1422326604416,1583455
2022-03-31,3260.84228515625,3273.659093668878,3243.622366180688,3260.8859224608136,2168110
2022-04-01,3277.234375,3280.9399276687727,3250.4672488832616,3267.8615064848686,1387014
2022-04-04,3287.348388671875,3295.7620876915726,3258.3578888264396,3280.067982512089,1472994
2022-04-05,3326.104248046875,3344.239702036937,3288.7871089041378,3288.7871089041378,2314947
2022-04-06,3274.269775390625,3321.308450856893,3253.1697538188087,3321.308450856893,2051729
2022-04-07,3212.191162109375,3265.6819935656586,3207.7009890076247,3265.6819935656586,2494829
2022-04-08,3213.499267578125,3230.3705185904314,3175.877088789648,3217.2920954382435,2296773
2022-04-11,3222.8720703125,3236.7789635996933,3187.7348778014734,3217.2920283632184,2291660
2022-04-12,3218.25048828125,3260.014157655668,3180.9769912928095,3211.1880563374766,4483476
2022-04-13,3192.8349609375,3234.5988474920932,3187.2549196419677,3232.1138622901385,1621672
2022-04-18,3076.087890625,3147.539612949871,3071.248832857596,3147.539612949871,3820792
2022-04-19,3027.131591796875,3107.040881125284,2998.577035957168,3095.2266635407514,3170014
2022-04-20,3101.1552734375,3111.9230458257116,3034.1937144086005,3051.631609318995,2640370
2022-04-21,3163.80078125,3177.184450731517,3110.3972281195647,3121.383187052368,2280996
2022-04-22,3149.76318359375,3153.643072364982,3113.971864238743,3122.3421383520026,1581465
2022-04-25,3093.65673828125,3124.8706111779416,3080.491256003329,3102.2013489316732,1960694
2022-04-26,3092.0009765625,3128.271677271447,3067.457007010677,3117.1550171162526,1943469
2022-04-27,3104.9912109375,3111.3124472027903,3057.1242793987144,3091.7384547198044,1727648
2022-04-28,3125.13232421875,3142.65728057788,3084.8071929445496,3128.358292147701,1703660
2022-04-29,3092.348876953125,3159.092458531303,3083.7608419130784,3136.2052227522518,2051115
2022-05-02,3088.599853515625,3093.4389119139187,3045.3103646568115,3068.9822217914025,1324161
2022-05-04,3033.97607421875,3091.2595227230418,3021.3772363341036,3085.1998961485874,2305825
2022-05-05,3063.314453125,3080.4036727134103,3038.8579794826933,3062.1811604181826,1612262
2022-05-06,2992.865966796875,3029.398271221834,2985.803534263684,3015.8839027648073,2010812
2022-05-09,3003.764404296875,3013.2679710271254,2918.1007532108174,2962.6980803096562,2481830
2022-05-10,2998.228515625,3020.941419799455,2983.624276399491,2994.0870149491093,1622685
2022-05-11,2974.9052734375,3006.6857986302757,2948.879126623255,2994.958855292442,1841769
2022-05-12,2971.984130859375,3007.7754550444442,2920.934860508519,2945.2606403315326,2807195
2022-05-13,2977.43310546875,2999.2304728192926,2948.878554239539,2994.958273964552,2187823
2022-05-16,2944.214111328125,2990.5988675166236,2935.32082782278,2977.520446813198,1195813
2022-05-17,3009.43115234375,3022.858242546871,2921.1952583294023,2938.284475737801,1754076
2022-05-18,3006.990234375,3047.2717235989503,3001.9768402660748,3021.114884769775,1866781
2022-05-19,2844.076904296875,2968.8014850294667,2816.2199109090097,2961.826327355389,4642963
2022-05-20,2871.1494140625,2889.371929206205,2851.139472106869,2885.971624824438,3065125
2022-05-23,2896.216552734375,2911.169463412706,2848.480312420623,2881.4379784431057,2293690
2022-05-24,2866.78955078125,2898.9189531249863,2855.978142487524,2890.4614049004085,1711510
2022-05-25,2780.461181640625,2890.357885421766,2768.523667729061,2890.357885421766,3548046
2022-05-26,2832.512939453125,2845.2845046149496,2791.78459666296,2800.9572278964383,2813186
2022-05-27,2862.664306640625,2878.112892084147,2834.4878731863514,2855.554301399254,3103153
2022-05-30,2962.68603515625,2972.64878630767,2884.652556391541,2894.0006985882987,2094624
2022-05-31,2953.11865234375,2969.839960148592,2918.5783982122985,2944.1652479237173,4840965
2022-06-01,2945.0869140625,2973.8777450085313,2931.7888156507142,2973.8777450085313,1493835
2022-06-02,3004.599609375,3012.4995207055213,2937.274852340207,2944.911390433282,2657939
2022-06-03,3019.65283203125,3052.2620346027693,3011.796853027463,3036.5498622964137,1913622
2022-06-06,3011.577392578125,3030.9322154409138,2964.3534420465703,3000.2103424202264,1084210
2022-06-07,2951.66943359375,3000.956219056718,2945.7884328004134,2985.33191096936,2308256
2022-06-08,2988.05322265625,2996.655390105723,2937.4499938250347,2966.986795089598,2185707
2022-06-09,3008.1982421875,3016.888058060886,2943.243422200155,2971.244130502211,1279197
2022-06-10,2949.212158203125,2978.2663601980794,2942.2778778025236,2968.610913701711,1527582
2022-06-13,2826.061279296875,2890.4893497484964,2802.229755076651,2887.8560463627555,3030921
2022-06-14,2818.11767578125,2843.0022662978668,2786.6496119457593,2800.0795032064775,2611493
2022-06-15,2814.38720703125,2838.70133453844,2809.734994390088,2825.095932347547,1404536
2022-06-16,2757.94677734375,2848.2252927417594,2750.090797397265,2843.968032652371,2032028
2022-06-17,2711.337158203125,2737.5386155213027,2654.2385282186283,2714.058324390178,5240434
2022-06-20,2731.964111328125,2755.093376006696,2693.8690787621026,2715.813271322889,1502769
2022-06-21,2819.34619140625,2841.992643096797,2743.3753468292443,2747.413164355795,2964461
2022-06-22,2829.001708984375,2853.2281861623023,2793.934927975882,2808.7691181856167,3336315
2022-06-23,2904.358154296875,2912.4335752382617,2829.0017025634374,2829.0017025634374,3692578
2022-06-24,2890.577880859375,2936.1339542506385,2876.884614366657,2930.8673462609513,2132118
2022-06-27,2909.537109375,2951.845477755388,2902.3394557167258,2940.5223579770245,2037686
2022-06-28,2912.5654296875,2922.9670648721058,2872.5832738577947,2902.778403463079,1400046
2022-06-29,2888.295166015625,2925.600300358632,2871.1786926111868,2871.1786926111868,2133994
2022-06-30,2867.75537109375,2906.20143071572,2857.134294601676,2872.0563477532055,2719603
2022-07-01,2909.8876953125,2925.599650922588,2854.544400730377,2861.5226108633774,1502879
2022-07-04,2839.623046875,2912.3899190179127,2830.8453680013654,2907.16724294786,2622535
2022-07-05,2823.164794921875,2872.0564215860604,2814.9575797580337,2857.134368050925,2170627
2022-07-06,2862.18115234375,2868.983852314819,2810.8317396589046,2825.095465404695,2182144
2022-07-07,2885.968994140625,2913.6623972444418,2865.955845113616,2871.1785207492608,1989921
2022-07-08,2866.306884765625,2901.022644904037,2852.745414807298,2896.6338058043334,2136916
2022-07-11,2733.193603515625,2830.801346623151,2726.3469713524055,2814.255336753604,6974600
2022-07-12,2707.65087890625,2752.855930441553,2703.7448542061684,2734.159429373983,3734815
2022-07-13,2667.3173828125,2729.8583498303165,2664.025752969457,2724.591742081448,3863530
2022-07-14,2639.154296875,2690.419236530846,2611.21160444456,2689.539151729887,4764908
2022-07-15,2635.501953125,2665.688689015533,2598.890340539718,2656.5799405130747,4574806
2022-07-18,2696.14013671875,2707.977235850919,2652.8400018798093,2660.496697666323,3202795
2022-07-19,2705.600830078125,2709.7371858696033,2666.701122969062,2666.701122969062,1865074
2022-07-20,2785.29248046875,2791.5850009840688,2726.54681875147,2735.1276457438817,3402251
2022-07-21,2796.293701171875,2802.1902268295585,2767.0308792365477,2787.228784035556,2420640
2022-07-22,2790.74951171875,2813.63172152786,2766.547174420653,2803.070701615963,2075886
2022-07-25,2787.0087890625,2804.3464181965073,2771.475376902359,2785.468640525085,1797504
2022-07-26,2742.25634765625,2788.9008455480016,2725.1827872039253,2785.2045320841903,2639367
2022-07-27,2806.45849609375,2811.078941286618,2737.063723775086,2741.4641477682935,1389808
2022-07-28,2869.516357421875,2872.5966540791287,2817.7232833962703,2830.3525856367887,2106333
2022-07-29,2905.95166015625,2919.5050938055115,2882.2774670596104,2895.4787379011045,2430257
2022-08-01,2903.224365234375,2928.0427186140205,2878.7579598997477,2928.0427186140205,1306913
2022-08-02,2897.063232421875,2915.632893070421,2879.329394508913,2895.4790367844817,1269114
2022-08-03,2939.04296875,2947.40377372174,2884.081720092872,2886.677927084893,2895824
2022-08-04,2952.640380859375,2981.6391313007757,2910.7484743753057,2948.284004184291,2150567
2022-08-05,2961.529541015625,2972.0465119063037,2952.684645379227,2958.141128427601,1106933
2022-08-08,2969.802490234375,2973.718825122396,2935.9632683191207,2961.4857307835255,1068836
2022-08-10,2952.02490234375,2979.0875141786073,2935.0832672926604,2979.0875141786073,1878359
2022-08-11,3012.0908203125,3017.5473041725995,2970.330831313499,2992.2889084185535,1449248
2022-08-12,2993.652099609375,3009.0095343711423,2975.786337552625,3009.0095343711423,1472354
2022-08-16,2985.86328125,3005.3572860290433,2981.2868838403115,3001.96887403079,839942
2022-08-17,2993.25634765625,3008.085646866667,2966.853804993196,2979.1749915692876,1622326
2022-08-18,2975.787109375,2985.248022181146,2958.845474815157,2983.4878523567468,1430659
2022-08-19,2979.747314453125,3011.2103481950435,2966.986083984375,2980.847420528017,1398410
2022-08-22,2952.288818359375,2978.2953698990436,2945.996082460912,2961.4856625107705,1536532
2022-08-23,2890.7265625,2941.155248644901,2877.877238729922,2921.8374306422184,1849256
2022-08-24,2864.984130859375,2911.3205094918117,2860.4515652345717,2897.239152734898,1691923
2022-08-25,2832.288818359375,2885.0498583635745,2829.25256881732,2883.157762017432,1946930
2022-08-26,2835.80908203125,2866.436074774527,2831.0567102540363,2846.458193615582,1457962
2022-08-29,2756.909423828125,2765.8421977619005,2711.5410136837368,2750.2647412404017,2539173
2022-08-30,2826.084228515625,2839.5936161841482,2765.314544774919,2776.6675527850575,3431525
2022-09-01,2756.161865234375,2807.4708583776205,2746.7449996854402,2807.4708583776205,3546935
2022-09-02,2755.017822265625,2783.7086773807573,2746.129093251486,2783.7086773807573,2052900
2022-09-05,2757.6572265625,2770.4625015188517,2739.0435216869405,2749.0764010065686,2147912
2022-09-06,2752.069580078125,2764.214794894149,2733.85186528633,2759.506254646854,1936453
2022-09-07,2771.915283203125,2782.7401547857316,2730.023159097114,2730.023159097114,1291534
2022-09-08,2789.56103515625,2801.7502970448945,2781.1563961991515,2789.869150819009,1346113
2022-09-09,2831.80517578125,2845.75460780209,2788.5490876205113,2811.871338156078,1561185
2022-09-12,2854.07080078125,2877.7011622955056,2838.273322470928,2851.386499317343,1785928
2022-09-13,2842.101806640625,2872.1125680484006,2838.2733519875155,2872.1125680484006,1972678
2022-09-14,2746.216552734375,2764.698333727928,2740.408121912217,2759.065876894723,5090269
2022-09-15,2732.091796875,2761.486548220436,2728.263341401753,2754.6658898669316,2138023
2022-09-16,2647.911376953125,2723.290777024356,2640.254681350105,2707.141133277641,5322221
2022-09-19,2665.600830078125,2677.2179062249493,2629.5173540244687,2671.93739753417,2072220
2022-09-20,2675.72216796875,2710.617448353941,2666.6572505139093,2684.2589485371036,1544295
2022-09-21,2641.310546875,2676.6899140420137,2638.626245172588,2664.896863274496,2253818
2022-09-22,2646.76708984375,2666.6130461683933,2622.036834497055,2631.453699411689,2017983
2022-09-23,2624.45751953125,2660.056914839661,2621.7732173059885,2643.7753423253407,2652374
2022-09-26,2635.325927734375,2663.0047675160854,2575.216305765953,2604.9191687641182,2925489
2022-09-27,2655.61181640625,2662.256499568145,2619.1323446991073,2648.527090847732,2227447
2022-09-28,2671.629150390625,2684.2144051236332,2622.652520640546,2622.652520640546,2739767
2022-09-29,2637.878662109375,2689.4076788755,2631.4539990051267,2687.7794357731295,2493902
2022-09-30,2644.259033203125,2657.5922330079447,2596.3384551119543,2632.2019134840502,2817353
2022-10-03,2627.009033203125,2658.4720642332236,2617.372147790572,2635.8539282558045,1763331
2022-10-04,2720.4736328125,2726.5022987280186,2660.4959486942544,2666.6124941578328,2145875
2022-10-06,2729.979248046875,2749.3851626060255,2721.61844169452,2737.944059176487,1790816
2022-10-07,2697.372314453125,2732.6638073798995,2691.3879086023094,2725.9750757219967,1939879
2022-10-10,2744.5888671875,2752.0255417803355,2644.6551816597084,2649.055606254816,3064063
2022-10-11,2701.464599609375,2767.8669611577366,2687.2072674564333,2728.263141363747,4730645
2022-10-12,2728.923095703125,2736.97578612618,2694.8638550176415,2714.9736648998382,1665247
2022-10-13,2731.1669921875,2737.063516919874,2686.326718058436,2728.9227331476845,2054781
2022-10-14,2727.514892578125,2772.267293403134,2702.7405898542934,2767.866869127891,2245977
2022-10-17,2745.69140625,2760.3826551550005,2710.132155751458,2711.190947627584,1517005
2022-10-18,2774.765625,2784.1629159418735,2760.5155551789203,2779.442189863882,1793722
2022-10-19,2754.603515625,2787.3831970318834,2745.9121586461606,2787.3831970318834,1194289
2022-10-20,2785.883056640625,2788.265392214425,2739.7354565904398,2739.7354565904398,1587601
2022-10-21,2768.323974609375,2788.6183117668575,2759.1474909324643,2786.324298557894,1021913
2022-10-24,2789.765869140625,2804.1484230161673,2783.8540826356225,2797.177844444988,260949
2022-10-25,2790.118408203125,2809.6626504347373,2780.456366973794,2806.3537912248353,2069643
2022-10-27,2785.971435546875,2800.618740078452,2765.6331510594896,2788.8832750526153,2438421
2022-10-28,2791.1337890625,2804.589820132824,2775.0306699127677,2779.442483378448,1355739
2022-10-31,2817.515625,2822.6775315995496,2803.9714903854647,2822.6775315995496,1919414
2022-11-01,2876.237060546875,2878.7960411046947,2826.604168845417,2836.3543177659885,2991060
2022-11-02,2860.3544921875,2885.325394187665,2843.0161551154115,2885.325394187665,1405955
2022-11-03,2829.515869140625,2848.3102329584,2819.1481100504548,2848.3102329584,1422652
2022-11-04,2838.9130859375,2841.2514758680345,2793.692006783395,2838.560227097683,1464013
2022-11-07,2853.295654296875,2861.325239443402,2819.2365900807545,2849.148593513063,1474498
2022-11-09,2837.72216796875,2867.501904513535,2825.0160177906464,2867.501904513535,1162267
2022-11-10,2828.545166015625,2845.6189659797133,2797.0890301257955,2797.0890301257955,1573092
2022-11-11,2925.86962890625,2948.5023542732615,2872.133843597439,2884.972259916198,3265394
2022-11-14,2943.120361328125,2955.0322560599284,2919.7377531508814,2932.973191741774,1342074
2022-11-15,2940.5615234375,2947.0467589345967,2904.737517701037,2930.326031678355,1400708
2022-11-16,2960.63525390625,2971.7087315184385,2930.723034354456,2946.120217692935,1748235
2022-11-17,2955.0322265625,2964.7382147656017,2927.4583964400517,2947.090963487235,1417986
2022-11-18,2950.134765625,2967.164404428522,2930.3257712012855,2955.914282904037,1164540
2022-11-21,2897.2373046875,2941.531859652826,2887.9724983225788,2931.6494426143504,1304194
2022-11-22,2924.98779296875,2928.517243290538,2872.310790000173,2894.1492638662367,1149739
2022-11-23,2919.11962890625,2938.266850281943,2903.8547159993614,2938.266850281943,1150011
2022-11-24,2982.51806640625,2993.8123515662937,2919.1204383808163,2926.135178461049,1296591
2022-11-25,2990.89990234375,3002.9884406892334,2954.1495911194506,2985.0322780039132,1588981
2022-11-28,2995.841064453125,3015.0324474593413,2969.6349431563262,2970.031963168903,2195437
2022-11-29,2997.695068359375,3025.6217622362788,2985.0330771785743,2985.0330771785743,1576028
2022-11-30,2991.914794921875,3013.179601826006,2977.9734243991,2985.0323243680464,3410702
2022-12-01,3066.782958984375,3070.621321804839,3017.6795748771697,3022.091387121142,2180856
2022-12-02,3034.576904296875,3060.827188659679,3011.5032111008086,3051.297846000532,2411749
2022-12-05,3022.8857421875,3034.577045852439,3006.2091763355406,3029.150602395043,1475065
2022-12-06,2987.106201171875,3007.047465925803,2971.797124472303,3000.0768878174986,1166999
2022-12-07,2982.915283203125,2994.4741047527577,2959.444350368291,2972.0621794423473,1167505
2022-12-08,2956.400146484375,2982.915186541277,2946.605835144837,2964.7384302352993,1285619
2022-12-09,2905.3994140625,2977.1796968244453,2890.928753775441,2977.1796968244453,1797896
2022-12-12,2899.840087890625,2908.266692538365,2855.4132669095334,2872.531012608813,1527610
2022-12-13,2940.119873046875,2943.9580202787447,2883.3839269897835,2891.67804747704,1378016
2022-12-14,2969.458740234375,2979.7381772420185,2947.8848046662138,2954.8555977030205,1213311
2022-12-15,2916.296875,2968.929720801703,2910.870215460734,2963.6797061285474,1415694
2022-12-16,2859.0751953125,2904.737456359463,2845.7955961171497,2889.7372933102192,2703680
2022-12-19,2825.368896484375,2863.7075041646976,2818.7070165010405,2847.383797855332,2120965
2022-12-20,2862.33984375,2866.7958175446647,2791.4860905554474,2822.5893692776544,1529971
2022-12-21,2884.046142578125,2896.840399494086,2858.8546488077627,2866.7959117211176,1432566
2022-12-22,2876.237060546875,2906.502138037383,2863.3546970197967,2906.502138037383,1384101
2022-12-23,2848.575439453125,2882.5464001920377,2838.5605375865457,2838.5605375865457,1360281
2022-12-26,2870.23681640625,2887.090025891861,2845.6631506643457,2848.574989923709,870157
2022-12-27,2876.060302734375,2888.67812840142,2851.3541550195223,2884.619175108632,835883
2022-12-28,2873.943115234375,2881.884378094464,2846.501554071851,2867.5018256081944,910795
2022-12-29,2884.222412109375,2886.6489089761594,2848.2661403561187,2851.00155026507,1037927
2022-12-30,2873.58984375,2910.9138197149614,2864.325037715745,2899.487268690152,1163131
2023-01-02,2877.78125,2882.546136946802,2854.6192334296225,2877.3842299429016,709547
2023-01-03,2921.811279296875,2929.443629089992,2863.531190519576,2869.4429764459805,1245178
2023-01-04,2924.722900390625,2935.9290769595705,2899.6197292688294,2917.708161297688,1231668
2023-01-05,2921.591064453125,2944.7089228612836,2895.8700638839987,2938.4440618611807,1826057
2023-01-06,2833.751708984375,2913.1643446061225,2823.5603776621383,2911.7966394640803,2488376
2023-01-09,2929.39892578125,2935.6196236133137,2842.221479988104,2849.148110804746,2885060
2023-01-10,2899.79638671875,2910.031879132558,2850.119544259817,2898.5611652366442,3864655
2023-01-11,2937.120361328125,2955.473546603415,2886.340350306403,2903.061294014139,2720512
2023-01-12,2942.10546875,2955.9143556162335,2925.5170107746744,2937.384743237744,2250391
2023-01-13,2977.575927734375,2981.502397129478,2916.2075828685784,2949.649029950219,1742837
2023-01-16,3008.7099609375,3025.8107560710764,2976.222878557972,2993.323673691548,1843607
2023-01-17,3048.73193359375,3051.800290054043,2996.9331766913624,3005.0549468178974,1688475
2023-01-18,3059.200439453125,3076.3012356043387,3043.1825020489086,3050.1762493662427,2421189
2023-01-19,3043.949951171875,3056.4934885219677,3033.0305919463635,3050.1765548285357,1585044
2023-01-20,3034.92529296875,3063.3964349074176,3028.157150767711,3036.6398008661617,1529349
2023-01-23,3081.670166015625,3085.370171575479,3028.156902323591,3057.395186106383,1067916
2023-01-24,3100.982421875,3115.1051909529156,3083.8364610513177,3090.7850432164355,1387863
2023-01-25,3095.07080078125,3099.808499361059,3072.735936047862,3091.0550812865426,874110
2023-01-27,3078.1962890625,3109.7357881786565,3052.251743528508,3091.6874086767493,1785879
2023-01-30,3098.5908203125,3120.9708549193124,3055.1845998762938,3086.272889450756,1953798
2023-01-31,3030.95458984375,3112.4430679566062,3024.0060077479234,3112.4430679566062,2820375
2023-02-01,3075.759765625,3085.3704394695874,3027.615625744506,3034.834977460141,2205161
2023-02-02,3122.73046875,3130.491359902265,3086.363161059032,3092.5897637316407,1813847
2023-02-03,3142.4931640625,3162.07560878637,3115.9619180313957,3162.07560878637,1804469
2023-02-06,3122.324462890625,3134.2363491995434,3101.4787169293004,3134.2363491995434,1138714
2023-02-07,3133.694580078125,3152.1490012524987,3123.632477843787,3130.4006191290414,1455647
2023-02-08,3176.605712890625,3194.4734356654144,3138.658943870139,3138.658943870139,1986946
2023-02-09,3195.330322265625,3201.421650359285,3163.249283575588,3172.0027035874955,1655427
2023-02-10,3192.35302734375,3196.684683488923,3165.8217711528064,3176.5155266064658,1187821
2023-02-13,3142.583984375,3202.6851807113194,3134.462212995343,3202.6851807113194,1087939
2023-02-14,3158.556884765625,3180.8917554026953,3153.954459659008,3162.9786498154,1579818
2023-02-15,3177.101318359375,3181.929348066534,3122.504969647513,3146.7350075745903,1429449
2023-02-16,3210.851806640625,3226.147763863208,3182.831654026723,3183.012093754283,1618931
2023-02-17,3159.503662109375,3193.569973627424,3149.441780079229,3182.064133313381,1061369
2023-02-20,3147.005615234375,3178.319508405955,3135.9509832133717,3160.271129596154,1296082
2023-02-21,3114.247314453125,3166.497275444467,3108.607196888555,3153.0513232973685,1139541
2023-02-22,3069.623291015625,3110.6381891326687,3063.712402699568,3081.715617084995,1218430
2023-02-23,3080.678466796875,3115.5117129877053,3075.4443917849803,3087.175840462564,1441570
2023-02-24,3068.630859375,3098.861897992003,3052.2520415048884,3088.529243781861,977592
2023-02-27,3006.724853515625,3059.2004305919913,2992.4214241424907,3059.2004305919913,1128022
2023-02-28,2989.579345703125,3061.005732737268,2977.892841548753,3003.702117162735,4116217
2023-03-01,3055.319580078125,3058.297606467113,2991.518608863523,2998.737959955803,1669307
2023-03-02,2997.33935546875,3041.0615092127086,2994.22605417747,3033.0300687433623,1556538
2023-03-03,3016.01953125,3030.3229603301693,3006.047977690829,3026.713284379806,1043190
2023-03-06,3042.822265625,3072.69220893484,3031.2260907858304,3033.8430183372166,1334132
2023-03-08,3059.560546875,3064.614180175268,3005.8216847218846,3035.736779184217,1844590
2023-03-09,3011.237060546875,3054.6884491786423,3005.82254630904,3054.6884491786423,1648500
2023-03-10,3005.957275390625,3011.597393364564,2968.958101481584,2989.623405611254,1024404
2023-03-13,2961.69384765625,3040.9714410429538,2952.7148231102783,3007.7623794090946,1901233
2023-03-14,2901.23193359375,2981.9532694589166,2896.2234640568317,2959.9343338825,2670334
2023-03-15,2886.748046875,2942.2018705999863,2880.521443910695,2932.8617458363906,1780522
2023-03-16,2874.204833984375,2905.6090627331,2862.4733856823977,2894.960473287873,1901060
2023-03-17,2869.060546875,2907.0522516200167,2837.205114597425,2843.0708376396906,6739966
2023-03-20,2836.573974609375,2860.352585482065,2793.0322534409083,2860.352585482065,2289468
2023-03-21,2803.00341796875,2848.7108468749984,2795.1973623365025,2836.5733568003143,1815297
2023-03-22,2825.29345703125,2836.7541342993322,2803.003751733395,2824.616642779389,1123939
2023-03-23,2819.7431640625,2839.3258306983194,2798.4010449295647,2810.9445796742175,1372218
2023-03-24,2815.998046875,2860.6677803537095,2802.9129734317416,2841.6266543197817,1329577
2023-03-27,2817.622802734375,2845.1014163917093,2802.9133294148437,2829.083479625092,1524217
2023-03-28,2811.84716796875,2842.2136983642395,2806.6582589143677,2821.864106617975,1303530
2023-03-29,2832.6025390625,2842.619476774167,2801.1985382394446,2823.6686802623394,1740616
2023-03-31,2893.06494140625,2899.472204338833,2844.424646148771,2878.671402631456,2382581
2023-04-03,2887.740478515625,2910.2557859956287,2864.0519824028015,2910.2557859956287,1521830
2023-04-05,2923.65771484375,2945.8121498626956,2874.656309114973,2874.656309114973,2655065
2023-04-06,2906.420654296875,2939.4944408464216,2901.276910369909,2910.301099826736,1703464
2023-04-10,2944.9541015625,2952.7149931554736,2901.2771097172517,2905.7892047556925,2203187
2023-04-11,2900.1943359375,2953.572333679193,2880.6568316583844,2945.4957273871946,2348779
2023-04-12,2925.32666015625,2942.7433920921726,2886.838575342086,2912.9635630873936,2417727
2023-04-13,2877.678955078125,2914.813409301973,2869.6924586935834,2896.765029058617,4174070
2023-04-17,2833.144287109375,2854.7120118386847,2770.6517749633886,2828.2713129172603,5505048
2023-04-18,2825.248291015625,2848.801515098883,2807.064636248936,2847.086786804494,2617302
2023-04-19,2788.11376953125,2833.595598009388,2771.779897861731,2825.2482224420037,3298034
2023-04-20,2801.8310546875,2809.2308477430793,2777.6461771131376,2788.4752070434033,2419999
2023-04-21,2852.410888671875,2855.659464544931,2798.2205892743714,2806.5227991505576,1929184
2023-04-24,2864.99951171875,2870.5492997183014,2821.096700902608,2843.612228270697,1640676
2023-04-25,2866.082763671875,2879.7994885025946,2840.3638219953486,2872.3996967152325,2024090
2023-04-26,2886.0712890625,2895.3210839802464,2870.5948910586885,2870.5948910586885,2000029
2023-04-27,2876.866455078125,2887.018668292053,2861.254563139059,2874.20436323212,2434446
2023-04-28,2905.11181640625,2912.3311670411026,2884.356183331048,2888.101133346039,2931312
2023-05-02,2905.24755859375,2919.325382723846,2896.7649083596743,2919.325382723846,2321159
2023-05-03,2869.602294921875,2902.1797112754293,2863.5109662368286,2902.1797112754293,2468285
2023-05-04,2906.420654296875,2909.804725343185,2867.8874093796485,2869.827521986016,1953253
2023-05-05,2915.445068359375,2927.44728532503,2896.8102038222487,2905.78922896011,1710027
2023-05-08,2933.40283203125,2937.2381121830967,2915.9861039841476,2928.349198292563,928235
2023-05-09,2962.867431640625,2976.1781130132586,2929.2523210554996,2935.208375084693,1107375
2023-05-10,2966.07080078125,2983.8484109430083,2947.3456066100516,2968.9584975056696,1559987
2023-05-11,2961.874267578125,2986.7359537053417,2952.714803365684,2986.1043045039883,1719623
2023-05-12,2954.79052734375,2968.9584613481547,2941.8858917917887,2959.1671272317485,1027479
2023-05-15,2937.4189453125,2970.7632825646147,2931.372782209103,2963.5439307236315,1150390
2023-05-16,2940.216552734375,2964.446592461722,2933.2679700818376,2938.456879642463,986306
2023-05-17,2895.591552734375,2959.9340659758723,2886.161319057114,2938.2308468250335,1588815
2023-05-18,2887.60546875,2913.865728945654,2883.228648558824,2911.1584719986504,1369364
2023-05-19,2908.361328125,2918.8744219476494,2890.49338684266,2896.765155186877,1152449
2023-05-22,2976.809326171875,2985.6079108748772,2903.126907529479,2914.813188789529,1333243
2023-05-23,2975.320556640625,3003.2052151323046,2969.048788762343,2983.397162487744,1687418
2023-05-24,2981.005615234375,2993.5039850346407,2956.324369747154,2956.324369747154,1016555
2023-05-25,2972.116943359375,2983.3971807335947,2948.293170151878,2972.5681528543437,1374917
2023-05-26,3004.062744140625,3012.8613300442594,2969.8611496266935,2972.117197294292,1791115
2023-05-29,2996.3466796875,3042.9565276981425,2988.811393753336,3032.849480091868,1210372
2023-05-30,2992.60205078125,3002.3030557024185,2979.2012598943925,2991.5191919697595,1344224
2023-05-31,2968.507080078125,3002.9794392550057,2946.5330909329136,2986.1042492714746,5815424
2023-06-01,2999.640625,3014.0793283694343,2975.7265225443743,2990.6164353941035,1177314
2023-06-02,2983.03662109375,3010.3797431667695,2975.6817733469197,3001.671487107062,2030661
2023-06-05,2967.965576171875,3002.347826057909,2964.491395428479,2991.518798732182,1861468
2023-06-06,2916.88916015625,2967.921001860694,2906.3309012594705,2959.934505084444,2022849
2023-06-07,2955.331787109375,2958.8965182829807,2924.739872252775,2935.568899857537,1567196
2023-06-08,2920.633544921875,2950.9097424591514,2917.52024384417,2942.7879725257776,1759366
2023-06-09,2896.133544921875,2932.86195674756,2892.569033684028,2928.3498614294867,1775689
2023-06-12,2930.064208984375,2936.8323515906563,2897.6674545025,2901.2771305591828,2324605
2023-06-13,2927.17626953125,2946.3978370029945,2922.9349445796934,2941.885742306206,1371928
2023-06-14,2933.8095703125,2938.141225924814,2911.0686537442966,2927.176702001411,1658544
2023-06-15,2924.035888671875,2952.3552093195044,2918.3083232724543,2950.4006679163926,2273810
2023-06-16,2886.3984375,2908.6721355358172,2869.215959226077,2906.490311041118,4156189
2023-06-19,2918.67236328125,2922.763450383881,2886.4892335228265,2900.126190531596,1468186
2023-06-20,2934.39990234375,2938.76377229002,2910.171667991738,2921.9448612962487,1528452
2023-06-21,2962.12841796875,2965.0375906543964,2930.9907039438817,2954.673593600641,1645987
2023-06-22,2944.218994140625,2970.7200582622286,2936.5823870603735,2963.7652990268452,1529603
2023-06-23,2924.08154296875,2954.1281240159633,2917.535626765662,2943.1277797551047,1119505
2023-06-26,2899.807373046875,2921.8537828251756,2884.6704423318647,2913.76261193622,1978803
2023-06-27,2906.807861328125,2917.989986483776,2893.1254058850895,2911.035228452272,863542
2023-06-28,2923.263427734375,2937.354949548723,2903.2170571492807,2916.490450350226,1575872
2023-06-30,3002.17578125,3009.2215416572035,2922.036027465169,2927.3998078961313,2672406
2023-07-03,2974.947265625,3017.221826572155,2971.719808516399,3013.130740028882,1687264
2023-07-04,3008.176025390625,3013.7670882199945,2979.4929186666623,2991.0388296361334,1656681
2023-07-05,3018.266845703125,3026.494518629424,3004.675393232276,3018.312346605493,1453008
2023-07-06,3020.949462890625,3025.9951812448,3001.9487253976645,3006.085313308048,1848238
2023-07-07,3026.72265625,3051.860025287149,3001.9488506232638,3001.9488506232638,1789326
2023-07-10,2974.629150390625,3022.6312796193856,2968.4925202267236,3022.6312796193856,1407431
2023-07-11,2975.038330078125,2995.5847665765177,2964.4925502644905,2995.5847665765177,1110172
2023-07-12,2963.67431640625,2990.2663825284512,2954.7650154067746,2982.811557100714,1515240
2023-07-13,3036.995361328125,3061.4508783669453,2975.356280703942,2985.583996893055,4585146
2023-07-14,3195.27490234375,3204.548209497131,3047.4049393977743,3059.223633971811,6306101
2023-07-17,3174.41015625,3227.321494187628,3161.091486422009,3191.0472847754263,2743228
2023-07-18,3179.09228515625,3203.775083295527,3150.136397167708,3160.1368301745892,2600090
2023-07-19,3154.727783203125,3197.2751275399046,3132.5448697161914,3181.9561925165294,2405370
2023-07-20,3156.7783203125,3170.9974981728874,3131.9401001133515,3147.4811227628634,1715404
2023-07-21,3070.186767578125,3130.8921637786366,3061.7554440058743,3102.772693816824,3770223
2023-07-24,3094.295654296875,3111.3405552900845,3073.6503948838067,3081.762606135278,1680132
2023-07-25,3098.306640625,3105.2797075197404,3081.033863241791,3096.8027636160755,1272980
2023-07-26,3088.416748046875,3118.0859374639376,3085.408771798231,3099.400300884362,1066803
2023-07-27,3096.25537109375,3109.699914070163,3085.454295510359,3094.4780014441108,1701769
2023-07-28,3058.428466796875,3093.3387496319633,3036.1880906607657,3085.408792220562,2599831
2023-07-31,3118.632568359375,3123.3722948817326,3063.4415361987367,3066.6317666989726,2743678
2023-08-01,3146.524169921875,3153.7705056233212,3112.7532591629024,3112.7532591629024,1956167
2023-08-02,3136.133544921875,3141.3746384347655,3111.477796074465,3130.9380706417523,1914899
2023-08-03,3099.03564453125,3129.3884555329005,3069.913440103345,3117.3111535491207,2026351
2023-08-04,3138.776611328125,3163.7970883064404,3100.2203533858487,3100.2203533858487,2248493
2023-08-07,3175.692138671875,3179.2924970791487,3136.6801334786755,3148.2560679609046,1853889
2023-08-08,3163.432861328125,3181.070146163837,3150.6719384869994,3175.692417693925,1634225
2023-08-09,3156.049560546875,3160.1512856075137,3121.9141376043485,3158.2370582327517,1794589
2023-08-10,3137.455078125,3158.236973179639,3126.471525696296,3144.6557951355153,1096701
2023-08-11,3143.561767578125,3159.831808251447,3111.841719602854,3133.8088225124093,1679974
2023-08-14,3144.519775390625,3149.213883628039,3109.108120710634,3136.1794661733097,1190425
2023-08-16,3152.312255859375,3159.239702558436,3131.165629535196,3144.6557916406823,1328445
2023-08-17,3131.6669921875,3154.499972197025,3111.112748256115,3149.2132599891765,1843241
2023-08-18,3069.0927734375,3108.1957927852245,3059.4308441300896,3108.1957927852245,2526749
2023-08-21,3100.584716796875,3107.967910164372,3073.558997895524,3076.293480989737,1375579
2023-08-22,3082.81103515625,3109.1077405028673,3067.2246127209246,3099.0813009996327,1222012
2023-08-23,3097.486083984375,3100.9041882483175,3077.2053320183186,3088.143265662933,1330046
2023-08-24,3087.91552734375,3110.9763829614676,3079.1196943322775,3106.373291177773,1152881
2023-08-25,3082.036376953125,3086.138102175971,3053.73442840892,3076.2939171345733,1158046
2023-08-28,3076.794921875,3093.6119488049294,3062.7123781054756,3093.6119488049294,1037485
2023-08-29,3077.341796875,3089.555955621917,3067.1787231057706,3081.8082530524075,944517
2023-08-30,3090.83203125,3106.464294438142,3083.6313141767887,3097.2581115677926,1188200
2023-08-31,3059.704345703125,3114.940771005091,3047.718061218018,3099.992352350308,3417652
2023-09-01,3080.12158203125,3089.054270932953,3059.7041981411817,3068.0899014341458,1277950
2023-09-04,3115.94384765625,3129.023882322115,3071.7819850635196,3079.0283215980144,1828332
2023-09-05,3125.833740234375,3141.921529082659,3103.7753953952833,3117.311177679923,1501842
2023-09-06,3126.3349609375,3139.0958842003674,3097.3496132666887,3130.0721774776193,1314818
2023-09-07,3149.44091796875,3153.770516220787,3119.4072230217057,3127.15492515693,1885092
2023-09-08,3137.273193359375,3158.3288077575708,3131.0295888320106,3149.4417353547897,1518917
2023-09-11,3172.593017578125,3177.1961089834826,3140.098329969077,3155.5937353709564,1783604
2023-09-12,3263.879638671875,3272.174105327243,3174.7354296463814,3182.938880368982,4476016
2023-09-13,3252.075927734375,3271.217313334427,3231.2481881992735,3255.038285029621,1754929
2023-09-14,3244.96533203125,3279.2830034640006,3231.7942838832855,3254.08027504476,2604721
2023-09-15,3279.83056640625,3288.0796357921176,3247.153400937542,3252.075604550965,2952897
2023-09-18,3286.985595703125,3298.971881144957,3258.820506435336,3263.195724267092,1395753
2023-09-20,3286.894775390625,3304.167551602088,3263.1502992373726,3263.1502992373726,1649396
2023-09-21,3267.98095703125,3285.937352425598,3215.7522827621383,3270.9433138676945,2004073
2023-09-22,3284.706787109375,3312.1428582437647,3249.52323591542,3266.796010717758,1989083
2023-09-25,3260.552490234375,3299.6101189147753,3243.6898418366063,3283.658965024994,1238778
2023-09-26,3268.345947265625,3276.7772718114297,3223.044712861221,3251.8480295119207,1726062
2023-09-27,3271.626708984375,3294.140574881683,3241.0004098672084,3272.2647105216497,1541134
2023-09-28,3223.72802734375,3283.9322808574702,3215.160068443675,3281.38005186612,1755753
2023-09-29,3216.29931640625,3252.622235715334,3195.28932540776,3224.1380349399456,2243791
2023-10-03,3202.854736328125,3221.40351413728,3172.091799849083,3221.40351413728,1948148
2023-10-04,3224.639404296875,3233.982222159653,3169.539610773689,3177.7430606044213,1788138
2023-10-05,3271.673095703125,3303.256293268838,3236.8994446369993,3239.451673917619,2990768
2023-10-06,3300.8857421875,3313.236535855373,3258.63811012588,3273.176401347944,2075691
2023-10-09,3316.335693359375,3353.3878511934968,3309.6361205989633,3322.4426612483003,4233074
2023-10-10,3307.722412109375,3325.1320466518578,3282.6109158249983,3317.8857096422857,1848148
2023-10-11,3290.403564453125,3326.9545791162677,3285.9373308805875,3326.9545791162677,2426417
2023-10-12,3229.014892578125,3271.0346556007717,3224.958786550778,3258.5928446615626,4241281
2023-10-13,3254.810302734375,3260.4159050312583,3213.018189889624,3217.575662499397,2890357
2023-10-16,3212.152099609375,3258.2735858136334,3207.6402465342494,3250.3892477395666,1671104
2023-10-17,3196.65625,3221.3576129428398,3193.283765469241,3217.575000468156,1672065
2023-10-18,3178.608642578125,3210.921072479593,3175.64628596808,3200.256633189991,1408245
2023-10-19,3157.955810546875,3177.3296712861907,3154.5288620352453,3170.6127629599455,1514545
2023-10-20,3193.504638671875,3198.028165823499,3147.355068054905,3153.1578999999892,1481211
2023-10-23,3116.375732421875,3179.2488637203114,3108.288267201467,3173.81148296811,1106272
2023-10-25,3098.052734375,3129.946110609001,3086.2638983706042,3098.418186283159,1518537
2023-10-26,3049.298828125,3083.065649974906,3043.1303207181386,3077.9024700555783,1984471
2023-10-27,3062.275634765625,3072.3737549352513,3049.5274301662507,3061.4075190461313,1108851
2023-10-30,3087.498046875,3091.4276593319496,3046.557388528169,3061.4074995333685,910972
2023-10-31,3078.542236328125,3106.1862890625,3061.4532301686027,3106.1862890625,999811
2023-11-01,3043.724365234375,3081.146823579833,3025.7672432636564,3065.976774735599,1563475
2023-11-02,3070.637451171875,3085.1218868690776,3055.193202126613,3055.193202126613,1245384
2023-11-03,3062.22998046875,3096.042542043059,3056.198684431494,3090.6508984949387,1402598
2023-11-06,3089.05126953125,3100.063241613325,3069.631895379179,3084.253541799562,1099852
2023-11-07,3080.095703125,3110.8925036423684,3076.0291020236123,3086.99533768145,1191144
2023-11-08,3090.239013671875,3108.8815217487845,3079.272779954023,3081.0090110492447,992899
2023-11-09,3059.0771484375,3099.3324172908847,3054.14243153224,3098.0531123476367,2112352
2023-11-10,3046.282958984375,3059.076899811592,3036.139325479398,3050.441034374945,1338557
2023-11-13,3044.546630859375,3066.890289328859,3040.388555601047,3066.890289328859,1030990
2023-11-15,3111.029541015625,3118.9800168000415,3066.936137613749,3091.6559037281313,2059802
2023-11-16,3196.520263671875,3225.3066282942846,3120.076339309424,3134.5609961485866,3951984
2023-11-17,3200.72412109375,3220.874622639635,3191.6770664120663,3196.5205315189633,2021292
2023-11-20,3216.396728515625,3229.464646386725,3190.4889097792343,3190.4889097792343,1475621
2023-11-21,3207.806396484375,3234.1711418231757,3199.398994448308,3216.396747586853,1807236
2023-11-22,3226.037841796875,3228.3224741290987,3181.2135339255397,3198.485265113703,1798051
2023-11-23,3206.024658203125,3238.694901638103,3198.485371256592,3225.9009601530765,2729804
2023-11-24,3159.28125,3202.643529603171,3155.5343635105573,3193.230799217134,1989733
2023-11-28,3171.20703125,3181.3508892174286,3137.2574801245046,3159.2814275884725,1689195
2023-11-29,3211.05126953125,3214.93514513296,3176.370589662421,3181.1225810710157,1441634
2023-11-30,3187.153564453125,3213.7008135539186,3181.1220458782195,3197.982587796699,3266235
2023-12-01,3209.1318359375,3213.975301516175,3189.3927447706055,3198.4855376057844,1172141
2023-12-04,3209.862548828125,3242.1673378334053,3196.657419148335,3239.288567355795,1625213
2023-12-05,3227.363525390625,3233.212095675802,3201.0445128900183,3233.212095675802,1377656
2023-12-06,3293.6171875,3301.6134000384272,3221.4683255949626,3228.276707900282,1896572
2023-12-07,3303.4873046875,3317.789238800285,3282.285958526859,3294.440248726415,1967653
2023-12-08,3314.270751953125,3330.994307087806,3291.744363920943,3320.0280706858707,1641155
2023-12-11,3329.074951171875,3338.304955567598,3303.5785421234236,3310.797891464415,1102503
2023-12-12,3355.759521484375,3379.7936756866497,3318.2000758331174,3325.4651621953826,2236866
2023-12-13,3283.976318359375,3335.5632728478577,3256.058066070388,3329.6689659326335,3850968
2023-12-14,3351.3271484375,3361.15106740831,3315.0929691048923,3317.2861268874835,3290396
2023-12-15,3528.38623046875,3560.3253463636993,3350.824558139156,3350.824558139156,8531230
2023-12-18,3526.740966796875,3590.5279420252045,3500.193496184867,3525.73586250062,2521612
2023-12-19,3487.4453125,3522.9943233611416,3463.502411689987,3513.7643200390503,2004435
2023-12-20,3454.41015625,3562.930202481097,3442.0731404679386,3497.5439742144413,2586083
2023-12-21,3461.217529296875,3478.763458685057,3420.8710168456714,3432.659628890135,1517562
2023-12-22,3494.57373046875,3514.632758384625,3437.9148467634514,3472.6412593570217,2413058
2023-12-26,3468.574462890625,3503.71206271633,3463.6395233033168,3490.78113326196,1285231
2023-12-27,3482.876220703125,3489.2731911736523,3443.3978189924524,3471.727259647645,1293976
2023-12-28,3472.549560546875,3507.367445431527,3465.421686382815,3494.5735047759663,1682889
2023-12-29,3466.609375,3493.294057192247,3441.021494734587,3465.330070230173,1574996
2024-01-01,3482.78564453125,3501.885085110017,3447.9677521190224,3463.503254845241,825907
2024-01-02,3457.2880859375,3482.7847145273954,3442.7121774818215,3482.7847145273954,1344068
2024-01-03,3373.716552734375,3446.9162616362587,3369.4214885871284,3442.483985684402,1803075
2024-01-04,3350.91650390625,3398.619589854675,3336.4775806828225,3382.8556242926975,3598144
2024-01-05,3415.890625,3424.892165201283,3358.2723788278463,3358.4093675177683,1963127
2024-01-08,3361.42529296875,3417.5815111616193,3356.0334267910252,3415.890793989658,1067805
2024-01-09,3372.025634765625,3429.0959253055153,3365.491675951761,3390.3484295340677,1370944
2024-01-10,3393.181640625,3407.9860133570014,3370.2895802803837,3372.1172861265227,1292227
2024-01-11,3413.7431640625,3447.966909732182,3387.6526197660214,3403.1881186966993,1777909
2024-01-12,3548.30810546875,3568.824058571868,3492.3803522837784,3516.505979741258,6813450
2024-01-15,3567.4990234375,3623.4267767315314,3550.3185441619166,3618.85751219593,2801505
2024-01-16,3528.660400390625,3563.1126115927123,3523.405745987789,3563.1126115927123,1432672
2024-01-17,3549.953125,3573.1191625440915,3484.109977812694,3490.0042844962854,3458696
2024-01-18,3566.402587890625,3572.0684315207345,3529.300069127091,3562.1987751054894,2239110
2024-01-19,3628.47119140625,3647.3356893209884,3602.7050479129484,3630.265574324088,2941975
2024-01-23,3550.43701171875,3620.051529496022,3536.17360896319,3588.8561772055014,2618854
2024-01-24,3535.29931640625,3573.8103676439687,3501.9874154730123,3570.4516563375996,2657709
2024-01-25,3506.3125,3552.9675849710666,3477.233473153438,3533.550863134138,2205154
2024-01-29,3497.75439453125,3515.2385654063073,3479.212061073679,3497.5703955598956,1646747
2024-01-30,3497.340087890625,3540.820457055553,3484.871069366822,3503.6895122527035,1411621
2024-01-31,3511.51171875,3528.121726426989,3493.5674376687984,3507.140675922528,2459358
2024-02-01,3546.663818359375,3593.3649569612444,3501.481176697016,3515.2384129880293,2363107
2024-02-02,3649.86669921875,3666.522537605696,3563.089954213246,3565.896668660393,2826510
2024-02-05,3656.30810546875,3701.1227492201515,3646.0016922235036,3665.2341894937504,1691523
2024-02-06,3806.02783203125,3818.818793148955,3671.675785736143,3678.1173222023467,4474396
2024-02-07,3757.623779296875,3823.511577697095,3748.927750966108,3821.6711389111997,2124267
2024-02-08,3804.279296875,3826.272451742055,3760.062707616723,3763.697529491343,2345173
2024-02-09,3803.91162109375,3850.8886480018823,3772.9000434452996,3806.533887272955,2100596
2024-02-12,3791.9482421875,3827.7446868018023,3778.006558887105,3800.506102833991,1013716
2024-02-13,3818.450927734375,3837.3154280400877,3755.8759998910355,3796.3198278378054,1257415
2024-02-14,3772.991943359375,3786.6110118014235,3726.4287482560744,3779.3413678448446,1391283
2024-02-15,3775.844482421875,3815.505579737829,3757.255870513131,3798.6657441778602,1091582
2024-02-16,3798.942138671875,3817.024812052794,3772.99221729805,3785.0930143565315,1307556
2024-02-19,3776.396240234375,3798.9416158104596,3731.4897126948135,3794.1104639012988,772291
2024-02-20,3709.082275390625,3771.0591425249713,3690.0798344375635,3756.4277437698097,1193648
2024-02-21,3673.055908203125,3739.1737650742916,3663.0256061355944,3692.8406262355356,1885939
2024-02-22,3761.029052734375,3768.252640712782,3654.191483338692,3654.191483338692,2982052
2024-02-23,3728.821044921875,3800.5060448617196,3723.575614717989,3800.5060448617196,2538072
2024-02-26,3681.844482421875,3726.889184546952,3665.0044196924378,3714.0061108225923,1379284
2024-02-27,3776.94873046875,3794.985122078048,3679.957687485479,3679.957687485479,2960475
2024-02-28,3790.338134765625,3823.4197548467,3762.7773821335977,3768.850920451233,1939225
2024-02-29,3768.39111328125,3807.9605533454464,3740.2783615123485,3771.97987960793,3772719
2024-03-01,3767.700439453125,3809.7083657464814,3760.7527379598155,3779.5253487627083,2043265
2024-03-04,3755.139404296875,3789.371522353806,3750.722306075315,3777.500781504877,1749271
2024-03-05,3692.012939453125,3739.7722441428095,3662.4738020886766,3737.9318050462825,2070859
2024-03-06,3740.048095703125,3747.1337408010263,3642.642773405773,3675.4026769184316,1744204
2024-03-07,3780.81396484375,3794.985255418292,3715.5702668526733,3740.6923043829674,2688905
2024-03-11,3793.46728515625,3821.6719254900136,3762.7778722197604,3762.7778722197604,2304068
2024-03-12,3857.790283203125,3892.482738841845,3792.270473640545,3793.4670286122573,4039801
2024-03-13,3817.99072265625,3902.650917036673,3802.2548792703546,3869.5230148878118,2837260
2024-03-14,3871.91552734375,3887.927256237985,3760.016750056428,3822.085732966261,2919608
2024-03-15,3882.63623046875,3900.8105660856863,3843.75695554138,3858.1124699951356,3373143
2024-03-18,3821.211669921875,3915.3041186273567,3789.326152475134,3878.9554465113024,1526904
2024-03-19,3659.989013671875,3734.250681402964,3650.142710085243,3728.0391998604628,8931209
2024-03-20,3654.099609375,3697.442038718445,3644.253305423998,3667.995014019841,1817913
2024-03-21,3655.986328125,3688.6080672382363,3633.0268945824614,3671.7221727767583,3829582
2024-03-22,3598.88623046875,3623.824267937054,3547.4460520308135,3586.095269718309,5852485
2024-03-26,3568.151123046875,3631.8302677248153,3562.5837501208753,3565.850574289269,3440925
2024-03-27,3534.470947265625,3584.2549115114957,3523.8884231366437,3578.2734848298974,1968575
2024-03-28,3567.046630859375,3602.65907796181,3534.1027302458065,3542.9369266623094,4311783
2024-04-01,3604.26953125,3619.499208082045,3577.8592779642013,3586.73930579266,1569676
2024-04-02,3573.948486328125,3597.9202488822098,3564.0100709420926,3579.653802211397,2142666
2024-04-03,3632.382568359375,3663.393921354347,3543.7653833548334,3543.7653833548334,3973090
2024-04-04,3683.91455078125,3707.241978924869,3621.2935725878497,3658.7004031789797,3394637
2024-04-05,3661.783447265625,3682.718440901434,3644.5293316317166,3660.633172890031,1636819
2024-04-08,3655.61767578125,3710.9227277310406,3644.068877210029,3665.2339237190768,2302538
2024-04-09,3631.692138671875,3695.463391899339,3611.9074203697137,3666.1543123632814,1876992
2024-04-10,3666.752197265625,3671.8594599447097,3605.419663202159,3640.7559988262524,2101965
2024-04-12,3682.166259765625,3693.163062647417,3630.7260789894453,3654.1916765092096,4354821
2024-04-15,3626.768798828125,3739.95578953719,3606.386028171306,3682.165963982411,4200329
2024-04-16,3563.82568359375,3615.2658574140637,3554.6695456341977,3590.6960447365877,3051420
2024-04-18,3553.8876953125,3621.983938050233,3542.84506135503,3567.5069887926393,3476284
2024-04-19,3520.94384765625,3545.1917216335364,3497.6622490979976,3531.802482817412,2957749
2024-04-22,3556.280029296875,3568.6108795518617,3507.8763983629956,3530.8818836618084,1728883
2024-04-23,3565.57421875,3584.254718312047,3552.599259445536,3567.7368242988855,1807586
2024-04-24,3525.40673828125,3587.015384991863,3519.3332000987416,3579.6536294557072,1317312
2024-04-25,3544.86962890625,3564.608292894232,3506.9566291988567,3507.1406281722816,2856271
2024-04-26,3516.48095703125,3567.507084546707,3499.1807851009403,3547.5841971159175,2039178
2024-04-29,3561.43310546875,3568.426862829934,3514.5019156929066,3531.802085484041,1110693
2024-04-30,3515.836181640625,3572.061677179968,3506.0359348375546,3563.0895379766434,2203078
2024-05-02,3555.08349609375,3562.261252029638,3476.6347957050957,3476.6347957050957,2491044
2024-05-03,3536.77099609375,3582.9661876665086,3494.6251291630856,3579.791251146198,2962234
2024-05-06,3608.2265625,3625.6186204477826,3545.605583246127,3545.605583246127,2053831
2024-05-07,3661.507568359375,3669.835600298666,3601.2792431717226,3617.1990864707095,2062112
2024-05-08,3659.6669921875,3666.43069555621,3624.3767082288086,3644.9895357076884,1247685
2024-05-09,3644.253173828125,3654.191589237616,3598.1042563399305,3645.9096138402,1726486
2024-05-10,3583.242919921875,3656.584599916785,3575.0991114656995,3646.4621845728734,1672489
2024-05-13,3632.8427734375,3639.4683092448704,3561.2496477313903,3574.5928311660427,931326
2024-05-14,3589.960205078125,3631.0020839186186,3582.322338430397,3621.983888045264,1058317
2024-05-15,3570.819091796875,3613.6553476629647,3566.3101068269407,3592.9964680959333,1115021
2024-05-16,3615.820556640625,3623.745662755798,3562.5697543936335,3606.6906515489186,2599399
2024-05-17,3553.857421875,3633.4787144096645,3550.0570092318917,3632.551806574356,2765804
2024-05-21,3540.972900390625,3563.7285306494523,3531.564877355128,3550.6128766567804,1908117
2024-05-22,3551.91064453125,3560.484541572459,3538.5168722503677,3554.6913678959663,1311168
2024-05-23,3608.869140625,3619.574971009692,3545.8858006651926,3560.206480963538,2095742
2024-05-24,3568.13134765625,3599.9243284199265,3563.311472664004,3594.7799452001173,1309452
2024-05-27,3565.860595703125,3622.6800874842297,3560.5772666527496,3573.2294672441094,1841538
2024-05-28,3559.232666015625,3587.132677357846,3550.0563706151297,3576.009785335031,1801993
2024-05-29,3525.6328125,3567.57539103945,3522.2496895007944,3567.57539103945,1568095
2024-05-30,3463.020263671875,3517.058806463482,3443.8794821472993,3500.9307015339277,2919230
2024-05-31,3402.632080078125,3475.718849271696,3386.6893114728173,3466.6351077409063,10956800
2024-06-03,3432.20068359375,3477.3410487975398,3425.8512745605985,3459.961527315394,2156773
2024-06-04,3443.46240234375,3471.269635740873,3328.989291525593,3429.5587856451884,3395997
2024-06-05,3472.61376953125,3507.2338672517226,3429.5589463958036,3444.389471569407,2799670
2024-06-06,3550.427734375,3559.2333589407076,3468.025717115301,3504.638577151665,4328036
2024-06-07,3609.33251953125,3628.8439736397468,3556.8232840964106,3556.8232840964106,4552445
2024-06-10,3576.658935546875,3620.4089366489284,3561.08683988795,3610.3057325626605,1734661
2024-06-11,3570.54150390625,3596.355749469534,3560.2527371623205,3563.9603682346064,1419898
2024-06-12,3551.58642578125,3608.915767675147,3547.6934580124953,3591.211736958369,2177001
2024-06-13,3594.6875,3605.6714482720763,3570.4489508339425,3574.898153664247,1932323
2024-06-14,3551.956787109375,3604.7441367037127,3548.2027655700213,3604.7441367037127,1860730
2024-06-18,3536.24560546875,3561.17933171857,3517.661061094292,3546.3951993772894,1774045
2024-06-19,3523.8251953125,3553.6254156533255,3515.7147523909116,3547.8784064893566,1509050
2024-06-20,3510.431640625,3531.4724028758133,3503.757949581445,3518.542084048452,2846526
2024-06-21,3532.2138671875,3594.363079879569,3520.4421834921905,3547.2761188024833,4642195
2024-06-24,3537.821533203125,3575.0831793648726,3514.185385660008,3530.359880582307,1702154
2024-06-25,3557.88916015625,3566.41666656242,3515.668465075754,3538.007033326123,1338808
2024-06-26,3574.017578125,3584.3061190627222,3560.2529065957383,3563.4970839383795,1639845
2024-06-27,3646.59423828125,3653.8705550444147,3539.0267689087714,3550.9837890347926,4526556
2024-06-28,3618.787353515625,3670.5552497661556,3612.9480148367857,3631.439782010145,2731571
2024-07-01,3687.42431640625,3709.2066482395257,3600.109652784797,3600.109652784797,2658723
2024-07-02,3723.759521484375,3729.320968607394,3691.456918555691,3701.699295599757,2307449
2024-07-03,3675.421142578125,3731.8235725519535,3665.9203376575206,3726.169344471108,1821198
2024-07-04,3727.049560546875,3751.520060191937,3691.03933131472,3707.4919433847676,2518001
2024-07-05,3718.568603515625,3732.4258292933814,3696.5081535287777,3716.900124285456,1668616
2024-07-08,3701.328125,3736.5970115088844,3687.285562563459,3728.023114490228,1758882
2024-07-09,3694.191162109375,3714.0732898340816,3684.551411180989,3693.727708193667,1305801
2024-07-10,3623.421142578125,3710.6896382538157,3616.793843045769,3692.522156827311,2669716
2024-07-11,3636.907958984375,3689.092911509367,3610.8619865173036,3643.6744309405326,4872189
2024-07-12,3878.13623046875,3892.966755879167,3681.0291429084155,3689.0931958411575,13509164
2024-07-15,3864.464111328125,3930.089001351756,3853.201819687219,3926.1034789200803,4848030
2024-07-16,3873.0380859375,3887.960939474929,3841.940057628319,3867.059349578485,2029521
2024-07-18,4000.116943359375,4008.8764034741735,3855.936610046835,3855.936610046835,5613364
2024-07-19,3997.190185546875,4049.5428404415234,3981.2568871814256,4011.1260943754664,3903354
2024-07-22,3983.2080078125,4013.4954737488206,3962.443412915425,3994.9142619649265,1896386
2024-07-23,3997.144287109375,4052.2841289170647,3963.651377579033,3979.1668723137213,2365208
2024-07-24,4000.76708984375,4031.2868203752514,3965.3235197357376,3983.347204111484,1809793
2024-07-25,4015.864013671875,4034.909753933361,3970.990572951942,3990.314849906467,2810342
2024-07-26,4076.57861328125,4108.724200524135,4029.3820629762513,4041.4135791114427,3552210
2024-07-29,4070.30712890625,4116.667158057409,4060.923526939503,4101.802189759301,1746803
2024-07-30,4055.674560546875,4086.0082967599183,4020.3235344521822,4079.597869696845,1797906
2024-07-31,4074.25634765625,4100.87384543508,4036.7686584538783,4041.4139618583135,2330091
2024-08-01,4085.173095703125,4105.797972072188,4055.396426617259,4087.309753961088,2202244
2024-08-02,3979.212646484375,4086.0083392177967,3967.088587644382,4055.349340765276,2811282
2024-08-05,3860.29296875,3938.2877856411073,3818.9035015045465,3938.2877856411073,2787771
2024-08-06,3875.2978515625,3956.1723973259723,3865.6352581703713,3875.065586406783,2203067
2024-08-07,3902.472900390625,3943.8160983795406,3883.7519658026845,3928.06833926144,1237666
2024-08-08,3876.551513671875,3931.7843462117903,3864.891984934085,3884.4022569734157,2441283
2024-08-09,3928.764892578125,3951.898410084894,3907.210505857532,3917.848430860645,1302536
2024-08-12,3898.01318359375,3938.288053067427,3889.3731010986708,3929.926507307199,936912
2024-08-13,3899.22119140625,3933.642706280625,3886.2606141643496,3914.1324330562766,1495593
2024-08-14,3990.5478515625,4000.7212473784566,3891.0453628588666,3910.4163685993976,3226545
2024-08-16,4102.77880859375,4112.952205920565,4018.281000108995,4041.414523549685,3457058
2024-08-19,4171.48193359375,4175.430440991918,4078.901139092339,4107.376754658791,2055210
2024-08-20,4202.419921875,4241.161933038117,4180.772989851375,4185.418293173432,2212298
2024-08-21,4228.619140625,4236.516155388334,4173.8508391327405,4197.495611851862,1896990
2024-08-22,4182.630859375,4237.39916370202,4178.171549911448,4236.516374666815,1829872
2024-08-23,4147.23291015625,4186.346446378046,4138.964362763913,4180.772083599913,1809253
2024-08-26,4183.048828125,4229.222864979793,4166.836540173764,4170.5527823500615,1844164
2024-08-27,4178.125,4190.06352004845,4168.509131570201,4185.4182168111465,930697
2024-08-28,4186.3935546875,4238.83920976465,4141.101848062617,4179.611593409034,1848058
2024-08-29,4191.7353515625,4232.8000107357375,4143.61019488178,4143.61019488178,2133641
2024-08-30,4230.70947265625,4266.47830377286,4169.437748026632,4180.772468175268,3637222
2024-09-02,4200.3291015625,4262.5298880777955,4191.921284875112,4251.3811612563195,1216500
2024-09-03,4192.2470703125,4232.707481664155,4176.963840595747,4200.329626081671,1717263
2024-09-04,4161.494140625,4168.694359320059,4121.962798795058,4159.357482985526,1265505
2024-09-05,4158.42919921875,4179.843865751271,4138.1754048562225,4163.120774045665,1688793
2024-09-06,4140.5908203125,4198.378570967705,4125.029055295338,4156.570844055927,1649179
2024-09-09,4133.90087890625,4171.713821913821,4116.202458212613,4138.96443998131,1184938
2024-09-10,4188.06640625,4217.8893457264885,4125.4478052150735,4127.305926632389,1385591
2024-09-11,4161.587890625,4226.622135770557,4154.062408672436,4200.701434505407,1325919
2024-09-12,4197.216796875,4211.05970757852,4116.945606864631,4190.295114701829,2742216
2024-09-13,4201.76953125,4224.43851900476,4185.417974074432,4208.644488913913,1458786
2024-09-16,4193.0830078125,4223.556015887551,4175.616848928026,4205.857591838961,1155120
2024-09-17,4186.02197265625,4214.033060161901,4149.184809090063,4193.0829242332575,1699364
2024-09-18,4037.83642578125,4178.031572295144,4014.4706436360752,4178.031572295144,2961779
2024-09-19,3991.38330078125,4108.491652642897,3978.0511914620456,4078.621993722427,2927551
2024-09-20,3980.932373046875,4023.4836281822863,3927.60437597395,4010.662317465838,5447908
2024-09-23,3965.695068359375,4003.693555186361,3951.294629432452,3994.960476501186,1702319
2024-09-24,3968.296630859375,3986.599307388911,3939.2172135467213,3950.040679548759,3012026
2024-09-25,3971.50146484375,3985.2981043185428,3939.2166117170595,3950.6905998877737,2713073
2024-09-26,3987.99267578125,4010.5686671887433,3957.798205900553,3957.798205900553,3964251
2024-09-27,4003.043701171875,4067.4274211040574,3995.0069638417276,4027.4778141813813,3012477
2024-09-30,3965.695068359375,3993.799150781273,3957.8443250356186,3982.7896922279247,2503416
2024-10-01,3983.71875,3991.011966244493,3941.9577493270317,3953.66354966123,1823365
2024-10-03,3932.4814453125,3975.4505001458124,3911.3453156377354,3960.2139962956594,3350119
2024-10-04,3950.598388671875,3993.1029159884106,3924.3986952950054,3925.2814844232284,2965463
2024-10-07,3969.736572265625,3992.4055595878863,3929.368708787632,3970.7119044131277,1472619
2024-10-08,3951.527099609375,3975.8219442019727,3905.724592296589,3969.5045134149964,1541867
2024-10-09,3951.24853515625,3990.315352669941,3945.4419062961365,3957.798231053306,1082504
2024-10-10,3927.510009765625,3989.246257404754,3900.7532505750073,3951.5263128464035,2378875
2024-10-11,3854.8583984375,3941.028768538948,3820.7154216048507,3849.098041297021,5759183
2024-10-14,3843.198486328125,3869.908978898292,3829.773832682932,3846.3109301040067,2137590
2024-10-15,3824.756591796875,3874.1365268299264,3804.5032516700458,3837.995705676313,2759474
2024-10-16,3804.456787109375,3823.0844981328532,3778.675354588552,3795.212679191423,2359151
2024-10-17,3817.510009765625,3836.974010815032,3802.5985417542856,3821.0402585925135,2522659
2024-10-18,3839.907958984375,3861.4217056150137,3799.81450984284,3809.127780700298,2361000
2024-10-21,3799.675048828125,3855.647899798256,3790.501385728475,3848.8025545031073,1595450
2024-10-22,3739.744140625,3808.941792786158,3731.222588221232,3786.7761613201965,1928049
2024-10-23,3787.00927734375,3831.0608725895195,3720.7918215935465,3724.9364095884875,1966476
2024-10-24,3769.9189453125,3798.8833095961822,3729.033775833075,3729.033775833075,2676744
2024-10-25,3778.906494140625,3810.990668738502,3755.762923689694,3778.440830569176,1759676
2024-10-28,3809.919677734375,3850.106352412569,3772.8062006829505,3789.5234771784344,1532534
2024-10-29,3795.39111328125,3821.701106275593,3781.2815973687175,3814.576544255364,1445885
2024-10-30,3804.14501953125,3824.96027046286,3781.234510070215,3795.157804269821,1935002
2024-10-31,3695.925048828125,3798.23142349314,3688.055380171151,3790.501362953683,3740372
2024-11-01,3710.593505859375,3724.3305810268316,3703.003280699814,3715.855640568731,154895
2024-11-04,3691.92041015625,3717.7647384247807,3644.51594943524,3693.9228999424704,2269192
2024-11-05,3698.6259765625,3712.2698276535116,3670.45333173397,3670.45333173397,967590
2024-11-06,3855.368896484375,3864.821777457786,3702.258782094675,3728.6620015201433,3792017
2024-11-07,3865.845703125,3916.975471746434,3804.5179478782275,3883.3549260647524,3724349
2024-11-08,3862.213623046875,3883.401315336317,3834.879080725745,3869.6642401156896,1648039
2024-11-11,3910.363525390625,3943.518408459811,3834.879186284666,3844.704960664376,1406487
2024-11-12,3909.15234375,3928.3377732797053,3878.3721644817633,3926.4751190486577,1587640
2024-11-13,3865.333984375,3908.547476051825,3847.359096337812,3891.178314501988,1098813
2024-11-14,3861.18896484375,3874.3207680121654,3833.7616543718636,3851.0375903197846,1825432
2024-11-18,3743.469482421875,3923.6812860911455,3716.181551430071,3923.6812860911455,3313944
2024-11-19,3762.142822265625,3848.3835842405188,3738.4405905885956,3743.8421064286954,1776233
2024-11-21,3793.15576171875,3811.409636894372,3747.660340835974,3767.124986745769,2384347
2024-11-22,3953.111328125,3962.750655117127,3775.6002816538157,3791.4328432690386,3096553
2024-11-25,4018.77001953125,4030.8772729139196,3960.189630652715,3986.080344448122,4052167
2024-11-26,4053.787841796875,4066.733198149224,4014.0199908461996,4024.3109738880953,2060669
2024-11-27,4035.020751953125,4076.7908603023225,4027.104472178454,4059.608149405842,1558993
2024-11-28,3953.390380859375,4041.9132960200004,3942.307679137016,4022.401811054281,2558544
2024-11-29,3977.55810546875,4003.495653998375,3907.5221314685823,3930.200035419068,2017425
2024-12-02,3982.96044921875,3993.71755141835,3939.5605099829345,3976.767214179378,1670944
2024-12-03,4007.267822265625,4027.9898509787527,3972.529502098055,4018.071307960362,2010905
2024-12-04,4055.370849609375,4085.6858211811555,3994.5085294279797,4017.3260445950987,3302642
2024-12-05,4157.49072265625,4180.727516616581,4060.586315983135,4098.584281260393,3746747
2024-12-06,4140.21484375,4158.375723168091,4109.713879599103,4147.199797372343,1842087
2024-12-09,4146.408203125,4162.473596939852,4112.321537472264,4126.198676219265,2066639
2024-12-10,4128.15380859375,4185.1975942064855,4109.108442002176,4122.193406026578,2087828
2024-12-11,4123.40478515625,4143.148648906342,4104.358962055129,4127.502533877997,1635256
2024-12-12,4149.01611328125,4177.002312539005,4122.054010099808,4125.825703197917,1914642
2024-12-13,4166.66455078125,4186.222421425734,4092.624040484277,4130.389630221359,1967048
2024-12-16,4111.99609375,4167.689279201268,4095.0457565693796,4152.788043789598,1646224
2024-12-17,4031.249267578125,4128.526563027335,4021.470333233763,4107.152424631981,3225027
2024-12-18,4049.270751953125,4062.448939888911,3995.020946646264,4015.6033671632454,1575404
2024-12-19,3978.53662109375,4064.3119481632502,3969.3165726562265,3987.94311687329,3015763
2024-12-20,3883.9130859375,4081.0752079378285,3867.335646043321,4031.71487338267,4116989
2024-12-23,3872.7373046875,3927.4063874513017,3832.31779942793,3911.6202111793405,2195338
2024-12-24,3892.48193359375,3928.338029883583,3872.7376155550933,3872.7376155550933,1181886
2024-12-26,3882.796142578125,3911.5276763317006,3858.628020945553,3892.4818540644487,1208464
2024-12-27,3878.837890625,3893.8323483767854,3862.4464421773887,3877.114844483566,858100
2024-12-30,3873.203125,3910.921874141445,3829.617196780828,3865.938955213331,1527169
2024-12-31,3813.5986328125,3855.6481919731173,3755.157851490963,3851.0379404710184,1555429
2025-01-01,3830.03662109375,3850.1065398065944,3804.8905600046846,3813.2258927424173,763161
2025-01-02,3888.989013671875,3895.7411349313184,3815.6006224345697,3837.0675295044302,1720835
2025-01-03,3818.347900390625,3892.900907869697,3811.269950829448,3892.900907869697,1791953
2025-01-06,3813.784423828125,3864.6813582169702,3787.148378172113,3823.5633582481973,2085593
2025-01-07,3751.6650390625,3856.020287112112,3736.065309985075,3832.364669490885,2669054
2025-01-08,3826.26416015625,3842.6556080381715,3741.839449635328,3757.811618423141,2181277
2025-01-09,3761.49072265625,3853.5988861539504,3748.8711943929684,3819.3726136468736,2392472
2025-01-10,3972.715576171875,4001.9127733457603,3883.6342250062416,3911.5740395746316,7894300
2025-01-13,3996.41796875,4026.0808290149944,3937.092248220012,3953.4836967820274,4003771
2025-01-14,3942.353759765625,4017.651642185902,3929.3151811560374,4006.5689413176588,3441709
2025-01-15,3957.768310546875,3964.1479930593564,3918.5129585242826,3928.338278958004,1653474
2025-01-16,3917.441162109375,3999.118734083526,3903.9837578032057,3967.4536113637214,2637705
2025-01-17,3911.750732421875,3946.180260907231,3888.750475468339,3945.5161507173275,1761466
2025-01-20,3867.64697265625,3932.142300220547,3858.446917151911,3932.142300220547,1287799
2025-01-21,3827.85888671875,3899.135870393051,3822.3102791739225,3884.245030505511,1971591
2025-01-22,3942.38623046875,3948.598485486215,3835.77871966863,3841.2798581228535,2409223
2025-01-23,3931.810791015625,3975.3452017162494,3926.6887142484056,3953.1984717808796,1822998
2025-01-24,3938.354736328125,3962.6827462516812,3892.4964075196026,3892.4964075196026,1910099
2025-01-27,3855.648681640625,3942.148791419916,3832.7908361324735,3890.599675788401,1551782
2025-01-28,3832.07958984375,3890.599779117484,3820.69802052405,3861.007745197988,2468272
2025-01-29,3888.51318359375,3896.148597963248,3845.0737102492853,3845.0737102492853,1217089
2025-01-30,3888.75,3917.061745659292,3849.3415023779007,3888.6078230102007,1531251
2025-01-31,3900.463623046875,3915.686749530312,3874.7129156799383,3898.1874018590165,1492943
2025-02-01,3863.236572265625,3922.7526963272944,3846.970505085766,3901.032960408717,437172
2025-02-03,3858.968505859375,3866.8882740010763,3792.6234860032378,3823.1639848038094,1265713
2025-02-04,3895.389404296875,3906.5815588564824,3856.5026066809596,3873.242905885086,2547132
2025-02-05,3880.261474609375,3936.1259160718655,3865.9395744358853,3936.1259160718655,1693912
2025-02-06,3872.341552734375,3926.166886912974,3842.7495210483457,3893.824170580454,2284536
2025-02-07,3821.7412109375,3879.218228908592,3801.444171507491,3879.218228908592,1548940
2025-02-10,3828.902099609375,3843.176530616503,3807.4669498989556,3831.7949614241543,1339511
2025-02-11,3759.284912109375,3831.7949459001434,3751.1754977809574,3811.308028813468,1810908
2025-02-12,3746.575439453125,3814.4855628593755,3737.090798282343,3766.445947952812,1678002
2025-02-13,3708.636962890625,3779.1078947757164,3701.144188811121,3763.5057059907817,2277310
2025-02-14,3732.06396484375,3744.536174828968,3699.009899147157,3722.7215010647665,1681975
2025-02-17,3703.27783203125,3731.2575211194617,3657.4669727378136,3657.751558260601,1799806
2025-02-18,3673.59130859375,3722.152626882654,3665.3397167799785,3697.4925589213967,2149879
2025-02-19,3589.083251953125,3675.251080308744,3573.955063643061,3672.6428039185434,4366672
2025-02-20,3584.625,3592.781883594646,3557.973298668796,3567.647585834546,2888572
2025-02-21,3590.885009765625,3620.2873962692524,3580.451904877241,3581.495307989525,1833931
2025-02-24,3486.175048828125,3569.2603724469545,3480.863556771993,3550.2436192378755,2508516
2025-02-25,3442.498291015625,3469.4820512534207,3434.6259918265305,3438.1827325843765,4101954
2025-02-27,3426.374267578125,3450.512634279707,3415.134874592875,3425.567980413952,3823856
2025-02-28,3303.737548828125,3414.470731581497,3278.8403664103434,3400.1963006835795,7085018
2025-03-03,3313.032470703125,3341.6760393458467,3297.0032889623258,3305.3972886171223,4990439
2025-03-04,3350.02294921875,3367.9962990962294,3285.764501101665,3294.964557324782,2797737
2025-03-05,3364.24951171875,3414.8026927498004,3339.3997995005207,3339.3997995005207,2501894
2025-03-06,3415.98876953125,3423.434074596987,3353.8643641732256,3373.6871734120996,2786513
2025-03-07,3425.09375,3438.1826018027277,3390.190222378938,3414.470997652364,2051315
2025-03-10,3404.654296875,3435.4321442725973,3397.9678097594306,3420.636010676855,1004626
2025-03-11,3391.043701171875,3403.8004968476407,3355.3338893126197,3374.6352261327497,1995450
2025-03-12,3325.5048828125,3385.305592458114,3307.15224085139,3381.2746199098347,3174167
2025-03-13,3330.104736328125,3342.6718849425615,3304.5436765901054,3321.805675922365,1693004
2025-03-17,3317.442626953125,3348.504824268339,3298.1415226710474,3309.1910361154605,2690906
2025-03-18,3317.442626953125,3317.442626953125,3317.442626953125,3317.442626953125,0
2025-03-19,3316.8740234375,3364.2022912119846,3284.294187734508,3364.2022912119846,3051244
2025-03-20,3379.519775390625,3394.505554527131,3331.0059291540974,3331.0059291540974,2845192
2025-03-21,3393.699462890625,3429.883275405574,3286.428081377204,3295.9127223046994,4161925
2025-03-24,3441.928955078125,3461.6570558488297,3382.7923538442037,3414.4709640539177,1834751
2025-03-25,3469.24462890625,3518.8018790902024,3450.5124625687754,3457.1517113972473,3135390
2025-03-26,3448.42578125,3490.8220797184467,3438.988609875757,3459.7598808023267,1734499
2025-03-27,3463.0322265625,3474.2241497420814,3424.4297823215356,3428.5556939598323,2528474
2025-03-28,3420.3037109375,3472.279589767322,3406.7880975546004,3462.8424183134416,2051919
2025-04-01,3367.806396484375,3399.2953585160476,3343.3359762190476,3388.577667798288,2618493
2025-04-02,3361.3095703125,3380.421262394588,3348.126010889205,3361.3570398330285,1764313
2025-04-03,3227.765625,3321.52139726939,3221.1263760619972,3311.0882917953854,4537821
2025-04-04,3129.3623046875,3224.445829064787,3125.663387385046,3189.305420015634,5317367
2025-04-07,3105.319091796875,3121.7748058386424,2898.5539074179674,2940.238860434007,6623955
2025-04-08,3123.244873046875,3176.4063332063806,3087.535291604866,3131.875989149625,5557558
2025-04-09,3079.28369140625,3101.4776590955953,3046.5142098890965,3092.5147195117684,2990265
2025-04-11,3064.9619140625,3128.9357749466626,3040.7760781322527,3120.0203045213184,7108961
2025-04-15,3080.80126953125,3143.5895512500647,3071.696152437833,3143.5895512500647,3512160
2025-04-16,3105.081787109375,3109.1602290119804,3062.5905495252055,3080.801013758816,2384391
2025-04-17,3128.88818359375,3133.3461501914685,3052.1575291360596,3078.240292358944,2932346
2025-04-21,3150.41845703125,3181.148601343861,3114.851053170071,3120.5418377878595,2432946
2025-04-22,3143.589599609375,3162.084651201983,3125.189487058646,3151.367191167024,2710498
2025-04-23,3237.108154296875,3244.6009284823726,3165.3094642241085,3191.581874951358,3543923
2025-04-24,3226.29541015625,3236.6335756939984,3213.111620905439,3225.821178130507,2252175
2025-04-25,3270.30419921875,3298.568475558524,3229.5202431380058,3243.747204561521,2742991
2025-04-28,3266.0361328125,3279.5992157727555,3229.520264912607,3257.9741879514845,1593296
2025-04-29,3293.541748046875,3314.8821913387555,3253.6113148639492,3276.9436254865236,1578332
2025-04-30,3275.710205078125,3329.013837756505,3192.5299551721982,3293.0671433029925,2809332
2025-05-02,3254.180419921875,3311.562499608635,3243.7473145242825,3293.0674491310842,1721761
2025-05-05,3276.279541015625,3323.892391856476,3268.7865357954893,3272.201099131072,1284443
2025-05-06,3281.68603515625,3294.0160693923863,3259.871359200009,3281.68603515625,1324763
2025-05-07,3267.553955078125,3281.2117462953,3244.316583265945,3244.316583265945,1477128
2025-05-08,3271.157470703125,3297.8094023272533,3251.998543783033,3270.3039457073255,2543591
2025-05-09,3263.00146484375,3268.5973110539226,3222.9763215318844,3223.8298466966075,2531757
2025-05-12,3433.8193359375,3443.3989159735165,3321.7109255991563,3324.3666713915923,2228678
2025-05-13,3333.851318359375,3436.2854413701325,3329.5832299005933,3433.819342081611,3062887
2025-05-14,3365.814453125,3377.4806076856794,3327.7811822404,3339.542044274439,2119499
2025-05-15,3395.406494140625,3414.4707149223877,3332.9977424314357,3380.326007773164,3548330
2025-05-16,3377.765380859375,3408.6851728219754,3363.3487722739774,3408.6851728219754,1666727
2025-05-19,3337.455810546875,3367.0478467189873,3323.133908772587,3367.0478467189873,2537377
2025-05-20,3318.012451171875,3374.6357192042983,3313.934008684603,3349.786002772028,2038374
2025-05-21,3344.0947265625,3354.7174780325026,3318.0119641520128,3327.212019490534,1440153
2025-05-22,3297.8095703125,3317.5376692737764,3273.4340900331863,3314.881923566922,2034383
2025-05-23,3333.471923828125,3352.820498295267,3286.9971842477944,3297.809582057325,1274331
2025-05-26,3355.002197265625,3362.3053247198645,3329.204019365113,3339.542185709067,967470
2025-05-27,3318.3916015625,3357.5632187597585,3303.5956991946746,3349.9755052710357,2467680
2025-05-28,3317.442626953125,3347.1295977218288,3312.9848922760975,3338.593421360396,1222933
2025-05-29,3317.82275390625,3350.449830188234,3306.8204764193288,3324.0824787726883,3188072
2025-05-30,3284.910400390625,3325.97894134562,3275.1414056184462,3310.139637529337,3404365
2025-06-02,3272.011474609375,3281.6857620470387,3242.41944121709,3272.201121116267,1877585
2025-06-03,3229.7099609375,3294.490106360913,3225.252225904789,3268.407343175387,2848125
2025-06-04,3235.163818359375,3248.4647891881687,3224.733764023337,3242.914755571243,2544807
2025-06-05,3225.786865234375,3262.0530702216233,3218.7057063727016,3262.0530702216233,3584683
2025-06-06,3238.322021484375,3244.7331673196672,3213.9212139850256,3225.7868448606714,2070390
2025-06-09,3274.39697265625,3285.975488762853,3244.7332451805223,3253.4410779830223,1718678
2025-06-10,3313.629638671875,3335.5426613582063,3275.6409764041855,3291.7168496023487,2419874
2025-06-11,3322.24169921875,3338.604687522634,3300.424692969312,3320.423693236899,2847013
2025-06-12,3286.166748046875,3324.9209717927824,3275.640909498604,3322.2416207116808,4060134
2025-06-13,3297.1708984375,3301.76403815699,3246.933943792306,3246.933943792306,2178493
2025-06-16,3345.58984375,3357.742355566309,3278.511454741814,3291.7166438153617,1934088
2025-06-17,3363.77099609375,3368.2683531373627,3337.743514633776,3358.6994089523137,2111940
2025-06-18,3302.625,3385.492142497093,3294.6829639474868,3367.4069330910083,2696327
2025-06-19,3276.406494140625,3302.2426434811027,3265.88065552043,3301.2857490610854,2672768
2025-06-20,3287.602294921875,3297.745469784743,3263.8712652626323,3277.3635707817734,2351248
2025-06-23,3247.31689453125,3277.3632849229502,3224.7340934862314,3267.7943410253647,3123421
2025-06-24,3244.254638671875,3293.726265410323,3236.2168192617623,3286.549557502439,3403048
2025-06-25,3296.309814453125,3301.2856185170967,3253.440899408153,3260.4262751214173,1757699
2025-06-26,3293.439208984375,3302.625255099875,3268.081507258558,3296.3098921986184,2879106
2025-06-27,3292.769287109375,3316.978527608251,3283.104560593004,3306.0700253129785,1778433
2025-06-30,3312.768310546875,3315.5432107745055,3282.1476906920225,3291.6208515129015,1468351
2025-07-01,3281.8603515625,3334.7766533592453,3266.3587105428364,3306.0698242055073,2375183
2025-07-02,3275.736572265625,3339.4655976963195,3272.57877409358,3336.8820295980254,3090585
2025-07-03,3254.206787109375,3287.2196465963534,3251.144771503511,3282.1480591402083,2531870
2025-07-04,3272.387451171875,3279.2770439923584,3243.967734776887,3261.096050751665,1109320
2025-07-07,3264.63671875,3278.416138875185,3261.4789203702617,3270.952315509477,1639174
2025-07-08,3259.37353515625,3277.363195918518,3247.125240576613,3258.2253086430815,2325242
2025-07-09,3237.939208984375,3266.837372173034,3221.8633368794976,3263.0097947012437,2034938
2025-07-10,3236.217041015625,3252.484246721499,3211.3377852301705,3234.3032521090518,3035012
2025-07-11,3125.217041015625,3191.242753149758,3120.5283520064395,3157.6556670087216,7635550
2025-07-14,3083.78369140625,3130.9586344245786,3062.062234156067,3125.217267735536,3924009
2025-07-15,3112.107666015625,3118.9014760029677,3067.8034091107847,3067.8034091107847,2590889
2025-07-16,3104.234619140625,3115.5641051149655,3092.23284636304,3098.377660261314,2540733
2025-07-17,3081.287109375,3112.779808234124,3076.390526695053,3095.5933632665156,2947640
2025-07-18,3062.756103515625,3100.105758589483,3059.9717861781455,3096.4571730230687,3432645
2025-07-21,3032.31982421875,3070.1495522628406,3026.3669918654064,3062.8523807267275,3844346
2025-07-22,3033.663818359375,3053.346723269556,3028.8631098446967,3033.663818359375,3198036
2025-07-23,3052.386962890625,3055.1712804131353,3031.7439136986445,3033.6641973444102,1922875
2025-07-24,3022.5263671875,3047.2019644087272,3014.8452328363246,3038.944885626984,2934778
2025-07-25,3010.812744140625,3031.0715957495104,3001.019344529776,3014.845292873372,2568917
2025-07-28,2956.56494140625,2993.7223853235596,2947.5394670779647,2986.0412502746217,3374473
2025-07-29,2934.193115234375,2951.475666305782,2919.9829708048537,2938.033682139132,4785312
2025-07-30,2931.88916015625,2946.6752504448114,2925.7441118523307,2938.033974050545,2880121
2025-07-31,2915.758544921875,2937.841805411508,2894.827407662822,2920.4631457840833,2968371
2025-08-01,2883.305908203125,2915.7587488570334,2880.4254827204045,2909.133629601001,2053847
2025-08-04,2951.85986328125,2956.6605722928375,2872.360309577052,2889.1627911176092,2519252
2025-08-05,2941.7783203125,2954.836342347973,2920.751308991888,2951.859809051624,1927996
2025-08-06,2911.43798828125,2944.562879940478,2905.3890481398157,2940.9142942671037,1487081
2025-08-07,2925.552001953125,2929.9687479023937,2890.890789951502,2895.7876067904904,2543076
2025-08-08,2915.374267578125,2937.8417248012156,2904.428745573524,2926.6081133944717,2762140
2025-08-11,2919.59912109375,2928.3362704951187,2900.8763567070323,2915.3743566889298,1884215
2025-08-12,2914.414306640625,2972.9829560524563,2906.253101394714,2919.791194448837,3358232
2025-08-13,2915.182373046875,2923.0554886191444,2907.8854362960733,2915.0864995163706,2148166
2025-08-14,2901.83642578125,2934.0970475783347,2898.7640190971856,2913.0700372499637,3342174
2025-08-18,2891.1787109375,2927.472114967924,2883.689558612238,2925.07176065916,2945609
2025-08-19,2895.9794921875,2904.42878644818,2891.0829099205744,2891.178783449569,2650784
2025-08-20,2975.095458984375,2979.7039520714934,2890.890836056874,2890.890836056874,4952358
2025-08-21,2978.936279296875,3005.2440729447403,2960.2135127082415,3005.2440729447403,3230726
2025-08-22,2932.273193359375,2972.3110613965996,2928.432625981039,2962.997732386061,1593791
2025-08-25,3015.421630859375,3026.3671543415535,2954.4526225152476,2964.246022642929,3448370
2025-08-26,3031.359619140625,3035.968346624635,2995.6423913563763,3004.283667485289,5522097
2025-08-28,2970.390625,3021.086158669707,2963.4776509563167,3019.645945976872,3116051
2025-08-29,2961.74951171875,2990.8418565958136,2954.548447858567,2969.7187359392783,2271789
2025-09-01,2988.537353515625,3006.2999761800884,2966.8380558481663,2966.8380558481663,1246862
2025-09-02,2987.4814453125,3029.2476168924754,2979.4163473229805,2996.6989010802117,2185229
2025-09-03,2974.039306640625,3016.669509959856,2964.9179592917676,3005.1478080455095,1799774
2025-09-04,2972.310791015625,2993.7219990840686,2967.6061901689773,2991.8017155695825,1481391
2025-09-05,2926.80029296875,2979.703965451406,2907.885546409113,2973.655259644998,2802055
2025-09-08,2898.66796875,2942.7383816988513,2895.7875434746607,2928.4323632618416,2626187
2025-09-09,2927.8564453125,2938.034042622692,2909.997947659983,2911.246178939102,2489301
2025-09-10,2986.041015625,2998.2347696750494,2931.696895660388,2934.5773210773896,2079428
2025-09-11,2999.675048828125,3013.885194748687,2986.137189714118,3013.885194748687,2263446
2025-09-12,3008.508056640625,3023.198272253378,2996.602392740264,3018.685652923867,1447167
2025-09-15,2987.865234375,3009.0844623500607,2972.5990732086116,3009.0844623500607,1732539
2025-09-16,3020.31787109375,3024.4465275211764,2985.176823514983,3003.323408916267,2573429
2025-09-17,3046.338134765625,3055.55535595913,3017.149681628776,3026.367137231914,2418271
2025-09-18,3050.08251953125,3075.334296666793,3035.392302577828,3058.0517436415034,2633138
2025-09-19,3042.881103515625,3053.730751874098,3018.685578963108,3043.6492637764163,4901694
2025-09-22,2951.2841796875,2983.0647355072842,2942.834884198412,2971.6391408137306,3634901
2025-09-23,2940.338134765625,2957.9087764692863,2930.352753876681,2947.6353061603577,3177741
2025-09-24,2914.414306640625,2935.153463147022,2912.1100600997443,2928.432470591566,1625714
2025-09-25,2839.5234375,2908.8458671854296,2833.378623371756,2901.5486952997107,4974361
2025-09-26,2783.547119140625,2837.0269692313786,2776.057966398974,2823.7769658283983,3934636
2025-09-29,2780.666748046875,2812.5434087793974,2778.6503565122343,2799.773476015783,3110035
2025-09-30,2773.273193359375,2799.101145742985,2770.1049132760872,2794.9724895498107,2253458
2025-10-01,2798.04541015625,2808.223007812976,2752.342797471782,2775.7701654990638,1952902
2025-10-03,2786.2353515625,2807.454578770542,2775.8660078142957,2807.454578770542,2899519
2025-10-06,2869.287353515625,2874.2802778676387,2780.186391562798,2786.3312046596843,2112774
2025-10-07,2855.173583984375,2884.745997894136,2837.699050349848,2875.624650921264,3062943
2025-10-08,2906.541015625,2921.711301932003,2849.70067174965,2856.421663900003,4121889
2025-10-09,2939.666259765625,2943.794916608875,2899.6283914412274,2913.0703773618156,3211304
2025-10-10,2907.597412109375,2947.635277630445,2887.0502372807746,2928.4324419455565,8817365
2025-10-13,2887.33837890625,2914.5104387736105,2878.6971026918,2906.349233459963,2866865
2025-10-14,2842.307861328125,2906.5412549765147,2837.699133735008,2900.5884226064827,3611416
2025-10-15,2862.06396484375,2871.6047262713414,2843.9459294866183,2863.220385125294,4282226
2025-10-16,2862.931396484375,2867.0754517571395,2836.332787245134,2862.160371154854,3251495
2025-10-17,2854.739501953125,2880.3746213869317,2848.1861401528254,2862.256586509825,4374683
2025-10-20,2905.81689453125,2913.333979311689,2870.4483153754104,2877.1943748710046,3133039
2025-10-21,2897.62548828125,2921.815026282457,2887.3137006926995,2921.1404673344027,310644
2025-10-23,2961.712890625,2985.613263353556,2925.958915568601,2944.1731825516827,5564758
2025-10-24,2952.07568359375,2977.9035021252716,2947.3535359078196,2968.2662739630537,2684318
2025-10-27,2972.98828125,2981.9509500743798,2949.184375870237,2955.2558763824863,1946312
2025-10-28,2946.968017578125,2978.096312781555,2929.9101701396817,2964.4114953280427,3470737
2025-10-29,2946.678955078125,2964.4113606511696,2935.596142774,2946.96788369373,2895420
2025-10-30,2925.187744140625,2952.653842834952,2922.778437237614,2938.487165302022,2241536
2025-10-31,2947.064208984375,2956.1231088421955,2915.357824198127,2924.898585437403,1868085
2025-11-03,2907.35888671875,2947.0642176101555,2900.805524854993,2936.3668007969727,2194877
2025-11-04,2881.72412109375,2919.405779977123,2868.039303195767,2910.0577150577624,2670720
2025-11-06,2901.673095703125,2914.2979594160083,2881.531381829982,2881.627848230561,2542721
2025-11-07,2883.26611328125,2895.0234851722394,2853.101540563387,2892.1323165785257,1830520
2025-11-10,2915.4541015625,2937.3305615709287,2883.4585523829414,2884.422275161144,1556656
2025-11-11,2936.46337890625,2944.847720230334,2908.5154176367123,2934.5359333014544,2806868
2025-11-12,3018.18701171875,3022.619995280987,2946.1969680097523,2948.991669923252,4460315
2025-11-13,2993.033935546875,3018.2834265472866,2989.4682081451956,3018.1871954349617,1740435
2025-11-14,2993.322998046875,3000.1655239975616,2965.6642009169345,2977.9034333434784,2210794
2025-11-17,2989.660888671875,3010.188231818854,2974.626953832486,2993.323082448971,2232853
2025-11-18,2975.10888671875,2992.3594315179676,2966.338914722159,2989.4682629851,2548350
2025-11-19,3033.51025390625,3040.5454775036865,2971.639296317787,2984.6495543039355,3151053
2025-11-20,3030.7158203125,3049.701114369028,3024.2589239449585,3033.799686533007,2700767
2025-11-21,3036.304931640625,3055.001058516103,3021.463460406849,3030.715292741771,4177037
2025-11-24,3027.24609375,3063.578397230728,3017.4161679823073,3043.4366842823783,6703764
2025-11-25,3006.044189453125,3035.534202019235,3001.996600643867,3031.1974493056246,2737920
2025-11-26,3048.15869140625,3062.71099952004,3003.923909850209,3005.658657913636,2508527
2025-11-27,3022.81298828125,3064.6384631299097,3011.6337098367826,3064.6384631299097,2836233
2025-11-28,3023.68017578125,3033.12470593688,3011.6336412163846,3026.089482694223,1616690
2025-12-01,3019.728759765625,3039.5815424570487,3008.935112061614,3024.0655121248697,1747647
2025-12-02,3021.945556640625,3029.9445029896465,3007.200550647543,3017.4161065078188,2512003
2025-12-03,3064.638427734375,3095.3810901757683,3025.125793917674,3026.089516693691,3952112
2025-12-04,3112.053466796875,3132.0989471151875,3071.769808666434,3078.13047294951,5025905
2025-12-05,3120.72705078125,3152.915532717371,3105.5001838412545,3112.824571063191,5244013
2025-12-08,3119.0888671875,3141.6398867746047,3092.2010949656524,3125.353065437683,2544725
2025-12-09,3091.911865234375,3116.390329915732,3065.794883587669,3112.824602659864,2734893
2025-12-10,3073.5048828125,3108.0062080861744,3062.807700289892,3108.0062080861744,1386849
2025-12-11,3076.106689453125,3092.0081155406747,3038.7144333046613,3088.7315521574005,1914362
2025-12-12,3103.669189453125,3106.078496384854,3070.131589906683,3081.696263178982,1146554
2025-12-15,3113.017333984375,3120.727116365754,3081.31094805451,3094.610369719165,1562190
2025-12-16,3088.828125,3103.187500999765,3075.3360054304358,3103.187500999765,1734623
2025-12-17,3101.0673828125,3119.4743477745933,3084.3949307247763,3084.3949307247763,1376350
2025-12-18,3161.781982421875,3168.5280423912595,3104.151308769499,3110.897368738883,2307422
2025-12-19,3162.938232421875,3197.5357868591873,3159.854366515901,3179.3215200364916,3902511
2025-12-22,3204.281982421875,3207.8479451634685,3171.6118722000997,3189.9226061933546,2632816
2025-12-23,3189.92236328125,3199.4631245744913,3174.0209376032617,3199.4631245744913,2365420
2025-12-24,3198.595947265625,3206.4021959958864,3176.5267894381177,3184.236571775606,1367708
2025-12-26,3161.010986328125,3199.559900795541,3153.108505919085,3192.9103071634727,1176664
2025-12-29,3133.54443359375,3168.7203129805475,3125.2563240630398,3161.0105311971397,2079473
2025-12-30,3129.01513671875,3148.9641510011397,3121.9799134409154,3132.099002526,2807593
2025-12-31,3089.887939453125,3128.2441532690227,3082.4673210816295,3122.461816571668,3362634
2026-01-01,3110.31884765625,3116.775978595714,3082.1781891606697,3098.368779137981,1255735
2026-01-02,3132.773681640625,3136.243177859361,3102.7055771191704,3116.6795578205924,1184324
2026-01-05,3099.428955078125,3129.207895137578,3075.2394189664337,3122.94369701057,2341703
2026-01-06,3137.688720703125,3144.8201752673103,3088.7315556964636,3093.550169667909,2912325
2026-01-07,3176.044921875,3180.8635358265738,3106.271250685878,3125.2565425983025,1989442
2026-01-08,3087.67138671875,3167.66037916829,3066.565951499233,3167.66037916829,4159336
2026-01-09,3091.429931640625,3112.5353660738615,3075.2393421369984,3075.2393421369984,1938673
2026-01-12,3122.07666015625,3134.0267294637697,3059.1455105674945,3086.8043094933746,2228342
2026-01-13,3149.446044921875,3161.0107182814413,3094.0319850739534,3127.2804209827063,5645341
2026-01-14,3076.68505859375,3141.7363480080267,3067.529691935444,3141.7363480080267,3539511
2026-01-15,3076.68505859375,3076.68505859375,3076.68505859375,3076.68505859375,0
2026-01-16,3146.54931640625,3161.464149941515,3111.519017760894,3159.0110444402844,4293470
2026-01-19,3104.258056640625,3159.600023336744,3092.973770842994,3128.2002715520307,3387562
2026-01-20,3044.10791015625,3100.7255406282875,3033.118044759914,3092.4832014713097,4499273
2026-01-21,3064.027099609375,3079.6287553253787,3024.188569033875,3041.8509292683366,2015150
2026-01-22,3091.305419921875,3100.7254411371077,3063.7326570458863,3090.9130188550284,2269827
2026-01-23,3103.178466796875,3134.578217290946,3092.875423666008,3130.457047950816,2068857
2026-01-27,3098.762939453125,3115.4440572399217,3071.2881572160486,3115.4440572399217,4279874
2026-01-28,3140.073486328125,3145.0776781720924,3111.1268393421374,3116.425451779539,2751234
2026-01-29,3085.41796875,3140.07335254898,3066.9708064954257,3140.07335254898,2457641
2026-01-30,3065.302490234375,3082.081828102924,3034.000959087629,3082.081828102924,3022068
2026-02-02,3110.1455078125,3138.0126916764966,3075.2131881532646,3138.0126916764966,2636272
2026-02-03,3164.800537109375,3287.1613923698505,3126.53209104895,3287.1613923698505,4366060
2026-02-04,2942.84375,3061.475843095512,2929.9893806035893,3061.475843095512,10852595
2026-02-05,2935.38623046875,2972.869637012123,2916.5464269268496,2933.9143670738968,3521545
2026-02-06,2886.422119140625,2929.0079343210614,2861.302223276454,2920.765595757455,4687389
2026-02-09,2892.8984375,2921.15826303242,2882.3991930324937,2903.5941220720847,2380318
2026-02-10,2928.61572265625,2955.109263473934,2888.2865702537815,2894.468444356794,3547763
2026-02-11,2855.21875,2941.76426862986,2849.723697569715,2924.1019081110685,3363513
2026-02-12,2698.51416015625,2825.977420921291,2688.603518515395,2815.9687988010764,10612156
2026-02-13,2641.7001953125,2662.110080925881,2536.5110796879476,2536.5110796879476,11168735
2026-02-16,2655.830322265625,2668.7826718221954,2620.898002964758,2649.3540277067937,2918730
2026-02-17,2666.427490234375,2708.228504276998,2644.6439610469733,2665.0538469624375,4209118
2026-02-18,2644.349609375,2678.7913077273606,2607.4550449905755,2678.7913077273606,2950820
2026-02-19,2627.66845703125,2697.140454434555,2616.5806115438327,2657.2039438116426,3238849
2026-02-20,2635.812744140625,2651.905259923164,2597.838718993336,2616.972941852777,2293482
2026-02-23,2626.0986328125,2653.2789947204583,2610.3005370564806,2635.616634548502,4699596
2026-02-24,2525.423095703125,2597.8388206557183,2513.255787797201,2591.460746119642,7798833
2026-02-25,2579.980224609375,2604.4130601353972,2546.3235684513456,2547.3048106742554,3621285
2026-02-26,2598.034912109375,2620.897903167908,2585.5731841435563,2600.2918170703697,3464267
2026-02-27,2587.92822265625,2638.168017666852,2576.8403768444346,2631.299321894741,5083717
2026-03-02,2564.4765625,2574.5834053591284,2531.8993684474203,2543.37985460111,3374385
2026-03-04,2539.2587890625,2585.5733762002424,2531.997452542583,2575.7609535201655,3446434
2026-03-05,2530.427490234375,2560.551578540278,2498.6350985020495,2551.229777430436,2960636
2026-03-06,2509.625244140625,2570.069622274581,2505.7002751879877,2523.7550365456814,3998643
2026-03-09,2479.991455078125,2511.9800468111703,2458.0117254929614,2482.542780637602,3653428
2026-03-10,2465.9599609375,2497.45769299971,2443.39138949283,2493.3365235176843,4323710
2026-03-11,2418.663818359375,2473.711601954393,2413.9540474182472,2461.0536733182116,2720664
2026-03-12,2396.5859375,2426.513825649523,2390.3060830242093,2413.6596961153996,2752075
2026-03-13,2365.284423828125,2400.0203033629555,2352.0376535639975,2391.287343235487,2466488
2026-03-16,2364.0087890625,2379.5124645789865,2321.7173916761253,2364.793830777467,3807907
2026-03-17,2346.8369140625,2374.6061161428333,2315.731584337639,2374.6061161428333,2993367
2026-03-18,2395.01611328125,2436.326267951688,2364.793804301608,2364.793804301608,3082388
2026-03-19,2311.806640625,2378.5311107279285,2306.115387909886,2371.6624152761565,2757060
2026-03-20,2345.7578125,2362.6351312433567,2319.8528734315287,2341.2440023374425,4206320
2026-03-23,2339.085205078125,2361.6537756859007,2303.956686393805,2320.6378037995523,3860515
2026-03-24,2353.803955078125,2389.7172776589064,2334.47353068287,2359.0045869106293,3420182
2026-03-25,2332.80517578125,2376.1762738846405,2325.3478785890734,2355.864368126978,5843778
2026-03-27,2344.97265625,2376.6668272056972,2340.262645780238,2358.8080275261386,4979411
2026-03-30,2314.652099609375,2353.0187649541185,2302.1903717438945,2330.5484146912077,6804756
2026-04-01,2363.027587890625,2425.630892660341,2352.9207445923203,2383.4374750291136,4132661
2026-04-02,2404.730224609375,2423.570027038862,2331.1370592120925,2341.24390183887,5378361
2026-04-06,2427.4951171875,2435.4432752720936,2402.2772391631793,2427.593337237373,2572417
2026-04-07,2492.1591796875,2496.182129281132,2402.0810908677395,2414.837240451596,4516550
2026-04-08,2511.195068359375,2531.899375247164,2492.453485493659,2523.755016821873,4769337
2026-04-09,2540.43603515625,2556.135910228672,2483.6222080623565,2506.092558435327,5628261
2026-04-10,2476.94970703125,2517.671257898199,2454.1849361455575,2517.671257898199,10480239
2026-04-13,2426.2197265625,2457.9136601554055,2423.6684008424363,2443.195026142192,3739587
2026-04-15,2506.9755859375,2510.9987747578325,2446.629190999006,2454.9697496490417,5261384
2026-04-16,2528.56298828125,2545.3423261167095,2510.0176060935014,2523.754997213638,3905403
2026-04-17,2533.076904296875,2540.4362212762385,2507.957006516208,2521.792618261851,2718206
2026-04-20,2531.212646484375,2545.3424392975157,2513.15764504414,2538.571963483115,2288558
2026-04-21,2561.532958984375,2564.9673069470045,2511.9802240950007,2511.9802240950007,2719959
2026-04-22,2490.88330078125,2531.6048516902206,2456.6380441545243,2531.6048516902206,5232045
2026-04-23,2474.49658203125,2511.489364373728,2469.0997500312283,2481.5614778281533,2509050
2026-04-24,2351.939453125,2458.0118361710306,2343.991534636913,2441.3307179215667,5107719
2026-04-27,2401.6884765625,2412.874541687738,2351.9393059532576,2351.9393059532576,5853425
2026-04-28,2398.8427734375,2440.349366669426,2381.867235359066,2398.155951805419,4508363
2026-04-29,2428.280029296875,2441.2323784506298,2401.688509360205,2405.024637022461,2835961
2026-04-30,2427.4951171875,2444.2744555611544,2392.26861608113,2432.4995485090735,3970446
2026-05-01,2427.4951171875,2427.4951171875,2427.4951171875,2427.4951171875,0
2026-05-04,2385.6943359375,2451.4375668418284,2379.512461835769,2447.2181772447047,2632358
2026-05-05,2381.769287109375,2414.24826083551,2366.952433771704,2384.4185931895904,3385720
2026-05-06,2389.717041015625,2424.6493574491965,2361.359238648924,2396.0951150032492,3147628
2026-05-07,2356.35498046875,2393.9366055534624,2353.018852732181,2392.4647422177254,5829594
2026-05-08,2349.486328125,2361.8500761970836,2330.548544505656,2353.0188960201936,3792199
2026-05-11,2348.014404296875,2369.699953108347,2326.5252955775945,2326.5252955775945,1975188
2026-05-12,2257.151611328125,2330.450360002076,2240.176072372522,2330.450360002076,6347884
2026-05-13,2230.16748046875,2265.8846032931383,2226.4387119283556,2262.7446759395275,3171843
2026-05-14,2203.8701171875,2222.513720137884,2165.012827845418,2222.513720137884,5633313
2026-05-15,2221.5322265625,2261.6649346543286,2209.7573207679993,2209.7573207679993,3410637
2026-05-18,2240.3720703125,2249.8900714309348,2209.953563101145,2221.5322685970373,3773336
2026-05-19,2283.448974609375,2333.0017090765828,2254.0117066090534,2256.857213357978,10394707
2026-05-20,2283.742919921875,2298.06915136111,2274.3231388707036,2280.3085723429836,2537422
2026-05-21,2283.546875,2292.0836345084317,2270.594525446405,2287.275643394801,3299087
2026-05-22,2273.832763671875,2296.106915322829,2264.805382686245,2287.373954930871,2617262
2026-05-25,2295.61328125,2313.415817804508,2280.496215777924,2312.3217190072714,3298364
2026-05-26,2263.78759765625,2315.205623652634,2260.008270887014,2295.613098349941,3587597
2026-05-27,2271.744140625,2283.0821217701528,2248.571147658945,2262.5943570616037,2653950
2026-05-28,2271.744140625,2271.744140625,2271.744140625,2271.744140625,0
2026-05-29,2246.58203125,2321.2726050840133,2222.81245602518,2278.507085795833,16331582
2026-06-01,2284.8720703125,2322.267132829976,2267.5670504720965,2271.5452382799426,7505095
2026-06-02,2433.556884765625,2443.9996279549005,2303.569644295269,2307.34897134468,11306127
2026-06-03,2229.475830078125,2379.9508308808004,2212.6680838914085,2379.9508308808004,15660062
2026-06-04,2228.77978515625,2240.8139007540485,2204.5129359355733,2229.4759194813155,4867263
2026-06-05,2186.9091796875,2259.4117976453776,2180.0469028924485,2250.560184151513,5019717
2026-06-08,2139.668212890625,2165.128711955583,2131.6125282744956,2158.1668832997775,6536734
2026-06-09,2139.2705078125,2162.145087858845,2121.169801728995,2162.145087858845,4148655
2026-06-10,2142.154541015625,2168.907999188303,2133.1043096144995,2139.568864676436,2848650
2026-06-11,2123.95458984375,2142.8509821277357,2098.494090484758,2115.4013888441136,3079815
2026-06-12,2149.61376953125,2156.177876796519,2126.3414670622496,2138.276030955957,2124656
2026-06-15,2150.21044921875,2180.046856932239,2147.525221086398,2180.046856932239,3337083
2026-06-16,2187.0087890625,2196.954258771743,2148.818282502735,2155.183285992923,3079898
2026-06-17,2210.8779296875,2218.8343055028395,2188.6994835403766,2196.9542720106556,2865010
2026-06-18,2191.285400390625,2201.927004470057,2170.101501243751,2196.9542695909468,3735188
2026-06-19,2113.412353515625,2126.341464384191,2048.6672473500757,2093.521413717831,13286502
2026-06-22,2116.197021484375,2145.237743488044,2109.434053749718,2120.5729308842238,4566101
2026-06-23,2048.368896484375,2102.4721508294924,2043.7938836114508,2099.4885101234904,6392736
2026-06-24,2097.49951171875,2109.1356624395376,2049.7612582514666,2049.7612582514666,4747277
2026-06-25,2083.27734375,2136.78401555451,2076.61392807904,2121.965363861958,4738903
2026-06-26,2083.27734375,2083.27734375,2083.27734375,2083.27734375,0
2026-06-29,2086.4599609375,2093.521341445675,2059.706744956766,2078.6031371123327,3412470
2026-06-30,2020.422119140625,2092.8251853118586,2007.791421498655,2078.60311543387,6848411
2026-07-01,1971.788818359375,2040.8104030555382,1966.0205187179013,2028.776408877907,4658295
2026-07-02,2056.82275390625,2065.5745732846704,1991.580373389582,1997.0503819057583,6040621
2026-07-03,2082.083984375,2105.0581154318793,2073.6303355251375,2088.5485393778363,4028819
2026-07-06,2046.3798828125,2081.5867473982344,2039.4180542258837,2078.6031065753987,2567386
2026-07-07,2084.669921875,2111.124724588052,2037.8266642409067,2038.8212111731864,4769048
2026-07-08,2046.2803955078125,2098.1956989000228,2037.6278854106638,2082.5813599967723,3666985
2026-07-09,2038.323974609375,2053.7394523387943,2005.006651774823,2046.280350211656,3791498
2026-07-10,2057.717529296875,2121.666943317309,2053.341620075063,2093.7200783959847,6714551
2026-07-13,2169.604248046875,2192.8765503750355,2053.8390761022306,2063.684994131224,12382622
2026-07-14,2188.60009765625,2215.850586742918,2167.1177865856457,2170.996422535663,9546290
2026-07-15,2189.199951171875,2202.89990234375,2145.39990234375,2174.10009765625,5426489
2026-07-16,2201.0,2231.39990234375,2187.800048828125,2206.0,5197595
2026-07-17,2269.0,2275.0,2215.10009765625,2224.800048828125,5615138
2026-07-20,2251.10009765625,2283.39990234375,2245.10009765625,2280.10009765625,2202693
2026-07-21,2221.10009765625,2259.89990234375,2218.5,2245.10009765625,2382160
2026-07-22,2208.300048828125,2226.800048828125,2201.0,2216.0,1599665
2026-07-23,2242.89990234375,2250.0,2193.60009765625,2204.0,2503539
2026-07-24,2254.300048828125,2264.300048828125,2205.10009765625,2205.10009765625,3211699
2026-07-27,2295.60009765625,2315.0,2272.39990234375,2286.0,4007292
2026-07-28,2398.0,2417.39990234375,2323.0,2325.0,8248513
2026-07-29,2446.60009765625,2475.5,2415.10009765625,2440.0,7169419
2026-07-30,2431.800048828125,2495.0,2423.0,2440.0,4901582
2026-07-31,2365.60009765625,2391.0,2326.10009765625,2385.0,4343683
2026-08-03,2473.699951171875,2473.699951171875,2383.0,2383.89990234375,3036839
2026-08-04,2460.0,2467.39990234375,2435.10009765625,2463.10009765625,2792792
2026-08-05,2410.5,2460.89990234375,2408.0,2460.0,2777385
