run_id,strategy,stock,entry_date,exit_date,direction,entry_price,exit_price,quantity,holding_days,pnl,return_pct,exit_reason
RUN_20260806_095600,ChecklistStrategy,ADANIENT,2024-03-15,2024-03-18,LONG,3111.0,3050.1,16,3,-974.4,-1.96,SIGNAL
RUN_20260806_095600,ChecklistStrategy,ADANIENT,2024-04-08,2024-04-16,LONG,3240.95,3101.0,15,8,-2099.25,-4.32,STOP_LOSS
RUN_20260806_095600,ChecklistStrategy,ADANIENT,2024-05-13,2024-05-17,LONG,2803.0,3041.05,17,4,4046.85,8.49,SIGNAL
RUN_20260806_095600,ChecklistStrategy,ADANIENT,2024-06-06,2024-06-26,LONG,3184.0,3169.05,16,20,-239.2,-0.47,SIGNAL
RUN_20260806_095600,ChecklistStrategy,ADANIENT,2024-07-24,2024-08-07,LONG,2995.35,3118.0,16,14,1962.4,4.09,SIGNAL
RUN_20260806_095600,ChecklistStrategy,ADANIENT,2024-08-22,2024-08-28,LONG,3130.75,3078.0,16,6,-844.0,-1.68,SIGNAL
RUN_20260806_095600,ChecklistStrategy,ADANIENT,2024-09-27,2024-09-30,LONG,3122.0,3129.0,16,3,112.0,0.22,SIGNAL
RUN_20260806_095600,ChecklistStrategy,ADANIENT,2024-10-29,2024-11-01,LONG,2803.0,2960.0,18,3,2826.0,5.6,SIGNAL
RUN_20260806_095600,ChecklistStrategy,ADANIENT,2025-01-08,2025-01-13,LONG,2520.55,2365.0,20,5,-3111.0,-6.17,STOP_LOSS
RUN_20260806_095600,ChecklistStrategy,ADANIENT,2025-01-21,2025-01-22,LONG,2441.75,2399.0,20,1,-855.0,-1.75,SIGNAL
RUN_20260806_095600,ChecklistStrategy,ADANIENT,2025-02-10,2025-02-11,LONG,2350.0,2312.0,21,1,-798.0,-1.62,SIGNAL
RUN_20260806_095600,ChecklistStrategy,ADANIENT,2025-03-03,2025-03-21,LONG,2109.0,2343.8,23,18,5400.4,11.13,SIGNAL
RUN_20260806_095600,ChecklistStrategy,ADANIENT,2025-03-28,2025-04-01,LONG,2376.0,2312.0,22,4,-1408.0,-2.69,STOP_LOSS
RUN_20260806_095600,ChecklistStrategy,ADANIENT,2025-05-30,2025-06-04,LONG,2550.0,2480.0,20,5,-1400.0,-2.75,STOP_LOSS
RUN_20260806_095600,ChecklistStrategy,ADANIENT,2025-06-05,2025-06-20,LONG,2495.0,2428.0,20,15,-1340.0,-2.69,STOP_LOSS
RUN_20260806_095600,ChecklistStrategy,ADANIENT,2025-06-23,2025-06-25,LONG,2438.0,2519.9,20,2,1638.0,3.36,SIGNAL
RUN_20260806_095600,ChecklistStrategy,ADANIENT,2025-07-09,2025-07-29,LONG,2599.0,2529.0,19,20,-1330.0,-2.69,STOP_LOSS
RUN_20260806_095600,ChecklistStrategy,ADANIENT,2025-08-05,2025-08-06,LONG,2370.0,2333.9,21,1,-758.1,-1.52,SIGNAL
RUN_20260806_095600,ChecklistStrategy,ADANIENT,2025-10-10,2025-10-28,LONG,2552.0,2495.0,19,18,-1083.0,-2.23,STOP_LOSS
RUN_20260806_095600,ChecklistStrategy,ADANIENT,2025-11-10,2025-11-19,LONG,2308.25,2446.5,20,9,2765.06,5.99,SIGNAL
RUN_20260806_095600,ChecklistStrategy,ADANIENT,2025-12-01,2025-12-03,LONG,2300.0,2240.0,22,2,-1320.0,-2.61,STOP_LOSS
RUN_20260806_095600,ChecklistStrategy,ADANIENT,2026-01-08,2026-01-09,LONG,2275.0,2214.1,22,1,-1339.8,-2.68,STOP_LOSS
RUN_20260806_095600,ChecklistStrategy,ADANIENT,2026-01-13,2026-01-20,LONG,2187.8,2134.0,22,7,-1183.6,-2.46,STOP_LOSS
RUN_20260806_095600,ChecklistStrategy,ADANIENT,2026-01-28,2026-03-20,LONG,1985.0,1951.0,25,51,-850.0,-1.71,SIGNAL
RUN_20260806_095600,ChecklistStrategy,ADANIENT,2026-03-27,2026-03-30,LONG,1880.0,1810.0,25,3,-1750.0,-3.72,STOP_LOSS
RUN_20260806_095600,ChecklistStrategy,ADANIENT,2026-05-15,2026-05-18,LONG,2781.1,2700.0,17,3,-1378.7,-2.92,STOP_LOSS
RUN_20260806_095600,ChecklistStrategy,ADANIENT,2026-06-25,2026-06-30,LONG,3086.0,2980.0,15,5,-1590.0,-3.43,STOP_LOSS
RUN_20260806_095600,ChecklistStrategy,ADANIENT,2026-07-10,2026-07-24,LONG,3105.0,3010.0,14,14,-1330.0,-3.06,STOP_LOSS
RUN_20260806_095600,ChecklistStrategy,ADANIPORTS,2024-03-15,2024-03-20,LONG,1273.8,1248.0,39,5,-1006.2,-2.03,STOP_LOSS
RUN_20260806_095600,ChecklistStrategy,ADANIPORTS,2024-04-10,2024-04-16,LONG,1359.0,1302.0,36,6,-2052.0,-4.19,STOP_LOSS
RUN_20260806_095600,ChecklistStrategy,ADANIPORTS,2024-04-26,2024-05-06,LONG,1340.0,1322.5,36,10,-630.0,-1.31,SIGNAL
RUN_20260806_095600,ChecklistStrategy,ADANIPORTS,2024-06-06,2024-06-07,LONG,1384.0,1357.7,35,1,-920.5,-1.9,SIGNAL
RUN_20260806_095600,ChecklistStrategy,ADANIPORTS,2024-06-10,2024-07-01,LONG,1404.0,1483.0,34,21,2686.0,5.63,SIGNAL
RUN_20260806_095600,ChecklistStrategy,ADANIPORTS,2024-07-11,2024-08-14,LONG,1495.0,1488.0,32,34,-224.0,-0.47,SIGNAL
RUN_20260806_095600,ChecklistStrategy,ADANIPORTS,2024-08-30,2024-09-04,LONG,1480.95,1472.0,33,5,-295.35,-0.6,SIGNAL
RUN_20260806_095600,ChecklistStrategy,ADANIPORTS,2024-10-03,2024-10-07,LONG,1452.75,1410.0,33,4,-1410.75,-2.94,STOP_LOSS
RUN_20260806_095600,ChecklistStrategy,ADANIPORTS,2024-10-09,2024-10-18,LONG,1424.75,1389.0,33,9,-1179.75,-2.51,STOP_LOSS
RUN_20260806_095600,ChecklistStrategy,ADANIPORTS,2024-10-29,2024-10-30,LONG,1364.7,1379.95,35,1,533.75,1.12,SIGNAL
RUN_20260806_095600,ChecklistStrategy,ADANIPORTS,2024-11-04,2024-11-05,LONG,1394.2,1350.0,34,1,-1502.8,-3.17,STOP_LOSS
RUN_20260806_095600,ChecklistStrategy,ADANIPORTS,2024-11-22,2024-11-29,LONG,1072.6,1175.0,42,7,4300.8,9.55,SIGNAL
RUN_20260806_095600,ChecklistStrategy,ADANIPORTS,2024-12-02,2024-12-11,LONG,1201.9,1254.1,41,9,2140.2,4.34,SIGNAL
RUN_20260806_095600,ChecklistStrategy,ADANIPORTS,2025-01-01,2025-01-03,LONG,1223.0,1234.5,40,2,460.0,0.94,SIGNAL
RUN_20260806_095600,ChecklistStrategy,ADANIPORTS,2025-02-01,2025-02-03,LONG,1105.9,1084.0,45,2,-985.5,-1.98,SIGNAL
RUN_20260806_095600,ChecklistStrategy,ADANIPORTS,2025-02-13,2025-02-17,LONG,1133.8,1058.95,44,4,-3293.4,-6.6,STOP_LOSS
RUN_20260806_095600,ChecklistStrategy,ADANIPORTS,2025-03-18,2025-04-08,LONG,1137.15,1135.0,42,21,-90.3,-0.19,SIGNAL
RUN_20260806_095600,ChecklistStrategy,ADANIPORTS,2025-04-24,2025-04-28,LONG,1238.0,1188.1,38,4,-1896.2,-4.03,STOP_LOSS
RUN_20260806_095600,ChecklistStrategy,ADANIPORTS,2025-06-03,2025-06-04,LONG,1470.0,1432.3,32,1,-1206.4,-2.56,STOP_LOSS
RUN_20260806_095600,ChecklistStrategy,ADANIPORTS,2025-06-23,2025-06-25,LONG,1341.0,1399.7,34,2,1995.8,4.38,SIGNAL
RUN_20260806_095600,ChecklistStrategy,ADANIPORTS,2025-07-08,2025-07-23,LONG,1438.0,1430.0,33,15,-264.0,-0.56,SIGNAL
RUN_20260806_095600,ChecklistStrategy,ADANIPORTS,2025-08-08,2025-08-18,LONG,1345.4,1321.9,35,10,-822.5,-1.75,SIGNAL
RUN_20260806_095600,ChecklistStrategy,ADANIPORTS,2025-08-19,2025-08-22,LONG,1332.0,1364.0,35,3,1120.0,2.4,SIGNAL
RUN_20260806_095600,ChecklistStrategy,ADANIPORTS,2025-09-23,2025-09-26,LONG,1453.0,1407.2,32,3,-1465.6,-3.15,STOP_LOSS
RUN_20260806_095600,ChecklistStrategy,ADANIPORTS,2025-11-25,2025-12-09,LONG,1490.0,1476.9,31,14,-406.1,-0.88,SIGNAL
RUN_20260806_095600,ChecklistStrategy,ADANIPORTS,2025-12-12,2025-12-24,LONG,1512.0,1503.0,30,12,-270.0,-0.6,SIGNAL
RUN_20260806_095600,ChecklistStrategy,ADANIPORTS,2026-01-13,2026-01-19,LONG,1443.5,1421.0,32,6,-720.0,-1.56,SIGNAL
RUN_20260806_095600,ChecklistStrategy,ADANIPORTS,2026-01-22,2026-01-27,LONG,1400.0,1334.3,33,5,-2168.1,-4.69,STOP_LOSS
RUN_20260806_095600,ChecklistStrategy,ADANIPORTS,2026-01-28,2026-03-09,LONG,1373.9,1405.0,32,40,995.2,2.26,SIGNAL
RUN_20260806_095600,ChecklistStrategy,ADANIPORTS,2026-03-25,2026-04-01,LONG,1359.7,1351.2,33,7,-280.5,-0.63,SIGNAL
RUN_20260806_095600,ChecklistStrategy,ADANIPORTS,2026-06-15,2026-06-18,LONG,1839.0,1833.0,24,3,-144.0,-0.33,SIGNAL
RUN_20260806_095600,ChecklistStrategy,ADANIPORTS,2026-06-23,2026-06-24,LONG,1832.6,1786.0,24,1,-1118.4,-2.54,STOP_LOSS
RUN_20260806_095600,ChecklistStrategy,ADANIPORTS,2026-06-25,2026-06-26,LONG,1813.3,1796.0,24,1,-415.2,-0.95,SIGNAL
RUN_20260806_095600,ChecklistStrategy,ADANIPORTS,2026-07-20,2026-07-24,LONG,1836.1,1764.9,24,4,-1708.8,-3.88,STOP_LOSS
RUN_20260806_095600,ChecklistStrategy,ADANIPORTS,2026-07-29,2026-07-30,LONG,1785.0,1726.7,24,1,-1399.2,-3.27,STOP_LOSS
RUN_20260806_095600,ChecklistStrategy,APOLLOHOSP,2024-02-01,2024-02-29,LONG,6289.65,6392.55,7,28,720.3,1.64,SIGNAL
RUN_20260806_095600,ChecklistStrategy,APOLLOHOSP,2024-03-04,2024-03-11,LONG,6145.0,6048.8,8,7,-769.6,-1.57,SIGNAL
RUN_20260806_095600,ChecklistStrategy,APOLLOHOSP,2024-03-26,2024-03-28,LONG,6398.0,6231.45,7,2,-1165.85,-2.6,STOP_LOSS
RUN_20260806_095600,ChecklistStrategy,APOLLOHOSP,2024-04-01,2024-04-16,LONG,6401.0,6299.95,7,15,-707.35,-1.58,SIGNAL
RUN_20260806_095600,ChecklistStrategy,APOLLOHOSP,2024-04-22,2024-04-30,LONG,6154.5,6000.0,7,8,-1081.5,-2.51,STOP_LOSS
RUN_20260806_095600,ChecklistStrategy,APOLLOHOSP,2024-06-06,2024-08-09,LONG,5970.0,6582.25,8,64,4898.0,10.26,SIGNAL
RUN_20260806_095600,ChecklistStrategy,APOLLOHOSP,2024-08-12,2024-08-16,LONG,6550.0,6556.2,7,4,43.4,0.09,SIGNAL
RUN_20260806_095600,ChecklistStrategy,APOLLOHOSP,2024-08-27,2024-10-01,LONG,6780.0,7201.5,7,35,2950.5,6.22,SIGNAL
RUN_20260806_095600,ChecklistStrategy,APOLLOHOSP,2024-10-14,2024-10-22,LONG,6976.85,7019.95,7,8,301.7,0.62,SIGNAL
RUN_20260806_095600,ChecklistStrategy,APOLLOHOSP,2024-10-30,2024-11-05,LONG,6980.6,6920.0,7,6,-424.2,-0.87,SIGNAL
RUN_20260806_095600,ChecklistStrategy,APOLLOHOSP,2024-11-06,2024-11-11,LONG,7020.0,7400.0,7,5,2660.0,5.41,SIGNAL
RUN_20260806_095600,ChecklistStrategy,APOLLOHOSP,2024-12-17,2025-01-09,LONG,7227.0,7140.0,7,23,-609.0,-1.2,SIGNAL
RUN_20260806_095600,ChecklistStrategy,APOLLOHOSP,2025-01-10,2025-01-14,LONG,7090.0,6854.6,7,4,-1647.8,-3.32,STOP_LOSS
RUN_20260806_095600,ChecklistStrategy,APOLLOHOSP,2025-01-17,2025-01-23,LONG,6819.95,6892.25,7,6,506.1,1.06,SIGNAL
RUN_20260806_095600,ChecklistStrategy,APOLLOHOSP,2025-02-13,2025-02-14,LONG,6372.25,6377.25,8,1,40.0,0.08,SIGNAL
RUN_20260806_095600,ChecklistStrategy,APOLLOHOSP,2025-03-12,2025-03-21,LONG,6134.1,6494.0,8,9,2879.2,5.87,SIGNAL
RUN_20260806_095600,ChecklistStrategy,APOLLOHOSP,2025-04-01,2025-04-15,LONG,6599.0,6965.0,8,14,2928.0,5.55,SIGNAL
RUN_20260806_095600,ChecklistStrategy,APOLLOHOSP,2025-04-17,2025-04-28,LONG,7038.0,6954.5,7,11,-584.5,-1.19,SIGNAL
RUN_20260806_095600,ChecklistStrategy,APOLLOHOSP,2025-05-22,2025-06-03,LONG,6984.0,6950.0,7,12,-238.0,-0.49,SIGNAL
RUN_20260806_095600,ChecklistStrategy,APOLLOHOSP,2025-06-05,2025-08-04,LONG,6868.5,7387.0,8,60,4148.0,7.55,SIGNAL
RUN_20260806_095600,ChecklistStrategy,APOLLOHOSP,2025-08-08,2025-08-13,LONG,7170.0,7403.0,7,5,1631.0,3.25,SIGNAL
RUN_20260806_095600,ChecklistStrategy,APOLLOHOSP,2025-08-28,2025-09-24,LONG,7755.0,7698.0,7,27,-399.0,-0.74,SIGNAL
RUN_20260806_095600,ChecklistStrategy,APOLLOHOSP,2025-10-10,2025-10-20,LONG,7694.5,7950.0,7,10,1788.5,3.32,SIGNAL
RUN_20260806_095600,ChecklistStrategy,APOLLOHOSP,2025-10-28,2025-10-31,LONG,7864.0,7833.0,7,3,-217.0,-0.39,SIGNAL
RUN_20260806_095600,ChecklistStrategy,APOLLOHOSP,2026-01-07,2026-01-09,LONG,7349.0,7348.0,7,2,-7.0,-0.01,SIGNAL
RUN_20260806_095600,ChecklistStrategy,APOLLOHOSP,2026-01-14,2026-01-15,LONG,7258.0,7272.5,7,1,101.5,0.2,SIGNAL
RUN_20260806_095600,ChecklistStrategy,APOLLOHOSP,2026-01-27,2026-02-03,LONG,6802.0,7070.0,8,7,2144.0,3.94,SIGNAL
RUN_20260806_095600,ChecklistStrategy,APOLLOHOSP,2026-02-06,2026-03-18,LONG,7080.0,7511.5,8,40,3452.0,6.09,SIGNAL
RUN_20260806_095600,ChecklistStrategy,APOLLOHOSP,2026-04-20,2026-06-01,LONG,7705.0,8221.5,7,42,3615.5,6.7,SIGNAL
RUN_20260806_095600,ChecklistStrategy,ASIANPAINT,2024-02-23,2024-02-26,LONG,2999.0,2920.0,16,3,-1264.0,-2.63,STOP_LOSS
RUN_20260806_095600,ChecklistStrategy,ASIANPAINT,2024-03-07,2024-04-19,LONG,2825.0,2790.0,17,43,-595.0,-1.24,SIGNAL
RUN_20260806_095600,ChecklistStrategy,ASIANPAINT,2024-04-30,2024-05-10,LONG,2855.0,2699.0,17,10,-2652.0,-5.46,STOP_LOSS
RUN_20260806_095600,ChecklistStrategy,ASIANPAINT,2024-06-05,2024-06-07,LONG,2864.5,2904.8,16,2,644.8,1.41,SIGNAL
RUN_20260806_095600,ChecklistStrategy,ASIANPAINT,2024-06-10,2024-06-26,LONG,2928.0,2860.2,16,16,-1084.8,-2.32,STOP_LOSS
RUN_20260806_095600,ChecklistStrategy,ASIANPAINT,2024-07-11,2024-07-19,LONG,2999.0,2925.0,15,8,-1110.0,-2.47,STOP_LOSS
RUN_20260806_095600,ChecklistStrategy,ASIANPAINT,2024-08-12,2024-09-13,LONG,3020.0,3355.55,15,32,5033.25,11.11,SIGNAL
RUN_20260806_095600,ChecklistStrategy,ASIANPAINT,2024-12-06,2024-12-10,LONG,2468.0,2399.9,20,4,-1362.0,-2.76,STOP_LOSS
RUN_20260806_095600,ChecklistStrategy,ASIANPAINT,2025-01-31,2025-02-07,LONG,2255.0,2266.0,21,7,231.0,0.49,SIGNAL
RUN_20260806_095600,ChecklistStrategy,ASIANPAINT,2025-03-06,2025-03-27,LONG,2189.85,2315.0,22,21,2753.3,5.72,SIGNAL
RUN_20260806_095600,ChecklistStrategy,ASIANPAINT,2025-06-23,2025-07-04,LONG,2261.2,2430.9,21,11,3563.7,7.5,SIGNAL
RUN_20260806_095600,ChecklistStrategy,ASIANPAINT,2025-07-17,2025-07-25,LONG,2404.1,2340.0,21,8,-1346.1,-2.67,STOP_LOSS
RUN_20260806_095600,ChecklistStrategy,ASIANPAINT,2025-08-04,2025-08-05,LONG,2443.2,2461.9,21,1,392.7,0.77,SIGNAL
RUN_20260806_095600,ChecklistStrategy,ASIANPAINT,2025-09-11,2025-09-17,LONG,2541.0,2482.0,20,6,-1180.0,-2.32,STOP_LOSS
RUN_20260806_095600,ChecklistStrategy,ASIANPAINT,2025-12-03,2025-12-10,LONG,2969.0,2810.0,17,7,-2703.0,-5.36,STOP_LOSS
RUN_20260806_095600,ChecklistStrategy,ASIANPAINT,2026-01-29,2026-01-30,LONG,2511.8,2417.0,19,1,-1801.2,-3.77,STOP_LOSS
RUN_20260806_095600,ChecklistStrategy,ASIANPAINT,2026-02-02,2026-03-04,LONG,2374.9,2260.7,19,30,-2169.8,-4.81,STOP_LOSS
RUN_20260806_095600,ChecklistStrategy,ASIANPAINT,2026-04-07,2026-05-12,LONG,2167.7,2546.2,21,35,7948.5,17.46,SIGNAL
RUN_20260806_095600,ChecklistStrategy,ASIANPAINT,2026-07-20,2026-07-30,LONG,2689.0,2758.1,19,10,1312.9,2.57,SIGNAL
RUN_20260806_095600,ChecklistStrategy,AXISBANK,2024-02-01,2024-02-05,LONG,1072.65,1067.05,46,4,-257.6,-0.52,SIGNAL
RUN_20260806_095600,ChecklistStrategy,AXISBANK,2024-02-21,2024-03-15,LONG,1093.85,1056.25,45,23,-1692.0,-3.44,STOP_LOSS
RUN_20260806_095600,ChecklistStrategy,AXISBANK,2024-03-27,2024-04-01,LONG,1045.8,1052.35,47,5,307.85,0.63,SIGNAL
RUN_20260806_095600,ChecklistStrategy,AXISBANK,2024-04-04,2024-04-08,LONG,1070.0,1067.0,46,4,-138.0,-0.28,SIGNAL
RUN_20260806_095600,ChecklistStrategy,AXISBANK,2024-04-12,2024-04-15,LONG,1079.5,1063.1,45,3,-738.0,-1.52,SIGNAL
RUN_20260806_095600,ChecklistStrategy,AXISBANK,2024-05-14,2024-06-05,LONG,1129.95,1138.0,42,22,338.1,0.71,SIGNAL
RUN_20260806_095600,ChecklistStrategy,AXISBANK,2024-06-06,2024-07-16,LONG,1192.1,1307.45,41,40,4729.35,9.68,SIGNAL
RUN_20260806_095600,ChecklistStrategy,AXISBANK,2024-08-28,2024-08-29,LONG,1177.0,1169.0,43,1,-344.0,-0.68,SIGNAL
RUN_20260806_095600,ChecklistStrategy,AXISBANK,2024-09-06,2024-09-20,LONG,1176.0,1244.0,43,14,2924.0,5.78,SIGNAL
RUN_20260806_095600,ChecklistStrategy,AXISBANK,2024-09-23,2024-10-03,LONG,1251.5,1207.5,42,10,-1848.0,-3.52,STOP_LOSS
RUN_20260806_095600,ChecklistStrategy,AXISBANK,2024-10-30,2024-11-05,LONG,1178.75,1138.95,43,6,-1711.4,-3.38,STOP_LOSS
RUN_20260806_095600,ChecklistStrategy,AXISBANK,2025-01-17,2025-01-22,LONG,1000.0,975.75,48,5,-1164.0,-2.43,STOP_LOSS
RUN_20260806_095600,ChecklistStrategy,AXISBANK,2025-02-07,2025-02-17,LONG,1019.5,992.45,49,10,-1325.45,-2.65,STOP_LOSS
RUN_20260806_095600,ChecklistStrategy,AXISBANK,2025-03-24,2025-04-08,LONG,1082.0,1061.0,46,15,-966.0,-1.94,SIGNAL
RUN_20260806_095600,ChecklistStrategy,AXISBANK,2025-04-15,2025-06-04,LONG,1090.0,1181.8,45,50,4131.0,8.42,SIGNAL
RUN_20260806_095600,ChecklistStrategy,AXISBANK,2025-06-09,2025-07-02,LONG,1212.5,1180.0,42,23,-1365.0,-2.68,STOP_LOSS
RUN_20260806_095600,ChecklistStrategy,AXISBANK,2025-12-04,2025-12-17,LONG,1270.7,1220.6,39,13,-1953.9,-3.94,STOP_LOSS
RUN_20260806_095600,ChecklistStrategy,AXISBANK,2026-01-15,2026-01-27,LONG,1298.8,1288.8,37,12,-370.0,-0.77,SIGNAL
RUN_20260806_095600,ChecklistStrategy,AXISBANK,2026-01-30,2026-02-03,LONG,1352.0,1403.0,35,4,1785.0,3.77,SIGNAL
RUN_20260806_095600,ChecklistStrategy,AXISBANK,2026-02-09,2026-02-27,LONG,1350.0,1387.0,37,18,1369.0,2.74,SIGNAL
RUN_20260806_095600,ChecklistStrategy,AXISBANK,2026-03-06,2026-03-09,LONG,1347.0,1282.2,37,3,-2397.6,-4.81,STOP_LOSS
RUN_20260806_095600,ChecklistStrategy,AXISBANK,2026-03-10,2026-03-12,LONG,1295.2,1243.2,38,2,-1976.0,-4.01,STOP_LOSS
RUN_20260806_095600,ChecklistStrategy,AXISBANK,2026-03-17,2026-03-23,LONG,1219.7,1181.0,39,6,-1509.3,-3.17,STOP_LOSS
RUN_20260806_095600,ChecklistStrategy,AXISBANK,2026-04-28,2026-05-01,LONG,1312.0,1268.3,35,3,-1529.5,-3.33,STOP_LOSS
RUN_20260806_095600,ChecklistStrategy,AXISBANK,2026-07-20,2026-07-23,LONG,1275.0,1230.1,35,3,-1571.5,-3.52,STOP_LOSS
RUN_20260806_095600,ChecklistStrategy,BAJAJ-AUTO,2024-03-15,2024-03-21,LONG,8384.8,8608.2,5,6,1117.0,2.66,SIGNAL
RUN_20260806_095600,ChecklistStrategy,BAJAJ-AUTO,2024-03-22,2024-04-01,LONG,8700.05,9194.8,5,10,2473.75,5.69,SIGNAL
RUN_20260806_095600,ChecklistStrategy,BAJAJ-AUTO,2024-04-12,2024-04-19,LONG,8949.05,9075.05,5,7,630.0,1.41,SIGNAL
RUN_20260806_095600,ChecklistStrategy,BAJAJ-AUTO,2024-05-02,2024-05-08,LONG,8944.0,8651.0,5,6,-1465.0,-3.28,STOP_LOSS
RUN_20260806_095600,ChecklistStrategy,BAJAJ-AUTO,2024-05-14,2024-05-16,LONG,8952.25,8950.0,5,2,-11.25,-0.03,SIGNAL
RUN_20260806_095600,ChecklistStrategy,BAJAJ-AUTO,2024-05-17,2024-07-02,LONG,8891.0,9520.0,5,46,3145.0,7.07,SIGNAL
RUN_20260806_095600,ChecklistStrategy,BAJAJ-AUTO,2024-07-16,2024-07-19,LONG,9715.0,9635.0,5,3,-400.0,-0.82,SIGNAL
RUN_20260806_095600,ChecklistStrategy,BAJAJ-AUTO,2024-07-24,2024-09-02,LONG,9360.0,10926.0,5,40,7830.0,16.73,SIGNAL
RUN_20260806_095600,ChecklistStrategy,BAJAJ-AUTO,2024-10-09,2024-10-16,LONG,11944.0,11537.9,4,7,-1624.4,-3.4,STOP_LOSS
RUN_20260806_095600,ChecklistStrategy,BAJAJ-AUTO,2024-10-17,2024-10-18,LONG,11222.2,10049.55,4,1,-4690.6,-10.45,STOP_LOSS
RUN_20260806_095600,ChecklistStrategy,BAJAJ-AUTO,2024-10-24,2024-10-28,LONG,10504.0,10206.1,5,4,-1489.5,-2.84,STOP_LOSS
RUN_20260806_095600,ChecklistStrategy,BAJAJ-AUTO,2024-11-06,2024-11-13,LONG,9883.4,9678.7,5,7,-1023.5,-2.07,STOP_LOSS
RUN_20260806_095600,ChecklistStrategy,BAJAJ-AUTO,2025-01-02,2025-01-13,LONG,8740.5,8704.5,5,11,-180.0,-0.41,SIGNAL
RUN_20260806_095600,ChecklistStrategy,BAJAJ-AUTO,2025-03-07,2025-03-26,LONG,7462.25,8014.35,6,19,3312.6,7.4,SIGNAL
RUN_20260806_095600,ChecklistStrategy,BAJAJ-AUTO,2025-04-02,2025-04-04,LONG,7962.0,7880.0,6,2,-492.0,-1.03,SIGNAL
RUN_20260806_095600,ChecklistStrategy,BAJAJ-AUTO,2025-04-16,2025-05-05,LONG,7999.0,7869.5,6,19,-777.0,-1.62,SIGNAL
RUN_20260806_095600,ChecklistStrategy,BAJAJ-AUTO,2025-05-20,2025-05-21,LONG,8850.0,8608.0,5,1,-1210.0,-2.73,STOP_LOSS
RUN_20260806_095600,ChecklistStrategy,BAJAJ-AUTO,2025-05-22,2025-06-13,LONG,8660.0,8460.0,6,22,-1200.0,-2.31,STOP_LOSS
RUN_20260806_095600,ChecklistStrategy,BAJAJ-AUTO,2025-07-24,2025-07-25,LONG,8409.5,8275.0,6,1,-807.0,-1.6,SIGNAL
RUN_20260806_095600,ChecklistStrategy,BAJAJ-AUTO,2025-08-12,2025-08-13,LONG,8275.5,8214.5,6,1,-366.0,-0.74,SIGNAL
RUN_20260806_095600,ChecklistStrategy,BAJAJ-AUTO,2025-08-14,2025-08-18,LONG,8250.0,8400.0,6,4,900.0,1.82,SIGNAL
RUN_20260806_095600,ChecklistStrategy,BAJAJ-AUTO,2025-09-19,2025-09-25,LONG,9050.0,8821.0,5,6,-1145.0,-2.53,STOP_LOSS
RUN_20260806_095600,ChecklistStrategy,BAJAJ-AUTO,2025-10-06,2025-10-10,LONG,8698.0,8816.0,5,4,590.0,1.36,SIGNAL
RUN_20260806_095600,ChecklistStrategy,BAJAJ-AUTO,2025-10-27,2025-11-03,LONG,9099.5,8900.0,5,7,-997.5,-2.19,STOP_LOSS
RUN_20260806_095600,ChecklistStrategy,BAJAJ-AUTO,2025-11-17,2025-11-26,LONG,8850.0,9054.0,5,9,1020.0,2.31,SIGNAL
RUN_20260806_095600,ChecklistStrategy,BAJAJ-AUTO,2025-12-05,2025-12-18,LONG,9054.0,8891.0,5,13,-815.0,-1.8,SIGNAL
RUN_20260806_095600,ChecklistStrategy,BAJAJ-AUTO,2025-12-22,2026-01-05,LONG,9010.0,9520.0,5,14,2550.0,5.66,SIGNAL
RUN_20260806_095600,ChecklistStrategy,BAJAJ-AUTO,2026-01-14,2026-01-21,LONG,9576.0,9150.0,5,7,-2130.0,-4.45,STOP_LOSS
RUN_20260806_095600,ChecklistStrategy,BAJAJ-AUTO,2026-01-29,2026-01-30,LONG,9475.0,9497.0,5,1,110.0,0.23,SIGNAL
RUN_20260806_095600,ChecklistStrategy,BAJAJ-AUTO,2026-02-25,2026-03-05,LONG,9859.5,9674.5,5,8,-925.0,-1.88,SIGNAL
RUN_20260806_095600,ChecklistStrategy,BAJAJ-AUTO,2026-03-23,2026-03-24,LONG,8989.5,8900.0,5,1,-447.5,-1.0,SIGNAL
RUN_20260806_095600,ChecklistStrategy,BAJAJ-AUTO,2026-04-24,2026-05-05,LONG,9600.0,10131.0,5,11,2655.0,5.53,SIGNAL
RUN_20260806_095600,ChecklistStrategy,BAJAJ-AUTO,2026-05-20,2026-06-03,LONG,10158.0,10281.0,5,14,615.0,1.21,SIGNAL
RUN_20260806_095600,ChecklistStrategy,BAJAJ-AUTO,2026-06-05,2026-06-10,LONG,10394.0,10229.0,5,5,-825.0,-1.59,SIGNAL
RUN_20260806_095600,ChecklistStrategy,BAJAJ-AUTO,2026-07-01,2026-07-15,LONG,9762.0,10200.0,5,14,2190.0,4.49,SIGNAL
RUN_20260806_095600,ChecklistStrategy,BAJAJFINSV,2024-02-01,2024-02-07,LONG,1632.0,1609.0,30,6,-690.0,-1.41,SIGNAL
RUN_20260806_095600,ChecklistStrategy,BAJAJFINSV,2024-02-14,2024-03-06,LONG,1560.0,1558.0,31,21,-62.0,-0.13,SIGNAL
RUN_20260806_095600,ChecklistStrategy,BAJAJFINSV,2024-03-07,2024-03-26,LONG,1557.15,1589.0,31,19,987.35,2.05,SIGNAL
RUN_20260806_095600,ChecklistStrategy,BAJAJFINSV,2024-05-29,2024-05-31,LONG,1594.15,1530.0,31,2,-1988.65,-4.02,STOP_LOSS
RUN_20260806_095600,ChecklistStrategy,BAJAJFINSV,2024-06-06,2024-07-01,LONG,1521.5,1588.2,32,25,2134.4,4.38,SIGNAL
RUN_20260806_095600,ChecklistStrategy,BAJAJFINSV,2024-09-19,2024-10-09,LONG,1890.0,1849.0,26,20,-1066.0,-2.17,STOP_LOSS
RUN_20260806_095600,ChecklistStrategy,BAJAJFINSV,2024-11-06,2024-11-11,LONG,1732.1,1727.55,28,5,-127.4,-0.26,SIGNAL
RUN_20260806_095600,ChecklistStrategy,BAJAJFINSV,2024-11-28,2024-11-29,LONG,1605.0,1581.9,30,1,-693.0,-1.44,SIGNAL
RUN_20260806_095600,ChecklistStrategy,BAJAJFINSV,2024-12-16,2024-12-19,LONG,1675.0,1616.8,29,3,-1687.8,-3.47,STOP_LOSS
RUN_20260806_095600,ChecklistStrategy,BAJAJFINSV,2025-01-17,2025-01-31,LONG,1686.1,1713.6,28,14,770.0,1.63,SIGNAL
RUN_20260806_095600,ChecklistStrategy,BAJAJFINSV,2025-02-03,2025-02-05,LONG,1735.0,1811.0,27,2,2052.0,4.38,SIGNAL
RUN_20260806_095600,ChecklistStrategy,BAJAJFINSV,2025-02-13,2025-03-17,LONG,1803.95,1820.0,27,32,433.35,0.89,SIGNAL
RUN_20260806_095600,ChecklistStrategy,BAJAJFINSV,2025-03-21,2025-03-27,LONG,1878.0,1940.0,26,6,1612.0,3.3,SIGNAL
RUN_20260806_095600,ChecklistStrategy,BAJAJFINSV,2025-03-28,2025-04-02,LONG,1995.75,1946.3,25,5,-1236.25,-2.48,STOP_LOSS
RUN_20260806_095600,ChecklistStrategy,BAJAJFINSV,2025-05-16,2025-05-21,LONG,2054.0,2011.5,24,5,-1020.0,-2.07,STOP_LOSS
RUN_20260806_095600,ChecklistStrategy,BAJAJFINSV,2025-05-22,2025-05-23,LONG,2037.3,2005.9,24,1,-753.6,-1.54,SIGNAL
RUN_20260806_095600,ChecklistStrategy,BAJAJFINSV,2025-05-26,2025-06-02,LONG,2044.0,2017.4,24,7,-638.4,-1.3,SIGNAL
RUN_20260806_095600,ChecklistStrategy,BAJAJFINSV,2025-06-12,2025-06-13,LONG,2016.0,2000.0,24,1,-384.0,-0.79,SIGNAL
RUN_20260806_095600,ChecklistStrategy,BAJAJFINSV,2025-07-17,2025-07-28,LONG,2037.6,1990.0,23,11,-1094.8,-2.34,STOP_LOSS
RUN_20260806_095600,ChecklistStrategy,BAJAJFINSV,2025-09-15,2025-09-22,LONG,2078.0,2067.3,23,7,-246.1,-0.51,SIGNAL
RUN_20260806_095600,ChecklistStrategy,BAJAJFINSV,2025-09-30,2025-10-01,LONG,2025.0,2008.9,23,1,-370.3,-0.8,SIGNAL
RUN_20260806_095600,ChecklistStrategy,BAJAJFINSV,2025-10-07,2025-10-13,LONG,2038.7,2004.1,23,6,-795.8,-1.7,SIGNAL
RUN_20260806_095600,ChecklistStrategy,BAJAJFINSV,2025-10-14,2025-10-29,LONG,2024.9,2150.0,23,15,2877.3,6.18,SIGNAL
RUN_20260806_095600,ChecklistStrategy,BAJAJFINSV,2025-11-10,2025-11-12,LONG,2114.7,2009.5,23,2,-2419.6,-4.97,STOP_LOSS
RUN_20260806_095600,ChecklistStrategy,BAJAJFINSV,2025-11-13,2025-11-24,LONG,2045.0,2064.0,23,11,437.0,0.93,SIGNAL
RUN_20260806_095600,ChecklistStrategy,BAJAJFINSV,2025-12-31,2026-01-01,LONG,2030.2,2045.0,23,1,340.4,0.73,SIGNAL
RUN_20260806_095600,ChecklistStrategy,BAJAJFINSV,2026-01-29,2026-03-09,LONG,1927.0,1839.1,24,39,-2109.6,-4.56,STOP_LOSS
RUN_20260806_095600,ChecklistStrategy,BAJAJFINSV,2026-03-10,2026-03-12,LONG,1845.1,1786.9,25,2,-1455.0,-3.15,STOP_LOSS
RUN_20260806_095600,ChecklistStrategy,BAJAJFINSV,2026-03-17,2026-03-20,LONG,1775.6,1724.0,25,3,-1290.0,-2.91,STOP_LOSS
RUN_20260806_095600,ChecklistStrategy,BAJAJFINSV,2026-03-25,2026-04-01,LONG,1720.8,1679.0,26,7,-1086.8,-2.43,STOP_LOSS
RUN_20260806_095600,ChecklistStrategy,BAJAJFINSV,2026-04-06,2026-05-18,LONG,1635.0,1715.0,27,42,2160.0,4.89,SIGNAL
RUN_20260806_095600,ChecklistStrategy,BAJAJFINSV,2026-05-19,2026-05-20,LONG,1745.2,1732.5,26,1,-330.2,-0.73,SIGNAL
RUN_20260806_095600,ChecklistStrategy,BAJAJFINSV,2026-06-03,2026-06-08,LONG,1739.0,1684.0,26,5,-1430.0,-3.16,STOP_LOSS
RUN_20260806_095600,ChecklistStrategy,BAJAJFINSV,2026-06-22,2026-06-30,LONG,1768.1,1760.0,25,8,-202.5,-0.46,SIGNAL
RUN_20260806_095600,ChecklistStrategy,BAJAJFINSV,2026-07-20,2026-07-27,LONG,1852.1,1885.0,24,7,789.6,1.78,SIGNAL
RUN_20260806_095600,ChecklistStrategy,BAJFINANCE,2024-02-01,2024-02-02,LONG,686.59,675.5,72,1,-798.48,-1.62,SIGNAL
RUN_20260806_095600,ChecklistStrategy,BAJFINANCE,2024-03-07,2024-03-15,LONG,635.0,637.51,78,8,195.39,0.4,SIGNAL
RUN_20260806_095600,ChecklistStrategy,BAJFINANCE,2024-03-18,2024-03-19,LONG,651.43,650.97,76,1,-35.34,-0.07,SIGNAL
RUN_20260806_095600,ChecklistStrategy,BAJFINANCE,2024-04-22,2024-04-29,LONG,716.73,678.99,69,7,-2603.71,-5.27,STOP_LOSS
RUN_20260806_095600,ChecklistStrategy,BAJFINANCE,2024-04-30,2024-05-10,LONG,682.99,663.89,70,10,-1337.35,-2.8,STOP_LOSS
RUN_20260806_095600,ChecklistStrategy,BAJFINANCE,2024-06-06,2024-06-26,LONG,685.0,707.0,69,20,1518.0,3.21,SIGNAL
RUN_20260806_095600,ChecklistStrategy,BAJFINANCE,2024-06-27,2024-07-05,LONG,715.0,713.4,67,8,-107.2,-0.22,SIGNAL
RUN_20260806_095600,ChecklistStrategy,BAJFINANCE,2024-07-08,2024-07-09,LONG,714.49,710.98,67,1,-235.17,-0.49,SIGNAL
RUN_20260806_095600,ChecklistStrategy,BAJFINANCE,2024-07-15,2024-07-18,LONG,702.01,704.71,68,3,183.94,0.38,SIGNAL
RUN_20260806_095600,ChecklistStrategy,BAJFINANCE,2024-07-19,2024-07-22,LONG,711.0,693.2,67,3,-1192.6,-2.5,STOP_LOSS
RUN_20260806_095600,ChecklistStrategy,BAJFINANCE,2024-07-31,2024-08-01,LONG,682.7,683.15,69,1,31.4,0.07,SIGNAL
RUN_20260806_095600,ChecklistStrategy,BAJFINANCE,2024-09-09,2024-09-11,LONG,732.4,725.0,65,2,-481.0,-1.01,SIGNAL
RUN_20260806_095600,ChecklistStrategy,BAJFINANCE,2024-10-24,2024-10-25,LONG,701.25,704.09,67,1,190.28,0.4,SIGNAL
RUN_20260806_095600,ChecklistStrategy,BAJFINANCE,2024-10-30,2024-10-31,LONG,699.9,694.9,67,1,-335.0,-0.71,SIGNAL
RUN_20260806_095600,ChecklistStrategy,BAJFINANCE,2024-11-06,2024-11-08,LONG,693.5,690.45,68,2,-207.4,-0.44,SIGNAL
RUN_20260806_095600,ChecklistStrategy,BAJFINANCE,2025-01-02,2025-01-07,LONG,698.0,735.49,68,5,2549.66,5.37,SIGNAL
RUN_20260806_095600,ChecklistStrategy,BAJFINANCE,2025-01-17,2025-01-31,LONG,722.1,792.5,66,14,4646.4,9.75,SIGNAL
RUN_20260806_095600,ChecklistStrategy,BAJFINANCE,2025-02-03,2025-02-05,LONG,792.22,850.0,63,2,3640.14,7.29,SIGNAL
RUN_20260806_095600,ChecklistStrategy,BAJFINANCE,2025-03-07,2025-03-11,LONG,840.99,830.5,62,4,-650.38,-1.25,SIGNAL
RUN_20260806_095600,ChecklistStrategy,BAJFINANCE,2025-03-18,2025-03-20,LONG,858.03,872.5,60,2,867.9,1.69,SIGNAL
RUN_20260806_095600,ChecklistStrategy,BAJFINANCE,2025-04-30,2025-05-02,LONG,884.0,857.55,57,2,-1507.65,-2.99,STOP_LOSS
RUN_20260806_095600,ChecklistStrategy,BAJFINANCE,2025-05-05,2025-05-09,LONG,887.75,865.0,58,4,-1319.5,-2.56,STOP_LOSS
RUN_20260806_095600,ChecklistStrategy,BAJFINANCE,2025-05-20,2025-05-21,LONG,929.8,910.0,55,1,-1089.0,-2.13,STOP_LOSS
RUN_20260806_095600,ChecklistStrategy,BAJFINANCE,2025-05-22,2025-06-04,LONG,919.75,897.5,55,13,-1223.75,-2.42,STOP_LOSS
RUN_20260806_095600,ChecklistStrategy,BAJFINANCE,2025-07-09,2025-07-17,LONG,926.5,925.95,53,8,-29.15,-0.06,SIGNAL
RUN_20260806_095600,ChecklistStrategy,BAJFINANCE,2025-07-21,2025-07-28,LONG,938.9,909.25,53,7,-1571.45,-3.16,STOP_LOSS
RUN_20260806_095600,ChecklistStrategy,BAJFINANCE,2025-08-14,2025-09-17,LONG,860.0,1010.0,57,34,8550.0,17.44,SIGNAL
RUN_20260806_095600,ChecklistStrategy,BAJFINANCE,2025-09-30,2025-10-15,LONG,990.0,1026.0,53,15,1908.0,3.64,SIGNAL
RUN_20260806_095600,ChecklistStrategy,BAJFINANCE,2025-11-13,2025-11-20,LONG,1012.5,1015.0,53,7,132.5,0.25,SIGNAL
RUN_20260806_095600,ChecklistStrategy,BAJFINANCE,2025-11-27,2025-12-09,LONG,1015.6,1025.0,53,12,498.2,0.93,SIGNAL
RUN_20260806_095600,ChecklistStrategy,BAJFINANCE,2026-01-05,2026-01-06,LONG,979.7,978.0,55,1,-93.5,-0.17,SIGNAL
RUN_20260806_095600,ChecklistStrategy,BAJFINANCE,2026-02-06,2026-02-24,LONG,973.95,1026.3,56,18,2931.6,5.38,SIGNAL
RUN_20260806_095600,ChecklistStrategy,BAJFINANCE,2026-03-17,2026-03-18,LONG,878.15,876.1,63,1,-129.15,-0.23,SIGNAL
RUN_20260806_095600,ChecklistStrategy,BAJFINANCE,2026-03-24,2026-04-01,LONG,830.0,832.8,68,8,190.4,0.34,SIGNAL
RUN_20260806_095600,ChecklistStrategy,BAJFINANCE,2026-04-27,2026-05-01,LONG,923.05,937.0,60,4,837.0,1.51,SIGNAL
RUN_20260806_095600,ChecklistStrategy,BAJFINANCE,2026-07-08,2026-07-10,LONG,1025.0,1010.1,54,2,-804.6,-1.45,SIGNAL
RUN_20260806_095600,ChecklistStrategy,BEL,2024-01-19,2024-01-31,LONG,190.0,188.2,265,12,-477.0,-0.95,SIGNAL
RUN_20260806_095600,ChecklistStrategy,BEL,2024-06-06,2024-07-24,LONG,267.0,302.5,191,48,6780.5,13.3,SIGNAL
RUN_20260806_095600,ChecklistStrategy,BEL,2024-08-26,2024-08-28,LONG,308.7,301.05,173,2,-1323.45,-2.48,STOP_LOSS
RUN_20260806_095600,ChecklistStrategy,BEL,2024-09-02,2024-09-06,LONG,301.95,290.35,175,4,-2030.0,-3.84,STOP_LOSS
RUN_20260806_095600,ChecklistStrategy,BEL,2024-09-23,2024-10-01,LONG,280.0,285.1,185,8,943.5,1.82,SIGNAL
RUN_20260806_095600,ChecklistStrategy,BEL,2024-10-21,2024-10-23,LONG,286.3,271.0,180,2,-2754.0,-5.34,STOP_LOSS
RUN_20260806_095600,ChecklistStrategy,BEL,2024-12-02,2024-12-20,LONG,307.8,298.0,163,18,-1597.4,-3.18,STOP_LOSS
RUN_20260806_095600,ChecklistStrategy,BEL,2025-01-01,2025-01-02,LONG,293.15,294.45,169,1,219.7,0.44,SIGNAL
RUN_20260806_095600,ChecklistStrategy,BEL,2025-01-08,2025-01-10,LONG,287.0,280.0,173,2,-1211.0,-2.44,STOP_LOSS
RUN_20260806_095600,ChecklistStrategy,BEL,2025-02-04,2025-02-12,LONG,276.0,264.95,179,8,-1977.95,-4.0,STOP_LOSS
RUN_20260806_095600,ChecklistStrategy,BEL,2025-04-04,2025-04-07,LONG,287.1,257.0,167,3,-5026.7,-10.48,STOP_LOSS
RUN_20260806_095600,ChecklistStrategy,BEL,2025-05-12,2025-05-13,LONG,325.0,323.7,144,1,-187.2,-0.4,SIGNAL
RUN_20260806_095600,ChecklistStrategy,BEL,2025-06-16,2025-07-16,LONG,396.15,409.4,115,30,1523.75,3.34,SIGNAL
RUN_20260806_095600,ChecklistStrategy,BEL,2025-07-30,2025-08-01,LONG,390.95,383.1,119,2,-934.15,-2.01,STOP_LOSS
RUN_20260806_095600,ChecklistStrategy,BEL,2025-08-22,2025-08-25,LONG,373.8,377.85,122,3,494.1,1.08,SIGNAL
RUN_20260806_095600,ChecklistStrategy,BEL,2025-09-01,2025-09-05,LONG,369.95,374.0,124,4,502.2,1.09,SIGNAL
RUN_20260806_095600,ChecklistStrategy,BEL,2025-09-15,2025-09-22,LONG,400.0,409.8,115,7,1127.0,2.45,SIGNAL
RUN_20260806_095600,ChecklistStrategy,BEL,2025-09-26,2025-09-30,LONG,403.65,405.0,116,4,156.6,0.33,SIGNAL
RUN_20260806_095600,ChecklistStrategy,BEL,2025-10-03,2025-10-20,LONG,406.8,416.5,115,17,1115.5,2.38,SIGNAL
RUN_20260806_095600,ChecklistStrategy,BEL,2025-11-10,2025-11-25,LONG,415.95,406.5,114,15,-1077.3,-2.27,STOP_LOSS
RUN_20260806_095600,ChecklistStrategy,BEL,2026-02-02,2026-03-02,LONG,432.0,442.1,104,28,1050.4,2.34,SIGNAL
RUN_20260806_095600,ChecklistStrategy,BEL,2026-03-04,2026-03-05,LONG,460.0,448.8,104,1,-1164.8,-2.43,STOP_LOSS
RUN_20260806_095600,ChecklistStrategy,BEL,2026-03-06,2026-03-10,LONG,462.0,465.0,101,4,303.0,0.65,SIGNAL
RUN_20260806_095600,ChecklistStrategy,BEL,2026-05-14,2026-05-20,LONG,431.0,416.3,109,6,-1602.3,-3.41,STOP_LOSS
RUN_20260806_095600,ChecklistStrategy,BEL,2026-06-03,2026-06-24,LONG,408.0,420.2,112,21,1366.4,2.99,SIGNAL
RUN_20260806_095600,ChecklistStrategy,BHARTIARTL,2024-02-23,2024-02-29,LONG,1127.0,1118.85,44,6,-358.6,-0.72,SIGNAL
RUN_20260806_095600,ChecklistStrategy,BHARTIARTL,2024-03-15,2024-03-22,LONG,1190.0,1226.95,41,7,1514.95,3.11,SIGNAL
RUN_20260806_095600,ChecklistStrategy,BHARTIARTL,2024-03-26,2024-04-08,LONG,1225.0,1188.0,40,13,-1480.0,-3.02,STOP_LOSS
RUN_20260806_095600,ChecklistStrategy,BHARTIARTL,2024-05-09,2024-06-03,LONG,1283.0,1415.3,38,25,5027.4,10.31,SIGNAL
RUN_20260806_095600,ChecklistStrategy,BHARTIARTL,2024-06-06,2024-07-01,LONG,1359.0,1450.0,38,25,3458.0,6.7,SIGNAL
RUN_20260806_095600,ChecklistStrategy,BHARTIARTL,2024-07-11,2024-09-20,LONG,1450.0,1671.0,37,71,8177.0,15.24,SIGNAL
RUN_20260806_095600,ChecklistStrategy,BHARTIARTL,2024-10-14,2024-10-30,LONG,1686.0,1627.8,34,16,-1978.8,-3.45,STOP_LOSS
RUN_20260806_095600,ChecklistStrategy,BHARTIARTL,2024-12-02,2024-12-04,LONG,1627.15,1629.75,35,2,91.0,0.16,SIGNAL
RUN_20260806_095600,ChecklistStrategy,BHARTIARTL,2024-12-06,2024-12-11,LONG,1618.0,1588.0,35,5,-1050.0,-1.85,SIGNAL
RUN_20260806_095600,ChecklistStrategy,BHARTIARTL,2024-12-13,2024-12-23,LONG,1618.0,1586.0,35,10,-1120.0,-1.98,SIGNAL
RUN_20260806_095600,ChecklistStrategy,BHARTIARTL,2025-01-23,2025-01-30,LONG,1624.5,1606.7,34,7,-605.2,-1.1,SIGNAL
RUN_20260806_095600,ChecklistStrategy,BHARTIARTL,2025-02-04,2025-02-05,LONG,1662.15,1670.0,33,1,259.05,0.47,SIGNAL
RUN_20260806_095600,ChecklistStrategy,BHARTIARTL,2025-02-27,2025-03-03,LONG,1643.4,1579.0,33,4,-2125.2,-3.92,STOP_LOSS
RUN_20260806_095600,ChecklistStrategy,BHARTIARTL,2025-03-04,2025-03-07,LONG,1589.0,1629.0,34,3,1360.0,2.52,SIGNAL
RUN_20260806_095600,ChecklistStrategy,BHARTIARTL,2025-03-12,2025-03-13,LONG,1690.0,1650.8,33,1,-1293.6,-2.32,STOP_LOSS
RUN_20260806_095600,ChecklistStrategy,BHARTIARTL,2025-04-30,2025-05-15,LONG,1837.0,1849.9,29,15,374.1,0.7,SIGNAL
RUN_20260806_095600,ChecklistStrategy,BHARTIARTL,2025-06-12,2025-06-13,LONG,1871.9,1815.0,29,1,-1650.1,-3.04,STOP_LOSS
RUN_20260806_095600,ChecklistStrategy,BHARTIARTL,2025-09-12,2025-09-19,LONG,1925.0,1930.2,28,7,145.6,0.27,SIGNAL
RUN_20260806_095600,ChecklistStrategy,BHARTIARTL,2025-09-22,2025-09-26,LONG,1954.0,1931.1,27,4,-618.3,-1.17,SIGNAL
RUN_20260806_095600,ChecklistStrategy,BHARTIARTL,2025-10-06,2025-11-06,LONG,1892.6,2115.0,28,31,6227.2,11.75,SIGNAL
RUN_20260806_095600,ChecklistStrategy,BHARTIARTL,2025-12-03,2025-12-09,LONG,2100.1,2086.8,27,6,-359.1,-0.63,SIGNAL
RUN_20260806_095600,ChecklistStrategy,BHARTIARTL,2026-01-30,2026-02-20,LONG,1925.6,1981.1,28,21,1554.0,2.88,SIGNAL
RUN_20260806_095600,ChecklistStrategy,BHARTIARTL,2026-02-27,2026-03-09,LONG,1910.0,1831.0,29,10,-2291.0,-4.14,STOP_LOSS
RUN_20260806_095600,ChecklistStrategy,BHARTIARTL,2026-06-19,2026-08-03,LONG,1874.3,1987.4,30,45,3393.0,6.03,SIGNAL
RUN_20260806_095600,ChecklistStrategy,CIPLA,2024-02-01,2024-03-04,LONG,1359.7,1483.0,37,32,4562.1,9.07,SIGNAL
RUN_20260806_095600,ChecklistStrategy,CIPLA,2024-03-14,2024-03-20,LONG,1467.1,1435.8,35,6,-1095.5,-2.13,STOP_LOSS
RUN_20260806_095600,ChecklistStrategy,CIPLA,2024-05-03,2024-05-08,LONG,1428.0,1375.05,36,5,-1906.2,-3.71,STOP_LOSS
RUN_20260806_095600,ChecklistStrategy,CIPLA,2024-05-16,2024-07-16,LONG,1409.0,1517.2,36,61,3895.2,7.68,SIGNAL
RUN_20260806_095600,ChecklistStrategy,CIPLA,2024-08-01,2024-09-27,LONG,1545.95,1630.15,34,57,2862.8,5.45,SIGNAL
RUN_20260806_095600,ChecklistStrategy,CIPLA,2024-10-03,2024-10-07,LONG,1661.25,1623.0,32,4,-1224.0,-2.3,STOP_LOSS
RUN_20260806_095600,ChecklistStrategy,CIPLA,2024-10-15,2024-10-17,LONG,1601.9,1562.2,33,2,-1310.1,-2.48,STOP_LOSS
RUN_20260806_095600,ChecklistStrategy,CIPLA,2024-12-06,2024-12-09,LONG,1513.25,1480.0,35,3,-1163.75,-2.2,STOP_LOSS
RUN_20260806_095600,ChecklistStrategy,CIPLA,2024-12-27,2025-01-14,LONG,1488.6,1436.0,35,18,-1841.0,-3.53,STOP_LOSS
RUN_20260806_095600,ChecklistStrategy,CIPLA,2025-01-29,2025-02-03,LONG,1440.0,1435.0,36,5,-180.0,-0.35,SIGNAL
RUN_20260806_095600,ChecklistStrategy,CIPLA,2025-02-14,2025-02-27,LONG,1478.0,1452.0,34,13,-884.0,-1.76,SIGNAL
RUN_20260806_095600,ChecklistStrategy,CIPLA,2025-03-06,2025-04-04,LONG,1424.95,1495.7,35,29,2476.25,4.97,SIGNAL
RUN_20260806_095600,ChecklistStrategy,CIPLA,2025-04-17,2025-05-02,LONG,1498.0,1537.5,34,15,1343.0,2.64,SIGNAL
RUN_20260806_095600,ChecklistStrategy,CIPLA,2025-06-11,2025-07-03,LONG,1512.5,1504.0,34,22,-289.0,-0.56,SIGNAL
RUN_20260806_095600,ChecklistStrategy,CIPLA,2025-07-04,2025-07-11,LONG,1508.4,1480.0,34,7,-965.6,-1.88,SIGNAL
RUN_20260806_095600,ChecklistStrategy,CIPLA,2025-08-05,2025-08-28,LONG,1513.5,1594.0,34,23,2737.0,5.32,SIGNAL
RUN_20260806_095600,ChecklistStrategy,CIPLA,2025-09-04,2025-09-08,LONG,1599.0,1554.5,33,4,-1468.5,-2.78,STOP_LOSS
RUN_20260806_095600,ChecklistStrategy,CIPLA,2025-09-29,2025-09-30,LONG,1506.9,1488.1,35,1,-658.0,-1.25,SIGNAL
RUN_20260806_095600,ChecklistStrategy,CIPLA,2025-10-30,2025-10-31,LONG,1587.0,1510.1,32,1,-2460.8,-4.85,STOP_LOSS
RUN_20260806_095600,ChecklistStrategy,CIPLA,2025-11-18,2025-11-26,LONG,1530.0,1505.0,33,8,-825.0,-1.63,SIGNAL
RUN_20260806_095600,ChecklistStrategy,CIPLA,2026-01-01,2026-01-08,LONG,1512.0,1467.9,33,7,-1455.3,-2.92,STOP_LOSS
RUN_20260806_095600,ChecklistStrategy,CIPLA,2026-01-12,2026-01-15,LONG,1464.0,1434.5,33,3,-973.5,-2.02,STOP_LOSS
RUN_20260806_095600,ChecklistStrategy,CIPLA,2026-04-06,2026-04-09,LONG,1190.3,1215.2,41,3,1020.9,2.09,SIGNAL
RUN_20260806_095600,ChecklistStrategy,CIPLA,2026-04-10,2026-04-21,LONG,1225.4,1228.6,40,11,128.0,0.26,SIGNAL
RUN_20260806_095600,ChecklistStrategy,CIPLA,2026-05-14,2026-06-10,LONG,1362.2,1374.0,37,27,436.6,0.87,SIGNAL
RUN_20260806_095600,ChecklistStrategy,CIPLA,2026-07-15,2026-07-23,LONG,1447.0,1409.1,34,8,-1288.6,-2.62,STOP_LOSS
RUN_20260806_095600,ChecklistStrategy,COALINDIA,2024-01-25,2024-02-12,LONG,386.8,457.0,130,18,9126.0,18.15,SIGNAL
RUN_20260806_095600,ChecklistStrategy,COALINDIA,2024-02-14,2024-02-22,LONG,451.65,438.0,120,8,-1638.0,-3.02,STOP_LOSS
RUN_20260806_095600,ChecklistStrategy,COALINDIA,2024-02-23,2024-02-29,LONG,448.0,444.0,120,6,-480.0,-0.89,SIGNAL
RUN_20260806_095600,ChecklistStrategy,COALINDIA,2024-03-15,2024-03-18,LONG,427.7,416.0,124,3,-1450.8,-2.74,STOP_LOSS
RUN_20260806_095600,ChecklistStrategy,COALINDIA,2024-04-01,2024-04-19,LONG,436.7,436.0,121,18,-84.7,-0.16,SIGNAL
RUN_20260806_095600,ChecklistStrategy,COALINDIA,2024-04-25,2024-05-10,LONG,443.0,447.2,118,15,495.6,0.95,SIGNAL
RUN_20260806_095600,ChecklistStrategy,COALINDIA,2024-06-06,2024-07-24,LONG,470.0,486.7,114,48,1903.8,3.55,SIGNAL
RUN_20260806_095600,ChecklistStrategy,COALINDIA,2024-07-31,2024-08-01,LONG,523.45,535.0,103,1,1189.65,2.21,SIGNAL
RUN_20260806_095600,ChecklistStrategy,COALINDIA,2024-08-12,2024-08-16,LONG,529.0,507.7,102,4,-2172.6,-4.03,STOP_LOSS
RUN_20260806_095600,ChecklistStrategy,COALINDIA,2024-08-19,2024-09-02,LONG,513.8,527.0,104,14,1372.8,2.57,SIGNAL
RUN_20260806_095600,ChecklistStrategy,COALINDIA,2024-09-26,2024-10-04,LONG,506.0,499.6,106,8,-678.4,-1.26,SIGNAL
RUN_20260806_095600,ChecklistStrategy,COALINDIA,2024-10-17,2024-10-18,LONG,495.75,488.0,108,1,-837.0,-1.56,SIGNAL
RUN_20260806_095600,ChecklistStrategy,COALINDIA,2024-10-24,2024-10-25,LONG,474.1,478.1,112,1,448.0,0.84,SIGNAL
RUN_20260806_095600,ChecklistStrategy,COALINDIA,2024-10-30,2024-11-06,LONG,448.0,437.8,119,7,-1213.8,-2.28,STOP_LOSS
RUN_20260806_095600,ChecklistStrategy,COALINDIA,2024-11-07,2024-11-11,LONG,437.8,423.0,121,4,-1790.8,-3.38,STOP_LOSS
RUN_20260806_095600,ChecklistStrategy,COALINDIA,2024-11-18,2024-12-12,LONG,413.95,416.5,126,24,321.3,0.62,SIGNAL
RUN_20260806_095600,ChecklistStrategy,COALINDIA,2024-12-16,2024-12-19,LONG,410.5,390.95,126,3,-2463.3,-4.76,STOP_LOSS
RUN_20260806_095600,ChecklistStrategy,COALINDIA,2025-01-01,2025-01-07,LONG,383.55,380.55,132,6,-396.0,-0.78,SIGNAL
RUN_20260806_095600,ChecklistStrategy,COALINDIA,2025-01-09,2025-01-10,LONG,381.55,371.4,132,1,-1339.8,-2.66,STOP_LOSS
RUN_20260806_095600,ChecklistStrategy,COALINDIA,2025-01-24,2025-01-27,LONG,386.05,380.9,129,3,-664.35,-1.33,SIGNAL
RUN_20260806_095600,ChecklistStrategy,COALINDIA,2025-03-24,2025-03-26,LONG,407.95,398.5,122,2,-1152.9,-2.32,STOP_LOSS
RUN_20260806_095600,ChecklistStrategy,COALINDIA,2025-04-17,2025-04-21,LONG,396.9,399.25,122,4,286.7,0.59,SIGNAL
RUN_20260806_095600,ChecklistStrategy,COALINDIA,2025-04-29,2025-04-30,LONG,397.15,389.1,123,1,-990.15,-2.03,STOP_LOSS
RUN_20260806_095600,ChecklistStrategy,COALINDIA,2025-05-26,2025-06-02,LONG,402.55,398.95,120,7,-432.0,-0.89,SIGNAL
RUN_20260806_095600,ChecklistStrategy,COALINDIA,2025-07-23,2025-07-28,LONG,389.4,381.2,124,5,-1016.8,-2.11,STOP_LOSS
RUN_20260806_095600,ChecklistStrategy,COALINDIA,2025-07-30,2025-08-04,LONG,384.0,372.45,124,5,-1432.2,-3.01,STOP_LOSS
RUN_20260806_095600,ChecklistStrategy,COALINDIA,2025-08-19,2025-08-22,LONG,388.5,378.15,121,3,-1252.35,-2.66,STOP_LOSS
RUN_20260806_095600,ChecklistStrategy,COALINDIA,2025-09-22,2025-09-29,LONG,394.5,389.8,117,7,-549.9,-1.19,SIGNAL
RUN_20260806_095600,ChecklistStrategy,COALINDIA,2025-10-24,2025-10-29,LONG,392.65,393.25,117,5,70.2,0.15,SIGNAL
RUN_20260806_095600,ChecklistStrategy,COALINDIA,2025-10-31,2025-11-03,LONG,389.95,390.55,119,3,71.4,0.15,SIGNAL
RUN_20260806_095600,ChecklistStrategy,COALINDIA,2025-11-17,2025-11-19,LONG,387.0,383.1,119,2,-464.1,-1.01,SIGNAL
RUN_20260806_095600,ChecklistStrategy,COALINDIA,2025-12-08,2025-12-09,LONG,380.9,375.1,120,1,-696.0,-1.52,SIGNAL
RUN_20260806_095600,ChecklistStrategy,COALINDIA,2025-12-16,2025-12-26,LONG,384.0,403.8,118,10,2336.4,5.16,SIGNAL
RUN_20260806_095600,ChecklistStrategy,COALINDIA,2026-01-28,2026-02-16,LONG,423.5,408.0,110,19,-1705.0,-3.66,STOP_LOSS
RUN_20260806_095600,ChecklistStrategy,COALINDIA,2026-02-17,2026-02-18,LONG,422.25,418.45,108,1,-410.4,-0.9,SIGNAL
RUN_20260806_095600,ChecklistStrategy,COALINDIA,2026-02-23,2026-03-12,LONG,426.0,446.75,107,17,2220.25,4.87,SIGNAL
RUN_20260806_095600,ChecklistStrategy,COALINDIA,2026-03-13,2026-03-17,LONG,473.0,460.3,99,4,-1257.3,-2.68,STOP_LOSS
RUN_20260806_095600,ChecklistStrategy,COALINDIA,2026-04-01,2026-04-02,LONG,464.0,448.4,102,1,-1591.2,-3.36,STOP_LOSS
RUN_20260806_095600,ChecklistStrategy,COALINDIA,2026-04-10,2026-04-13,LONG,455.0,435.0,99,3,-1980.0,-4.4,STOP_LOSS
RUN_20260806_095600,ChecklistStrategy,COALINDIA,2026-04-15,2026-04-22,LONG,439.0,443.8,101,7,484.8,1.09,SIGNAL
RUN_20260806_095600,ChecklistStrategy,COALINDIA,2026-05-08,2026-05-14,LONG,461.2,464.0,95,6,266.0,0.61,SIGNAL
RUN_20260806_095600,ChecklistStrategy,COALINDIA,2026-05-18,2026-05-20,LONG,462.0,456.0,96,2,-576.0,-1.3,SIGNAL
RUN_20260806_095600,ChecklistStrategy,COALINDIA,2026-06-02,2026-06-09,LONG,469.85,464.9,93,7,-460.35,-1.05,SIGNAL
RUN_20260806_095600,ChecklistStrategy,COALINDIA,2026-06-10,2026-06-11,LONG,465.2,451.0,94,1,-1334.8,-3.05,STOP_LOSS
RUN_20260806_095600,ChecklistStrategy,COALINDIA,2026-07-14,2026-07-21,LONG,429.95,429.95,100,7,0.0,0.0,SIGNAL
RUN_20260806_095600,ChecklistStrategy,DRREDDY,2024-02-01,2024-02-02,LONG,1217.89,1203.19,40,1,-588.0,-1.21,SIGNAL
RUN_20260806_095600,ChecklistStrategy,DRREDDY,2024-03-05,2024-03-18,LONG,1266.98,1258.42,39,13,-333.84,-0.68,SIGNAL
RUN_20260806_095600,ChecklistStrategy,DRREDDY,2024-04-05,2024-04-08,LONG,1228.5,1243.49,40,3,599.6,1.22,SIGNAL
RUN_20260806_095600,ChecklistStrategy,DRREDDY,2024-05-09,2024-05-10,LONG,1214.9,1175.0,41,1,-1635.9,-3.28,STOP_LOSS
RUN_20260806_095600,ChecklistStrategy,DRREDDY,2024-05-28,2024-06-05,LONG,1174.43,1147.58,41,8,-1100.85,-2.29,STOP_LOSS
RUN_20260806_095600,ChecklistStrategy,DRREDDY,2024-06-13,2024-06-19,LONG,1223.98,1198.39,39,6,-998.01,-2.09,STOP_LOSS
RUN_20260806_095600,ChecklistStrategy,DRREDDY,2024-06-26,2024-08-09,LONG,1212.7,1396.0,39,44,7148.7,15.12,SIGNAL
RUN_20260806_095600,ChecklistStrategy,DRREDDY,2024-09-23,2024-09-25,LONG,1320.0,1331.25,39,2,438.75,0.85,SIGNAL
RUN_20260806_095600,ChecklistStrategy,DRREDDY,2024-10-21,2024-10-24,LONG,1354.0,1328.8,38,3,-957.6,-1.86,SIGNAL
RUN_20260806_095600,ChecklistStrategy,DRREDDY,2024-11-05,2024-11-11,LONG,1265.1,1284.0,40,6,756.0,1.49,SIGNAL
RUN_20260806_095600,ChecklistStrategy,DRREDDY,2024-12-12,2024-12-18,LONG,1244.8,1251.9,41,6,291.1,0.57,SIGNAL
RUN_20260806_095600,ChecklistStrategy,DRREDDY,2025-03-20,2025-03-26,LONG,1178.95,1177.9,44,6,-46.2,-0.09,SIGNAL
RUN_20260806_095600,ChecklistStrategy,DRREDDY,2025-04-02,2025-04-07,LONG,1150.0,1020.0,44,5,-5720.0,-11.3,STOP_LOSS
RUN_20260806_095600,ChecklistStrategy,DRREDDY,2025-04-29,2025-04-30,LONG,1204.4,1176.2,40,1,-1128.0,-2.34,STOP_LOSS
RUN_20260806_095600,ChecklistStrategy,DRREDDY,2025-05-02,2025-05-09,LONG,1176.1,1142.5,40,7,-1344.0,-2.86,STOP_LOSS
RUN_20260806_095600,ChecklistStrategy,DRREDDY,2025-07-08,2025-07-09,LONG,1310.3,1280.0,36,1,-1090.8,-2.31,STOP_LOSS
RUN_20260806_095600,ChecklistStrategy,DRREDDY,2025-07-31,2025-08-04,LONG,1274.5,1225.1,36,4,-1778.4,-3.88,STOP_LOSS
RUN_20260806_095600,ChecklistStrategy,DRREDDY,2025-10-27,2025-10-30,LONG,1283.0,1196.0,35,3,-3045.0,-6.78,STOP_LOSS
RUN_20260806_095600,ChecklistStrategy,DRREDDY,2025-10-31,2025-12-11,LONG,1202.5,1250.8,36,41,1738.8,4.02,SIGNAL
RUN_20260806_095600,ChecklistStrategy,DRREDDY,2025-12-19,2025-12-30,LONG,1277.0,1268.0,35,11,-315.0,-0.7,SIGNAL
RUN_20260806_095600,ChecklistStrategy,DRREDDY,2026-01-01,2026-01-06,LONG,1270.0,1250.0,35,5,-700.0,-1.57,SIGNAL
RUN_20260806_095600,ChecklistStrategy,DRREDDY,2026-01-12,2026-01-14,LONG,1210.0,1191.1,37,2,-699.3,-1.56,SIGNAL
RUN_20260806_095600,ChecklistStrategy,DRREDDY,2026-02-02,2026-03-13,LONG,1189.5,1310.0,36,39,4338.0,10.13,SIGNAL
RUN_20260806_095600,ChecklistStrategy,DRREDDY,2026-04-10,2026-04-16,LONG,1212.8,1222.0,38,6,349.6,0.76,SIGNAL
RUN_20260806_095600,ChecklistStrategy,DRREDDY,2026-04-20,2026-04-21,LONG,1235.0,1232.6,37,1,-88.8,-0.19,SIGNAL
RUN_20260806_095600,ChecklistStrategy,DRREDDY,2026-05-20,2026-06-02,LONG,1323.6,1280.2,34,13,-1475.6,-3.28,STOP_LOSS
RUN_20260806_095600,ChecklistStrategy,EICHERMOT,2024-02-06,2024-02-09,LONG,3900.0,3820.0,12,3,-960.0,-2.05,STOP_LOSS
RUN_20260806_095600,ChecklistStrategy,EICHERMOT,2024-02-12,2024-02-22,LONG,3869.9,3864.8,12,10,-61.2,-0.13,SIGNAL
RUN_20260806_095600,ChecklistStrategy,EICHERMOT,2024-02-27,2024-02-29,LONG,3950.0,3862.95,12,2,-1044.6,-2.2,STOP_LOSS
RUN_20260806_095600,ChecklistStrategy,EICHERMOT,2024-04-04,2024-04-10,LONG,3957.0,4250.0,12,6,3516.0,7.4,SIGNAL
RUN_20260806_095600,ChecklistStrategy,EICHERMOT,2024-04-18,2024-04-19,LONG,4356.0,4345.0,11,1,-121.0,-0.25,SIGNAL
RUN_20260806_095600,ChecklistStrategy,EICHERMOT,2024-09-02,2024-09-05,LONG,4949.75,4850.0,10,3,-997.5,-2.02,STOP_LOSS
RUN_20260806_095600,ChecklistStrategy,EICHERMOT,2024-09-26,2024-10-04,LONG,4915.0,4782.0,10,8,-1330.0,-2.71,STOP_LOSS
RUN_20260806_095600,ChecklistStrategy,EICHERMOT,2024-10-14,2024-10-18,LONG,4749.0,4613.9,10,4,-1351.0,-2.84,STOP_LOSS
RUN_20260806_095600,ChecklistStrategy,EICHERMOT,2024-10-21,2024-10-23,LONG,4765.0,4722.55,10,2,-424.5,-0.89,SIGNAL
RUN_20260806_095600,ChecklistStrategy,EICHERMOT,2024-10-29,2024-10-31,LONG,4688.0,4869.0,10,2,1810.0,3.86,SIGNAL
RUN_20260806_095600,ChecklistStrategy,EICHERMOT,2024-11-06,2024-11-11,LONG,4910.95,4762.0,10,5,-1489.5,-3.03,STOP_LOSS
RUN_20260806_095600,ChecklistStrategy,EICHERMOT,2025-01-03,2025-01-08,LONG,5325.0,5212.2,9,5,-1015.2,-2.12,STOP_LOSS
RUN_20260806_095600,ChecklistStrategy,EICHERMOT,2025-01-23,2025-01-31,LONG,4996.6,5165.0,9,8,1515.6,3.37,SIGNAL
RUN_20260806_095600,ChecklistStrategy,EICHERMOT,2025-02-10,2025-02-11,LONG,5400.0,5138.85,9,1,-2350.35,-4.84,STOP_LOSS
RUN_20260806_095600,ChecklistStrategy,EICHERMOT,2025-03-06,2025-04-02,LONG,4995.6,5361.7,9,27,3294.9,7.33,SIGNAL
RUN_20260806_095600,ChecklistStrategy,EICHERMOT,2025-04-29,2025-05-05,LONG,5626.5,5469.5,8,6,-1256.0,-2.79,STOP_LOSS
RUN_20260806_095600,ChecklistStrategy,EICHERMOT,2025-05-07,2025-05-08,LONG,5460.5,5463.5,8,1,24.0,0.05,SIGNAL
RUN_20260806_095600,ChecklistStrategy,EICHERMOT,2025-05-13,2025-05-19,LONG,5506.5,5510.0,8,6,28.0,0.06,SIGNAL
RUN_20260806_095600,ChecklistStrategy,EICHERMOT,2025-05-30,2025-06-02,LONG,5378.0,5340.0,9,3,-342.0,-0.71,SIGNAL
RUN_20260806_095600,ChecklistStrategy,EICHERMOT,2025-06-09,2025-06-12,LONG,5422.0,5351.0,8,3,-568.0,-1.31,SIGNAL
RUN_20260806_095600,ChecklistStrategy,EICHERMOT,2025-06-19,2025-07-23,LONG,5410.0,5432.0,8,34,176.0,0.41,SIGNAL
RUN_20260806_095600,ChecklistStrategy,EICHERMOT,2025-08-05,2025-08-22,LONG,5625.0,5970.0,8,17,2760.0,6.13,SIGNAL
RUN_20260806_095600,ChecklistStrategy,EICHERMOT,2025-09-02,2025-11-11,LONG,6310.5,6871.5,7,70,3927.0,8.89,SIGNAL
RUN_20260806_095600,ChecklistStrategy,EICHERMOT,2025-11-18,2026-01-19,LONG,6835.0,7300.0,7,62,3255.0,6.8,SIGNAL
RUN_20260806_095600,ChecklistStrategy,EICHERMOT,2026-02-02,2026-03-02,LONG,6805.0,7800.0,7,28,6965.0,14.62,SIGNAL
RUN_20260806_095600,ChecklistStrategy,EICHERMOT,2026-04-13,2026-05-01,LONG,7150.0,7109.0,7,18,-287.0,-0.57,SIGNAL
RUN_20260806_095600,ChecklistStrategy,EICHERMOT,2026-05-06,2026-05-08,LONG,7370.0,7299.5,7,2,-493.5,-0.96,SIGNAL
RUN_20260806_095600,ChecklistStrategy,EICHERMOT,2026-07-21,2026-07-31,LONG,7590.0,7899.0,7,10,2163.0,4.07,SIGNAL
RUN_20260806_095600,ChecklistStrategy,ETERNAL,2024-01-25,2024-02-22,LONG,135.9,159.55,367,28,8679.55,17.4,SIGNAL
RUN_20260806_095600,ChecklistStrategy,ETERNAL,2024-03-01,2024-03-07,LONG,168.0,161.75,328,6,-2050.0,-3.72,STOP_LOSS
RUN_20260806_095600,ChecklistStrategy,ETERNAL,2024-06-05,2024-06-11,LONG,175.0,182.6,309,6,2348.4,4.34,SIGNAL
RUN_20260806_095600,ChecklistStrategy,ETERNAL,2024-06-18,2024-08-07,LONG,187.5,261.53,292,50,21616.76,39.48,SIGNAL
RUN_20260806_095600,ChecklistStrategy,ETERNAL,2024-09-27,2024-10-04,LONG,275.4,267.0,229,7,-1923.6,-3.05,STOP_LOSS
RUN_20260806_095600,ChecklistStrategy,ETERNAL,2024-10-07,2024-10-08,LONG,278.55,266.0,233,1,-2924.15,-4.51,STOP_LOSS
RUN_20260806_095600,ChecklistStrategy,ETERNAL,2024-10-09,2024-10-18,LONG,279.0,256.9,225,9,-4972.5,-7.92,STOP_LOSS
RUN_20260806_095600,ChecklistStrategy,ETERNAL,2024-10-24,2024-10-25,LONG,267.2,256.0,228,1,-2553.6,-4.19,STOP_LOSS
RUN_20260806_095600,ChecklistStrategy,ETERNAL,2024-10-28,2024-10-31,LONG,252.0,248.0,232,3,-928.0,-1.59,SIGNAL
RUN_20260806_095600,ChecklistStrategy,ETERNAL,2024-11-12,2024-11-26,LONG,259.95,273.8,226,14,3130.09,5.33,SIGNAL
RUN_20260806_095600,ChecklistStrategy,ETERNAL,2024-12-31,2025-01-02,LONG,278.0,277.9,212,2,-21.2,-0.04,SIGNAL
RUN_20260806_095600,ChecklistStrategy,ETERNAL,2025-02-20,2025-02-25,LONG,231.5,224.2,256,5,-1868.8,-3.15,STOP_LOSS
RUN_20260806_095600,ChecklistStrategy,ETERNAL,2025-03-24,2025-03-25,LONG,228.8,223.8,259,1,-1295.0,-2.19,STOP_LOSS
RUN_20260806_095600,ChecklistStrategy,ETERNAL,2025-05-15,2025-05-21,LONG,236.2,227.0,246,6,-2263.2,-3.9,STOP_LOSS
RUN_20260806_095600,ChecklistStrategy,ETERNAL,2025-05-28,2025-10-21,LONG,225.9,340.1,254,146,29006.8,50.55,SIGNAL
RUN_20260806_095600,ChecklistStrategy,ETERNAL,2026-01-22,2026-01-23,LONG,300.0,276.95,252,1,-5808.6,-7.68,STOP_LOSS
RUN_20260806_095600,ChecklistStrategy,ETERNAL,2026-02-05,2026-02-09,LONG,291.1,286.0,233,4,-1188.3,-1.75,SIGNAL
RUN_20260806_095600,ChecklistStrategy,ETERNAL,2026-02-17,2026-02-19,LONG,284.0,277.35,237,2,-1576.05,-2.34,STOP_LOSS
RUN_20260806_095600,ChecklistStrategy,ETERNAL,2026-03-17,2026-03-23,LONG,223.0,227.9,303,6,1484.7,2.2,SIGNAL
RUN_20260806_095600,ChecklistStrategy,ETERNAL,2026-04-06,2026-04-15,LONG,232.8,241.0,293,9,2402.6,3.52,SIGNAL
RUN_20260806_095600,ChecklistStrategy,ETERNAL,2026-04-21,2026-05-01,LONG,254.89,247.03,271,10,-2130.06,-3.08,STOP_LOSS
RUN_20260806_095600,ChecklistStrategy,ETERNAL,2026-06-05,2026-06-10,LONG,253.35,247.0,268,5,-1701.8,-2.51,STOP_LOSS
RUN_20260806_095600,ChecklistStrategy,ETERNAL,2026-06-17,2026-07-09,LONG,254.0,287.3,265,22,8824.5,13.11,SIGNAL
RUN_20260806_095600,ChecklistStrategy,ETERNAL,2026-07-15,2026-07-23,LONG,285.0,289.85,250,8,1212.5,1.7,SIGNAL
RUN_20260806_095600,ChecklistStrategy,GRASIM,2024-02-12,2024-02-14,LONG,2175.0,2054.0,23,2,-2783.0,-5.56,STOP_LOSS
RUN_20260806_095600,ChecklistStrategy,GRASIM,2024-03-01,2024-03-14,LONG,2209.0,2149.9,22,13,-1300.2,-2.68,STOP_LOSS
RUN_20260806_095600,ChecklistStrategy,GRASIM,2024-04-22,2024-05-24,LONG,2275.0,2449.75,21,32,3669.75,7.68,SIGNAL
RUN_20260806_095600,ChecklistStrategy,GRASIM,2024-05-29,2024-05-30,LONG,2440.0,2404.0,20,1,-720.0,-1.48,SIGNAL
RUN_20260806_095600,ChecklistStrategy,GRASIM,2024-06-06,2024-06-18,LONG,2306.05,2471.0,21,12,3463.95,7.15,SIGNAL
RUN_20260806_095600,ChecklistStrategy,GRASIM,2024-06-20,2024-07-16,LONG,2447.1,2818.0,20,26,7418.0,15.16,SIGNAL
RUN_20260806_095600,ChecklistStrategy,GRASIM,2024-07-23,2024-07-25,LONG,2811.0,2805.0,19,2,-114.0,-0.21,SIGNAL
RUN_20260806_095600,ChecklistStrategy,GRASIM,2024-09-02,2024-09-12,LONG,2706.75,2690.6,20,10,-323.0,-0.6,SIGNAL
RUN_20260806_095600,ChecklistStrategy,GRASIM,2024-09-26,2024-10-15,LONG,2674.0,2725.0,20,19,1020.0,1.91,SIGNAL
RUN_20260806_095600,ChecklistStrategy,GRASIM,2024-11-06,2024-11-07,LONG,2650.95,2631.15,20,1,-396.0,-0.75,SIGNAL
RUN_20260806_095600,ChecklistStrategy,GRASIM,2024-11-18,2024-11-29,LONG,2497.0,2565.0,21,11,1428.0,2.72,SIGNAL
RUN_20260806_095600,ChecklistStrategy,GRASIM,2024-12-12,2024-12-18,LONG,2683.0,2607.0,20,6,-1520.0,-2.83,STOP_LOSS
RUN_20260806_095600,ChecklistStrategy,GRASIM,2025-01-15,2025-02-14,LONG,2326.9,2499.0,23,30,3958.3,7.4,SIGNAL
RUN_20260806_095600,ChecklistStrategy,GRASIM,2025-02-18,2025-02-25,LONG,2480.0,2392.0,23,7,-2024.0,-3.55,STOP_LOSS
RUN_20260806_095600,ChecklistStrategy,GRASIM,2025-03-12,2025-03-13,LONG,2413.55,2402.0,23,1,-265.65,-0.48,SIGNAL
RUN_20260806_095600,ChecklistStrategy,GRASIM,2025-03-18,2025-03-24,LONG,2399.35,2478.65,23,6,1823.9,3.31,SIGNAL
RUN_20260806_095600,ChecklistStrategy,GRASIM,2025-04-28,2025-04-30,LONG,2735.0,2735.0,20,2,0.0,0.0,SIGNAL
RUN_20260806_095600,ChecklistStrategy,GRASIM,2025-05-15,2025-05-23,LONG,2734.3,2675.0,20,8,-1186.0,-2.17,STOP_LOSS
RUN_20260806_095600,ChecklistStrategy,GRASIM,2025-06-19,2025-07-14,LONG,2680.0,2774.0,20,25,1880.0,3.51,SIGNAL
RUN_20260806_095600,ChecklistStrategy,GRASIM,2025-07-25,2025-08-01,LONG,2735.0,2748.0,20,7,260.0,0.48,SIGNAL
RUN_20260806_095600,ChecklistStrategy,GRASIM,2025-08-18,2025-08-29,LONG,2795.0,2784.3,20,11,-214.0,-0.38,SIGNAL
RUN_20260806_095600,ChecklistStrategy,GRASIM,2025-09-12,2025-09-23,LONG,2799.0,2858.9,20,11,1198.0,2.14,SIGNAL
RUN_20260806_095600,ChecklistStrategy,GRASIM,2025-10-07,2025-10-09,LONG,2800.0,2781.4,20,2,-372.0,-0.66,SIGNAL
RUN_20260806_095600,ChecklistStrategy,GRASIM,2025-10-10,2025-10-15,LONG,2810.6,2780.0,20,5,-612.0,-1.09,SIGNAL
RUN_20260806_095600,ChecklistStrategy,GRASIM,2025-10-21,2025-11-07,LONG,2875.9,2700.0,19,17,-3342.1,-6.12,STOP_LOSS
RUN_20260806_095600,ChecklistStrategy,GRASIM,2025-12-22,2025-12-23,LONG,2812.7,2811.0,19,1,-32.3,-0.06,SIGNAL
RUN_20260806_095600,ChecklistStrategy,GRASIM,2026-01-07,2026-01-09,LONG,2880.0,2799.8,19,2,-1523.8,-2.78,STOP_LOSS
RUN_20260806_095600,ChecklistStrategy,GRASIM,2026-01-22,2026-02-02,LONG,2742.5,2740.0,19,11,-47.5,-0.09,SIGNAL
RUN_20260806_095600,ChecklistStrategy,GRASIM,2026-02-05,2026-02-12,LONG,2830.1,2940.4,19,7,2095.7,3.9,SIGNAL
RUN_20260806_095600,ChecklistStrategy,GRASIM,2026-02-19,2026-02-20,LONG,2928.1,2864.9,18,1,-1137.6,-2.16,STOP_LOSS
RUN_20260806_095600,ChecklistStrategy,GRASIM,2026-03-06,2026-03-09,LONG,2701.5,2659.0,20,3,-850.0,-1.57,SIGNAL
RUN_20260806_095600,ChecklistStrategy,GRASIM,2026-03-17,2026-03-23,LONG,2655.1,2591.0,20,6,-1282.0,-2.41,STOP_LOSS
RUN_20260806_095600,ChecklistStrategy,GRASIM,2026-04-20,2026-04-29,LONG,2730.5,2798.0,19,9,1282.5,2.47,SIGNAL
RUN_20260806_095600,ChecklistStrategy,GRASIM,2026-05-14,2026-06-16,LONG,2955.0,3180.0,18,33,4050.0,7.61,SIGNAL
RUN_20260806_095600,ChecklistStrategy,GRASIM,2026-06-25,2026-08-05,LONG,3131.9,3150.0,17,41,307.7,0.58,SIGNAL
RUN_20260806_095600,ChecklistStrategy,HCLTECH,2024-02-01,2024-03-13,LONG,1576.0,1638.75,31,41,1945.25,3.98,SIGNAL
RUN_20260806_095600,ChecklistStrategy,HCLTECH,2024-03-26,2024-03-27,LONG,1562.25,1569.0,32,1,216.0,0.43,SIGNAL
RUN_20260806_095600,ChecklistStrategy,HCLTECH,2024-06-05,2024-07-01,LONG,1320.0,1465.0,39,26,5655.0,10.98,SIGNAL
RUN_20260806_095600,ChecklistStrategy,HCLTECH,2024-08-12,2024-08-28,LONG,1590.0,1712.55,33,16,4044.15,7.71,SIGNAL
RUN_20260806_095600,ChecklistStrategy,HCLTECH,2024-08-29,2024-09-13,LONG,1714.0,1805.0,32,15,2912.0,5.31,SIGNAL
RUN_20260806_095600,ChecklistStrategy,HCLTECH,2024-09-23,2024-09-27,LONG,1764.0,1810.0,32,4,1472.0,2.61,SIGNAL
RUN_20260806_095600,ChecklistStrategy,HCLTECH,2024-10-09,2025-01-08,LONG,1793.05,1906.3,32,91,3624.0,6.32,SIGNAL
RUN_20260806_095600,ChecklistStrategy,HCLTECH,2025-03-06,2025-03-13,LONG,1580.0,1540.6,38,7,-1497.2,-2.49,STOP_LOSS
RUN_20260806_095600,ChecklistStrategy,HCLTECH,2025-03-25,2025-03-26,LONG,1622.0,1624.9,36,1,104.4,0.18,SIGNAL
RUN_20260806_095600,ChecklistStrategy,HCLTECH,2025-04-15,2025-05-28,LONG,1420.0,1664.0,42,43,10248.0,17.18,SIGNAL
RUN_20260806_095600,ChecklistStrategy,HCLTECH,2025-06-03,2025-06-05,LONG,1646.9,1634.9,39,2,-468.0,-0.73,SIGNAL
RUN_20260806_095600,ChecklistStrategy,HCLTECH,2025-06-09,2025-07-10,LONG,1648.0,1675.0,39,31,1053.0,1.64,SIGNAL
RUN_20260806_095600,ChecklistStrategy,HCLTECH,2025-07-21,2025-07-25,LONG,1548.8,1501.1,41,4,-1955.7,-3.08,STOP_LOSS
RUN_20260806_095600,ChecklistStrategy,HCLTECH,2025-07-30,2025-08-28,LONG,1480.5,1488.0,43,29,322.5,0.51,SIGNAL
RUN_20260806_095600,ChecklistStrategy,HCLTECH,2025-09-01,2025-09-09,LONG,1446.0,1410.2,43,8,-1539.4,-2.48,STOP_LOSS
RUN_20260806_095600,ChecklistStrategy,HCLTECH,2025-09-16,2025-09-22,LONG,1463.9,1423.0,42,6,-1717.8,-2.79,STOP_LOSS
RUN_20260806_095600,ChecklistStrategy,HCLTECH,2025-10-21,2025-11-17,LONG,1502.7,1594.0,41,27,3743.3,6.08,SIGNAL
RUN_20260806_095600,ChecklistStrategy,HCLTECH,2025-12-23,2025-12-30,LONG,1675.1,1630.8,38,7,-1683.4,-2.64,STOP_LOSS
RUN_20260806_095600,ChecklistStrategy,HCLTECH,2026-01-15,2026-02-05,LONG,1668.5,1613.7,37,21,-2027.6,-3.28,STOP_LOSS
RUN_20260806_095600,ChecklistStrategy,HCLTECH,2026-02-26,2026-03-06,LONG,1391.0,1356.0,44,8,-1540.0,-2.52,STOP_LOSS
RUN_20260806_095600,ChecklistStrategy,HCLTECH,2026-03-24,2026-03-30,LONG,1380.0,1350.0,44,6,-1320.0,-2.17,STOP_LOSS
RUN_20260806_095600,ChecklistStrategy,HCLTECH,2026-04-06,2026-04-23,LONG,1397.0,1290.0,43,17,-4601.0,-7.66,STOP_LOSS
RUN_20260806_095600,ChecklistStrategy,HCLTECH,2026-06-12,2026-06-23,LONG,1120.0,1121.6,52,11,83.2,0.14,SIGNAL
RUN_20260806_095600,ChecklistStrategy,HCLTECH,2026-07-14,2026-07-15,LONG,1200.0,1157.0,47,1,-2021.0,-3.58,STOP_LOSS
RUN_20260806_095600,ChecklistStrategy,HDFCBANK,2024-02-01,2024-02-08,LONG,732.53,714.92,68,7,-1196.8,-2.4,STOP_LOSS
RUN_20260806_095600,ChecklistStrategy,HDFCBANK,2024-02-21,2024-02-23,LONG,732.0,711.28,67,2,-1388.57,-2.83,STOP_LOSS
RUN_20260806_095600,ChecklistStrategy,HDFCBANK,2024-03-20,2024-05-02,LONG,724.53,761.0,67,43,2443.82,5.03,SIGNAL
RUN_20260806_095600,ChecklistStrategy,HDFCBANK,2024-05-07,2024-05-09,LONG,760.97,737.47,65,2,-1527.5,-3.09,STOP_LOSS
RUN_20260806_095600,ChecklistStrategy,HDFCBANK,2024-06-06,2024-06-24,LONG,782.45,823.5,63,18,2586.15,5.25,SIGNAL
RUN_20260806_095600,ChecklistStrategy,HDFCBANK,2024-07-15,2024-07-22,LONG,811.75,808.5,62,7,-201.5,-0.4,SIGNAL
RUN_20260806_095600,ChecklistStrategy,HDFCBANK,2024-07-31,2024-10-10,LONG,807.0,819.5,62,71,775.0,1.55,SIGNAL
RUN_20260806_095600,ChecklistStrategy,HDFCBANK,2024-10-17,2024-10-23,LONG,847.47,852.53,59,6,297.95,0.6,SIGNAL
RUN_20260806_095600,ChecklistStrategy,HDFCBANK,2024-10-24,2024-11-05,LONG,869.05,851.5,58,12,-1017.9,-2.02,STOP_LOSS
RUN_20260806_095600,ChecklistStrategy,HDFCBANK,2024-11-06,2024-11-13,LONG,885.75,858.38,57,7,-1560.38,-3.09,STOP_LOSS
RUN_20260806_095600,ChecklistStrategy,HDFCBANK,2024-11-25,2025-01-06,LONG,892.53,870.05,56,42,-1258.6,-2.52,STOP_LOSS
RUN_20260806_095600,ChecklistStrategy,HDFCBANK,2025-01-23,2025-01-27,LONG,843.5,820.55,58,4,-1331.1,-2.72,STOP_LOSS
RUN_20260806_095600,ChecklistStrategy,HDFCBANK,2025-02-13,2025-02-14,LONG,849.5,850.95,56,1,81.2,0.17,SIGNAL
RUN_20260806_095600,ChecklistStrategy,HDFCBANK,2025-02-18,2025-02-25,LONG,856.53,835.55,56,7,-1174.6,-2.45,STOP_LOSS
RUN_20260806_095600,ChecklistStrategy,HDFCBANK,2025-02-27,2025-03-11,LONG,841.28,841.2,56,12,-4.2,-0.01,SIGNAL
RUN_20260806_095600,ChecklistStrategy,HDFCBANK,2025-03-28,2025-04-02,LONG,914.5,885.35,52,5,-1515.8,-3.19,STOP_LOSS
RUN_20260806_095600,ChecklistStrategy,HDFCBANK,2025-04-03,2025-04-07,LONG,890.55,881.4,52,4,-475.8,-1.03,SIGNAL
RUN_20260806_095600,ChecklistStrategy,HDFCBANK,2025-06-03,2025-06-04,LONG,969.0,960.5,48,1,-408.0,-0.88,SIGNAL
RUN_20260806_095600,ChecklistStrategy,HDFCBANK,2025-06-05,2025-06-30,LONG,974.0,1005.75,47,25,1492.25,3.26,SIGNAL
RUN_20260806_095600,ChecklistStrategy,HDFCBANK,2025-07-07,2025-08-26,LONG,994.5,979.5,47,50,-705.0,-1.51,SIGNAL
RUN_20260806_095600,ChecklistStrategy,HDFCBANK,2025-12-08,2025-12-10,LONG,1000.0,997.5,46,2,-115.0,-0.25,SIGNAL
RUN_20260806_095600,ChecklistStrategy,HDFCBANK,2025-12-22,2026-01-06,LONG,988.0,962.7,47,15,-1189.1,-2.56,STOP_LOSS
RUN_20260806_095600,ChecklistStrategy,HDFCBANK,2026-01-21,2026-02-11,LONG,925.0,931.25,49,21,306.25,0.68,SIGNAL
RUN_20260806_095600,ChecklistStrategy,HDFCBANK,2026-03-17,2026-03-18,LONG,847.7,845.35,54,1,-126.9,-0.28,SIGNAL
RUN_20260806_095600,ChecklistStrategy,HDFCBANK,2026-04-13,2026-04-17,LONG,791.5,790.1,56,4,-78.4,-0.18,SIGNAL
RUN_20260806_095600,ChecklistStrategy,HDFCBANK,2026-04-22,2026-04-23,LONG,810.0,792.0,56,1,-1008.0,-2.22,STOP_LOSS
RUN_20260806_095600,ChecklistStrategy,HDFCBANK,2026-06-11,2026-06-12,LONG,743.0,754.7,60,1,702.0,1.57,SIGNAL
RUN_20260806_095600,ChecklistStrategy,HDFCBANK,2026-06-17,2026-06-26,LONG,787.65,796.3,58,9,501.7,1.1,SIGNAL
RUN_20260806_095600,ChecklistStrategy,HDFCBANK,2026-07-10,2026-07-21,LONG,824.0,769.15,56,11,-3071.6,-6.66,STOP_LOSS
RUN_20260806_095600,ChecklistStrategy,HDFCLIFE,2024-04-01,2024-04-04,LONG,638.0,625.0,78,3,-1014.0,-2.04,STOP_LOSS
RUN_20260806_095600,ChecklistStrategy,HDFCLIFE,2024-04-08,2024-04-16,LONG,630.0,609.05,78,8,-1634.1,-3.33,STOP_LOSS
RUN_20260806_095600,ChecklistStrategy,HDFCLIFE,2024-04-22,2024-04-29,LONG,601.85,590.0,80,7,-948.0,-1.97,SIGNAL
RUN_20260806_095600,ChecklistStrategy,HDFCLIFE,2024-05-02,2024-05-03,LONG,584.3,581.8,82,1,-205.0,-0.43,SIGNAL
RUN_20260806_095600,ChecklistStrategy,HDFCLIFE,2024-05-13,2024-05-27,LONG,553.8,565.2,87,14,991.8,2.06,SIGNAL
RUN_20260806_095600,ChecklistStrategy,HDFCLIFE,2024-06-26,2024-07-03,LONG,591.65,592.4,82,7,61.5,0.13,SIGNAL
RUN_20260806_095600,ChecklistStrategy,HDFCLIFE,2024-07-04,2024-09-04,LONG,596.0,751.7,81,62,12611.7,26.12,SIGNAL
RUN_20260806_095600,ChecklistStrategy,HDFCLIFE,2024-09-27,2024-10-01,LONG,729.45,716.0,75,4,-1008.75,-1.84,SIGNAL
RUN_20260806_095600,ChecklistStrategy,HDFCLIFE,2024-10-11,2024-10-16,LONG,721.5,723.45,75,5,146.25,0.27,SIGNAL
RUN_20260806_095600,ChecklistStrategy,HDFCLIFE,2024-10-17,2024-10-25,LONG,730.0,718.0,74,8,-888.0,-1.64,SIGNAL
RUN_20260806_095600,ChecklistStrategy,HDFCLIFE,2024-12-05,2024-12-06,LONG,650.2,645.0,82,1,-426.4,-0.8,SIGNAL
RUN_20260806_095600,ChecklistStrategy,HDFCLIFE,2025-02-05,2025-02-06,LONG,626.0,626.45,85,1,38.25,0.07,SIGNAL
RUN_20260806_095600,ChecklistStrategy,HDFCLIFE,2025-03-04,2025-03-07,LONG,613.1,618.3,86,3,447.2,0.85,SIGNAL
RUN_20260806_095600,ChecklistStrategy,HDFCLIFE,2025-03-18,2025-03-24,LONG,629.8,679.6,85,6,4233.0,7.91,SIGNAL
RUN_20260806_095600,ChecklistStrategy,HDFCLIFE,2025-03-28,2025-04-08,LONG,683.9,674.5,82,11,-770.8,-1.37,SIGNAL
RUN_20260806_095600,ChecklistStrategy,HDFCLIFE,2025-05-02,2025-05-07,LONG,743.7,719.0,74,5,-1827.8,-3.32,STOP_LOSS
RUN_20260806_095600,ChecklistStrategy,HDFCLIFE,2025-05-26,2025-05-30,LONG,784.3,780.9,70,4,-238.0,-0.43,SIGNAL
RUN_20260806_095600,ChecklistStrategy,HDFCLIFE,2025-06-10,2025-06-13,LONG,764.15,743.9,71,3,-1437.75,-2.65,STOP_LOSS
RUN_20260806_095600,ChecklistStrategy,HDFCLIFE,2025-06-23,2025-07-14,LONG,769.95,755.2,69,21,-1017.75,-1.92,SIGNAL
RUN_20260806_095600,ChecklistStrategy,HDFCLIFE,2025-08-12,2025-08-22,LONG,764.75,793.8,69,10,2004.45,3.8,SIGNAL
RUN_20260806_095600,ChecklistStrategy,HDFCLIFE,2025-09-02,2025-09-03,LONG,780.0,783.0,69,1,207.0,0.38,SIGNAL
RUN_20260806_095600,ChecklistStrategy,HDFCLIFE,2025-09-19,2025-09-25,LONG,786.8,768.0,69,6,-1297.2,-2.39,STOP_LOSS
RUN_20260806_095600,ChecklistStrategy,HDFCLIFE,2025-10-28,2025-11-07,LONG,736.0,731.05,72,10,-356.4,-0.67,SIGNAL
RUN_20260806_095600,ChecklistStrategy,HDFCLIFE,2025-11-10,2025-12-09,LONG,750.0,763.9,71,29,986.9,1.85,SIGNAL
RUN_20260806_095600,ChecklistStrategy,HDFCLIFE,2025-12-11,2025-12-17,LONG,771.05,764.35,69,6,-462.3,-0.87,SIGNAL
RUN_20260806_095600,ChecklistStrategy,HDFCLIFE,2026-01-28,2026-01-30,LONG,722.2,721.25,74,2,-70.3,-0.13,SIGNAL
RUN_20260806_095600,ChecklistStrategy,HDFCLIFE,2026-02-02,2026-02-04,LONG,717.3,724.0,73,2,489.1,0.93,SIGNAL
RUN_20260806_095600,ChecklistStrategy,HDFCLIFE,2026-02-10,2026-02-16,LONG,711.25,693.0,76,6,-1387.0,-2.57,STOP_LOSS
RUN_20260806_095600,ChecklistStrategy,HDFCLIFE,2026-02-19,2026-03-04,LONG,726.9,691.4,72,13,-2556.0,-4.88,STOP_LOSS
RUN_20260806_095600,ChecklistStrategy,HDFCLIFE,2026-03-25,2026-04-01,LONG,603.95,600.0,86,7,-339.7,-0.65,SIGNAL
RUN_20260806_095600,ChecklistStrategy,HDFCLIFE,2026-04-06,2026-04-09,LONG,563.0,592.9,91,3,2720.9,5.31,SIGNAL
RUN_20260806_095600,ChecklistStrategy,HDFCLIFE,2026-04-28,2026-04-30,LONG,594.2,594.35,88,2,13.2,0.03,SIGNAL
RUN_20260806_095600,ChecklistStrategy,HDFCLIFE,2026-05-22,2026-06-01,LONG,619.0,594.75,86,10,-2085.5,-3.92,STOP_LOSS
RUN_20260806_095600,ChecklistStrategy,HDFCLIFE,2026-06-18,2026-07-02,LONG,583.0,574.3,89,14,-774.3,-1.49,SIGNAL
RUN_20260806_095600,ChecklistStrategy,HDFCLIFE,2026-07-16,2026-07-17,LONG,585.0,568.3,90,1,-1503.0,-2.85,STOP_LOSS
RUN_20260806_095600,ChecklistStrategy,HEROMOTOCO,2024-03-01,2024-03-18,LONG,4459.9,4560.5,11,17,1106.6,2.26,SIGNAL
RUN_20260806_095600,ChecklistStrategy,HEROMOTOCO,2024-06-25,2024-06-27,LONG,5565.9,5459.9,9,2,-954.0,-1.9,SIGNAL
RUN_20260806_095600,ChecklistStrategy,HEROMOTOCO,2024-06-28,2024-07-02,LONG,5500.0,5670.0,9,4,1530.0,3.09,SIGNAL
RUN_20260806_095600,ChecklistStrategy,HEROMOTOCO,2024-07-08,2024-07-11,LONG,5565.65,5530.0,9,3,-320.85,-0.64,SIGNAL
RUN_20260806_095600,ChecklistStrategy,HEROMOTOCO,2024-08-19,2024-08-21,LONG,5149.0,5244.4,9,2,858.6,1.85,SIGNAL
RUN_20260806_095600,ChecklistStrategy,HEROMOTOCO,2024-08-28,2024-09-19,LONG,5365.0,6000.0,9,22,5715.0,11.84,SIGNAL
RUN_20260806_095600,ChecklistStrategy,HEROMOTOCO,2024-09-27,2024-10-01,LONG,6068.1,5712.4,8,4,-2845.6,-5.86,STOP_LOSS
RUN_20260806_095600,ChecklistStrategy,HEROMOTOCO,2024-11-06,2024-11-12,LONG,4858.0,4757.5,10,6,-1005.0,-2.07,STOP_LOSS
RUN_20260806_095600,ChecklistStrategy,HEROMOTOCO,2024-11-18,2024-11-19,LONG,4834.15,4759.95,11,1,-816.2,-1.53,SIGNAL
RUN_20260806_095600,ChecklistStrategy,HEROMOTOCO,2024-12-20,2024-12-23,LONG,4406.95,4365.0,11,3,-461.45,-0.95,SIGNAL
RUN_20260806_095600,ChecklistStrategy,HEROMOTOCO,2025-02-06,2025-02-07,LONG,4289.0,4319.95,12,1,371.4,0.72,SIGNAL
RUN_20260806_095600,ChecklistStrategy,HEROMOTOCO,2025-02-18,2025-02-28,LONG,3880.0,3745.6,13,10,-1747.2,-3.46,STOP_LOSS
RUN_20260806_095600,ChecklistStrategy,HEROMOTOCO,2025-03-28,2025-04-07,LONG,3779.0,3478.95,13,10,-3900.65,-7.94,STOP_LOSS
RUN_20260806_095600,ChecklistStrategy,HEROMOTOCO,2025-04-08,2025-04-21,LONG,3600.0,3794.0,13,13,2522.0,5.39,SIGNAL
RUN_20260806_095600,ChecklistStrategy,HEROMOTOCO,2025-06-23,2025-07-01,LONG,4320.0,4258.3,11,8,-678.7,-1.43,SIGNAL
RUN_20260806_095600,ChecklistStrategy,HEROMOTOCO,2025-07-10,2025-07-14,LONG,4330.1,4219.0,11,4,-1222.1,-2.57,STOP_LOSS
RUN_20260806_095600,ChecklistStrategy,HEROMOTOCO,2025-07-22,2025-07-25,LONG,4418.0,4278.0,11,3,-1540.0,-3.17,STOP_LOSS
RUN_20260806_095600,ChecklistStrategy,HEROMOTOCO,2025-08-08,2025-08-11,LONG,4660.0,4603.0,10,3,-570.0,-1.22,SIGNAL
RUN_20260806_095600,ChecklistStrategy,HEROMOTOCO,2025-09-17,2025-09-29,LONG,5344.0,5328.0,8,12,-128.0,-0.3,SIGNAL
RUN_20260806_095600,ChecklistStrategy,HEROMOTOCO,2025-11-17,2025-11-19,LONG,5589.0,5851.0,8,2,2096.0,4.69,SIGNAL
RUN_20260806_095600,ChecklistStrategy,HEROMOTOCO,2025-12-19,2025-12-23,LONG,5725.0,5710.0,8,4,-120.0,-0.26,SIGNAL
RUN_20260806_095600,ChecklistStrategy,HEROMOTOCO,2026-02-10,2026-02-13,LONG,5785.0,5702.0,8,3,-664.0,-1.43,SIGNAL
RUN_20260806_095600,ChecklistStrategy,HEROMOTOCO,2026-03-23,2026-03-24,LONG,5191.0,5185.0,9,1,-54.0,-0.12,SIGNAL
RUN_20260806_095600,ChecklistStrategy,HEROMOTOCO,2026-05-12,2026-05-13,LONG,5230.0,5117.5,9,1,-1012.5,-2.15,STOP_LOSS
RUN_20260806_095600,ChecklistStrategy,HEROMOTOCO,2026-06-03,2026-06-05,LONG,4856.0,4898.0,9,2,378.0,0.86,SIGNAL
RUN_20260806_095600,ChecklistStrategy,HEROMOTOCO,2026-07-01,2026-07-03,LONG,4818.9,4900.0,9,2,729.9,1.68,SIGNAL
RUN_20260806_095600,ChecklistStrategy,HEROMOTOCO,2026-07-24,2026-08-03,LONG,5101.2,5425.0,9,10,2914.2,6.35,SIGNAL
RUN_20260806_095600,ChecklistStrategy,HINDALCO,2024-02-01,2024-02-02,LONG,578.0,577.0,86,1,-86.0,-0.17,SIGNAL
RUN_20260806_095600,ChecklistStrategy,HINDALCO,2024-02-07,2024-02-14,LONG,590.4,515.0,85,7,-6409.0,-12.77,STOP_LOSS
RUN_20260806_095600,ChecklistStrategy,HINDALCO,2024-02-16,2024-02-27,LONG,519.95,505.5,91,11,-1314.95,-2.78,STOP_LOSS
RUN_20260806_095600,ChecklistStrategy,HINDALCO,2024-03-15,2024-04-18,LONG,522.0,616.4,87,34,8212.8,18.08,SIGNAL
RUN_20260806_095600,ChecklistStrategy,HINDALCO,2024-04-25,2024-05-08,LONG,635.7,615.1,78,13,-1606.8,-3.24,STOP_LOSS
RUN_20260806_095600,ChecklistStrategy,HINDALCO,2024-05-13,2024-05-24,LONG,625.1,679.25,78,11,4223.7,8.66,SIGNAL
RUN_20260806_095600,ChecklistStrategy,HINDALCO,2024-06-10,2024-06-20,LONG,677.05,665.0,75,10,-903.75,-1.78,SIGNAL
RUN_20260806_095600,ChecklistStrategy,HINDALCO,2024-06-21,2024-07-22,LONG,680.0,655.0,75,31,-1875.0,-3.68,STOP_LOSS
RUN_20260806_095600,ChecklistStrategy,HINDALCO,2024-09-17,2024-10-24,LONG,689.0,715.0,72,37,1872.0,3.77,SIGNAL
RUN_20260806_095600,ChecklistStrategy,HINDALCO,2024-11-22,2024-11-28,LONG,652.95,661.0,78,6,627.9,1.23,SIGNAL
RUN_20260806_095600,ChecklistStrategy,HINDALCO,2024-12-04,2024-12-05,LONG,667.55,664.0,76,1,-269.8,-0.53,SIGNAL
RUN_20260806_095600,ChecklistStrategy,HINDALCO,2024-12-10,2024-12-17,LONG,675.0,649.5,76,7,-1938.0,-3.78,STOP_LOSS
RUN_20260806_095600,ChecklistStrategy,HINDALCO,2025-01-03,2025-01-06,LONG,599.0,592.6,83,3,-531.2,-1.07,SIGNAL
RUN_20260806_095600,ChecklistStrategy,HINDALCO,2025-01-23,2025-01-28,LONG,611.0,590.1,81,5,-1692.9,-3.42,STOP_LOSS
RUN_20260806_095600,ChecklistStrategy,HINDALCO,2025-02-04,2025-02-05,LONG,580.5,584.5,85,1,340.0,0.69,SIGNAL
RUN_20260806_095600,ChecklistStrategy,HINDALCO,2025-02-10,2025-02-12,LONG,605.0,599.05,80,2,-476.0,-0.98,SIGNAL
RUN_20260806_095600,ChecklistStrategy,HINDALCO,2025-02-14,2025-02-25,LONG,609.0,636.0,81,11,2187.0,4.43,SIGNAL
RUN_20260806_095600,ChecklistStrategy,HINDALCO,2025-02-28,2025-03-11,LONG,630.0,684.0,79,11,4266.0,8.57,SIGNAL
RUN_20260806_095600,ChecklistStrategy,HINDALCO,2025-04-11,2025-04-17,LONG,585.0,608.9,92,6,2198.8,4.09,SIGNAL
RUN_20260806_095600,ChecklistStrategy,HINDALCO,2025-04-29,2025-06-20,LONG,631.05,641.35,84,52,865.2,1.63,SIGNAL
RUN_20260806_095600,ChecklistStrategy,HINDALCO,2025-06-23,2025-07-01,LONG,644.0,692.4,82,8,3968.8,7.52,SIGNAL
RUN_20260806_095600,ChecklistStrategy,HINDALCO,2025-09-19,2025-09-22,LONG,752.0,743.3,74,3,-643.8,-1.16,SIGNAL
RUN_20260806_095600,ChecklistStrategy,HINDALCO,2025-11-18,2025-11-24,LONG,804.5,782.85,68,6,-1472.2,-2.69,STOP_LOSS
RUN_20260806_095600,ChecklistStrategy,HINDALCO,2025-12-08,2025-12-30,LONG,825.8,868.0,66,22,2785.2,5.11,SIGNAL
RUN_20260806_095600,ChecklistStrategy,HINDALCO,2025-12-31,2026-01-07,LONG,886.4,951.05,63,7,4072.95,7.29,SIGNAL
RUN_20260806_095600,ChecklistStrategy,HINDALCO,2026-02-12,2026-02-16,LONG,950.0,895.0,59,4,-3245.0,-5.79,STOP_LOSS
RUN_20260806_095600,ChecklistStrategy,HINDALCO,2026-02-27,2026-03-05,LONG,938.95,930.0,59,6,-528.05,-0.95,SIGNAL
RUN_20260806_095600,ChecklistStrategy,HINDALCO,2026-03-11,2026-03-16,LONG,959.95,906.85,58,5,-3079.8,-5.53,STOP_LOSS
RUN_20260806_095600,ChecklistStrategy,HINDALCO,2026-04-06,2026-07-01,LONG,917.2,951.9,59,86,2047.3,3.78,SIGNAL
RUN_20260806_095600,ChecklistStrategy,HINDUNILVR,2024-04-25,2024-06-07,LONG,2238.05,2555.3,22,43,6979.5,14.18,SIGNAL
RUN_20260806_095600,ChecklistStrategy,HINDUNILVR,2024-06-10,2024-06-14,LONG,2579.0,2473.0,20,4,-2120.0,-4.11,STOP_LOSS
RUN_20260806_095600,ChecklistStrategy,HINDUNILVR,2024-06-21,2024-06-25,LONG,2475.0,2439.35,21,4,-748.65,-1.44,SIGNAL
RUN_20260806_095600,ChecklistStrategy,HINDUNILVR,2024-07-04,2024-07-24,LONG,2515.05,2748.0,20,20,4659.0,9.26,SIGNAL
RUN_20260806_095600,ChecklistStrategy,HINDUNILVR,2024-08-06,2024-09-04,LONG,2720.1,2780.0,20,29,1198.0,2.2,SIGNAL
RUN_20260806_095600,ChecklistStrategy,HINDUNILVR,2024-09-18,2024-09-30,LONG,2874.0,2964.2,19,12,1713.8,3.14,SIGNAL
RUN_20260806_095600,ChecklistStrategy,HINDUNILVR,2024-12-02,2024-12-03,LONG,2485.0,2480.0,22,1,-110.0,-0.2,SIGNAL
RUN_20260806_095600,ChecklistStrategy,HINDUNILVR,2024-12-04,2024-12-10,LONG,2481.1,2408.7,22,6,-1592.8,-2.92,STOP_LOSS
RUN_20260806_095600,ChecklistStrategy,HINDUNILVR,2024-12-16,2024-12-23,LONG,2390.3,2337.0,22,7,-1172.6,-2.23,STOP_LOSS
RUN_20260806_095600,ChecklistStrategy,HINDUNILVR,2025-01-08,2025-01-15,LONG,2391.0,2373.9,22,7,-376.2,-0.72,SIGNAL
RUN_20260806_095600,ChecklistStrategy,HINDUNILVR,2025-01-23,2025-02-20,LONG,2315.0,2250.4,23,28,-1485.8,-2.79,STOP_LOSS
RUN_20260806_095600,ChecklistStrategy,HINDUNILVR,2025-02-21,2025-03-03,LONG,2248.05,2199.0,23,10,-1128.15,-2.18,STOP_LOSS
RUN_20260806_095600,ChecklistStrategy,HINDUNILVR,2025-04-03,2025-04-25,LONG,2225.45,2331.9,23,22,2448.35,4.78,SIGNAL
RUN_20260806_095600,ChecklistStrategy,HINDUNILVR,2025-04-28,2025-04-29,LONG,2345.0,2328.0,23,1,-391.0,-0.72,SIGNAL
RUN_20260806_095600,ChecklistStrategy,HINDUNILVR,2025-05-02,2025-05-21,LONG,2334.1,2346.0,22,19,261.8,0.51,SIGNAL
RUN_20260806_095600,ChecklistStrategy,HINDUNILVR,2025-05-22,2025-05-28,LONG,2355.0,2388.0,22,6,726.0,1.4,SIGNAL
RUN_20260806_095600,ChecklistStrategy,HINDUNILVR,2025-06-03,2025-06-04,LONG,2365.1,2359.5,22,1,-123.2,-0.24,SIGNAL
RUN_20260806_095600,ChecklistStrategy,HINDUNILVR,2025-07-29,2025-08-04,LONG,2444.8,2547.0,22,6,2248.4,4.18,SIGNAL
RUN_20260806_095600,ChecklistStrategy,HINDUNILVR,2025-08-12,2025-08-18,LONG,2518.0,2539.0,21,6,441.0,0.83,SIGNAL
RUN_20260806_095600,ChecklistStrategy,HINDUNILVR,2025-08-28,2025-08-29,LONG,2748.0,2664.8,20,1,-1664.0,-3.03,STOP_LOSS
RUN_20260806_095600,ChecklistStrategy,HINDUNILVR,2025-09-10,2025-09-15,LONG,2642.0,2580.5,20,5,-1230.0,-2.33,STOP_LOSS
RUN_20260806_095600,ChecklistStrategy,HINDUNILVR,2025-09-25,2025-09-26,LONG,2546.0,2535.0,21,1,-231.0,-0.43,SIGNAL
RUN_20260806_095600,ChecklistStrategy,HINDUNILVR,2025-10-15,2025-10-24,LONG,2502.6,2584.0,21,9,1709.4,3.25,SIGNAL
RUN_20260806_095600,ChecklistStrategy,HINDUNILVR,2026-01-02,2026-02-06,LONG,2326.0,2354.4,23,35,653.2,1.22,SIGNAL
RUN_20260806_095600,ChecklistStrategy,HINDUNILVR,2026-02-09,2026-02-13,LONG,2425.0,2400.0,22,4,-550.0,-1.03,SIGNAL
RUN_20260806_095600,ChecklistStrategy,HINDUNILVR,2026-02-17,2026-03-05,LONG,2309.3,2275.5,23,16,-777.4,-1.46,SIGNAL
RUN_20260806_095600,ChecklistStrategy,HINDUNILVR,2026-04-13,2026-05-15,LONG,2131.0,2248.7,25,32,2942.5,5.52,SIGNAL
RUN_20260806_095600,ChecklistStrategy,HINDUNILVR,2026-05-18,2026-05-19,LONG,2263.1,2242.0,24,1,-506.4,-0.93,SIGNAL
RUN_20260806_095600,ChecklistStrategy,HINDUNILVR,2026-05-27,2026-06-01,LONG,2205.1,2158.5,25,5,-1165.0,-2.11,STOP_LOSS
RUN_20260806_095600,ChecklistStrategy,HINDUNILVR,2026-06-17,2026-06-24,LONG,2201.1,2160.0,24,7,-986.4,-1.87,SIGNAL
RUN_20260806_095600,ChecklistStrategy,HINDUNILVR,2026-07-08,2026-07-09,LONG,2199.0,2139.0,24,1,-1440.0,-2.73,STOP_LOSS
RUN_20260806_095600,ChecklistStrategy,ICICIBANK,2024-04-05,2024-04-29,LONG,1070.0,1108.0,46,24,1748.0,3.55,SIGNAL
RUN_20260806_095600,ChecklistStrategy,ICICIBANK,2024-05-06,2024-05-08,LONG,1141.55,1126.55,44,2,-660.0,-1.31,SIGNAL
RUN_20260806_095600,ChecklistStrategy,ICICIBANK,2024-05-14,2024-05-30,LONG,1125.9,1097.0,44,16,-1271.6,-2.57,STOP_LOSS
RUN_20260806_095600,ChecklistStrategy,ICICIBANK,2024-06-06,2024-06-12,LONG,1118.0,1121.0,44,6,132.0,0.27,SIGNAL
RUN_20260806_095600,ChecklistStrategy,ICICIBANK,2024-06-21,2024-07-24,LONG,1163.55,1225.0,43,33,2642.35,5.28,SIGNAL
RUN_20260806_095600,ChecklistStrategy,ICICIBANK,2024-07-29,2024-07-31,LONG,1215.15,1219.0,42,2,161.7,0.32,SIGNAL
RUN_20260806_095600,ChecklistStrategy,ICICIBANK,2024-09-04,2024-09-05,LONG,1239.85,1238.0,41,1,-75.85,-0.15,SIGNAL
RUN_20260806_095600,ChecklistStrategy,ICICIBANK,2024-09-10,2024-09-30,LONG,1236.95,1292.1,41,20,2261.15,4.46,SIGNAL
RUN_20260806_095600,ChecklistStrategy,ICICIBANK,2024-10-21,2024-10-29,LONG,1264.5,1301.35,41,8,1510.85,2.91,SIGNAL
RUN_20260806_095600,ChecklistStrategy,ICICIBANK,2024-11-06,2024-11-11,LONG,1300.25,1262.0,40,5,-1530.0,-2.94,STOP_LOSS
RUN_20260806_095600,ChecklistStrategy,ICICIBANK,2025-01-31,2025-02-05,LONG,1254.5,1270.2,41,5,643.7,1.25,SIGNAL
RUN_20260806_095600,ChecklistStrategy,ICICIBANK,2025-02-11,2025-02-14,LONG,1255.85,1252.1,41,3,-153.75,-0.3,SIGNAL
RUN_20260806_095600,ChecklistStrategy,ICICIBANK,2025-02-20,2025-02-21,LONG,1255.35,1241.1,41,1,-584.25,-1.14,SIGNAL
RUN_20260806_095600,ChecklistStrategy,ICICIBANK,2025-04-21,2025-04-23,LONG,1436.0,1429.0,37,2,-259.0,-0.49,SIGNAL
RUN_20260806_095600,ChecklistStrategy,ICICIBANK,2025-05-16,2025-05-21,LONG,1453.3,1442.9,35,5,-364.0,-0.72,SIGNAL
RUN_20260806_095600,ChecklistStrategy,ICICIBANK,2025-05-23,2025-06-04,LONG,1442.2,1437.4,35,12,-168.0,-0.33,SIGNAL
RUN_20260806_095600,ChecklistStrategy,ICICIBANK,2025-06-06,2025-06-10,LONG,1448.6,1439.0,35,4,-336.0,-0.66,SIGNAL
RUN_20260806_095600,ChecklistStrategy,ICICIBANK,2025-07-09,2025-08-07,LONG,1436.2,1441.1,35,29,171.5,0.34,SIGNAL
RUN_20260806_095600,ChecklistStrategy,ICICIBANK,2025-10-03,2025-10-06,LONG,1371.9,1371.0,37,3,-33.3,-0.07,SIGNAL
RUN_20260806_095600,ChecklistStrategy,ICICIBANK,2025-10-30,2025-10-31,LONG,1362.4,1357.0,37,1,-199.8,-0.4,SIGNAL
RUN_20260806_095600,ChecklistStrategy,ICICIBANK,2025-11-14,2025-12-26,LONG,1374.0,1356.5,37,42,-647.5,-1.27,SIGNAL
RUN_20260806_095600,ChecklistStrategy,ICICIBANK,2026-02-09,2026-02-25,LONG,1413.5,1391.8,36,16,-781.2,-1.54,SIGNAL
RUN_20260806_095600,ChecklistStrategy,ICICIBANK,2026-02-26,2026-03-04,LONG,1405.1,1326.0,36,6,-2847.6,-5.63,STOP_LOSS
RUN_20260806_095600,ChecklistStrategy,ICICIBANK,2026-03-10,2026-03-16,LONG,1287.6,1255.0,38,6,-1238.8,-2.53,STOP_LOSS
RUN_20260806_095600,ChecklistStrategy,ICICIBANK,2026-05-25,2026-05-27,LONG,1271.0,1286.0,38,2,570.0,1.18,SIGNAL
RUN_20260806_095600,ChecklistStrategy,INDUSINDBK,2024-02-14,2024-02-20,LONG,1450.05,1489.0,34,6,1324.3,2.69,SIGNAL
RUN_20260806_095600,ChecklistStrategy,INDUSINDBK,2024-03-01,2024-03-15,LONG,1480.0,1474.0,34,14,-204.0,-0.41,SIGNAL
RUN_20260806_095600,ChecklistStrategy,INDUSINDBK,2024-03-21,2024-04-05,LONG,1460.0,1552.0,35,15,3220.0,6.3,SIGNAL
RUN_20260806_095600,ChecklistStrategy,INDUSINDBK,2024-04-08,2024-04-18,LONG,1560.0,1502.8,33,10,-1887.6,-3.67,STOP_LOSS
RUN_20260806_095600,ChecklistStrategy,INDUSINDBK,2024-04-30,2024-05-08,LONG,1497.8,1455.0,34,8,-1455.2,-2.86,STOP_LOSS
RUN_20260806_095600,ChecklistStrategy,INDUSINDBK,2024-05-14,2024-05-17,LONG,1407.0,1408.0,35,3,35.0,0.07,SIGNAL
RUN_20260806_095600,ChecklistStrategy,INDUSINDBK,2024-05-23,2024-07-05,LONG,1408.55,1437.0,35,43,995.75,2.02,SIGNAL
RUN_20260806_095600,ChecklistStrategy,INDUSINDBK,2024-08-13,2024-08-22,LONG,1355.0,1384.05,37,9,1074.85,2.14,SIGNAL
RUN_20260806_095600,ChecklistStrategy,INDUSINDBK,2024-08-28,2024-09-30,LONG,1389.05,1467.0,37,33,2884.15,5.61,SIGNAL
RUN_20260806_095600,ChecklistStrategy,INDUSINDBK,2024-10-29,2024-10-30,LONG,1058.8,1037.65,50,1,-1057.5,-2.0,SIGNAL
RUN_20260806_095600,ChecklistStrategy,INDUSINDBK,2024-12-02,2024-12-12,LONG,990.05,986.0,52,10,-210.6,-0.41,SIGNAL
RUN_20260806_095600,ChecklistStrategy,INDUSINDBK,2025-01-08,2025-01-13,LONG,985.9,936.9,53,5,-2597.0,-4.97,STOP_LOSS
RUN_20260806_095600,ChecklistStrategy,INDUSINDBK,2025-01-20,2025-01-22,LONG,966.2,964.45,52,2,-91.0,-0.18,SIGNAL
RUN_20260806_095600,ChecklistStrategy,INDUSINDBK,2025-01-23,2025-01-28,LONG,965.95,937.35,52,5,-1487.2,-2.96,STOP_LOSS
RUN_20260806_095600,ChecklistStrategy,INDUSINDBK,2025-02-18,2025-02-19,LONG,1045.0,1024.1,47,1,-982.3,-2.0,STOP_LOSS
RUN_20260806_095600,ChecklistStrategy,INDUSINDBK,2025-02-20,2025-03-03,LONG,1029.95,978.95,47,11,-2397.0,-4.95,STOP_LOSS
RUN_20260806_095600,ChecklistStrategy,INDUSINDBK,2025-03-27,2025-05-09,LONG,655.3,805.5,73,43,10964.6,22.92,SIGNAL
RUN_20260806_095600,ChecklistStrategy,INDUSINDBK,2025-05-23,2025-07-22,LONG,781.1,880.0,68,60,6725.2,12.66,SIGNAL
RUN_20260806_095600,ChecklistStrategy,INDUSINDBK,2025-09-08,2025-09-15,LONG,759.5,741.0,75,7,-1387.5,-2.44,STOP_LOSS
RUN_20260806_095600,ChecklistStrategy,INDUSINDBK,2025-09-30,2025-11-14,LONG,730.0,864.0,78,45,10452.0,18.36,SIGNAL
RUN_20260806_095600,ChecklistStrategy,INDUSINDBK,2025-12-10,2025-12-11,LONG,847.8,834.45,73,1,-974.55,-1.57,SIGNAL
RUN_20260806_095600,ChecklistStrategy,INDUSINDBK,2025-12-31,2026-01-14,LONG,841.5,913.0,72,14,5148.0,8.5,SIGNAL
RUN_20260806_095600,ChecklistStrategy,INDUSINDBK,2026-01-29,2026-03-10,LONG,899.9,892.0,70,40,-553.0,-0.88,SIGNAL
RUN_20260806_095600,ChecklistStrategy,INDUSINDBK,2026-03-11,2026-03-12,LONG,897.2,870.0,70,1,-1904.0,-3.03,STOP_LOSS
RUN_20260806_095600,ChecklistStrategy,INDUSINDBK,2026-03-19,2026-03-24,LONG,828.2,789.85,74,5,-2837.9,-4.63,STOP_LOSS
RUN_20260806_095600,ChecklistStrategy,INDUSINDBK,2026-03-25,2026-04-01,LONG,802.95,765.95,76,7,-2812.0,-4.61,STOP_LOSS
RUN_20260806_095600,ChecklistStrategy,INDUSINDBK,2026-04-13,2026-04-29,LONG,807.1,891.0,71,16,5956.9,10.4,SIGNAL
RUN_20260806_095600,ChecklistStrategy,INDUSINDBK,2026-06-18,2026-06-24,LONG,937.0,904.05,66,6,-2174.7,-3.52,STOP_LOSS
RUN_20260806_095600,ChecklistStrategy,INFY,2024-02-13,2024-03-05,LONG,1683.0,1634.0,29,21,-1421.0,-2.91,STOP_LOSS
RUN_20260806_095600,ChecklistStrategy,INFY,2024-04-05,2024-04-10,LONG,1480.05,1500.35,33,5,669.9,1.37,SIGNAL
RUN_20260806_095600,ChecklistStrategy,INFY,2024-06-05,2024-08-07,LONG,1400.15,1796.0,35,63,13854.75,28.27,SIGNAL
RUN_20260806_095600,ChecklistStrategy,INFY,2024-08-08,2024-08-09,LONG,1779.95,1771.25,31,1,-269.7,-0.49,SIGNAL
RUN_20260806_095600,ChecklistStrategy,INFY,2024-09-23,2024-09-24,LONG,1909.0,1888.0,29,1,-609.0,-1.1,SIGNAL
RUN_20260806_095600,ChecklistStrategy,INFY,2024-10-03,2024-10-21,LONG,1889.5,1891.1,29,18,46.4,0.08,SIGNAL
RUN_20260806_095600,ChecklistStrategy,INFY,2024-12-10,2024-12-23,LONG,1939.0,1930.05,29,13,-259.55,-0.46,SIGNAL
RUN_20260806_095600,ChecklistStrategy,INFY,2024-12-31,2025-01-06,LONG,1892.3,1952.0,29,6,1731.3,3.15,SIGNAL
RUN_20260806_095600,ChecklistStrategy,INFY,2025-01-09,2025-01-10,LONG,1934.05,1937.0,29,1,85.55,0.15,SIGNAL
RUN_20260806_095600,ChecklistStrategy,INFY,2025-01-16,2025-01-17,LONG,1965.95,1851.0,29,1,-3333.55,-5.85,STOP_LOSS
RUN_20260806_095600,ChecklistStrategy,INFY,2025-03-04,2025-03-13,LONG,1695.0,1599.25,32,9,-3064.0,-5.65,STOP_LOSS
RUN_20260806_095600,ChecklistStrategy,INFY,2025-05-22,2025-05-28,LONG,1555.5,1581.0,34,6,867.0,1.64,SIGNAL
RUN_20260806_095600,ChecklistStrategy,INFY,2025-06-23,2025-06-30,LONG,1601.0,1615.0,33,7,462.0,0.87,SIGNAL
RUN_20260806_095600,ChecklistStrategy,INFY,2025-07-09,2025-07-14,LONG,1637.8,1591.8,33,5,-1518.0,-2.81,STOP_LOSS
RUN_20260806_095600,ChecklistStrategy,INFY,2025-08-08,2025-08-13,LONG,1425.0,1425.0,37,5,0.0,0.0,SIGNAL
RUN_20260806_095600,ChecklistStrategy,INFY,2025-08-14,2025-09-24,LONG,1426.2,1487.2,37,41,2257.0,4.28,SIGNAL
RUN_20260806_095600,ChecklistStrategy,INFY,2025-10-09,2025-10-17,LONG,1502.0,1454.9,36,8,-1695.6,-3.14,STOP_LOSS
RUN_20260806_095600,ChecklistStrategy,INFY,2025-11-10,2025-11-12,LONG,1490.1,1540.0,36,2,1796.4,3.35,SIGNAL
RUN_20260806_095600,ChecklistStrategy,INFY,2025-11-20,2026-01-12,LONG,1555.0,1610.1,35,53,1928.5,3.54,SIGNAL
RUN_20260806_095600,ChecklistStrategy,INFY,2026-01-22,2026-01-28,LONG,1666.0,1680.0,33,6,462.0,0.84,SIGNAL
RUN_20260806_095600,ChecklistStrategy,INFY,2026-02-17,2026-02-19,LONG,1370.0,1385.0,40,2,600.0,1.09,SIGNAL
RUN_20260806_095600,ChecklistStrategy,INFY,2026-04-06,2026-04-23,LONG,1301.4,1254.0,43,17,-2038.2,-3.64,STOP_LOSS
RUN_20260806_095600,ChecklistStrategy,INFY,2026-04-28,2026-05-14,LONG,1162.7,1119.8,46,16,-1973.4,-3.69,STOP_LOSS
RUN_20260806_095600,ChecklistStrategy,INFY,2026-05-18,2026-05-27,LONG,1119.0,1161.0,48,9,2016.0,3.75,SIGNAL
RUN_20260806_095600,ChecklistStrategy,INFY,2026-07-08,2026-07-13,LONG,1071.9,1057.1,51,5,-754.8,-1.38,SIGNAL
RUN_20260806_095600,ChecklistStrategy,INFY,2026-07-14,2026-07-16,LONG,1107.8,1082.5,49,2,-1239.7,-2.28,STOP_LOSS
RUN_20260806_095600,ChecklistStrategy,ITC,2024-02-01,2024-02-05,LONG,425.61,425.61,117,4,0.0,0.0,SIGNAL
RUN_20260806_095600,ChecklistStrategy,ITC,2024-03-13,2024-03-14,LONG,418.87,406.3,128,1,-1608.45,-3.0,STOP_LOSS
RUN_20260806_095600,ChecklistStrategy,ITC,2024-03-21,2024-04-01,LONG,403.46,413.19,122,11,1186.5,2.41,SIGNAL
RUN_20260806_095600,ChecklistStrategy,ITC,2024-04-08,2024-04-19,LONG,412.42,402.5,120,11,-1190.16,-2.41,STOP_LOSS
RUN_20260806_095600,ChecklistStrategy,ITC,2024-04-24,2024-05-14,LONG,413.33,414.54,118,20,142.03,0.29,SIGNAL
RUN_20260806_095600,ChecklistStrategy,ITC,2024-05-17,2024-06-05,LONG,416.36,406.35,118,19,-1181.69,-2.4,STOP_LOSS
RUN_20260806_095600,ChecklistStrategy,ITC,2024-06-10,2024-06-14,LONG,423.68,415.02,114,4,-987.95,-2.04,STOP_LOSS
RUN_20260806_095600,ChecklistStrategy,ITC,2024-07-04,2024-07-23,LONG,414.05,449.25,116,19,4082.57,8.5,SIGNAL
RUN_20260806_095600,ChecklistStrategy,ITC,2024-07-24,2024-07-25,LONG,477.61,471.83,105,1,-606.64,-1.21,SIGNAL
RUN_20260806_095600,ChecklistStrategy,ITC,2024-09-10,2024-09-12,LONG,492.92,496.0,101,2,311.21,0.62,SIGNAL
RUN_20260806_095600,ChecklistStrategy,ITC,2024-11-07,2024-11-18,LONG,463.88,448.72,107,11,-1622.75,-3.27,STOP_LOSS
RUN_20260806_095600,ChecklistStrategy,ITC,2024-11-25,2024-12-05,LONG,461.24,450.21,107,10,-1179.71,-2.39,STOP_LOSS
RUN_20260806_095600,ChecklistStrategy,ITC,2024-12-16,2024-12-20,LONG,452.81,449.2,107,4,-386.37,-0.8,SIGNAL
RUN_20260806_095600,ChecklistStrategy,ITC,2024-12-23,2025-01-06,LONG,453.73,455.6,107,14,200.55,0.41,SIGNAL
RUN_20260806_095600,ChecklistStrategy,ITC,2025-01-31,2025-02-04,LONG,436.5,458.0,110,4,2365.0,4.93,SIGNAL
RUN_20260806_095600,ChecklistStrategy,ITC,2025-03-06,2025-04-22,LONG,409.15,425.95,122,47,2049.6,4.11,SIGNAL
RUN_20260806_095600,ChecklistStrategy,ITC,2025-05-09,2025-05-19,LONG,425.95,435.0,117,10,1058.85,2.12,SIGNAL
RUN_20260806_095600,ChecklistStrategy,ITC,2025-08-01,2025-08-21,LONG,412.4,406.05,123,20,-781.05,-1.54,SIGNAL
RUN_20260806_095600,ChecklistStrategy,ITC,2025-09-03,2025-09-09,LONG,408.5,408.5,124,6,0.0,0.0,SIGNAL
RUN_20260806_095600,ChecklistStrategy,ITC,2025-09-19,2025-09-22,LONG,411.55,410.65,123,3,-110.7,-0.22,SIGNAL
RUN_20260806_095600,ChecklistStrategy,ITC,2025-09-29,2025-09-30,LONG,406.9,406.75,124,1,-18.6,-0.04,SIGNAL
RUN_20260806_095600,ChecklistStrategy,ITC,2025-10-03,2025-10-06,LONG,404.9,403.0,124,3,-235.6,-0.47,SIGNAL
RUN_20260806_095600,ChecklistStrategy,ITC,2025-10-16,2025-10-29,LONG,401.0,418.2,126,13,2167.2,4.29,SIGNAL
RUN_20260806_095600,ChecklistStrategy,ITC,2025-11-17,2025-11-25,LONG,409.75,403.55,126,8,-781.2,-1.51,SIGNAL
RUN_20260806_095600,ChecklistStrategy,ITC,2026-01-01,2026-01-02,LONG,402.7,360.0,126,1,-5380.2,-10.6,STOP_LOSS
RUN_20260806_095600,ChecklistStrategy,ITC,2026-02-02,2026-03-05,LONG,309.45,312.2,150,31,412.5,0.89,SIGNAL
RUN_20260806_095600,ChecklistStrategy,ITC,2026-03-11,2026-03-16,LONG,309.05,302.55,157,5,-1020.5,-2.1,STOP_LOSS
RUN_20260806_095600,ChecklistStrategy,ITC,2026-03-27,2026-04-01,LONG,294.7,293.0,162,5,-275.4,-0.58,SIGNAL
RUN_20260806_095600,ChecklistStrategy,ITC,2026-04-22,2026-04-27,LONG,310.0,303.65,154,5,-977.9,-2.05,STOP_LOSS
RUN_20260806_095600,ChecklistStrategy,ITC,2026-04-28,2026-05-07,LONG,304.4,311.45,155,9,1092.75,2.32,SIGNAL
RUN_20260806_095600,ChecklistStrategy,ITC,2026-06-05,2026-07-01,LONG,280.0,287.85,170,26,1334.5,2.8,SIGNAL
RUN_20260806_095600,ChecklistStrategy,ITC,2026-07-02,2026-07-09,LONG,290.7,281.25,167,7,-1578.15,-3.25,STOP_LOSS
RUN_20260806_095600,ChecklistStrategy,JIOFIN,2024-05-24,2024-05-28,LONG,368.5,361.0,135,4,-1012.5,-2.04,STOP_LOSS
RUN_20260806_095600,ChecklistStrategy,JIOFIN,2024-06-06,2024-07-02,LONG,350.0,353.2,143,26,457.6,0.91,SIGNAL
RUN_20260806_095600,ChecklistStrategy,JIOFIN,2024-09-10,2024-10-01,LONG,343.95,352.0,145,21,1167.25,2.34,SIGNAL
RUN_20260806_095600,ChecklistStrategy,JIOFIN,2024-10-03,2024-10-08,LONG,345.0,334.75,143,5,-1465.75,-2.97,STOP_LOSS
RUN_20260806_095600,ChecklistStrategy,JIOFIN,2024-12-02,2024-12-20,LONG,326.0,314.75,150,18,-1687.5,-3.45,STOP_LOSS
RUN_20260806_095600,ChecklistStrategy,JIOFIN,2025-01-15,2025-01-22,LONG,275.0,261.7,178,7,-2367.4,-4.84,STOP_LOSS
RUN_20260806_095600,ChecklistStrategy,JIOFIN,2025-01-23,2025-01-24,LONG,263.5,256.0,180,1,-1350.0,-2.85,STOP_LOSS
RUN_20260806_095600,ChecklistStrategy,JIOFIN,2025-03-10,2025-03-11,LONG,222.6,214.7,210,1,-1659.0,-3.55,STOP_LOSS
RUN_20260806_095600,ChecklistStrategy,JIOFIN,2025-04-03,2025-04-07,LONG,227.0,203.1,199,4,-4756.1,-10.53,STOP_LOSS
RUN_20260806_095600,ChecklistStrategy,JIOFIN,2025-05-02,2025-05-07,LONG,262.9,245.05,167,5,-2980.95,-6.79,STOP_LOSS
RUN_20260806_095600,ChecklistStrategy,JIOFIN,2025-05-28,2025-05-30,LONG,296.05,288.0,144,2,-1159.2,-2.72,STOP_LOSS
RUN_20260806_095600,ChecklistStrategy,JIOFIN,2025-06-23,2025-07-10,LONG,288.55,330.5,140,17,5873.0,14.54,SIGNAL
RUN_20260806_095600,ChecklistStrategy,JIOFIN,2025-07-16,2025-07-23,LONG,321.0,311.6,138,7,-1297.2,-2.93,STOP_LOSS
RUN_20260806_095600,ChecklistStrategy,JIOFIN,2025-07-30,2025-08-28,LONG,323.0,315.75,136,29,-986.0,-2.24,STOP_LOSS
RUN_20260806_095600,ChecklistStrategy,JIOFIN,2025-09-01,2025-09-11,LONG,311.7,310.05,138,10,-227.7,-0.53,SIGNAL
RUN_20260806_095600,ChecklistStrategy,JIOFIN,2025-10-10,2025-10-15,LONG,307.0,305.6,140,5,-196.0,-0.46,SIGNAL
RUN_20260806_095600,ChecklistStrategy,JIOFIN,2025-10-16,2025-10-21,LONG,314.05,311.45,137,5,-356.2,-0.83,SIGNAL
RUN_20260806_095600,ChecklistStrategy,JIOFIN,2026-01-08,2026-01-09,LONG,303.3,292.0,140,1,-1582.0,-3.73,STOP_LOSS
RUN_20260806_095600,ChecklistStrategy,JIOFIN,2026-01-13,2026-01-14,LONG,289.1,281.95,145,1,-1036.75,-2.47,STOP_LOSS
RUN_20260806_095600,ChecklistStrategy,JIOFIN,2026-01-28,2026-02-03,LONG,257.85,260.05,161,6,354.2,0.85,SIGNAL
RUN_20260806_095600,ChecklistStrategy,JIOFIN,2026-02-11,2026-02-16,LONG,271.0,262.05,153,5,-1369.35,-3.3,STOP_LOSS
RUN_20260806_095600,ChecklistStrategy,JIOFIN,2026-03-06,2026-03-10,LONG,242.2,236.95,168,4,-882.0,-2.17,STOP_LOSS
RUN_20260806_095600,ChecklistStrategy,JIOFIN,2026-03-11,2026-03-12,LONG,237.9,237.4,171,1,-85.5,-0.21,SIGNAL
RUN_20260806_095600,ChecklistStrategy,JIOFIN,2026-03-25,2026-04-01,LONG,235.0,233.04,173,7,-339.08,-0.83,SIGNAL
RUN_20260806_095600,ChecklistStrategy,JIOFIN,2026-04-02,2026-04-17,LONG,227.85,242.02,173,15,2451.41,6.22,SIGNAL
RUN_20260806_095600,ChecklistStrategy,JIOFIN,2026-04-20,2026-04-21,LONG,242.0,237.27,169,1,-799.37,-1.95,SIGNAL
RUN_20260806_095600,ChecklistStrategy,JIOFIN,2026-04-23,2026-05-13,LONG,240.0,231.0,171,20,-1539.0,-3.75,STOP_LOSS
RUN_20260806_095600,ChecklistStrategy,JIOFIN,2026-07-22,2026-07-24,LONG,239.36,232.0,167,2,-1229.12,-3.07,STOP_LOSS
RUN_20260806_095600,ChecklistStrategy,JSWSTEEL,2024-02-01,2024-02-02,LONG,822.0,809.25,61,1,-777.75,-1.55,SIGNAL
RUN_20260806_095600,ChecklistStrategy,JSWSTEEL,2024-02-21,2024-02-22,LONG,821.0,831.0,60,1,600.0,1.22,SIGNAL
RUN_20260806_095600,ChecklistStrategy,JSWSTEEL,2024-03-15,2024-03-20,LONG,782.1,802.2,63,5,1266.3,2.57,SIGNAL
RUN_20260806_095600,ChecklistStrategy,JSWSTEEL,2024-04-22,2024-05-06,LONG,867.1,879.7,58,14,730.8,1.45,SIGNAL
RUN_20260806_095600,ChecklistStrategy,JSWSTEEL,2024-05-07,2024-05-08,LONG,880.65,850.4,57,1,-1724.25,-3.43,STOP_LOSS
RUN_20260806_095600,ChecklistStrategy,JSWSTEEL,2024-05-29,2024-06-03,LONG,899.6,912.0,55,5,682.0,1.38,SIGNAL
RUN_20260806_095600,ChecklistStrategy,JSWSTEEL,2024-06-04,2024-06-05,LONG,914.0,857.0,54,1,-3078.0,-6.24,STOP_LOSS
RUN_20260806_095600,ChecklistStrategy,JSWSTEEL,2024-06-13,2024-07-22,LONG,917.55,875.5,53,39,-2228.65,-4.58,STOP_LOSS
RUN_20260806_095600,ChecklistStrategy,JSWSTEEL,2024-08-07,2024-09-12,LONG,899.0,935.8,53,36,1950.4,4.09,SIGNAL
RUN_20260806_095600,ChecklistStrategy,JSWSTEEL,2024-11-06,2024-11-08,LONG,1000.0,994.0,48,2,-288.0,-0.6,SIGNAL
RUN_20260806_095600,ChecklistStrategy,JSWSTEEL,2024-11-11,2024-11-13,LONG,988.0,953.5,48,2,-1656.0,-3.49,STOP_LOSS
RUN_20260806_095600,ChecklistStrategy,JSWSTEEL,2024-12-02,2024-12-04,LONG,965.9,996.1,49,2,1479.8,3.13,SIGNAL
RUN_20260806_095600,ChecklistStrategy,JSWSTEEL,2024-12-06,2024-12-18,LONG,999.9,967.05,48,12,-1576.8,-3.29,STOP_LOSS
RUN_20260806_095600,ChecklistStrategy,JSWSTEEL,2025-01-30,2025-02-01,LONG,937.9,947.85,50,2,497.5,1.06,SIGNAL
RUN_20260806_095600,ChecklistStrategy,JSWSTEEL,2025-02-28,2025-03-07,LONG,968.1,1011.0,48,7,2059.2,4.43,SIGNAL
RUN_20260806_095600,ChecklistStrategy,JSWSTEEL,2025-04-29,2025-05-02,LONG,1055.0,1021.2,46,3,-1554.8,-3.2,STOP_LOSS
RUN_20260806_095600,ChecklistStrategy,JSWSTEEL,2025-05-23,2025-06-03,LONG,1011.0,980.05,47,11,-1454.65,-3.06,STOP_LOSS
RUN_20260806_095600,ChecklistStrategy,JSWSTEEL,2025-06-09,2025-06-13,LONG,1006.3,984.7,46,4,-993.6,-2.15,STOP_LOSS
RUN_20260806_095600,ChecklistStrategy,JSWSTEEL,2025-07-02,2025-08-11,LONG,1031.0,1049.2,45,40,819.0,1.77,SIGNAL
RUN_20260806_095600,ChecklistStrategy,JSWSTEEL,2025-08-12,2025-09-01,LONG,1054.8,1026.6,44,20,-1240.8,-2.67,STOP_LOSS
RUN_20260806_095600,ChecklistStrategy,JSWSTEEL,2025-09-05,2025-09-26,LONG,1069.0,1155.0,43,21,3698.0,8.04,SIGNAL
RUN_20260806_095600,ChecklistStrategy,JSWSTEEL,2025-10-23,2025-10-24,LONG,1161.0,1140.0,41,1,-861.0,-1.81,SIGNAL
RUN_20260806_095600,ChecklistStrategy,JSWSTEEL,2025-11-18,2025-11-19,LONG,1179.9,1167.5,40,1,-496.0,-1.05,SIGNAL
RUN_20260806_095600,ChecklistStrategy,JSWSTEEL,2025-12-04,2025-12-09,LONG,1159.0,1118.0,41,5,-1681.0,-3.54,STOP_LOSS
RUN_20260806_095600,ChecklistStrategy,JSWSTEEL,2026-01-15,2026-01-19,LONG,1181.8,1187.4,39,4,218.4,0.47,SIGNAL
RUN_20260806_095600,ChecklistStrategy,JSWSTEEL,2026-01-22,2026-01-27,LONG,1180.0,1197.0,39,5,663.0,1.44,SIGNAL
RUN_20260806_095600,ChecklistStrategy,JSWSTEEL,2026-02-03,2026-03-09,LONG,1225.0,1203.0,39,34,-858.0,-1.8,SIGNAL
RUN_20260806_095600,ChecklistStrategy,JSWSTEEL,2026-03-17,2026-03-24,LONG,1147.0,1131.9,40,7,-604.0,-1.32,SIGNAL
RUN_20260806_095600,ChecklistStrategy,JSWSTEEL,2026-05-19,2026-06-09,LONG,1298.0,1265.0,35,21,-1155.0,-2.54,STOP_LOSS
RUN_20260806_095600,ChecklistStrategy,JSWSTEEL,2026-06-18,2026-06-24,LONG,1288.0,1240.0,35,6,-1680.0,-3.73,STOP_LOSS
RUN_20260806_095600,ChecklistStrategy,JSWSTEEL,2026-07-20,2026-07-23,LONG,1252.7,1256.0,36,3,118.8,0.26,SIGNAL
RUN_20260806_095600,ChecklistStrategy,KOTAKBANK,2024-02-01,2024-02-07,LONG,366.0,358.2,136,6,-1060.8,-2.13,STOP_LOSS
RUN_20260806_095600,ChecklistStrategy,KOTAKBANK,2024-03-01,2024-04-01,LONG,339.1,359.0,146,31,2905.4,5.87,SIGNAL
RUN_20260806_095600,ChecklistStrategy,KOTAKBANK,2024-04-05,2024-04-26,LONG,349.81,328.49,145,21,-3091.4,-6.09,STOP_LOSS
RUN_20260806_095600,ChecklistStrategy,KOTAKBANK,2024-04-30,2024-05-02,LONG,328.08,318.0,150,2,-1512.0,-3.07,STOP_LOSS
RUN_20260806_095600,ChecklistStrategy,KOTAKBANK,2024-05-23,2024-06-03,LONG,340.0,344.29,142,11,609.18,1.26,SIGNAL
RUN_20260806_095600,ChecklistStrategy,KOTAKBANK,2024-06-19,2024-06-21,LONG,345.8,354.0,142,2,1164.4,2.37,SIGNAL
RUN_20260806_095600,ChecklistStrategy,KOTAKBANK,2024-09-11,2024-10-10,LONG,359.0,361.98,137,29,408.26,0.83,SIGNAL
RUN_20260806_095600,ChecklistStrategy,KOTAKBANK,2024-10-21,2024-10-22,LONG,370.0,358.39,132,1,-1532.52,-3.14,STOP_LOSS
RUN_20260806_095600,ChecklistStrategy,KOTAKBANK,2024-11-22,2024-11-29,LONG,346.8,351.4,140,7,644.0,1.33,SIGNAL
RUN_20260806_095600,ChecklistStrategy,KOTAKBANK,2024-12-16,2024-12-20,LONG,360.6,351.0,136,4,-1305.6,-2.66,STOP_LOSS
RUN_20260806_095600,ChecklistStrategy,KOTAKBANK,2025-01-01,2025-01-14,LONG,355.85,349.92,135,13,-800.55,-1.67,SIGNAL
RUN_20260806_095600,ChecklistStrategy,KOTAKBANK,2025-02-07,2025-02-14,LONG,384.2,394.8,125,7,1325.0,2.76,SIGNAL
RUN_20260806_095600,ChecklistStrategy,KOTAKBANK,2025-02-19,2025-02-21,LONG,392.79,394.11,124,2,163.68,0.34,SIGNAL
RUN_20260806_095600,ChecklistStrategy,KOTAKBANK,2025-06-27,2025-07-01,LONG,442.0,432.7,110,4,-1023.0,-2.1,STOP_LOSS
RUN_20260806_095600,ChecklistStrategy,KOTAKBANK,2025-07-02,2025-07-04,LONG,437.0,424.8,110,2,-1342.0,-2.79,STOP_LOSS
RUN_20260806_095600,ChecklistStrategy,KOTAKBANK,2025-07-17,2025-07-18,LONG,435.0,433.52,109,1,-161.32,-0.34,SIGNAL
RUN_20260806_095600,ChecklistStrategy,KOTAKBANK,2025-07-30,2025-07-31,LONG,393.22,388.24,120,1,-597.6,-1.27,SIGNAL
RUN_20260806_095600,ChecklistStrategy,KOTAKBANK,2025-08-01,2025-08-19,LONG,396.6,398.8,119,18,261.8,0.55,SIGNAL
RUN_20260806_095600,ChecklistStrategy,KOTAKBANK,2025-09-04,2025-09-16,LONG,392.2,395.28,120,12,369.6,0.79,SIGNAL
RUN_20260806_095600,ChecklistStrategy,KOTAKBANK,2025-10-03,2025-11-03,LONG,412.66,420.44,114,31,886.92,1.89,SIGNAL
RUN_20260806_095600,ChecklistStrategy,KOTAKBANK,2025-12-12,2026-01-05,LONG,436.34,439.38,109,24,331.36,0.7,SIGNAL
RUN_20260806_095600,ChecklistStrategy,KOTAKBANK,2026-01-13,2026-01-27,LONG,425.38,415.0,112,14,-1162.56,-2.44,STOP_LOSS
RUN_20260806_095600,ChecklistStrategy,KOTAKBANK,2026-02-19,2026-02-20,LONG,425.7,415.0,111,1,-1187.7,-2.51,STOP_LOSS
RUN_20260806_095600,ChecklistStrategy,KOTAKBANK,2026-03-17,2026-03-24,LONG,369.85,363.0,126,7,-863.1,-1.85,SIGNAL
RUN_20260806_095600,ChecklistStrategy,KOTAKBANK,2026-04-13,2026-06-08,LONG,367.95,373.0,123,56,621.15,1.37,SIGNAL
RUN_20260806_095600,ChecklistStrategy,KOTAKBANK,2026-07-08,2026-07-09,LONG,378.5,371.5,122,1,-854.0,-1.85,SIGNAL
RUN_20260806_095600,ChecklistStrategy,KOTAKBANK,2026-07-10,2026-07-15,LONG,377.45,379.35,122,5,231.8,0.5,SIGNAL
RUN_20260806_095600,ChecklistStrategy,LT,2024-01-25,2024-02-01,LONG,3599.9,3480.0,13,7,-1558.7,-3.33,STOP_LOSS
RUN_20260806_095600,ChecklistStrategy,LT,2024-03-01,2024-03-18,LONG,3501.65,3537.15,14,17,497.0,1.01,SIGNAL
RUN_20260806_095600,ChecklistStrategy,LT,2024-03-19,2024-04-16,LONG,3541.0,3580.05,13,28,507.65,1.1,SIGNAL
RUN_20260806_095600,ChecklistStrategy,LT,2024-05-14,2024-06-03,LONG,3300.0,3855.4,15,20,8331.0,16.83,SIGNAL
RUN_20260806_095600,ChecklistStrategy,LT,2024-06-06,2024-06-24,LONG,3438.0,3520.35,15,18,1235.25,2.4,SIGNAL
RUN_20260806_095600,ChecklistStrategy,LT,2024-07-08,2024-07-24,LONG,3640.1,3549.0,15,16,-1366.5,-2.5,STOP_LOSS
RUN_20260806_095600,ChecklistStrategy,LT,2024-08-19,2024-09-06,LONG,3599.85,3615.1,15,18,228.75,0.42,SIGNAL
RUN_20260806_095600,ChecklistStrategy,LT,2024-09-25,2024-09-27,LONG,3787.55,3738.0,14,2,-693.7,-1.31,SIGNAL
RUN_20260806_095600,ChecklistStrategy,LT,2024-11-11,2024-11-14,LONG,3646.0,3558.0,14,3,-1232.0,-2.41,STOP_LOSS
RUN_20260806_095600,ChecklistStrategy,LT,2024-12-02,2024-12-20,LONG,3706.85,3716.35,14,18,133.0,0.26,SIGNAL
RUN_20260806_095600,ChecklistStrategy,LT,2025-04-08,2025-04-11,LONG,3124.95,3114.0,17,3,-186.15,-0.35,SIGNAL
RUN_20260806_095600,ChecklistStrategy,LT,2025-04-15,2025-04-23,LONG,3180.0,3275.4,16,8,1526.4,3.0,SIGNAL
RUN_20260806_095600,ChecklistStrategy,LT,2025-04-25,2025-05-09,LONG,3310.0,3331.0,16,14,336.0,0.63,SIGNAL
RUN_20260806_095600,ChecklistStrategy,LT,2025-06-02,2025-06-16,LONG,3675.1,3575.5,14,14,-1394.4,-2.71,STOP_LOSS
RUN_20260806_095600,ChecklistStrategy,LT,2025-06-20,2025-06-30,LONG,3614.0,3682.0,14,10,952.0,1.88,SIGNAL
RUN_20260806_095600,ChecklistStrategy,LT,2025-08-05,2025-08-13,LONG,3630.0,3696.0,14,8,924.0,1.82,SIGNAL
RUN_20260806_095600,ChecklistStrategy,LT,2025-08-22,2025-09-02,LONG,3610.0,3598.4,14,11,-162.4,-0.32,SIGNAL
RUN_20260806_095600,ChecklistStrategy,LT,2025-09-04,2025-09-05,LONG,3622.9,3592.8,14,1,-421.4,-0.83,SIGNAL
RUN_20260806_095600,ChecklistStrategy,LT,2025-09-24,2025-09-26,LONG,3657.6,3664.0,14,2,89.6,0.17,SIGNAL
RUN_20260806_095600,ChecklistStrategy,LT,2025-11-10,2025-11-17,LONG,3895.0,4004.4,13,7,1422.2,2.81,SIGNAL
RUN_20260806_095600,ChecklistStrategy,LT,2025-12-31,2026-01-09,LONG,4058.0,4029.0,13,9,-377.0,-0.71,SIGNAL
RUN_20260806_095600,ChecklistStrategy,LT,2026-01-13,2026-01-14,LONG,4028.0,3900.0,13,1,-1664.0,-3.18,STOP_LOSS
RUN_20260806_095600,ChecklistStrategy,LT,2026-01-23,2026-03-09,LONG,3798.0,3850.0,14,45,728.0,1.37,SIGNAL
RUN_20260806_095600,ChecklistStrategy,LT,2026-03-10,2026-03-12,LONG,3936.0,3825.0,13,2,-1443.0,-2.82,STOP_LOSS
RUN_20260806_095600,ChecklistStrategy,LT,2026-03-17,2026-03-24,LONG,3478.0,3440.0,15,7,-570.0,-1.09,SIGNAL
RUN_20260806_095600,ChecklistStrategy,LT,2026-04-13,2026-05-06,LONG,3825.0,3974.0,13,23,1937.0,3.9,SIGNAL
RUN_20260806_095600,ChecklistStrategy,LT,2026-05-07,2026-05-12,LONG,4028.0,3925.1,13,5,-1337.7,-2.55,STOP_LOSS
RUN_20260806_095600,ChecklistStrategy,LT,2026-06-03,2026-06-04,LONG,4000.9,3945.0,13,1,-726.7,-1.4,SIGNAL
RUN_20260806_095600,ChecklistStrategy,M&M,2024-02-01,2024-02-02,LONG,1659.25,1655.0,30,1,-127.5,-0.26,SIGNAL
RUN_20260806_095600,ChecklistStrategy,M&M,2024-03-01,2024-03-12,LONG,1933.6,1892.0,25,11,-1040.0,-2.15,STOP_LOSS
RUN_20260806_095600,ChecklistStrategy,M&M,2024-03-13,2024-03-14,LONG,1896.0,1853.7,26,1,-1099.8,-2.23,STOP_LOSS
RUN_20260806_095600,ChecklistStrategy,M&M,2024-03-15,2024-03-18,LONG,1875.0,1807.95,25,3,-1676.25,-3.58,STOP_LOSS
RUN_20260806_095600,ChecklistStrategy,M&M,2024-04-30,2024-05-13,LONG,2073.05,2208.0,23,13,3103.85,6.51,SIGNAL
RUN_20260806_095600,ChecklistStrategy,M&M,2024-05-15,2024-06-03,LONG,2281.3,2575.05,21,19,6168.75,12.88,SIGNAL
RUN_20260806_095600,ChecklistStrategy,M&M,2024-06-06,2024-06-19,LONG,2745.0,2975.0,19,13,4370.0,8.38,SIGNAL
RUN_20260806_095600,ChecklistStrategy,M&M,2024-07-23,2024-08-05,LONG,2824.0,2679.65,19,13,-2742.65,-5.11,STOP_LOSS
RUN_20260806_095600,ChecklistStrategy,M&M,2024-08-21,2024-09-09,LONG,2774.0,2688.15,19,19,-1631.15,-3.09,STOP_LOSS
RUN_20260806_095600,ChecklistStrategy,M&M,2024-10-08,2024-10-18,LONG,3074.0,2945.35,17,10,-2187.05,-4.19,STOP_LOSS
RUN_20260806_095600,ChecklistStrategy,M&M,2024-11-06,2024-11-08,LONG,2910.0,2910.0,17,2,0.0,0.0,SIGNAL
RUN_20260806_095600,ChecklistStrategy,M&M,2024-12-02,2024-12-23,LONG,2984.0,2918.0,17,21,-1122.0,-2.21,STOP_LOSS
RUN_20260806_095600,ChecklistStrategy,M&M,2025-01-10,2025-01-14,LONG,3110.0,3000.0,16,4,-1760.0,-3.54,STOP_LOSS
RUN_20260806_095600,ChecklistStrategy,M&M,2025-01-15,2025-01-16,LONG,3057.1,2978.15,16,1,-1263.2,-2.58,STOP_LOSS
RUN_20260806_095600,ChecklistStrategy,M&M,2025-01-24,2025-01-27,LONG,2875.0,2772.3,17,3,-1745.9,-3.57,STOP_LOSS
RUN_20260806_095600,ChecklistStrategy,M&M,2025-04-21,2025-06-06,LONG,2699.9,3041.6,18,46,6150.6,12.66,SIGNAL
RUN_20260806_095600,ChecklistStrategy,M&M,2025-06-09,2025-06-13,LONG,3130.0,2932.0,16,4,-3168.0,-6.33,STOP_LOSS
RUN_20260806_095600,ChecklistStrategy,M&M,2025-07-04,2025-07-14,LONG,3161.1,3072.8,15,10,-1324.5,-2.79,STOP_LOSS
RUN_20260806_095600,ChecklistStrategy,M&M,2025-07-22,2025-08-04,LONG,3246.7,3170.0,15,13,-1150.5,-2.36,STOP_LOSS
RUN_20260806_095600,ChecklistStrategy,M&M,2025-08-05,2025-09-04,LONG,3195.0,3527.0,15,30,4980.0,10.39,SIGNAL
RUN_20260806_095600,ChecklistStrategy,M&M,2025-11-10,2025-12-16,LONG,3690.2,3581.0,13,36,-1419.6,-2.96,STOP_LOSS
RUN_20260806_095600,ChecklistStrategy,M&M,2025-12-19,2025-12-29,LONG,3571.0,3622.7,14,10,723.8,1.45,SIGNAL
RUN_20260806_095600,ChecklistStrategy,M&M,2025-12-31,2026-01-06,LONG,3653.0,3788.0,13,6,1755.0,3.7,SIGNAL
RUN_20260806_095600,ChecklistStrategy,M&M,2026-01-29,2026-01-30,LONG,3449.2,3283.0,14,1,-2326.8,-4.82,STOP_LOSS
RUN_20260806_095600,ChecklistStrategy,M&M,2026-02-05,2026-02-12,LONG,3592.0,3698.2,14,7,1486.8,2.96,SIGNAL
RUN_20260806_095600,ChecklistStrategy,M&M,2026-03-11,2026-03-12,LONG,3276.0,3115.1,15,1,-2413.5,-4.91,STOP_LOSS
RUN_20260806_095600,ChecklistStrategy,M&M,2026-03-17,2026-03-24,LONG,3052.0,3030.0,16,7,-352.0,-0.72,SIGNAL
RUN_20260806_095600,ChecklistStrategy,M&M,2026-04-21,2026-04-24,LONG,3212.0,3047.7,15,3,-2464.5,-5.12,STOP_LOSS
RUN_20260806_095600,ChecklistStrategy,M&M,2026-05-01,2026-05-25,LONG,3097.5,3134.7,15,24,558.0,1.2,SIGNAL
RUN_20260806_095600,ChecklistStrategy,M&M,2026-06-12,2026-06-15,LONG,3025.1,3090.0,16,3,1038.4,2.15,SIGNAL
RUN_20260806_095600,ChecklistStrategy,M&M,2026-07-22,2026-07-30,LONG,3198.0,3220.0,15,8,330.0,0.69,SIGNAL
RUN_20260806_095600,ChecklistStrategy,MARUTI,2024-03-01,2024-03-07,LONG,11295.0,11571.05,4,6,1104.2,2.44,SIGNAL
RUN_20260806_095600,ChecklistStrategy,MARUTI,2024-03-13,2024-04-26,LONG,11510.0,12922.0,4,44,5648.0,12.27,SIGNAL
RUN_20260806_095600,ChecklistStrategy,MARUTI,2024-05-14,2024-06-03,LONG,12673.85,12825.0,4,20,604.6,1.19,SIGNAL
RUN_20260806_095600,ChecklistStrategy,MARUTI,2024-06-28,2024-07-02,LONG,12184.95,12149.95,4,4,-140.0,-0.29,SIGNAL
RUN_20260806_095600,ChecklistStrategy,MARUTI,2024-07-19,2024-08-06,LONG,12650.0,12390.0,4,18,-1040.0,-2.06,STOP_LOSS
RUN_20260806_095600,ChecklistStrategy,MARUTI,2024-09-18,2024-10-23,LONG,12240.05,11923.3,4,35,-1267.0,-2.59,STOP_LOSS
RUN_20260806_095600,ChecklistStrategy,MARUTI,2024-12-06,2024-12-13,LONG,11200.0,11137.4,4,7,-250.4,-0.56,SIGNAL
RUN_20260806_095600,ChecklistStrategy,MARUTI,2025-02-01,2025-02-04,LONG,12320.0,13250.0,4,3,3720.0,7.55,SIGNAL
RUN_20260806_095600,ChecklistStrategy,MARUTI,2025-04-09,2025-04-23,LONG,11460.1,11799.0,4,14,1355.6,2.96,SIGNAL
RUN_20260806_095600,ChecklistStrategy,MARUTI,2025-05-26,2025-05-27,LONG,12455.0,12421.0,4,1,-136.0,-0.27,SIGNAL
RUN_20260806_095600,ChecklistStrategy,MARUTI,2025-06-26,2025-07-01,LONG,12780.0,12450.0,4,5,-1320.0,-2.58,STOP_LOSS
RUN_20260806_095600,ChecklistStrategy,MARUTI,2025-07-03,2025-07-18,LONG,12630.0,12525.0,4,15,-420.0,-0.83,SIGNAL
RUN_20260806_095600,ChecklistStrategy,MARUTI,2025-07-30,2025-08-25,LONG,12431.0,14401.0,4,26,7880.0,15.85,SIGNAL
RUN_20260806_095600,ChecklistStrategy,MARUTI,2025-10-31,2025-11-04,LONG,16204.0,15607.0,3,4,-1791.0,-3.68,STOP_LOSS
RUN_20260806_095600,ChecklistStrategy,MARUTI,2025-11-24,2026-01-14,LONG,16005.0,16390.0,3,51,1155.0,2.41,SIGNAL
RUN_20260806_095600,ChecklistStrategy,MARUTI,2026-01-20,2026-01-22,LONG,16200.0,15950.0,3,2,-750.0,-1.54,SIGNAL
RUN_20260806_095600,ChecklistStrategy,MARUTI,2026-02-02,2026-03-10,LONG,14251.0,13721.0,3,36,-1590.0,-3.72,STOP_LOSS
RUN_20260806_095600,ChecklistStrategy,MARUTI,2026-04-16,2026-04-27,LONG,13380.0,13153.0,4,11,-908.0,-1.7,SIGNAL
RUN_20260806_095600,ChecklistStrategy,MARUTI,2026-06-24,2026-07-21,LONG,13440.0,13520.0,4,27,320.0,0.6,SIGNAL
RUN_20260806_095600,ChecklistStrategy,NESTLEIND,2024-02-23,2024-03-13,LONG,1282.5,1297.47,39,19,584.02,1.17,SIGNAL
RUN_20260806_095600,ChecklistStrategy,NESTLEIND,2024-05-13,2024-05-16,LONG,1266.38,1235.0,39,3,-1223.62,-2.48,STOP_LOSS
RUN_20260806_095600,ChecklistStrategy,NESTLEIND,2024-05-30,2024-05-31,LONG,1232.53,1212.8,40,1,-789.0,-1.6,SIGNAL
RUN_20260806_095600,ChecklistStrategy,NESTLEIND,2024-06-10,2024-07-02,LONG,1255.0,1292.7,39,22,1470.3,3.0,SIGNAL
RUN_20260806_095600,ChecklistStrategy,NESTLEIND,2024-07-04,2024-07-10,LONG,1280.0,1318.95,39,6,1519.05,3.04,SIGNAL
RUN_20260806_095600,ChecklistStrategy,NESTLEIND,2024-07-15,2024-07-25,LONG,1304.53,1272.4,38,10,-1220.75,-2.46,STOP_LOSS
RUN_20260806_095600,ChecklistStrategy,NESTLEIND,2024-08-21,2024-09-02,LONG,1264.95,1250.0,39,12,-583.05,-1.18,SIGNAL
RUN_20260806_095600,ChecklistStrategy,NESTLEIND,2024-09-03,2024-09-06,LONG,1251.0,1254.3,39,3,128.7,0.26,SIGNAL
RUN_20260806_095600,ChecklistStrategy,NESTLEIND,2024-09-10,2024-09-12,LONG,1264.5,1264.95,39,2,17.55,0.04,SIGNAL
RUN_20260806_095600,ChecklistStrategy,NESTLEIND,2024-11-28,2024-12-02,LONG,1137.03,1121.4,43,4,-671.88,-1.37,SIGNAL
RUN_20260806_095600,ChecklistStrategy,NESTLEIND,2024-12-06,2024-12-10,LONG,1133.22,1114.5,43,4,-805.17,-1.65,SIGNAL
RUN_20260806_095600,ChecklistStrategy,NESTLEIND,2025-01-03,2025-01-07,LONG,1100.1,1095.1,44,4,-220.0,-0.45,SIGNAL
RUN_20260806_095600,ChecklistStrategy,NESTLEIND,2025-01-08,2025-01-17,LONG,1111.5,1090.32,44,9,-931.7,-1.91,SIGNAL
RUN_20260806_095600,ChecklistStrategy,NESTLEIND,2025-02-17,2025-03-05,LONG,1097.93,1055.0,44,16,-1888.7,-3.91,STOP_LOSS
RUN_20260806_095600,ChecklistStrategy,NESTLEIND,2025-03-06,2025-04-01,LONG,1093.5,1130.95,43,26,1610.35,3.42,SIGNAL
RUN_20260806_095600,ChecklistStrategy,NESTLEIND,2025-04-03,2025-04-30,LONG,1099.03,1187.5,43,27,3804.42,8.05,SIGNAL
RUN_20260806_095600,ChecklistStrategy,NESTLEIND,2025-05-22,2025-05-23,LONG,1192.5,1178.0,41,1,-594.5,-1.22,SIGNAL
RUN_20260806_095600,ChecklistStrategy,NESTLEIND,2025-05-26,2025-06-02,LONG,1207.2,1200.0,41,7,-295.2,-0.6,SIGNAL
RUN_20260806_095600,ChecklistStrategy,NESTLEIND,2025-06-03,2025-06-04,LONG,1207.85,1194.2,41,1,-559.65,-1.13,SIGNAL
RUN_20260806_095600,ChecklistStrategy,NESTLEIND,2025-06-06,2025-06-19,LONG,1201.95,1170.4,41,13,-1293.55,-2.62,STOP_LOSS
RUN_20260806_095600,ChecklistStrategy,NESTLEIND,2025-07-16,2025-07-25,LONG,1208.0,1157.45,40,9,-2022.0,-4.18,STOP_LOSS
RUN_20260806_095600,ChecklistStrategy,NESTLEIND,2025-08-29,2025-09-01,LONG,1160.3,1157.9,41,3,-98.4,-0.21,SIGNAL
RUN_20260806_095600,ChecklistStrategy,NESTLEIND,2025-09-10,2025-09-22,LONG,1208.2,1198.9,39,12,-362.7,-0.77,SIGNAL
RUN_20260806_095600,ChecklistStrategy,NESTLEIND,2025-10-16,2025-11-25,LONG,1221.4,1267.4,38,40,1748.0,3.77,SIGNAL
RUN_20260806_095600,ChecklistStrategy,NESTLEIND,2025-11-26,2025-11-28,LONG,1257.1,1266.3,38,2,349.6,0.73,SIGNAL
RUN_20260806_095600,ChecklistStrategy,NESTLEIND,2025-12-22,2025-12-31,LONG,1246.0,1274.2,38,9,1071.6,2.26,SIGNAL
RUN_20260806_095600,ChecklistStrategy,NESTLEIND,2026-01-06,2026-01-22,LONG,1319.0,1285.9,37,16,-1224.7,-2.51,STOP_LOSS
RUN_20260806_095600,ChecklistStrategy,NESTLEIND,2026-01-28,2026-02-03,LONG,1297.2,1330.0,37,6,1213.6,2.53,SIGNAL
RUN_20260806_095600,ChecklistStrategy,NESTLEIND,2026-03-06,2026-03-13,LONG,1250.0,1219.0,39,7,-1209.0,-2.48,STOP_LOSS
RUN_20260806_095600,ChecklistStrategy,NESTLEIND,2026-04-02,2026-04-23,LONG,1173.3,1388.9,40,21,8624.0,18.38,SIGNAL
RUN_20260806_095600,ChecklistStrategy,NESTLEIND,2026-05-19,2026-06-02,LONG,1428.0,1385.0,36,14,-1548.0,-3.01,STOP_LOSS
RUN_20260806_095600,ChecklistStrategy,NESTLEIND,2026-06-22,2026-06-24,LONG,1422.8,1394.0,36,2,-1036.8,-2.02,STOP_LOSS
RUN_20260806_095600,ChecklistStrategy,NESTLEIND,2026-07-01,2026-07-15,LONG,1414.8,1431.8,36,14,612.0,1.2,SIGNAL
RUN_20260806_095600,ChecklistStrategy,NTPC,2024-02-14,2024-03-18,LONG,320.9,317.1,155,33,-589.0,-1.18,SIGNAL
RUN_20260806_095600,ChecklistStrategy,NTPC,2024-05-03,2024-05-07,LONG,372.3,358.25,134,4,-1882.7,-3.77,STOP_LOSS
RUN_20260806_095600,ChecklistStrategy,NTPC,2024-05-13,2024-05-14,LONG,355.5,350.55,137,1,-678.15,-1.39,SIGNAL
RUN_20260806_095600,ChecklistStrategy,NTPC,2024-05-15,2024-05-28,LONG,357.5,372.6,135,13,2038.5,4.22,SIGNAL
RUN_20260806_095600,ChecklistStrategy,NTPC,2024-06-06,2024-06-07,LONG,347.8,352.0,144,1,604.8,1.21,SIGNAL
RUN_20260806_095600,ChecklistStrategy,NTPC,2024-06-25,2024-07-01,LONG,364.25,381.75,136,6,2380.0,4.8,SIGNAL
RUN_20260806_095600,ChecklistStrategy,NTPC,2024-07-03,2024-07-11,LONG,370.55,382.4,137,8,1623.45,3.2,SIGNAL
RUN_20260806_095600,ChecklistStrategy,NTPC,2024-07-15,2024-07-22,LONG,378.6,364.75,136,7,-1883.6,-3.66,STOP_LOSS
RUN_20260806_095600,ChecklistStrategy,NTPC,2024-07-23,2024-07-24,LONG,376.7,384.1,135,1,999.0,1.96,SIGNAL
RUN_20260806_095600,ChecklistStrategy,NTPC,2024-08-30,2024-09-06,LONG,412.7,403.25,124,7,-1171.8,-2.29,STOP_LOSS
RUN_20260806_095600,ChecklistStrategy,NTPC,2024-09-26,2024-10-08,LONG,437.95,414.0,115,12,-2754.25,-5.47,STOP_LOSS
RUN_20260806_095600,ChecklistStrategy,NTPC,2024-10-16,2024-10-23,LONG,425.3,414.0,115,7,-1299.5,-2.66,STOP_LOSS
RUN_20260806_095600,ChecklistStrategy,NTPC,2024-11-28,2024-11-29,LONG,369.7,363.25,131,1,-844.95,-1.74,SIGNAL
RUN_20260806_095600,ChecklistStrategy,NTPC,2024-12-02,2024-12-06,LONG,363.65,369.45,132,4,765.6,1.59,SIGNAL
RUN_20260806_095600,ChecklistStrategy,NTPC,2025-01-28,2025-01-31,LONG,322.5,322.45,150,3,-7.5,-0.02,SIGNAL
RUN_20260806_095600,ChecklistStrategy,NTPC,2025-03-12,2025-04-02,LONG,331.0,352.15,146,21,3087.9,6.39,SIGNAL
RUN_20260806_095600,ChecklistStrategy,NTPC,2025-05-16,2025-05-19,LONG,343.0,343.1,146,3,14.6,0.03,SIGNAL
RUN_20260806_095600,ChecklistStrategy,NTPC,2025-06-05,2025-06-19,LONG,329.2,332.4,151,14,483.2,0.97,SIGNAL
RUN_20260806_095600,ChecklistStrategy,NTPC,2025-06-23,2025-06-24,LONG,333.7,331.0,149,1,-402.3,-0.81,SIGNAL
RUN_20260806_095600,ChecklistStrategy,NTPC,2025-06-25,2025-07-25,LONG,331.5,338.9,151,30,1117.4,2.23,SIGNAL
RUN_20260806_095600,ChecklistStrategy,NTPC,2025-08-18,2025-08-28,LONG,341.45,331.25,148,10,-1509.6,-2.99,STOP_LOSS
RUN_20260806_095600,ChecklistStrategy,NTPC,2025-09-19,2025-09-26,LONG,336.95,340.5,147,7,521.85,1.05,SIGNAL
RUN_20260806_095600,ChecklistStrategy,NTPC,2025-10-06,2025-10-15,LONG,340.6,336.95,146,9,-532.9,-1.07,SIGNAL
RUN_20260806_095600,ChecklistStrategy,NTPC,2025-10-16,2025-10-29,LONG,340.2,339.25,146,13,-138.7,-0.28,SIGNAL
RUN_20260806_095600,ChecklistStrategy,NTPC,2025-12-22,2025-12-23,LONG,319.95,321.05,155,1,170.5,0.34,SIGNAL
RUN_20260806_095600,ChecklistStrategy,NTPC,2025-12-29,2025-12-31,LONG,324.1,324.75,153,2,99.45,0.2,SIGNAL
RUN_20260806_095600,ChecklistStrategy,NTPC,2026-01-01,2026-01-27,LONG,329.8,340.5,150,26,1605.0,3.24,SIGNAL
RUN_20260806_095600,ChecklistStrategy,NTPC,2026-02-23,2026-03-02,LONG,374.0,365.0,135,7,-1215.0,-2.41,STOP_LOSS
RUN_20260806_095600,ChecklistStrategy,NTPC,2026-03-12,2026-03-20,LONG,379.0,375.85,131,8,-412.65,-0.83,SIGNAL
RUN_20260806_095600,ChecklistStrategy,NTPC,2026-04-06,2026-04-09,LONG,358.8,376.95,138,3,2504.7,5.06,SIGNAL
RUN_20260806_095600,ChecklistStrategy,NTPC,2026-04-20,2026-05-07,LONG,393.0,396.75,129,17,483.75,0.95,SIGNAL
RUN_20260806_095600,ChecklistStrategy,NTPC,2026-06-17,2026-06-24,LONG,355.55,362.85,143,7,1043.9,2.05,SIGNAL
RUN_20260806_095600,ChecklistStrategy,ONGC,2024-02-01,2024-02-02,LONG,254.65,250.0,198,1,-920.7,-1.83,SIGNAL
RUN_20260806_095600,ChecklistStrategy,ONGC,2024-04-23,2024-05-06,LONG,276.85,288.7,178,13,2109.3,4.28,SIGNAL
RUN_20260806_095600,ChecklistStrategy,ONGC,2024-05-24,2024-05-28,LONG,284.0,279.3,178,4,-836.6,-1.65,SIGNAL
RUN_20260806_095600,ChecklistStrategy,ONGC,2024-06-06,2024-06-26,LONG,254.0,266.9,202,20,2605.8,5.08,SIGNAL
RUN_20260806_095600,ChecklistStrategy,ONGC,2024-07-03,2024-07-11,LONG,276.0,300.0,187,8,4488.0,8.7,SIGNAL
RUN_20260806_095600,ChecklistStrategy,ONGC,2024-07-24,2024-08-07,LONG,313.05,312.4,170,14,-110.5,-0.21,SIGNAL
RUN_20260806_095600,ChecklistStrategy,ONGC,2024-08-30,2024-09-04,LONG,330.45,315.0,162,5,-2502.9,-4.68,STOP_LOSS
RUN_20260806_095600,ChecklistStrategy,ONGC,2024-09-05,2024-09-09,LONG,316.95,308.7,166,4,-1369.5,-2.6,STOP_LOSS
RUN_20260806_095600,ChecklistStrategy,ONGC,2024-09-30,2024-10-08,LONG,297.0,288.15,173,8,-1531.05,-2.98,STOP_LOSS
RUN_20260806_095600,ChecklistStrategy,ONGC,2024-12-06,2024-12-13,LONG,260.8,253.0,194,7,-1513.2,-2.99,STOP_LOSS
RUN_20260806_095600,ChecklistStrategy,ONGC,2025-01-01,2025-02-07,LONG,237.81,252.95,209,37,3164.26,6.37,SIGNAL
RUN_20260806_095600,ChecklistStrategy,ONGC,2025-03-04,2025-03-07,LONG,220.1,232.6,229,3,2862.5,5.68,SIGNAL
RUN_20260806_095600,ChecklistStrategy,ONGC,2025-04-17,2025-05-09,LONG,241.0,229.1,219,22,-2606.1,-4.94,STOP_LOSS
RUN_20260806_095600,ChecklistStrategy,ONGC,2025-05-15,2025-06-02,LONG,244.95,239.0,210,18,-1249.5,-2.43,STOP_LOSS
RUN_20260806_095600,ChecklistStrategy,ONGC,2025-06-11,2025-06-18,LONG,244.5,254.03,208,7,1982.24,3.9,SIGNAL
RUN_20260806_095600,ChecklistStrategy,ONGC,2025-06-20,2025-06-25,LONG,252.26,244.0,206,5,-1701.56,-3.27,STOP_LOSS
RUN_20260806_095600,ChecklistStrategy,ONGC,2025-07-07,2025-07-08,LONG,245.5,242.41,208,1,-642.72,-1.26,SIGNAL
RUN_20260806_095600,ChecklistStrategy,ONGC,2025-07-23,2025-07-28,LONG,246.0,240.29,206,5,-1176.26,-2.32,STOP_LOSS
RUN_20260806_095600,ChecklistStrategy,ONGC,2025-08-19,2025-09-09,LONG,237.5,232.53,210,21,-1043.7,-2.09,STOP_LOSS
RUN_20260806_095600,ChecklistStrategy,ONGC,2025-09-24,2025-09-26,LONG,236.66,240.0,210,2,701.4,1.41,SIGNAL
RUN_20260806_095600,ChecklistStrategy,ONGC,2025-09-30,2025-10-06,LONG,240.0,242.73,208,6,567.84,1.14,SIGNAL
RUN_20260806_095600,ChecklistStrategy,ONGC,2025-10-10,2025-10-14,LONG,244.05,245.3,206,4,257.5,0.51,SIGNAL
RUN_20260806_095600,ChecklistStrategy,ONGC,2025-11-13,2025-11-17,LONG,253.7,247.6,198,4,-1207.8,-2.4,STOP_LOSS
RUN_20260806_095600,ChecklistStrategy,ONGC,2025-12-05,2025-12-12,LONG,242.7,238.5,205,7,-861.0,-1.73,SIGNAL
RUN_20260806_095600,ChecklistStrategy,ONGC,2025-12-16,2025-12-30,LONG,234.17,234.95,209,14,163.02,0.33,SIGNAL
RUN_20260806_095600,ChecklistStrategy,ONGC,2026-01-05,2026-01-06,LONG,246.8,238.09,204,1,-1776.84,-3.53,STOP_LOSS
RUN_20260806_095600,ChecklistStrategy,ONGC,2026-01-07,2026-01-08,LONG,240.21,238.2,200,1,-402.0,-0.84,SIGNAL
RUN_20260806_095600,ChecklistStrategy,ONGC,2026-01-27,2026-03-06,LONG,246.6,279.95,196,38,6536.6,13.52,SIGNAL
RUN_20260806_095600,ChecklistStrategy,ONGC,2026-03-09,2026-03-10,LONG,289.0,270.85,184,1,-3339.6,-6.28,STOP_LOSS
RUN_20260806_095600,ChecklistStrategy,ONGC,2026-03-20,2026-03-23,LONG,269.0,267.3,185,3,-314.5,-0.63,SIGNAL
RUN_20260806_095600,ChecklistStrategy,ONGC,2026-03-27,2026-05-12,LONG,270.5,286.9,183,46,3001.2,6.06,SIGNAL
RUN_20260806_095600,ChecklistStrategy,POWERGRID,2024-03-01,2024-03-14,LONG,285.0,264.05,176,13,-3687.2,-7.35,STOP_LOSS
RUN_20260806_095600,ChecklistStrategy,POWERGRID,2024-04-08,2024-04-16,LONG,280.55,273.0,172,8,-1298.6,-2.69,STOP_LOSS
RUN_20260806_095600,ChecklistStrategy,POWERGRID,2024-04-24,2024-05-06,LONG,285.0,310.2,166,12,4183.2,8.84,SIGNAL
RUN_20260806_095600,ChecklistStrategy,POWERGRID,2024-05-22,2024-05-24,LONG,327.75,318.0,152,2,-1482.0,-2.97,STOP_LOSS
RUN_20260806_095600,ChecklistStrategy,POWERGRID,2024-06-03,2024-06-05,LONG,335.0,296.3,157,2,-6075.9,-11.55,STOP_LOSS
RUN_20260806_095600,ChecklistStrategy,POWERGRID,2024-06-06,2024-06-07,LONG,303.4,298.05,153,1,-818.55,-1.76,SIGNAL
RUN_20260806_095600,ChecklistStrategy,POWERGRID,2024-06-10,2024-08-01,LONG,313.0,351.15,146,52,5569.9,12.19,SIGNAL
RUN_20260806_095600,ChecklistStrategy,POWERGRID,2024-09-10,2024-09-19,LONG,327.0,336.2,146,9,1343.2,2.81,SIGNAL
RUN_20260806_095600,ChecklistStrategy,POWERGRID,2024-12-04,2024-12-05,LONG,329.05,325.0,147,1,-595.35,-1.23,SIGNAL
RUN_20260806_095600,ChecklistStrategy,POWERGRID,2025-01-15,2025-01-22,LONG,295.0,302.0,166,7,1162.0,2.37,SIGNAL
RUN_20260806_095600,ChecklistStrategy,POWERGRID,2025-03-07,2025-03-27,LONG,266.0,289.0,183,20,4209.0,8.65,SIGNAL
RUN_20260806_095600,ChecklistStrategy,POWERGRID,2025-03-28,2025-04-03,LONG,293.9,289.35,172,6,-782.6,-1.55,SIGNAL
RUN_20260806_095600,ChecklistStrategy,POWERGRID,2025-05-02,2025-05-12,LONG,305.5,304.05,164,10,-237.8,-0.47,SIGNAL
RUN_20260806_095600,ChecklistStrategy,POWERGRID,2025-05-16,2025-05-21,LONG,300.0,297.75,168,5,-378.0,-0.75,SIGNAL
RUN_20260806_095600,ChecklistStrategy,POWERGRID,2025-06-23,2025-06-24,LONG,291.4,293.45,171,1,350.55,0.7,SIGNAL
RUN_20260806_095600,ChecklistStrategy,POWERGRID,2025-07-01,2025-07-03,LONG,301.0,298.4,168,2,-436.8,-0.86,SIGNAL
RUN_20260806_095600,ChecklistStrategy,POWERGRID,2025-07-07,2025-07-21,LONG,294.7,294.0,171,14,-119.7,-0.24,SIGNAL
RUN_20260806_095600,ChecklistStrategy,POWERGRID,2025-07-22,2025-07-31,LONG,297.1,284.95,169,9,-2053.35,-4.09,STOP_LOSS
RUN_20260806_095600,ChecklistStrategy,POWERGRID,2025-09-08,2025-09-11,LONG,286.4,282.55,172,3,-662.2,-1.34,SIGNAL
RUN_20260806_095600,ChecklistStrategy,POWERGRID,2025-09-12,2025-09-22,LONG,287.25,287.0,170,10,-42.5,-0.09,SIGNAL
RUN_20260806_095600,ChecklistStrategy,POWERGRID,2025-09-24,2025-09-26,LONG,287.9,283.5,169,2,-743.6,-1.53,SIGNAL
RUN_20260806_095600,ChecklistStrategy,POWERGRID,2025-10-10,2025-10-27,LONG,285.25,289.0,169,17,633.75,1.31,SIGNAL
RUN_20260806_095600,ChecklistStrategy,POWERGRID,2026-01-29,2026-02-02,LONG,262.6,251.25,187,4,-2122.45,-4.32,STOP_LOSS
RUN_20260806_095600,ChecklistStrategy,POWERGRID,2026-02-03,2026-02-09,LONG,276.05,292.5,176,6,2895.2,5.96,SIGNAL
RUN_20260806_095600,ChecklistStrategy,POWERGRID,2026-04-10,2026-05-25,LONG,301.1,298.5,164,45,-426.4,-0.86,SIGNAL
RUN_20260806_095600,ChecklistStrategy,POWERGRID,2026-05-28,2026-06-01,LONG,300.15,291.0,162,4,-1482.3,-3.05,STOP_LOSS
RUN_20260806_095600,ChecklistStrategy,POWERGRID,2026-06-30,2026-07-06,LONG,287.2,287.2,167,6,0.0,0.0,SIGNAL
RUN_20260806_095600,ChecklistStrategy,POWERGRID,2026-07-23,2026-08-05,LONG,287.3,284.0,166,13,-547.8,-1.15,SIGNAL
RUN_20260806_095600,ChecklistStrategy,RELIANCE,2024-01-25,2024-03-14,LONG,1342.95,1439.7,37,49,3579.75,7.2,SIGNAL
RUN_20260806_095600,ChecklistStrategy,RELIANCE,2024-03-26,2024-03-27,LONG,1445.0,1448.0,35,1,105.0,0.21,SIGNAL
RUN_20260806_095600,ChecklistStrategy,RELIANCE,2024-04-12,2024-04-15,LONG,1475.88,1461.0,35,3,-520.62,-1.01,SIGNAL
RUN_20260806_095600,ChecklistStrategy,RELIANCE,2024-04-30,2024-05-06,LONG,1468.0,1435.5,35,6,-1137.5,-2.21,STOP_LOSS
RUN_20260806_095600,ChecklistStrategy,RELIANCE,2024-06-06,2024-07-23,LONG,1435.0,1501.0,35,47,2310.0,4.6,SIGNAL
RUN_20260806_095600,ChecklistStrategy,RELIANCE,2024-08-22,2024-09-06,LONG,1503.0,1492.5,34,15,-357.0,-0.7,SIGNAL
RUN_20260806_095600,ChecklistStrategy,RELIANCE,2024-09-20,2024-09-25,LONG,1474.0,1483.9,35,5,346.5,0.67,SIGNAL
RUN_20260806_095600,ChecklistStrategy,RELIANCE,2024-10-25,2024-11-05,LONG,1343.5,1293.0,38,11,-1919.0,-3.76,STOP_LOSS
RUN_20260806_095600,ChecklistStrategy,RELIANCE,2024-11-27,2024-12-05,LONG,1293.5,1314.35,39,8,813.15,1.61,SIGNAL
RUN_20260806_095600,ChecklistStrategy,RELIANCE,2024-12-06,2024-12-10,LONG,1323.9,1289.25,38,4,-1316.7,-2.62,STOP_LOSS
RUN_20260806_095600,ChecklistStrategy,RELIANCE,2024-12-16,2024-12-18,LONG,1275.0,1240.65,39,2,-1339.65,-2.69,STOP_LOSS
RUN_20260806_095600,ChecklistStrategy,RELIANCE,2025-02-03,2025-02-13,LONG,1251.0,1217.05,39,10,-1324.05,-2.71,STOP_LOSS
RUN_20260806_095600,ChecklistStrategy,RELIANCE,2025-03-28,2025-04-01,LONG,1280.0,1264.6,38,4,-585.2,-1.2,SIGNAL
RUN_20260806_095600,ChecklistStrategy,RELIANCE,2025-06-03,2025-06-04,LONG,1422.3,1414.7,34,1,-258.4,-0.53,SIGNAL
RUN_20260806_095600,ChecklistStrategy,RELIANCE,2025-07-30,2025-08-08,LONG,1418.1,1385.0,34,9,-1125.4,-2.33,STOP_LOSS
RUN_20260806_095600,ChecklistStrategy,RELIANCE,2025-08-20,2025-09-01,LONG,1413.0,1356.0,34,12,-1938.0,-4.03,STOP_LOSS
RUN_20260806_095600,ChecklistStrategy,RELIANCE,2025-10-03,2025-10-09,LONG,1363.2,1374.0,34,6,367.2,0.79,SIGNAL
RUN_20260806_095600,ChecklistStrategy,RELIANCE,2025-11-26,2025-12-23,LONG,1542.3,1580.9,30,27,1158.0,2.5,SIGNAL
RUN_20260806_095600,ChecklistStrategy,RELIANCE,2026-02-05,2026-02-16,LONG,1457.0,1420.1,33,11,-1217.7,-2.53,STOP_LOSS
RUN_20260806_095600,ChecklistStrategy,RELIANCE,2026-02-27,2026-03-04,LONG,1398.0,1330.0,33,5,-2244.0,-4.86,STOP_LOSS
RUN_20260806_095600,ChecklistStrategy,RELIANCE,2026-03-17,2026-03-30,LONG,1399.0,1335.0,33,13,-2112.0,-4.57,STOP_LOSS
RUN_20260806_095600,ChecklistStrategy,RELIANCE,2026-04-09,2026-04-15,LONG,1346.0,1337.0,33,6,-297.0,-0.67,SIGNAL
RUN_20260806_095600,ChecklistStrategy,RELIANCE,2026-04-20,2026-04-24,LONG,1363.2,1340.0,33,4,-765.6,-1.7,SIGNAL
RUN_20260806_095600,ChecklistStrategy,RELIANCE,2026-04-28,2026-05-15,LONG,1358.0,1356.8,32,17,-38.4,-0.09,SIGNAL
RUN_20260806_095600,ChecklistStrategy,RELIANCE,2026-06-10,2026-06-11,LONG,1275.0,1258.0,35,1,-595.0,-1.33,SIGNAL
RUN_20260806_095600,ChecklistStrategy,RELIANCE,2026-06-18,2026-06-24,LONG,1330.0,1305.7,33,6,-801.9,-1.83,SIGNAL
RUN_20260806_095600,ChecklistStrategy,RELIANCE,2026-07-07,2026-07-09,LONG,1323.5,1277.1,33,2,-1531.2,-3.51,STOP_LOSS
RUN_20260806_095600,ChecklistStrategy,SBILIFE,2024-02-14,2024-03-11,LONG,1460.0,1526.95,34,26,2276.3,4.59,SIGNAL
RUN_20260806_095600,ChecklistStrategy,SBILIFE,2024-05-02,2024-05-21,LONG,1416.35,1438.85,35,19,787.5,1.59,SIGNAL
RUN_20260806_095600,ChecklistStrategy,SBILIFE,2024-06-18,2024-06-20,LONG,1480.0,1476.0,35,2,-140.0,-0.27,SIGNAL
RUN_20260806_095600,ChecklistStrategy,SBILIFE,2024-06-24,2024-06-26,LONG,1464.15,1462.0,35,2,-75.25,-0.15,SIGNAL
RUN_20260806_095600,ChecklistStrategy,SBILIFE,2024-06-28,2024-08-30,LONG,1450.1,1839.95,35,63,13644.75,26.88,SIGNAL
RUN_20260806_095600,ChecklistStrategy,SBILIFE,2024-09-19,2024-09-25,LONG,1850.0,1873.7,31,6,734.7,1.28,SIGNAL
RUN_20260806_095600,ChecklistStrategy,SBILIFE,2024-09-26,2024-09-30,LONG,1873.0,1892.0,31,4,589.0,1.01,SIGNAL
RUN_20260806_095600,ChecklistStrategy,SBILIFE,2024-10-21,2024-10-22,LONG,1715.15,1701.0,34,1,-481.1,-0.83,SIGNAL
RUN_20260806_095600,ChecklistStrategy,SBILIFE,2025-01-30,2025-02-12,LONG,1465.9,1427.45,40,13,-1538.0,-2.62,STOP_LOSS
RUN_20260806_095600,ChecklistStrategy,SBILIFE,2025-02-18,2025-03-03,LONG,1476.25,1432.55,39,13,-1704.3,-2.96,STOP_LOSS
RUN_20260806_095600,ChecklistStrategy,SBILIFE,2025-03-11,2025-04-30,LONG,1403.0,1722.0,40,50,12760.0,22.74,SIGNAL
RUN_20260806_095600,ChecklistStrategy,SBILIFE,2025-05-02,2025-05-12,LONG,1761.0,1725.0,35,10,-1260.0,-2.04,STOP_LOSS
RUN_20260806_095600,ChecklistStrategy,SBILIFE,2025-05-28,2025-06-02,LONG,1810.6,1812.2,34,5,54.4,0.09,SIGNAL
RUN_20260806_095600,ChecklistStrategy,SBILIFE,2025-06-05,2025-06-06,LONG,1782.0,1774.8,35,1,-252.0,-0.4,SIGNAL
RUN_20260806_095600,ChecklistStrategy,SBILIFE,2025-06-12,2025-06-13,LONG,1799.9,1720.0,34,1,-2716.6,-4.44,STOP_LOSS
RUN_20260806_095600,ChecklistStrategy,SBILIFE,2025-06-23,2025-07-10,LONG,1810.0,1811.0,33,17,33.0,0.06,SIGNAL
RUN_20260806_095600,ChecklistStrategy,SBILIFE,2025-07-21,2025-08-22,LONG,1794.7,1860.1,34,32,2223.6,3.64,SIGNAL
RUN_20260806_095600,ChecklistStrategy,SBILIFE,2025-09-10,2025-09-12,LONG,1804.9,1814.2,34,2,316.2,0.52,SIGNAL
RUN_20260806_095600,ChecklistStrategy,SBILIFE,2025-09-15,2025-09-18,LONG,1830.1,1804.9,34,3,-856.8,-1.38,SIGNAL
RUN_20260806_095600,ChecklistStrategy,SBILIFE,2025-10-10,2025-11-25,LONG,1825.0,1972.4,34,46,5011.6,8.08,SIGNAL
RUN_20260806_095600,ChecklistStrategy,SBILIFE,2025-12-05,2025-12-10,LONG,2003.0,1996.0,32,5,-224.0,-0.35,SIGNAL
RUN_20260806_095600,ChecklistStrategy,SBILIFE,2025-12-19,2026-01-06,LONG,2014.5,2064.0,31,18,1534.5,2.46,SIGNAL
RUN_20260806_095600,ChecklistStrategy,SBILIFE,2026-01-09,2026-01-21,LONG,2093.8,2038.2,31,12,-1723.6,-2.66,STOP_LOSS
RUN_20260806_095600,ChecklistStrategy,SBILIFE,2026-02-05,2026-02-06,LONG,2031.0,2026.0,31,1,-155.0,-0.25,SIGNAL
RUN_20260806_095600,ChecklistStrategy,SBILIFE,2026-02-10,2026-02-11,LONG,2024.0,2023.0,31,1,-31.0,-0.05,SIGNAL
RUN_20260806_095600,ChecklistStrategy,SBILIFE,2026-02-17,2026-03-05,LONG,2042.4,1947.6,31,16,-2938.8,-4.64,STOP_LOSS
RUN_20260806_095600,ChecklistStrategy,SBILIFE,2026-03-06,2026-03-24,LONG,1930.0,1842.0,32,18,-2816.0,-4.56,STOP_LOSS
RUN_20260806_095600,ChecklistStrategy,SBILIFE,2026-04-06,2026-04-10,LONG,1757.5,1914.9,34,4,5351.6,8.96,SIGNAL
RUN_20260806_095600,ChecklistStrategy,SBILIFE,2026-04-28,2026-05-01,LONG,1814.6,1819.0,35,3,154.0,0.24,SIGNAL
RUN_20260806_095600,ChecklistStrategy,SBILIFE,2026-05-12,2026-05-22,LONG,1866.0,1872.0,33,10,198.0,0.32,SIGNAL
RUN_20260806_095600,ChecklistStrategy,SBILIFE,2026-06-18,2026-06-24,LONG,1801.0,1786.2,35,6,-518.0,-0.82,SIGNAL
RUN_20260806_095600,ChecklistStrategy,SBILIFE,2026-07-01,2026-07-09,LONG,1777.0,1789.0,35,8,420.0,0.68,SIGNAL
RUN_20260806_095600,ChecklistStrategy,SBILIFE,2026-07-10,2026-07-28,LONG,1830.7,1865.0,34,18,1166.2,1.87,SIGNAL
RUN_20260806_095600,ChecklistStrategy,SBIN,2024-04-26,2024-05-02,LONG,815.9,826.9,61,6,671.0,1.35,SIGNAL
RUN_20260806_095600,ChecklistStrategy,SBIN,2024-05-09,2024-06-05,LONG,811.9,790.75,62,27,-1311.3,-2.61,STOP_LOSS
RUN_20260806_095600,ChecklistStrategy,SBIN,2024-06-06,2024-07-30,LONG,800.0,874.7,62,54,4631.4,9.34,SIGNAL
RUN_20260806_095600,ChecklistStrategy,SBIN,2024-08-01,2024-08-05,LONG,877.8,830.0,59,4,-2820.2,-5.45,STOP_LOSS
RUN_20260806_095600,ChecklistStrategy,SBIN,2024-08-08,2024-08-20,LONG,812.0,817.95,62,12,368.9,0.73,SIGNAL
RUN_20260806_095600,ChecklistStrategy,SBIN,2024-08-30,2024-09-02,LONG,817.15,817.3,62,3,9.3,0.02,SIGNAL
RUN_20260806_095600,ChecklistStrategy,SBIN,2024-09-04,2024-09-09,LONG,815.45,785.0,61,5,-1857.45,-3.73,STOP_LOSS
RUN_20260806_095600,ChecklistStrategy,SBIN,2024-09-10,2024-09-12,LONG,788.0,775.0,63,2,-819.0,-1.65,SIGNAL
RUN_20260806_095600,ChecklistStrategy,SBIN,2024-10-29,2024-10-31,LONG,796.0,820.0,62,2,1488.0,3.02,SIGNAL
RUN_20260806_095600,ChecklistStrategy,SBIN,2024-11-29,2024-12-09,LONG,841.1,859.0,59,10,1056.1,2.13,SIGNAL
RUN_20260806_095600,ChecklistStrategy,SBIN,2024-12-16,2024-12-19,LONG,859.8,824.6,58,3,-2041.6,-4.09,STOP_LOSS
RUN_20260806_095600,ChecklistStrategy,SBIN,2025-01-10,2025-01-13,LONG,760.35,741.5,65,3,-1225.25,-2.48,STOP_LOSS
RUN_20260806_095600,ChecklistStrategy,SBIN,2025-03-10,2025-03-13,LONG,732.75,725.9,66,3,-452.1,-0.93,SIGNAL
RUN_20260806_095600,ChecklistStrategy,SBIN,2025-03-17,2025-03-18,LONG,728.9,723.15,66,1,-379.5,-0.79,SIGNAL
RUN_20260806_095600,ChecklistStrategy,SBIN,2025-03-28,2025-04-08,LONG,772.1,760.0,62,11,-750.2,-1.57,SIGNAL
RUN_20260806_095600,ChecklistStrategy,SBIN,2025-04-17,2025-04-28,LONG,772.0,798.65,62,11,1652.3,3.45,SIGNAL
RUN_20260806_095600,ChecklistStrategy,SBIN,2025-05-05,2025-05-07,LONG,782.0,765.3,61,2,-1018.7,-2.14,STOP_LOSS
RUN_20260806_095600,ChecklistStrategy,SBIN,2025-05-20,2025-05-21,LONG,798.15,787.0,60,1,-669.0,-1.4,SIGNAL
RUN_20260806_095600,ChecklistStrategy,SBIN,2025-07-07,2025-07-11,LONG,811.2,807.55,59,4,-215.35,-0.45,SIGNAL
RUN_20260806_095600,ChecklistStrategy,SBIN,2025-09-22,2025-10-31,LONG,862.0,934.9,55,39,4009.5,8.46,SIGNAL
RUN_20260806_095600,ChecklistStrategy,SBIN,2025-11-03,2025-11-27,LONG,938.75,986.7,53,24,2541.35,5.11,SIGNAL
RUN_20260806_095600,ChecklistStrategy,SBIN,2025-12-16,2025-12-17,LONG,966.05,965.55,52,1,-26.0,-0.05,SIGNAL
RUN_20260806_095600,ChecklistStrategy,SBIN,2025-12-31,2026-01-08,LONG,975.25,1006.6,52,8,1630.2,3.21,SIGNAL
RUN_20260806_095600,ChecklistStrategy,SBIN,2026-02-03,2026-02-04,LONG,1087.0,1064.2,50,1,-1140.0,-2.1,STOP_LOSS
RUN_20260806_095600,ChecklistStrategy,SBIN,2026-03-10,2026-03-13,LONG,1111.1,1077.5,46,3,-1545.6,-3.02,STOP_LOSS
RUN_20260806_095600,ChecklistStrategy,SBIN,2026-03-17,2026-03-20,LONG,1073.9,1058.4,47,3,-728.5,-1.44,SIGNAL
RUN_20260806_095600,ChecklistStrategy,SBIN,2026-04-20,2026-05-05,LONG,1080.3,1060.6,46,15,-906.2,-1.82,SIGNAL
RUN_20260806_095600,ChecklistStrategy,SBIN,2026-06-09,2026-07-08,LONG,985.0,1029.6,50,29,2230.0,4.53,SIGNAL
RUN_20260806_095600,ChecklistStrategy,SHRIRAMFIN,2024-01-31,2024-02-01,LONG,490.0,482.2,101,1,-787.8,-1.59,SIGNAL
RUN_20260806_095600,ChecklistStrategy,SHRIRAMFIN,2024-02-12,2024-02-13,LONG,467.0,453.4,106,1,-1441.6,-2.91,STOP_LOSS
RUN_20260806_095600,ChecklistStrategy,SHRIRAMFIN,2024-02-14,2024-03-07,LONG,457.0,474.92,104,22,1863.68,3.92,SIGNAL
RUN_20260806_095600,ChecklistStrategy,SHRIRAMFIN,2024-03-11,2024-03-14,LONG,489.2,463.0,101,3,-2646.2,-5.36,STOP_LOSS
RUN_20260806_095600,ChecklistStrategy,SHRIRAMFIN,2024-03-27,2024-04-01,LONG,482.0,474.2,102,5,-795.6,-1.62,SIGNAL
RUN_20260806_095600,ChecklistStrategy,SHRIRAMFIN,2024-05-02,2024-05-06,LONG,509.31,520.0,94,4,1004.86,2.1,SIGNAL
RUN_20260806_095600,ChecklistStrategy,SHRIRAMFIN,2024-06-03,2024-06-05,LONG,490.0,448.38,103,2,-4286.86,-8.49,STOP_LOSS
RUN_20260806_095600,ChecklistStrategy,SHRIRAMFIN,2024-07-26,2024-08-07,LONG,541.16,578.02,86,12,3169.96,6.81,SIGNAL
RUN_20260806_095600,ChecklistStrategy,SHRIRAMFIN,2024-10-25,2024-10-28,LONG,650.86,632.8,73,3,-1318.38,-2.77,STOP_LOSS
RUN_20260806_095600,ChecklistStrategy,SHRIRAMFIN,2024-11-25,2024-11-26,LONG,585.39,592.95,82,1,619.92,1.29,SIGNAL
RUN_20260806_095600,ChecklistStrategy,SHRIRAMFIN,2024-12-03,2024-12-04,LONG,626.2,629.11,76,1,221.16,0.46,SIGNAL
RUN_20260806_095600,ChecklistStrategy,SHRIRAMFIN,2025-01-21,2025-01-31,LONG,518.0,546.4,92,10,2612.8,5.48,SIGNAL
RUN_20260806_095600,ChecklistStrategy,SHRIRAMFIN,2025-02-07,2025-02-12,LONG,567.9,538.55,86,5,-2524.1,-5.17,STOP_LOSS
RUN_20260806_095600,ChecklistStrategy,SHRIRAMFIN,2025-02-19,2025-02-27,LONG,547.8,581.3,86,8,2881.0,6.12,SIGNAL
RUN_20260806_095600,ChecklistStrategy,SHRIRAMFIN,2025-04-04,2025-04-08,LONG,655.5,623.7,75,4,-2385.0,-4.85,STOP_LOSS
RUN_20260806_095600,ChecklistStrategy,SHRIRAMFIN,2025-04-15,2025-04-29,LONG,651.95,625.0,74,14,-1994.3,-4.13,STOP_LOSS
RUN_20260806_095600,ChecklistStrategy,SHRIRAMFIN,2025-05-22,2025-06-02,LONG,652.0,638.3,71,11,-972.7,-2.1,STOP_LOSS
RUN_20260806_095600,ChecklistStrategy,SHRIRAMFIN,2025-06-23,2025-06-24,LONG,661.8,674.0,69,1,841.8,1.84,SIGNAL
RUN_20260806_095600,ChecklistStrategy,SHRIRAMFIN,2025-07-24,2025-07-25,LONG,660.0,625.0,71,1,-2485.0,-5.3,STOP_LOSS
RUN_20260806_095600,ChecklistStrategy,SHRIRAMFIN,2025-07-29,2025-07-31,LONG,632.0,625.0,71,2,-497.0,-1.11,SIGNAL
RUN_20260806_095600,ChecklistStrategy,SHRIRAMFIN,2025-09-01,2025-09-10,LONG,580.0,598.6,77,9,1432.2,3.21,SIGNAL
RUN_20260806_095600,ChecklistStrategy,SHRIRAMFIN,2025-09-18,2025-09-29,LONG,620.0,608.9,73,11,-810.3,-1.79,SIGNAL
RUN_20260806_095600,ChecklistStrategy,SHRIRAMFIN,2025-10-03,2025-10-28,LONG,645.0,719.5,70,25,5215.0,11.55,SIGNAL
RUN_20260806_095600,ChecklistStrategy,SHRIRAMFIN,2025-11-03,2025-11-06,LONG,762.8,792.6,64,3,1907.2,3.91,SIGNAL
RUN_20260806_095600,ChecklistStrategy,SHRIRAMFIN,2025-11-10,2026-02-02,LONG,822.0,990.2,60,84,10092.0,20.46,SIGNAL
RUN_20260806_095600,ChecklistStrategy,SHRIRAMFIN,2026-02-06,2026-03-04,LONG,994.0,1042.3,54,26,2608.2,4.86,SIGNAL
RUN_20260806_095600,ChecklistStrategy,SHRIRAMFIN,2026-03-06,2026-03-09,LONG,1043.9,957.5,53,3,-4579.2,-8.28,STOP_LOSS
RUN_20260806_095600,ChecklistStrategy,SHRIRAMFIN,2026-04-20,2026-04-24,LONG,1040.0,1006.95,51,4,-1685.55,-3.18,STOP_LOSS
RUN_20260806_095600,ChecklistStrategy,SHRIRAMFIN,2026-05-15,2026-06-08,LONG,921.0,909.0,55,24,-660.0,-1.3,SIGNAL
RUN_20260806_095600,ChecklistStrategy,SHRIRAMFIN,2026-07-10,2026-07-15,LONG,1049.0,1028.0,50,5,-1050.0,-2.0,STOP_LOSS
RUN_20260806_095600,ChecklistStrategy,SHRIRAMFIN,2026-07-20,2026-07-27,LONG,1040.0,1020.0,49,7,-980.0,-1.92,SIGNAL
RUN_20260806_095600,ChecklistStrategy,SUNPHARMA,2024-02-01,2024-03-04,LONG,1427.0,1550.55,35,32,4324.25,8.66,SIGNAL
RUN_20260806_095600,ChecklistStrategy,SUNPHARMA,2024-03-15,2024-03-21,LONG,1568.75,1564.8,33,6,-130.35,-0.25,SIGNAL
RUN_20260806_095600,ChecklistStrategy,SUNPHARMA,2024-03-22,2024-03-27,LONG,1568.9,1602.0,33,5,1092.3,2.11,SIGNAL
RUN_20260806_095600,ChecklistStrategy,SUNPHARMA,2024-04-10,2024-04-15,LONG,1603.05,1517.6,32,5,-2734.4,-5.33,STOP_LOSS
RUN_20260806_095600,ChecklistStrategy,SUNPHARMA,2024-04-25,2024-05-02,LONG,1490.0,1503.0,34,7,442.0,0.87,SIGNAL
RUN_20260806_095600,ChecklistStrategy,SUNPHARMA,2024-05-21,2024-05-24,LONG,1530.0,1504.0,33,3,-858.0,-1.7,SIGNAL
RUN_20260806_095600,ChecklistStrategy,SUNPHARMA,2024-06-13,2024-06-21,LONG,1514.6,1480.1,33,8,-1138.5,-2.28,STOP_LOSS
RUN_20260806_095600,ChecklistStrategy,SUNPHARMA,2024-07-01,2024-07-30,LONG,1520.85,1716.1,33,29,6443.25,12.84,SIGNAL
RUN_20260806_095600,ChecklistStrategy,SUNPHARMA,2024-08-05,2024-08-06,LONG,1725.0,1725.0,30,1,0.0,0.0,SIGNAL
RUN_20260806_095600,ChecklistStrategy,SUNPHARMA,2024-09-02,2024-09-04,LONG,1829.95,1811.5,29,2,-535.05,-1.01,SIGNAL
RUN_20260806_095600,ChecklistStrategy,SUNPHARMA,2024-09-05,2024-10-04,LONG,1833.2,1910.85,29,29,2251.85,4.24,SIGNAL
RUN_20260806_095600,ChecklistStrategy,SUNPHARMA,2024-10-09,2024-10-24,LONG,1894.55,1830.0,28,15,-1807.4,-3.41,STOP_LOSS
RUN_20260806_095600,ChecklistStrategy,SUNPHARMA,2024-12-16,2024-12-19,LONG,1818.7,1801.0,29,3,-513.3,-0.97,SIGNAL
RUN_20260806_095600,ChecklistStrategy,SUNPHARMA,2024-12-24,2025-01-03,LONG,1814.9,1878.0,29,10,1829.9,3.48,SIGNAL
RUN_20260806_095600,ChecklistStrategy,SUNPHARMA,2025-01-07,2025-01-09,LONG,1848.55,1841.0,29,2,-218.95,-0.41,SIGNAL
RUN_20260806_095600,ChecklistStrategy,SUNPHARMA,2025-01-15,2025-01-21,LONG,1772.8,1772.1,30,6,-21.0,-0.04,SIGNAL
RUN_20260806_095600,ChecklistStrategy,SUNPHARMA,2025-02-05,2025-02-11,LONG,1773.8,1725.2,30,6,-1458.0,-2.74,STOP_LOSS
RUN_20260806_095600,ChecklistStrategy,SUNPHARMA,2025-04-01,2025-04-04,LONG,1731.0,1778.85,30,3,1435.5,2.76,SIGNAL
RUN_20260806_095600,ChecklistStrategy,SUNPHARMA,2025-04-23,2025-05-13,LONG,1754.2,1711.0,30,20,-1296.0,-2.46,STOP_LOSS
RUN_20260806_095600,ChecklistStrategy,SUNPHARMA,2025-06-23,2025-06-24,LONG,1663.2,1670.5,31,1,226.3,0.44,SIGNAL
RUN_20260806_095600,ChecklistStrategy,SUNPHARMA,2025-07-03,2025-07-07,LONG,1677.5,1674.7,31,4,-86.8,-0.17,SIGNAL
RUN_20260806_095600,ChecklistStrategy,SUNPHARMA,2025-07-08,2025-07-09,LONG,1680.0,1660.0,31,1,-620.0,-1.19,SIGNAL
RUN_20260806_095600,ChecklistStrategy,SUNPHARMA,2025-08-26,2025-08-28,LONG,1645.0,1593.1,31,2,-1608.9,-3.16,STOP_LOSS
RUN_20260806_095600,ChecklistStrategy,SUNPHARMA,2025-09-01,2025-09-02,LONG,1599.0,1566.0,32,1,-1056.0,-2.06,STOP_LOSS
RUN_20260806_095600,ChecklistStrategy,SUNPHARMA,2025-09-17,2025-09-30,LONG,1612.6,1589.1,32,13,-752.0,-1.46,SIGNAL
RUN_20260806_095600,ChecklistStrategy,SUNPHARMA,2025-10-17,2025-10-24,LONG,1658.2,1690.0,30,7,954.0,1.92,SIGNAL
RUN_20260806_095600,ChecklistStrategy,SUNPHARMA,2025-11-24,2025-12-02,LONG,1785.9,1804.0,29,8,524.9,1.01,SIGNAL
RUN_20260806_095600,ChecklistStrategy,SUNPHARMA,2025-12-11,2025-12-17,LONG,1778.0,1781.0,29,6,87.0,0.17,SIGNAL
RUN_20260806_095600,ChecklistStrategy,SUNPHARMA,2025-12-18,2025-12-19,LONG,1785.0,1747.0,28,1,-1064.0,-2.13,STOP_LOSS
RUN_20260806_095600,ChecklistStrategy,SUNPHARMA,2025-12-31,2026-01-09,LONG,1720.2,1765.2,29,9,1305.0,2.62,SIGNAL
RUN_20260806_095600,ChecklistStrategy,SUNPHARMA,2026-01-13,2026-01-14,LONG,1743.0,1737.1,29,1,-171.1,-0.34,SIGNAL
RUN_20260806_095600,ChecklistStrategy,SUNPHARMA,2026-01-23,2026-01-30,LONG,1640.0,1589.3,31,7,-1571.7,-3.09,STOP_LOSS
RUN_20260806_095600,ChecklistStrategy,SUNPHARMA,2026-02-02,2026-03-12,LONG,1634.0,1828.0,32,38,6208.0,11.87,SIGNAL
RUN_20260806_095600,ChecklistStrategy,SUNPHARMA,2026-03-18,2026-03-20,LONG,1799.6,1755.1,30,2,-1335.0,-2.47,STOP_LOSS
RUN_20260806_095600,ChecklistStrategy,SUNPHARMA,2026-04-07,2026-04-13,LONG,1689.8,1654.9,31,6,-1081.9,-2.07,STOP_LOSS
RUN_20260806_095600,ChecklistStrategy,SUNPHARMA,2026-06-03,2026-06-08,LONG,1781.0,1780.7,29,5,-8.7,-0.02,SIGNAL
RUN_20260806_095600,ChecklistStrategy,SUNPHARMA,2026-07-15,2026-08-03,LONG,1955.0,1983.2,27,19,761.4,1.44,SIGNAL
RUN_20260806_095600,ChecklistStrategy,TATACONSUM,2024-01-30,2024-01-31,LONG,1144.95,1125.0,43,1,-857.85,-1.74,SIGNAL
RUN_20260806_095600,ChecklistStrategy,TATACONSUM,2024-02-02,2024-02-16,LONG,1132.0,1135.0,43,14,129.0,0.27,SIGNAL
RUN_20260806_095600,ChecklistStrategy,TATACONSUM,2024-03-01,2024-03-12,LONG,1204.0,1227.45,41,11,961.45,1.95,SIGNAL
RUN_20260806_095600,ChecklistStrategy,TATACONSUM,2024-04-26,2024-05-03,LONG,1111.8,1095.0,45,7,-756.0,-1.51,SIGNAL
RUN_20260806_095600,ChecklistStrategy,TATACONSUM,2024-05-31,2024-06-05,LONG,1069.7,1109.0,46,5,1807.8,3.67,SIGNAL
RUN_20260806_095600,ChecklistStrategy,TATACONSUM,2024-06-12,2024-06-14,LONG,1142.0,1114.6,44,2,-1205.6,-2.4,STOP_LOSS
RUN_20260806_095600,ChecklistStrategy,TATACONSUM,2024-06-19,2024-06-20,LONG,1129.7,1108.05,44,1,-952.6,-1.92,SIGNAL
RUN_20260806_095600,ChecklistStrategy,TATACONSUM,2024-07-08,2024-08-16,LONG,1138.0,1168.0,43,39,1290.0,2.64,SIGNAL
RUN_20260806_095600,ChecklistStrategy,TATACONSUM,2024-09-05,2024-09-09,LONG,1199.5,1173.85,41,4,-1051.65,-2.14,STOP_LOSS
RUN_20260806_095600,ChecklistStrategy,TATACONSUM,2024-09-10,2024-09-23,LONG,1200.0,1222.0,41,13,902.0,1.83,SIGNAL
RUN_20260806_095600,ChecklistStrategy,TATACONSUM,2024-09-27,2024-10-01,LONG,1213.95,1196.95,41,4,-697.0,-1.4,SIGNAL
RUN_20260806_095600,ChecklistStrategy,TATACONSUM,2024-10-29,2024-11-14,LONG,982.0,950.0,50,16,-1600.0,-3.26,STOP_LOSS
RUN_20260806_095600,ChecklistStrategy,TATACONSUM,2024-11-19,2024-11-21,LONG,935.0,917.15,52,2,-928.2,-1.91,SIGNAL
RUN_20260806_095600,ChecklistStrategy,TATACONSUM,2024-12-02,2024-12-03,LONG,958.65,958.05,50,1,-30.0,-0.06,SIGNAL
RUN_20260806_095600,ChecklistStrategy,TATACONSUM,2025-01-20,2025-01-27,LONG,960.0,989.05,50,7,1452.5,3.03,SIGNAL
RUN_20260806_095600,ChecklistStrategy,TATACONSUM,2025-01-30,2025-02-05,LONG,965.95,1035.1,51,6,3526.65,7.16,SIGNAL
RUN_20260806_095600,ChecklistStrategy,TATACONSUM,2025-02-07,2025-02-21,LONG,1031.9,1008.0,49,14,-1171.1,-2.32,STOP_LOSS
RUN_20260806_095600,ChecklistStrategy,TATACONSUM,2025-03-28,2025-04-25,LONG,975.5,1160.2,51,28,9419.7,18.93,SIGNAL
RUN_20260806_095600,ChecklistStrategy,TATACONSUM,2025-05-22,2025-05-23,LONG,1138.8,1126.5,48,1,-590.4,-1.08,SIGNAL
RUN_20260806_095600,ChecklistStrategy,TATACONSUM,2025-05-26,2025-05-30,LONG,1137.0,1109.8,47,4,-1278.4,-2.39,STOP_LOSS
RUN_20260806_095600,ChecklistStrategy,TATACONSUM,2025-06-20,2025-07-04,LONG,1088.3,1091.0,49,14,132.3,0.25,SIGNAL
RUN_20260806_095600,ChecklistStrategy,TATACONSUM,2025-07-08,2025-07-14,LONG,1108.0,1076.8,48,6,-1497.6,-2.82,STOP_LOSS
RUN_20260806_095600,ChecklistStrategy,TATACONSUM,2025-07-18,2025-07-22,LONG,1106.0,1089.9,48,4,-772.8,-1.46,SIGNAL
RUN_20260806_095600,ChecklistStrategy,TATACONSUM,2025-09-01,2025-09-04,LONG,1059.1,1126.0,49,3,3278.1,6.32,SIGNAL
RUN_20260806_095600,ChecklistStrategy,TATACONSUM,2025-09-30,2025-10-14,LONG,1123.0,1115.0,48,14,-384.0,-0.71,SIGNAL
RUN_20260806_095600,ChecklistStrategy,TATACONSUM,2025-10-17,2025-11-06,LONG,1152.2,1172.1,47,20,935.3,1.73,SIGNAL
RUN_20260806_095600,ChecklistStrategy,TATACONSUM,2025-11-20,2025-12-04,LONG,1164.9,1153.0,47,14,-559.3,-1.02,SIGNAL
RUN_20260806_095600,ChecklistStrategy,TATACONSUM,2025-12-22,2026-01-02,LONG,1184.0,1176.9,45,11,-319.5,-0.6,SIGNAL
RUN_20260806_095600,ChecklistStrategy,TATACONSUM,2026-01-06,2026-01-21,LONG,1182.1,1180.5,45,15,-72.0,-0.14,SIGNAL
RUN_20260806_095600,ChecklistStrategy,TATACONSUM,2026-01-23,2026-01-27,LONG,1178.5,1158.6,46,4,-915.4,-1.69,SIGNAL
RUN_20260806_095600,ChecklistStrategy,TATACONSUM,2026-02-02,2026-02-05,LONG,1092.9,1149.5,47,3,2660.2,5.18,SIGNAL
RUN_20260806_095600,ChecklistStrategy,TATACONSUM,2026-02-24,2026-03-04,LONG,1161.0,1114.5,46,8,-2139.0,-4.01,STOP_LOSS
RUN_20260806_095600,ChecklistStrategy,TATACONSUM,2026-03-06,2026-03-09,LONG,1119.1,1086.7,48,3,-1555.2,-2.9,STOP_LOSS
RUN_20260806_095600,ChecklistStrategy,TATACONSUM,2026-03-16,2026-03-18,LONG,1083.6,1075.6,48,2,-384.0,-0.74,SIGNAL
RUN_20260806_095600,ChecklistStrategy,TATACONSUM,2026-04-06,2026-04-09,LONG,1043.0,1062.5,50,3,975.0,1.87,SIGNAL
RUN_20260806_095600,ChecklistStrategy,TATACONSUM,2026-04-10,2026-05-13,LONG,1086.1,1249.1,49,33,7987.0,15.01,SIGNAL
RUN_20260806_095600,ChecklistStrategy,TATASTEEL,2024-01-30,2024-01-31,LONG,135.6,135.0,370,1,-222.0,-0.44,SIGNAL
RUN_20260806_095600,ChecklistStrategy,TATASTEEL,2024-02-28,2024-02-29,LONG,144.05,140.8,345,1,-1121.25,-2.26,STOP_LOSS
RUN_20260806_095600,ChecklistStrategy,TATASTEEL,2024-03-15,2024-03-20,LONG,142.9,149.6,346,5,2318.2,4.69,SIGNAL
RUN_20260806_095600,ChecklistStrategy,TATASTEEL,2024-05-03,2024-05-08,LONG,168.95,164.2,301,5,-1429.75,-2.81,STOP_LOSS
RUN_20260806_095600,ChecklistStrategy,TATASTEEL,2024-05-14,2024-06-05,LONG,164.1,162.15,303,22,-590.85,-1.19,SIGNAL
RUN_20260806_095600,ChecklistStrategy,TATASTEEL,2024-06-06,2024-06-26,LONG,170.0,175.68,291,20,1652.88,3.34,SIGNAL
RUN_20260806_095600,ChecklistStrategy,TATASTEEL,2024-07-23,2024-07-26,LONG,161.6,158.75,313,3,-892.05,-1.76,SIGNAL
RUN_20260806_095600,ChecklistStrategy,TATASTEEL,2024-07-31,2024-08-05,LONG,166.29,153.66,303,5,-3826.89,-7.6,STOP_LOSS
RUN_20260806_095600,ChecklistStrategy,TATASTEEL,2024-08-19,2024-08-26,LONG,150.85,154.61,319,7,1199.44,2.49,SIGNAL
RUN_20260806_095600,ChecklistStrategy,TATASTEEL,2024-09-24,2024-10-04,LONG,155.15,167.0,314,10,3720.9,7.64,SIGNAL
RUN_20260806_095600,ChecklistStrategy,TATASTEEL,2024-11-06,2024-11-07,LONG,154.0,156.11,329,1,694.19,1.37,SIGNAL
RUN_20260806_095600,ChecklistStrategy,TATASTEEL,2024-11-22,2024-11-28,LONG,140.15,144.0,360,6,1386.0,2.75,SIGNAL
RUN_20260806_095600,ChecklistStrategy,TATASTEEL,2024-12-16,2024-12-18,LONG,148.94,146.0,344,2,-1011.36,-1.97,SIGNAL
RUN_20260806_095600,ChecklistStrategy,TATASTEEL,2025-01-29,2025-02-17,LONG,129.0,132.91,394,19,1540.54,3.03,SIGNAL
RUN_20260806_095600,ChecklistStrategy,TATASTEEL,2025-02-19,2025-03-11,LONG,134.5,148.1,382,20,5195.2,10.11,SIGNAL
RUN_20260806_095600,ChecklistStrategy,TATASTEEL,2025-04-29,2025-05-21,LONG,142.07,159.45,380,22,6604.4,12.23,SIGNAL
RUN_20260806_095600,ChecklistStrategy,TATASTEEL,2025-06-05,2025-06-11,LONG,158.86,156.45,362,6,-872.42,-1.52,SIGNAL
RUN_20260806_095600,ChecklistStrategy,TATASTEEL,2025-07-03,2025-07-04,LONG,166.0,165.91,343,1,-30.87,-0.05,SIGNAL
RUN_20260806_095600,ChecklistStrategy,TATASTEEL,2025-07-11,2025-07-17,LONG,160.64,157.5,354,6,-1111.56,-1.95,SIGNAL
RUN_20260806_095600,ChecklistStrategy,TATASTEEL,2025-07-30,2025-08-01,LONG,161.69,157.93,348,2,-1308.48,-2.33,STOP_LOSS
RUN_20260806_095600,ChecklistStrategy,TATASTEEL,2025-08-08,2025-08-11,LONG,159.5,157.95,348,3,-539.4,-0.97,SIGNAL
RUN_20260806_095600,ChecklistStrategy,TATASTEEL,2025-08-20,2025-08-28,LONG,158.2,155.78,347,8,-839.74,-1.53,SIGNAL
RUN_20260806_095600,ChecklistStrategy,TATASTEEL,2025-09-04,2025-09-09,LONG,169.0,169.3,327,5,98.1,0.18,SIGNAL
RUN_20260806_095600,ChecklistStrategy,TATASTEEL,2025-09-30,2025-10-15,LONG,169.5,170.83,325,15,432.25,0.78,SIGNAL
RUN_20260806_095600,ChecklistStrategy,TATASTEEL,2025-10-16,2025-10-24,LONG,173.0,174.6,318,8,508.8,0.92,SIGNAL
RUN_20260806_095600,ChecklistStrategy,TATASTEEL,2025-12-08,2025-12-09,LONG,167.09,163.39,331,1,-1224.7,-2.21,STOP_LOSS
RUN_20260806_095600,ChecklistStrategy,TATASTEEL,2025-12-18,2025-12-23,LONG,169.92,169.35,321,5,-182.97,-0.34,SIGNAL
RUN_20260806_095600,ChecklistStrategy,TATASTEEL,2026-01-15,2026-01-21,LONG,189.25,183.56,288,6,-1638.72,-3.01,STOP_LOSS
RUN_20260806_095600,ChecklistStrategy,TATASTEEL,2026-01-22,2026-03-13,LONG,185.89,191.95,291,50,1763.46,3.26,SIGNAL
RUN_20260806_095600,ChecklistStrategy,TATASTEEL,2026-05-06,2026-05-13,LONG,214.0,213.24,258,7,-196.08,-0.36,SIGNAL
RUN_20260806_095600,ChecklistStrategy,TATASTEEL,2026-05-19,2026-06-09,LONG,210.59,203.0,260,21,-1973.4,-3.6,STOP_LOSS
RUN_20260806_095600,ChecklistStrategy,TATASTEEL,2026-06-10,2026-06-12,LONG,203.0,200.0,263,2,-789.0,-1.48,SIGNAL
RUN_20260806_095600,ChecklistStrategy,TCS,2024-02-23,2024-02-27,LONG,4130.0,3999.0,12,4,-1572.0,-3.17,STOP_LOSS
RUN_20260806_095600,ChecklistStrategy,TCS,2024-02-28,2024-03-04,LONG,4095.6,4105.0,11,5,103.4,0.23,SIGNAL
RUN_20260806_095600,ChecklistStrategy,TCS,2024-03-07,2024-03-20,LONG,4065.0,3986.0,12,13,-948.0,-1.94,SIGNAL
RUN_20260806_095600,ChecklistStrategy,TCS,2024-04-01,2024-04-09,LONG,3897.7,3984.0,12,8,1035.6,2.21,SIGNAL
RUN_20260806_095600,ChecklistStrategy,TCS,2024-05-10,2024-05-15,LONG,3962.6,3904.5,12,5,-697.2,-1.47,SIGNAL
RUN_20260806_095600,ChecklistStrategy,TCS,2024-05-17,2024-05-21,LONG,3919.0,3830.6,12,4,-1060.8,-2.26,STOP_LOSS
RUN_20260806_095600,ChecklistStrategy,TCS,2024-06-05,2024-06-24,LONG,3716.0,3808.75,13,19,1205.75,2.5,SIGNAL
RUN_20260806_095600,ChecklistStrategy,TCS,2024-07-02,2024-07-11,LONG,3993.6,3931.0,12,9,-751.2,-1.57,SIGNAL
RUN_20260806_095600,ChecklistStrategy,TCS,2024-09-05,2024-09-13,LONG,4481.0,4530.0,10,8,490.0,1.09,SIGNAL
RUN_20260806_095600,ChecklistStrategy,TCS,2024-11-12,2024-11-19,LONG,4216.0,4019.9,11,7,-2157.1,-4.65,STOP_LOSS
RUN_20260806_095600,ChecklistStrategy,TCS,2024-12-03,2024-12-20,LONG,4314.35,4329.0,11,17,161.15,0.34,SIGNAL
RUN_20260806_095600,ChecklistStrategy,TCS,2025-01-09,2025-01-10,LONG,4101.0,4200.0,11,1,1089.0,2.41,SIGNAL
RUN_20260806_095600,ChecklistStrategy,TCS,2025-03-28,2025-04-02,LONG,3651.0,3544.0,13,5,-1391.0,-2.93,STOP_LOSS
RUN_20260806_095600,ChecklistStrategy,TCS,2025-05-06,2025-05-14,LONG,3460.0,3521.0,13,8,793.0,1.76,SIGNAL
RUN_20260806_095600,ChecklistStrategy,TCS,2025-05-15,2025-05-23,LONG,3564.0,3477.0,13,8,-1131.0,-2.44,STOP_LOSS
RUN_20260806_095600,ChecklistStrategy,TCS,2025-05-26,2025-06-03,LONG,3521.0,3446.0,13,8,-975.0,-2.13,STOP_LOSS
RUN_20260806_095600,ChecklistStrategy,TCS,2025-06-18,2025-06-19,LONG,3519.1,3450.0,13,1,-898.3,-1.96,SIGNAL
RUN_20260806_095600,ChecklistStrategy,TCS,2025-07-01,2025-07-03,LONG,3455.0,3430.0,13,2,-325.0,-0.72,SIGNAL
RUN_20260806_095600,ChecklistStrategy,TCS,2025-11-03,2025-11-10,LONG,3046.9,2993.0,15,7,-808.5,-1.77,SIGNAL
RUN_20260806_095600,ChecklistStrategy,TCS,2025-11-24,2025-11-25,LONG,3158.0,3145.3,14,1,-177.8,-0.4,SIGNAL
RUN_20260806_095600,ChecklistStrategy,TCS,2025-12-12,2026-01-21,LONG,3197.7,3100.0,14,40,-1367.8,-3.06,STOP_LOSS
RUN_20260806_095600,ChecklistStrategy,TCS,2026-03-23,2026-04-02,LONG,2365.0,2386.0,18,10,378.0,0.89,SIGNAL
RUN_20260806_095600,ChecklistStrategy,TCS,2026-04-06,2026-04-24,LONG,2474.0,2488.0,18,18,252.0,0.57,SIGNAL
RUN_20260806_095600,ChecklistStrategy,TCS,2026-04-28,2026-05-11,LONG,2444.0,2371.0,18,13,-1314.0,-2.99,STOP_LOSS
RUN_20260806_095600,ChecklistStrategy,TCS,2026-05-15,2026-06-02,LONG,2252.0,2320.0,19,18,1292.0,3.02,SIGNAL
RUN_20260806_095600,ChecklistStrategy,TCS,2026-06-22,2026-06-24,LONG,2132.2,2061.0,21,2,-1495.2,-3.34,STOP_LOSS
RUN_20260806_095600,ChecklistStrategy,TCS,2026-07-08,2026-07-09,LONG,2094.0,2057.5,21,1,-766.5,-1.74,SIGNAL
RUN_20260806_095600,ChecklistStrategy,TECHM,2024-02-07,2024-02-08,LONG,1351.5,1326.0,37,1,-943.5,-1.89,SIGNAL
RUN_20260806_095600,ChecklistStrategy,TECHM,2024-02-14,2024-02-29,LONG,1310.0,1280.0,37,15,-1110.0,-2.29,STOP_LOSS
RUN_20260806_095600,ChecklistStrategy,TECHM,2024-03-05,2024-03-18,LONG,1274.9,1282.0,38,13,269.8,0.56,SIGNAL
RUN_20260806_095600,ChecklistStrategy,TECHM,2024-04-26,2024-04-29,LONG,1250.0,1290.0,41,3,1640.0,3.2,SIGNAL
RUN_20260806_095600,ChecklistStrategy,TECHM,2024-05-07,2024-05-31,LONG,1268.0,1245.95,39,24,-859.95,-1.74,SIGNAL
RUN_20260806_095600,ChecklistStrategy,TECHM,2024-06-05,2024-06-11,LONG,1260.0,1348.9,39,6,3467.1,7.06,SIGNAL
RUN_20260806_095600,ChecklistStrategy,TECHM,2024-06-12,2024-07-29,LONG,1364.8,1545.65,37,47,6691.45,13.25,SIGNAL
RUN_20260806_095600,ChecklistStrategy,TECHM,2024-09-11,2024-09-24,LONG,1612.0,1601.55,33,13,-344.85,-0.65,SIGNAL
RUN_20260806_095600,ChecklistStrategy,TECHM,2024-09-25,2024-09-26,LONG,1637.1,1610.0,33,1,-894.3,-1.66,SIGNAL
RUN_20260806_095600,ChecklistStrategy,TECHM,2024-10-07,2024-10-21,LONG,1624.95,1745.0,33,14,3961.65,7.39,SIGNAL
RUN_20260806_095600,ChecklistStrategy,TECHM,2024-10-24,2024-10-30,LONG,1735.05,1704.1,32,6,-990.4,-1.78,SIGNAL
RUN_20260806_095600,ChecklistStrategy,TECHM,2024-11-11,2024-12-23,LONG,1672.8,1690.9,32,42,579.2,1.08,SIGNAL
RUN_20260806_095600,ChecklistStrategy,TECHM,2025-01-21,2025-01-22,LONG,1674.6,1642.7,33,1,-1052.7,-1.9,SIGNAL
RUN_20260806_095600,ChecklistStrategy,TECHM,2025-02-13,2025-02-17,LONG,1675.0,1655.9,32,4,-611.2,-1.14,SIGNAL
RUN_20260806_095600,ChecklistStrategy,TECHM,2025-03-05,2025-03-13,LONG,1488.25,1442.0,36,8,-1665.0,-3.11,STOP_LOSS
RUN_20260806_095600,ChecklistStrategy,TECHM,2025-03-21,2025-04-07,LONG,1390.05,1245.0,38,17,-5511.9,-10.43,STOP_LOSS
RUN_20260806_095600,ChecklistStrategy,TECHM,2025-05-30,2025-06-03,LONG,1595.0,1555.9,31,4,-1212.1,-2.45,STOP_LOSS
RUN_20260806_095600,ChecklistStrategy,TECHM,2025-07-03,2025-07-08,LONG,1684.9,1623.0,30,5,-1857.0,-3.67,STOP_LOSS
RUN_20260806_095600,ChecklistStrategy,TECHM,2025-07-24,2025-07-25,LONG,1554.0,1490.1,32,1,-2044.8,-4.11,STOP_LOSS
RUN_20260806_095600,ChecklistStrategy,TECHM,2025-08-20,2025-09-24,LONG,1488.0,1470.0,32,35,-576.0,-1.21,SIGNAL
RUN_20260806_095600,ChecklistStrategy,TECHM,2025-10-17,2025-10-21,LONG,1465.0,1450.0,32,4,-480.0,-1.02,SIGNAL
RUN_20260806_095600,ChecklistStrategy,TECHM,2025-10-28,2025-10-29,LONG,1469.0,1453.0,32,1,-512.0,-1.09,SIGNAL
RUN_20260806_095600,ChecklistStrategy,TECHM,2025-11-11,2026-01-12,LONG,1405.0,1572.1,34,62,5681.4,11.89,SIGNAL
RUN_20260806_095600,ChecklistStrategy,TECHM,2026-01-22,2026-01-23,LONG,1695.0,1699.0,29,1,116.0,0.24,SIGNAL
RUN_20260806_095600,ChecklistStrategy,TECHM,2026-02-05,2026-02-13,LONG,1630.1,1482.6,30,8,-4425.0,-9.05,STOP_LOSS
RUN_20260806_095600,ChecklistStrategy,TECHM,2026-03-13,2026-03-30,LONG,1342.5,1380.0,35,17,1312.5,2.79,SIGNAL
RUN_20260806_095600,ChecklistStrategy,TECHM,2026-04-06,2026-04-27,LONG,1435.0,1362.9,33,21,-2379.3,-5.02,STOP_LOSS
RUN_20260806_095600,ChecklistStrategy,TECHM,2026-05-11,2026-05-13,LONG,1460.0,1392.9,32,2,-2147.2,-4.6,STOP_LOSS
RUN_20260806_095600,ChecklistStrategy,TECHM,2026-07-08,2026-07-09,LONG,1441.0,1426.0,32,1,-480.0,-1.04,SIGNAL
RUN_20260806_095600,ChecklistStrategy,TITAN,2024-01-25,2024-01-31,LONG,3770.4,3749.0,13,6,-278.2,-0.57,SIGNAL
RUN_20260806_095600,ChecklistStrategy,TITAN,2024-02-28,2024-02-29,LONG,3655.0,3595.2,13,1,-777.4,-1.64,SIGNAL
RUN_20260806_095600,ChecklistStrategy,TITAN,2024-03-01,2024-03-18,LONG,3630.0,3619.0,13,17,-143.0,-0.3,SIGNAL
RUN_20260806_095600,ChecklistStrategy,TITAN,2024-04-03,2024-04-15,LONG,3745.1,3607.0,13,12,-1795.3,-3.69,STOP_LOSS
RUN_20260806_095600,ChecklistStrategy,TITAN,2024-04-18,2024-04-19,LONG,3645.9,3525.1,13,1,-1570.4,-3.31,STOP_LOSS
RUN_20260806_095600,ChecklistStrategy,TITAN,2024-04-22,2024-04-25,LONG,3567.0,3595.0,13,3,364.0,0.78,SIGNAL
RUN_20260806_095600,ChecklistStrategy,TITAN,2024-05-24,2024-05-30,LONG,3452.1,3365.0,13,6,-1132.3,-2.52,STOP_LOSS
RUN_20260806_095600,ChecklistStrategy,TITAN,2024-06-05,2024-06-11,LONG,3266.0,3418.2,14,6,2130.8,4.66,SIGNAL
RUN_20260806_095600,ChecklistStrategy,TITAN,2024-07-31,2024-08-06,LONG,3479.05,3380.95,13,6,-1275.3,-2.82,STOP_LOSS
RUN_20260806_095600,ChecklistStrategy,TITAN,2024-08-21,2024-09-02,LONG,3474.9,3565.15,13,12,1173.25,2.6,SIGNAL
RUN_20260806_095600,ChecklistStrategy,TITAN,2024-09-27,2024-10-04,LONG,3774.0,3625.0,12,7,-1788.0,-3.95,STOP_LOSS
RUN_20260806_095600,ChecklistStrategy,TITAN,2024-11-25,2024-11-28,LONG,3360.0,3292.0,14,3,-952.0,-2.02,STOP_LOSS
RUN_20260806_095600,ChecklistStrategy,TITAN,2024-12-24,2024-12-30,LONG,3385.35,3309.95,13,6,-980.2,-2.23,STOP_LOSS
RUN_20260806_095600,ChecklistStrategy,TITAN,2025-03-28,2025-04-02,LONG,3094.0,3011.0,14,5,-1162.0,-2.68,STOP_LOSS
RUN_20260806_095600,ChecklistStrategy,TITAN,2025-05-07,2025-06-04,LONG,3280.0,3506.1,13,28,2939.3,6.89,SIGNAL
RUN_20260806_095600,ChecklistStrategy,TITAN,2025-06-12,2025-06-13,LONG,3548.0,3409.7,13,1,-1797.9,-3.9,STOP_LOSS
RUN_20260806_095600,ChecklistStrategy,TITAN,2025-07-25,2025-07-29,LONG,3476.4,3390.0,13,4,-1123.2,-2.49,STOP_LOSS
RUN_20260806_095600,ChecklistStrategy,TITAN,2025-08-12,2025-08-13,LONG,3467.9,3486.8,13,1,245.7,0.54,SIGNAL
RUN_20260806_095600,ChecklistStrategy,TITAN,2025-09-17,2025-09-18,LONG,3561.9,3530.0,12,1,-382.8,-0.9,SIGNAL
RUN_20260806_095600,ChecklistStrategy,TITAN,2025-09-30,2025-10-01,LONG,3452.0,3370.0,13,1,-1066.0,-2.38,STOP_LOSS
RUN_20260806_095600,ChecklistStrategy,TITAN,2025-10-10,2025-11-25,LONG,3548.9,3874.4,12,46,3906.0,9.17,SIGNAL
RUN_20260806_095600,ChecklistStrategy,TITAN,2025-12-12,2025-12-22,LONG,3844.8,3940.0,12,10,1142.4,2.48,SIGNAL
RUN_20260806_095600,ChecklistStrategy,TITAN,2025-12-29,2026-01-09,LONG,4010.0,4231.0,11,11,2431.0,5.51,SIGNAL
RUN_20260806_095600,ChecklistStrategy,TITAN,2026-01-30,2026-03-24,LONG,3945.0,3950.3,12,53,63.6,0.13,SIGNAL
RUN_20260806_095600,ChecklistStrategy,TITAN,2026-04-13,2026-04-20,LONG,4391.1,4532.1,10,7,1410.0,3.21,SIGNAL
RUN_20260806_095600,ChecklistStrategy,TITAN,2026-04-28,2026-05-08,LONG,4412.3,4314.0,11,10,-1081.3,-2.23,STOP_LOSS
RUN_20260806_095600,ChecklistStrategy,TRENT,2024-03-07,2024-03-27,LONG,3890.0,3882.5,12,20,-90.0,-0.19,SIGNAL
RUN_20260806_095600,ChecklistStrategy,TRENT,2024-04-01,2024-04-02,LONG,3974.95,3900.0,12,1,-899.4,-1.89,SIGNAL
RUN_20260806_095600,ChecklistStrategy,TRENT,2024-04-04,2024-05-02,LONG,3950.0,4409.9,12,28,5518.8,11.64,SIGNAL
RUN_20260806_095600,ChecklistStrategy,TRENT,2024-05-03,2024-05-06,LONG,4680.2,4555.0,11,3,-1377.2,-2.68,STOP_LOSS
RUN_20260806_095600,ChecklistStrategy,TRENT,2024-06-05,2024-07-25,LONG,4684.0,5274.9,11,50,6499.9,12.62,SIGNAL
RUN_20260806_095600,ChecklistStrategy,TRENT,2024-10-08,2024-10-22,LONG,7520.0,7634.95,7,14,804.65,1.53,SIGNAL
RUN_20260806_095600,ChecklistStrategy,TRENT,2024-12-02,2024-12-23,LONG,6777.05,6870.0,8,21,743.6,1.37,SIGNAL
RUN_20260806_095600,ChecklistStrategy,TRENT,2024-12-24,2024-12-31,LONG,6976.0,6954.0,7,7,-154.0,-0.32,SIGNAL
RUN_20260806_095600,ChecklistStrategy,TRENT,2025-01-13,2025-01-14,LONG,6462.65,6237.4,8,1,-1802.0,-3.49,STOP_LOSS
RUN_20260806_095600,ChecklistStrategy,TRENT,2025-02-10,2025-02-11,LONG,5460.0,5211.55,9,1,-2236.05,-4.55,STOP_LOSS
RUN_20260806_095600,ChecklistStrategy,TRENT,2025-03-12,2025-04-01,LONG,5010.6,5350.85,10,20,3402.5,6.79,SIGNAL
RUN_20260806_095600,ChecklistStrategy,TRENT,2025-04-24,2025-04-28,LONG,5311.0,5124.5,10,4,-1865.0,-3.51,STOP_LOSS
RUN_20260806_095600,ChecklistStrategy,TRENT,2025-05-15,2025-05-26,LONG,5362.0,5455.0,10,11,930.0,1.73,SIGNAL
RUN_20260806_095600,ChecklistStrategy,TRENT,2025-07-30,2025-08-05,LONG,5011.5,5245.0,10,6,2335.0,4.66,SIGNAL
RUN_20260806_095600,ChecklistStrategy,TRENT,2025-08-06,2025-08-19,LONG,5350.0,5550.0,10,13,2000.0,3.74,SIGNAL
RUN_20260806_095600,ChecklistStrategy,TRENT,2025-09-16,2025-09-18,LONG,5154.0,5215.0,11,2,671.0,1.18,SIGNAL
RUN_20260806_095600,ChecklistStrategy,TRENT,2025-10-16,2025-10-24,LONG,4743.0,4796.0,12,8,636.0,1.12,SIGNAL
RUN_20260806_095600,ChecklistStrategy,TRENT,2025-11-12,2025-12-02,LONG,4330.0,4218.1,13,20,-1454.7,-2.58,STOP_LOSS
RUN_20260806_095600,ChecklistStrategy,TRENT,2025-12-12,2026-01-02,LONG,4077.9,2866.67,13,21,-15746.03,-29.7,STOP_LOSS
RUN_20260806_095600,ChecklistStrategy,TRENT,2026-01-08,2026-01-09,LONG,2719.2,2653.33,17,1,-1119.73,-2.42,STOP_LOSS
RUN_20260806_095600,ChecklistStrategy,TRENT,2026-01-23,2026-01-27,LONG,2560.0,2517.73,18,4,-760.8,-1.65,SIGNAL
RUN_20260806_095600,ChecklistStrategy,TRENT,2026-02-12,2026-02-20,LONG,2812.6,2709.87,16,8,-1643.73,-3.65,STOP_LOSS
RUN_20260806_095600,ChecklistStrategy,TRENT,2026-03-02,2026-03-12,LONG,2503.67,2402.0,18,10,-1830.0,-4.06,STOP_LOSS
RUN_20260806_095600,ChecklistStrategy,TRENT,2026-03-17,2026-03-20,LONG,2395.33,2339.33,19,3,-1064.0,-2.34,STOP_LOSS
RUN_20260806_095600,ChecklistStrategy,TRENT,2026-03-23,2026-03-24,LONG,2334.8,2300.07,19,1,-659.93,-1.49,SIGNAL
RUN_20260806_095600,ChecklistStrategy,TRENT,2026-05-06,2026-05-13,LONG,2771.93,2692.33,16,7,-1273.6,-2.87,STOP_LOSS
RUN_20260806_095600,ChecklistStrategy,TRENT,2026-05-28,2026-06-02,LONG,2832.4,2703.6,15,5,-1932.0,-4.55,STOP_LOSS
RUN_20260806_095600,ChecklistStrategy,ULTRACEMCO,2024-02-05,2024-02-09,LONG,10050.0,10074.8,4,4,99.2,0.25,SIGNAL
RUN_20260806_095600,ChecklistStrategy,ULTRACEMCO,2024-02-15,2024-02-22,LONG,9835.9,10000.0,5,7,820.5,1.67,SIGNAL
RUN_20260806_095600,ChecklistStrategy,ULTRACEMCO,2024-02-26,2024-02-28,LONG,9999.05,9960.0,5,2,-195.25,-0.39,SIGNAL
RUN_20260806_095600,ChecklistStrategy,ULTRACEMCO,2024-03-11,2024-03-12,LONG,9694.05,9728.95,5,1,174.5,0.36,SIGNAL
RUN_20260806_095600,ChecklistStrategy,ULTRACEMCO,2024-03-14,2024-03-18,LONG,9455.0,9625.0,5,4,850.0,1.8,SIGNAL
RUN_20260806_095600,ChecklistStrategy,ULTRACEMCO,2024-04-09,2024-04-10,LONG,9900.0,9810.0,5,1,-450.0,-0.91,SIGNAL
RUN_20260806_095600,ChecklistStrategy,ULTRACEMCO,2024-04-12,2024-04-16,LONG,9789.95,9448.9,5,4,-1705.25,-3.48,STOP_LOSS
RUN_20260806_095600,ChecklistStrategy,ULTRACEMCO,2024-06-06,2024-06-14,LONG,9995.0,11170.0,4,8,4700.0,11.76,SIGNAL
RUN_20260806_095600,ChecklistStrategy,ULTRACEMCO,2024-06-25,2024-06-26,LONG,10801.95,10907.7,4,1,423.0,0.98,SIGNAL
RUN_20260806_095600,ChecklistStrategy,ULTRACEMCO,2024-07-23,2024-07-31,LONG,11649.95,11818.95,4,8,676.0,1.45,SIGNAL
RUN_20260806_095600,ChecklistStrategy,ULTRACEMCO,2024-08-30,2024-09-06,LONG,11225.05,11500.0,4,7,1099.8,2.45,SIGNAL
RUN_20260806_095600,ChecklistStrategy,ULTRACEMCO,2024-09-26,2024-09-30,LONG,11835.0,11924.0,4,4,356.0,0.75,SIGNAL
RUN_20260806_095600,ChecklistStrategy,ULTRACEMCO,2024-10-03,2024-10-04,LONG,11627.1,11700.0,4,1,291.6,0.63,SIGNAL
RUN_20260806_095600,ChecklistStrategy,ULTRACEMCO,2024-10-09,2024-10-11,LONG,11404.05,11390.75,4,2,-53.2,-0.12,SIGNAL
RUN_20260806_095600,ChecklistStrategy,ULTRACEMCO,2024-10-21,2024-10-23,LONG,11050.0,10821.95,4,2,-912.2,-2.06,STOP_LOSS
RUN_20260806_095600,ChecklistStrategy,ULTRACEMCO,2024-10-25,2024-10-30,LONG,11063.7,11115.0,4,5,205.2,0.46,SIGNAL
RUN_20260806_095600,ChecklistStrategy,ULTRACEMCO,2024-11-06,2024-11-12,LONG,11225.0,10970.5,4,6,-1018.0,-2.27,STOP_LOSS
RUN_20260806_095600,ChecklistStrategy,ULTRACEMCO,2024-12-02,2024-12-12,LONG,11206.7,11944.0,4,10,2949.2,6.58,SIGNAL
RUN_20260806_095600,ChecklistStrategy,ULTRACEMCO,2024-12-16,2024-12-18,LONG,12050.0,11775.0,4,2,-1100.0,-2.28,STOP_LOSS
RUN_20260806_095600,ChecklistStrategy,ULTRACEMCO,2025-01-08,2025-01-09,LONG,11618.55,11403.55,4,1,-860.0,-1.85,SIGNAL
RUN_20260806_095600,ChecklistStrategy,ULTRACEMCO,2025-01-24,2025-01-27,LONG,11251.0,11260.0,4,3,36.0,0.08,SIGNAL
RUN_20260806_095600,ChecklistStrategy,ULTRACEMCO,2025-01-29,2025-02-17,LONG,11296.35,11219.0,4,19,-309.4,-0.68,SIGNAL
RUN_20260806_095600,ChecklistStrategy,ULTRACEMCO,2025-03-20,2025-04-09,LONG,10931.15,11288.85,4,20,1430.8,3.27,SIGNAL
RUN_20260806_095600,ChecklistStrategy,ULTRACEMCO,2025-05-07,2025-05-12,LONG,11651.0,11590.0,4,5,-244.0,-0.52,SIGNAL
RUN_20260806_095600,ChecklistStrategy,ULTRACEMCO,2025-05-16,2025-05-21,LONG,11950.0,11697.0,4,5,-1012.0,-2.12,STOP_LOSS
RUN_20260806_095600,ChecklistStrategy,ULTRACEMCO,2025-05-30,2025-06-04,LONG,11265.0,11040.0,4,5,-900.0,-2.0,SIGNAL
RUN_20260806_095600,ChecklistStrategy,ULTRACEMCO,2025-06-05,2025-06-13,LONG,11038.0,11111.0,4,8,292.0,0.66,SIGNAL
RUN_20260806_095600,ChecklistStrategy,ULTRACEMCO,2025-06-19,2025-06-25,LONG,11400.0,11635.0,4,6,940.0,2.06,SIGNAL
RUN_20260806_095600,ChecklistStrategy,ULTRACEMCO,2025-09-01,2025-09-05,LONG,12639.0,12680.0,4,4,164.0,0.32,SIGNAL
RUN_20260806_095600,ChecklistStrategy,ULTRACEMCO,2025-09-09,2025-09-10,LONG,12699.0,12625.0,4,1,-296.0,-0.58,SIGNAL
RUN_20260806_095600,ChecklistStrategy,ULTRACEMCO,2025-10-01,2025-10-06,LONG,12274.0,12019.0,4,5,-1020.0,-2.08,STOP_LOSS
RUN_20260806_095600,ChecklistStrategy,ULTRACEMCO,2025-10-28,2025-11-03,LONG,12025.0,11927.0,4,6,-392.0,-0.81,SIGNAL
RUN_20260806_095600,ChecklistStrategy,ULTRACEMCO,2026-01-13,2026-01-14,LONG,12050.0,12074.0,4,1,96.0,0.2,SIGNAL
RUN_20260806_095600,ChecklistStrategy,ULTRACEMCO,2026-01-19,2026-01-20,LONG,12350.0,12225.0,4,1,-500.0,-1.01,SIGNAL
RUN_20260806_095600,ChecklistStrategy,ULTRACEMCO,2026-01-22,2026-01-28,LONG,12293.0,12640.0,4,6,1388.0,2.82,SIGNAL
RUN_20260806_095600,ChecklistStrategy,ULTRACEMCO,2026-03-06,2026-03-10,LONG,12160.0,11606.0,4,4,-2216.0,-4.56,STOP_LOSS
RUN_20260806_095600,ChecklistStrategy,ULTRACEMCO,2026-03-11,2026-03-13,LONG,11650.0,11000.0,4,2,-2600.0,-5.58,STOP_LOSS
RUN_20260806_095600,ChecklistStrategy,ULTRACEMCO,2026-03-23,2026-03-24,LONG,10877.0,10650.0,4,1,-908.0,-2.09,STOP_LOSS
RUN_20260806_095600,ChecklistStrategy,ULTRACEMCO,2026-04-17,2026-05-13,LONG,11820.0,11500.0,4,26,-1280.0,-2.71,STOP_LOSS
RUN_20260806_095600,ChecklistStrategy,ULTRACEMCO,2026-05-28,2026-06-02,LONG,11689.0,11142.0,4,5,-2188.0,-4.68,STOP_LOSS
RUN_20260806_095600,ChecklistStrategy,ULTRACEMCO,2026-06-19,2026-07-22,LONG,11311.0,12081.0,4,33,3080.0,6.81,SIGNAL
RUN_20260806_095600,ChecklistStrategy,WIPRO,2024-01-25,2024-01-29,LONG,239.02,235.0,209,4,-841.22,-1.68,SIGNAL
RUN_20260806_095600,ChecklistStrategy,WIPRO,2024-01-30,2024-01-31,LONG,237.2,236.25,209,1,-198.55,-0.4,SIGNAL
RUN_20260806_095600,ChecklistStrategy,WIPRO,2024-02-01,2024-03-18,LONG,238.77,259.0,206,46,4166.35,8.47,SIGNAL
RUN_20260806_095600,ChecklistStrategy,WIPRO,2024-03-26,2024-03-28,LONG,243.0,238.35,211,2,-981.15,-1.91,SIGNAL
RUN_20260806_095600,ChecklistStrategy,WIPRO,2024-04-04,2024-04-10,LONG,242.9,238.75,211,6,-875.65,-1.71,SIGNAL
RUN_20260806_095600,ChecklistStrategy,WIPRO,2024-04-22,2024-04-29,LONG,226.38,233.82,223,7,1661.35,3.29,SIGNAL
RUN_20260806_095600,ChecklistStrategy,WIPRO,2024-05-29,2024-05-31,LONG,227.0,218.77,225,2,-1850.63,-3.63,STOP_LOSS
RUN_20260806_095600,ChecklistStrategy,WIPRO,2024-06-03,2024-06-05,LONG,225.1,219.85,230,2,-1207.5,-2.33,STOP_LOSS
RUN_20260806_095600,ChecklistStrategy,WIPRO,2024-06-28,2024-07-24,LONG,256.0,251.25,195,26,-926.25,-1.86,SIGNAL
RUN_20260806_095600,ChecklistStrategy,WIPRO,2024-09-04,2024-09-09,LONG,264.0,258.55,184,5,-1002.8,-2.06,STOP_LOSS
RUN_20260806_095600,ChecklistStrategy,WIPRO,2024-09-23,2024-10-09,LONG,269.55,264.9,181,16,-841.65,-1.73,SIGNAL
RUN_20260806_095600,ChecklistStrategy,WIPRO,2024-11-21,2024-11-22,LONG,281.0,280.98,172,1,-4.3,-0.01,SIGNAL
RUN_20260806_095600,ChecklistStrategy,WIPRO,2024-12-02,2024-12-13,LONG,291.23,309.1,167,11,2985.12,6.14,SIGNAL
RUN_20260806_095600,ChecklistStrategy,WIPRO,2025-02-04,2025-02-13,LONG,318.0,310.3,158,9,-1216.6,-2.42,STOP_LOSS
RUN_20260806_095600,ChecklistStrategy,WIPRO,2025-02-19,2025-02-25,LONG,311.25,294.35,157,6,-2653.3,-5.43,STOP_LOSS
RUN_20260806_095600,ChecklistStrategy,WIPRO,2025-03-04,2025-03-13,LONG,279.0,268.55,168,9,-1755.6,-3.75,STOP_LOSS
RUN_20260806_095600,ChecklistStrategy,WIPRO,2025-04-17,2025-04-22,LONG,235.0,238.45,189,5,652.05,1.47,SIGNAL
RUN_20260806_095600,ChecklistStrategy,WIPRO,2025-05-15,2025-05-23,LONG,253.2,246.1,187,8,-1327.7,-2.8,STOP_LOSS
RUN_20260806_095600,ChecklistStrategy,WIPRO,2025-09-02,2025-09-04,LONG,250.36,249.5,186,2,-159.96,-0.34,SIGNAL
RUN_20260806_095600,ChecklistStrategy,WIPRO,2025-09-16,2025-09-24,LONG,252.0,248.33,185,8,-678.95,-1.46,SIGNAL
RUN_20260806_095600,ChecklistStrategy,WIPRO,2025-09-30,2025-10-06,LONG,239.93,240.0,192,6,13.44,0.03,SIGNAL
RUN_20260806_095600,ChecklistStrategy,WIPRO,2025-12-02,2025-12-05,LONG,250.0,258.2,184,3,1508.8,3.28,SIGNAL
RUN_20260806_095600,ChecklistStrategy,WIPRO,2026-01-01,2026-01-05,LONG,264.5,269.45,178,4,881.1,1.87,SIGNAL
RUN_20260806_095600,ChecklistStrategy,WIPRO,2026-01-07,2026-01-09,LONG,265.0,261.35,178,2,-649.7,-1.38,SIGNAL
RUN_20260806_095600,ChecklistStrategy,WIPRO,2026-02-05,2026-02-13,LONG,233.34,210.65,201,8,-4560.69,-9.72,STOP_LOSS
RUN_20260806_095600,ChecklistStrategy,WIPRO,2026-02-18,2026-02-19,LONG,216.2,214.0,207,1,-455.4,-1.02,SIGNAL
RUN_20260806_095600,ChecklistStrategy,WIPRO,2026-03-10,2026-03-12,LONG,200.5,201.06,223,2,124.88,0.28,SIGNAL
RUN_20260806_095600,ChecklistStrategy,WIPRO,2026-04-15,2026-04-27,LONG,206.5,199.36,219,12,-1563.66,-3.46,STOP_LOSS
RUN_20260806_095600,ChecklistStrategy,WIPRO,2026-04-28,2026-04-29,LONG,204.56,201.58,213,1,-634.74,-1.46,SIGNAL
RUN_20260806_095600,ChecklistStrategy,WIPRO,2026-06-02,2026-06-08,LONG,208.0,193.39,210,6,-3068.1,-7.02,STOP_LOSS
RUN_20260806_095600,ChecklistStrategy,WIPRO,2026-07-03,2026-07-13,LONG,176.2,174.6,240,10,-384.0,-0.91,SIGNAL
